step,simulation_seconds,physics_step_ms,stress_solve_ms,frame_host_ms,bodies,awake_bodies,splits_total,contacts_total,resim_passes,correction_status,contacts_frame,projectiles_active,bonds_broken,stress_iterations,stress_converged,observation_ms,gpu_render_submit_and_export_ms,logical_clusters,native_dynamic_bodies,native_kinematic_bodies,active_dynamic_bodies,active_kinematic_bodies,contact_pairs,contact_pairs_with_contacts,solver_rows,stress_active_nodes,stress_active_bonds,stress_islands,graph_d2h_bytes,pre_solve_pairs,simulation_start_ns,simulation_end_ns,process_cpu_ms,complete_step_ms,command_ms,completion_ms,complete_start_ns,complete_end_ns,phase_output_start_ns,phase_output_end_ns,stress_passes,post_correction_bonds_broken,contact_reuse_fallbacks
0,0.01666666753590107,4.1387200000000002,0,9.0340670000000003,2,1,0,0,0,0,0,1,0,45,1,3.2589459999999999,0.54067500000000002,1,1,1,1,0,0,0,0,380,784,1,0,0,205068795614514,205068799757062,4.5746229999999999,5.8188719999999998,1.5996319999999999,0.080519999999999925,205068794015634,205068799833594,0,0,1,0,0
1,0.033333335071802139,0.84194500000000005,0,3.4372060000000002,2,1,0,0,0,0,0,1,0,0,1,2.5694650000000001,0.20957899999999999,1,1,1,1,0,0,0,0,380,784,1,0,0,205068803074687,205068803918064,1.1811499999999999,0.88859100000000002,9.0000000000000006e-05,0.046555999999999931,205068803074617,205068803963128,0,0,1,0,0
2,0.050000004470348358,0.57776400000000006,0,3.0625599999999999,2,1,0,0,0,0,0,1,0,0,1,2.4591500000000002,0.211923,1,1,1,1,0,0,0,0,380,784,1,0,0,205068806515741,205068807094857,0.90512300000000001,0.62175499999999995,8.0000000000000007e-05,0.043910999999999922,205068806515691,205068807137376,0,0,1,0,0
3,0.066666670143604279,0.56237499999999996,0,3.0396879999999999,2,1,0,0,0,0,0,1,0,0,1,2.4511449999999999,0.19730700000000001,1,1,1,1,0,0,0,0,380,784,1,0,0,205068809581978,205068810145706,0.83455100000000004,0.60489400000000004,6.9999999999999994e-05,0.04244900000000007,205068809581928,205068810186762,0,0,1,0,0
4,0.083333335816860199,0.53771899999999995,0,3.0033609999999999,2,1,0,0,0,0,0,1,0,0,1,2.439613,0.19864899999999999,1,1,1,1,0,0,0,0,380,784,1,0,0,205068812625373,205068813164515,0.82213000000000003,0.58253299999999997,6.0000000000000002e-05,0.044754000000000072,205068812625313,205068813207796,0,0,1,0,0
5,0.10000000894069672,0.55372900000000003,0,3.0207329999999999,2,1,0,0,0,0,0,1,0,0,1,2.4414159999999998,0.199521,1,1,1,1,0,0,0,0,380,784,1,0,0,205068815632361,205068816187452,0.83821100000000004,0.59752000000000005,8.0000000000000007e-05,0.043711000000000055,205068815632311,205068816229761,0,0,1,0,0
6,0.11666667461395264,0.60835099999999998,0,3.0870470000000001,2,1,0,0,0,0,0,1,0,0,1,2.452868,0.19833899999999999,1,1,1,1,0,0,0,0,380,784,1,0,0,205068818656670,205068819266534,0.92620800000000003,0.65484699999999996,8.0000000000000007e-05,0.046416000000000013,205068818656620,205068819311397,0,0,1,0,0
7,0.13333334028720856,0.58451600000000004,0,3.0593650000000001,2,1,0,0,0,0,0,1,0,0,1,2.4493510000000001,0.19861899999999999,1,1,1,1,0,0,0,0,380,784,1,0,0,205068821747313,205068822333162,0.94988899999999998,0.62852799999999998,8.0000000000000007e-05,0.043931999999999971,205068821747263,205068822375721,0,0,1,0,0
8,0.15000000596046448,0.55921900000000002,0,3.0456789999999998,2,1,0,0,0,0,0,1,0,0,1,2.4591699999999999,0.205322,1,1,1,1,0,0,0,0,380,784,1,0,0,205068824810255,205068825370897,0.920489,0.60582499999999995,8.0000000000000007e-05,0.046525999999999956,205068824810195,205068825415950,0,0,1,0,0
9,0.1666666716337204,0.598082,0,3.4793249999999998,2,1,0,0,0,0,0,1,0,0,1,2.8529110000000002,0.21500900000000001,1,1,1,1,0,0,0,0,380,784,1,0,0,205068827859491,205068828459035,0.93786700000000001,0.65695000000000003,8.0000000000000007e-05,0.058788000000000062,205068827859441,205068828516281,0,0,1,0,0
10,0.18333333730697632,0.56979900000000006,0,3.3988160000000001,2,1,0,0,0,0,0,1,0,0,1,2.801415,0.21602099999999999,1,1,1,1,0,0,0,0,380,784,1,0,0,205068831343334,205068831914756,0.91505800000000004,0.616506,9.0000000000000006e-05,0.046616999999999909,205068831343274,205068831959700,0,0,1,0,0
11,0.20000001788139343,0.57317499999999999,0,3.1883439999999998,2,1,0,0,0,0,0,1,0,0,1,2.5892010000000001,0.20222499999999999,1,1,1,1,0,0,0,0,380,784,1,0,0,205068834746478,205068835321156,0.92041799999999996,0.62056299999999998,8.0000000000000007e-05,0.047308000000000017,205068834746418,205068835366911,0,0,1,0,0
12,0.21666668355464935,0.57623100000000005,0,3.0591949999999999,2,1,0,0,0,0,0,1,0,0,1,2.4568859999999999,0.19992099999999999,1,1,1,1,0,0,0,0,380,784,1,0,0,205068837938760,205068838516383,0.91533699999999996,0.62280800000000003,8.1000000000000004e-05,0.046495999999999982,205068837938710,205068838561447,0,0,1,0,0
13,0.23333334922790527,0.56668300000000005,0,3.8848289999999999,2,1,0,0,0,0,0,1,0,0,1,3.2829999999999999,0.217304,1,1,1,1,0,0,0,0,380,784,1,0,0,205068841007742,205068841575908,0.878243,0.63024100000000005,6.0000000000000002e-05,0.063498000000000054,205068841007692,205068841637823,0,0,1,0,0
14,0.25,0.55590300000000004,0,3.526913,2,1,0,0,0,0,0,1,0,0,1,2.9434290000000001,0.216833,1,1,1,1,0,0,0,0,380,784,1,0,0,205068844897941,205068845455938,0.90893599999999997,0.61055400000000004,0.0001,0.054551000000000016,205068844897881,205068845508305,0,0,1,0,0
15,0.26666668057441711,0.58005700000000004,0,3.3182459999999998,2,1,0,0,0,0,0,1,0,0,1,2.7115589999999998,0.20705499999999999,1,1,1,1,0,0,0,0,380,784,1,0,0,205068848428872,205068849010453,0.91839999999999999,0.62610299999999997,9.0000000000000006e-05,0.045955999999999886,205068848428812,205068849054835,0,0,1,0,0
16,0.28333336114883423,0.59863200000000005,0,3.444671,2,1,0,0,0,0,0,1,0,0,1,2.8201909999999999,0.41744500000000001,1,1,1,1,0,0,0,0,380,784,1,0,0,205068851751065,205068852351180,0.99764600000000003,0.64261400000000002,9.0000000000000006e-05,0.043891999999999931,205068851751005,205068852393539,0,0,1,0,0
17,0.30000001192092896,15.591862000000001,0,18.702783,17,17,15,243,1,0,243,1,106,155,1,3.0781100000000001,0.22442699999999999,16,16,1,16,1,4,0,0,368,678,4,0,132,205068855199272,205068870792657,16.743852,15.653808,8.0000000000000007e-05,0.061865999999998422,205068855199222,205068870852909,0,0,2,1,0
18,0.31666669249534607,9.1607020000000006,0,12.165255,17,17,15,473,0,0,230,1,0,188,1,2.9730940000000001,0.21973799999999999,16,16,1,16,1,4,0,0,368,678,4,0,141,205068873908397,205068883070862,9.8137270000000001,9.2205829999999995,0.00014999999999999999,0.059730999999999312,205068873908327,205068883128710,0,0,1,0,0
19,0.3333333432674408,9.2343290000000007,0,12.433833999999999,17,17,15,676,0,0,203,1,0,195,1,3.1628069999999999,0.230018,16,16,1,16,1,4,0,0,368,678,4,0,127,205068886079272,205068895315354,9.8455709999999996,9.2871769999999998,0.0001,0.052747999999999351,205068886079212,205068895366259,0,0,1,0,0
20,0.35000002384185791,8.3122950000000007,0,11.453422,17,17,15,827,0,0,151,1,0,173,1,3.112063,0.21080199999999999,16,16,1,16,1,8,0,0,368,678,4,0,126,205068898517585,205068906831613,8.8843610000000002,8.3586910000000003,0.0001,0.046295999999999893,205068898517515,205068906876116,0,0,1,0,0
21,0.36666667461395264,8.5914950000000001,0,11.931982,17,17,15,982,0,0,155,1,0,184,1,3.3087580000000001,0.57302399999999998,16,16,1,16,1,8,0,0,368,678,4,0,114,205068909975545,205068918568743,9.1270399999999992,8.6456049999999998,0.0001,0.054009999999999891,205068909975475,205068918620950,0,0,1,0,0
22,0.38333335518836975,8.4483189999999997,0,11.242369999999999,17,17,15,1144,0,0,162,1,0,182,1,2.7652190000000001,0.21133299999999999,16,16,1,16,1,9,0,0,368,678,4,0,103,205068921912967,205068930362969,8.9564660000000007,8.5012369999999997,8.0000000000000007e-05,0.052837999999999496,205068921912907,205068930414023,0,0,1,0,0
23,0.40000003576278687,8.5840809999999994,0,11.647803,17,17,15,1289,0,0,145,1,0,183,1,3.0325850000000001,0.22581999999999999,16,16,1,16,1,8,0,0,368,678,4,0,102,205068933158894,205068941744497,9.1670289999999994,8.6338629999999998,9.0000000000000006e-05,0.049692000000000291,205068933158834,205068941792587,0,0,1,0,0
24,0.41666668653488159,8.455311,0,11.451549,17,17,15,1415,0,0,126,1,0,182,1,2.9603199999999998,0.206062,16,16,1,16,1,6,0,0,368,678,4,0,100,205068944810885,205068953267609,9.0290569999999999,8.4955459999999992,8.0000000000000007e-05,0.040154999999998608,205068944810815,205068953306281,0,0,1,0,0
25,0.43333336710929871,8.4888139999999996,0,11.540765,17,17,15,1544,0,0,129,1,0,182,1,3.0215339999999999,0.241589,16,16,1,16,1,5,0,0,368,678,4,0,91,205068956284936,205068964775242,9.0065120000000007,8.554316,9.1000000000000003e-05,0.065411000000000996,205068956284865,205068964839081,0,0,1,0,0
26,0.45000001788139343,8.7457910000000005,0,11.832907000000001,17,17,15,1665,0,0,121,1,0,188,1,3.0493160000000001,0.211674,16,16,1,16,1,3,0,0,368,678,4,0,87,205068967829898,205068976577302,9.3527930000000001,8.7965450000000001,9.0000000000000006e-05,0.050663999999999376,205068967829828,205068976626293,0,0,1,0,0
27,0.46666669845581055,7.4639189999999997,0,10.360481,17,17,15,1790,0,0,125,1,0,166,1,2.8703240000000001,0.20050299999999999,16,16,1,16,1,3,0,0,368,678,4,0,75,205068979666933,205068987132395,7.9622700000000002,7.5104249999999997,9.0000000000000006e-05,0.046415999999999791,205068979666873,205068987177208,0,0,1,0,0
28,0.48333334922790527,8.2128409999999992,0,11.267868,17,17,15,1905,0,0,115,1,0,184,1,3.016966,0.22405700000000001,16,16,1,16,1,3,0,0,368,678,4,0,76,205068990031542,205068998245906,8.7611489999999996,8.2872090000000007,8.0000000000000007e-05,0.07428800000000102,205068990031472,205068998318601,0,0,1,0,0
29,0.5,18.473416,0,21.527090999999999,23,22,21,2289,1,0,384,1,35,192,1,3.023809,0.203739,22,22,1,21,1,3,0,0,366,643,8,0,236,205069001303848,205069019778787,19.610747,18.522638000000001,8.0000000000000007e-05,0.049141999999999797,205069001303788,205069019826346,0,0,2,11,0
30,0.5166667103767395,19.447946999999999,0,22.518823000000001,24,24,22,2836,1,0,547,1,1,210,1,3.038986,0.21354699999999999,23,23,1,23,1,3,0,0,365,642,8,0,343,205069022835457,205069042284937,20.592192000000001,19.510052999999999,9.0000000000000006e-05,0.062015999999999849,205069022835387,205069042345350,0,0,2,0,0
31,0.53333336114883423,8.3733690000000003,0,11.448133,24,24,22,3086,0,0,250,1,0,190,1,3.0408210000000002,0.213397,23,23,1,23,1,3,0,0,365,642,8,0,171,205069045358989,205069053733961,8.9540740000000003,8.4343629999999994,8.0000000000000007e-05,0.06091399999999858,205069045358919,205069053793161,0,0,1,0,0
32,0.55000001192092896,20.183032999999998,0,23.339037000000001,32,32,30,3735,1,0,649,1,36,229,1,3.1191360000000001,0.209229,31,31,1,31,1,9,0,0,358,606,9,0,419,205069056813043,205069076997729,21.445482999999999,20.244015999999998,8.0000000000000007e-05,0.060902999999999707,205069056812973,205069077056889,0,0,2,0,0
33,0.56666672229766846,9.7092310000000008,0,12.857661999999999,32,32,30,4107,0,0,372,1,0,230,1,3.1155590000000002,0.20542199999999999,31,31,1,31,1,9,0,0,358,606,9,0,242,205069080157991,205069089869116,10.248414,9.7624499999999994,0.00012,0.053098999999997787,205069080157911,205069089920261,0,0,1,0,0
34,0.58333337306976318,10.092423,0,13.25487,32,32,30,4482,0,0,375,1,1,227,1,3.1234139999999999,0.207536,31,31,1,31,1,10,0,0,358,605,9,0,240,205069093020172,205069103114288,10.582777999999999,10.147114999999999,9.1000000000000003e-05,0.0546009999999999,205069093020111,205069103167136,0,0,1,0,0
35,0.60000002384185791,9.6725530000000006,0,12.833897,32,32,30,4855,0,0,373,1,0,230,1,3.1267499999999999,0.205792,31,31,1,31,1,10,0,0,358,605,9,0,213,205069106279790,205069115954036,10.155417999999999,9.7367419999999996,0.0001,0.064088999999999174,205069106279720,205069116016312,0,0,1,0,0
36,0.61666667461395264,9.6602899999999998,0,12.752757000000001,32,32,30,5229,0,0,374,1,0,232,1,3.0611380000000001,0.20516100000000001,31,31,1,31,1,10,0,0,358,605,9,0,193,205069119120139,205069128782253,10.107381,9.7194199999999995,8.0000000000000007e-05,0.059049999999999159,205069119120069,205069128839379,0,0,1,0,0
37,0.63333338499069214,9.0186980000000005,0,12.219766,32,32,30,5576,0,0,347,1,0,212,1,3.1690680000000002,0.21399799999999999,31,31,1,31,1,10,0,0,358,605,9,0,185,205069131878797,205069140899219,9.5002049999999993,9.087987,8.0000000000000007e-05,0.069208999999998966,205069131878737,205069140966594,0,0,1,0,0
38,0.65000003576278687,9.3370499999999996,0,12.566369999999999,32,32,30,5892,0,0,316,1,0,224,1,3.195268,0.209119,31,31,1,31,1,9,0,0,358,605,9,0,167,205069144103242,205069153442025,9.8941759999999999,9.3936849999999996,8.0000000000000007e-05,0.056554999999999467,205069144103182,205069153496777,0,0,1,0,0
39,0.66666668653488159,9.0764150000000008,0,12.433503999999999,32,32,30,6211,0,0,319,1,0,216,1,3.3272529999999998,0.21096200000000001,31,31,1,31,1,8,0,0,358,605,9,0,161,205069156674912,205069165753181,9.5406870000000001,9.1284620000000007,0.00011,0.051937000000000566,205069156674832,205069165803184,0,0,1,0,0
40,0.68333339691162109,9.3421789999999998,0,12.550801,32,32,30,6527,0,0,316,1,0,223,1,3.1712120000000001,0.20796700000000001,31,31,1,31,1,8,0,0,358,605,9,0,156,205069169112714,205069178456566,9.8021449999999994,9.4056770000000007,8.0000000000000007e-05,0.063418000000000418,205069169112654,205069178518181,0,0,1,0,0
41,0.70000004768371582,8.8822349999999997,0,11.791399999999999,32,32,30,6838,0,0,311,1,0,211,1,2.8816639999999998,0.203268,31,31,1,31,1,8,0,0,358,605,9,0,161,205069181668224,205069190552072,9.3181729999999998,8.9410139999999991,0.0001,0.058678999999999704,205069181668154,205069190609058,0,0,1,0,0
42,0.71666669845581055,9.4220880000000005,0,12.51737,32,32,30,7171,0,0,333,1,0,227,1,3.0632419999999998,0.20710500000000001,31,31,1,31,1,8,0,0,358,605,9,0,176,205069193463291,205069202886852,9.8808919999999993,9.4827709999999996,8.0000000000000007e-05,0.06060299999999863,205069193463231,205069202945892,0,0,1,0,0
43,0.73333334922790527,9.4428660000000004,0,12.177307000000001,32,32,30,7475,0,0,304,1,0,228,1,2.7049759999999998,0.20510100000000001,31,31,1,31,1,8,0,0,358,605,9,0,165,205069205986101,205069215430580,9.944877,9.5013550000000002,8.0000000000000007e-05,0.058408999999999267,205069205986051,205069215487276,0,0,1,0,0
44,0.75000005960464478,9.6123010000000004,0,12.697584000000001,32,32,30,7759,0,0,284,1,0,231,1,3.0555379999999999,0.206343,31,31,1,31,1,6,0,0,358,605,9,0,159,205069218167546,205069227781440,10.043955,9.6691269999999996,8.0000000000000007e-05,0.056745999999998631,205069218167486,205069227836513,0,0,1,0,0
45,0.7666667103767395,8.9023219999999998,0,12.010678,32,32,30,8037,0,0,278,1,0,212,1,3.0762860000000001,0.202767,31,31,1,31,1,6,0,0,358,605,9,0,158,205069230869739,205069239773674,9.3690739999999995,8.9597479999999994,9.0000000000000006e-05,0.057335999999999387,205069230869679,205069239829307,0,0,1,0,0
46,0.78333336114883423,8.5766469999999995,0,11.638306,32,32,30,8305,0,0,268,1,0,204,1,3.028467,0.203489,31,31,1,31,1,6,0,0,358,605,9,0,152,205069242885687,205069251463866,9.0823180000000008,8.6348350000000007,9.1000000000000003e-05,0.058097000000001842,205069242885626,205069251520331,0,0,1,0,0
47,0.80000007152557373,8.8351070000000007,0,11.558427,32,32,30,8560,0,0,255,1,0,210,1,2.694747,0.20480100000000001,31,31,1,31,1,6,0,0,358,605,9,0,155,205069254529603,205069263366383,9.3599779999999999,8.8965010000000007,9.0000000000000006e-05,0.061303999999999803,205069254529543,205069263425924,0,0,1,0,0
48,0.81666672229766846,9.3113119999999991,0,12.344738,32,32,30,8822,0,0,262,1,0,223,1,3.00258,0.20746500000000001,31,31,1,31,1,6,0,0,358,605,9,0,161,205069266092098,205069275404913,9.7391330000000007,9.3700410000000005,9.0000000000000006e-05,0.058639000000001218,205069266092028,205069275461979,0,0,1,0,0
49,0.83333337306976318,8.8786179999999995,0,11.988175999999999,32,32,30,9077,0,0,255,1,0,217,1,3.0765669999999998,0.20708499999999999,31,31,1,31,1,5,0,0,358,605,9,0,159,205069278441205,205069287321516,9.3292889999999993,8.9424259999999993,0.0001,0.063708000000000098,205069278441135,205069287383421,0,0,1,0,0
50,0.85000002384185791,9.2918260000000004,0,12.333377,32,32,30,9338,0,0,261,1,0,227,1,3.0117259999999999,0.21287600000000001,31,31,1,31,1,5,0,0,358,605,9,0,149,205069290435372,205069299728991,9.742737,9.3515560000000004,0.0001,0.059630000000000294,205069290435302,205069299786718,0,0,1,0,0
51,0.86666673421859741,9.4941619999999993,0,12.604540999999999,32,32,30,9592,0,0,254,1,0,228,1,3.0796230000000002,0.205763,31,31,1,31,1,5,0,0,358,605,9,0,158,205069302773248,205069312269093,9.9578670000000002,9.5491130000000002,9.0000000000000006e-05,0.054861000000000715,205069302773188,205069312322201,0,0,1,0,0
52,0.88333338499069214,9.4418140000000008,0,12.622705,32,32,30,9838,0,0,246,1,0,230,1,3.144253,0.20705499999999999,31,31,1,31,1,3,0,0,358,605,9,0,148,205069315398417,205069324842025,9.8614560000000004,9.5000929999999997,9.0000000000000006e-05,0.058188999999998714,205069315398347,205069324898360,0,0,1,0,0
53,0.90000003576278687,9.3844879999999993,0,12.544179,32,32,30,10077,0,0,239,1,0,224,1,3.120298,0.20585300000000001,31,31,1,31,1,3,0,0,358,605,9,0,152,205069328025691,205069337411842,9.8155769999999993,9.4395000000000007,9.0000000000000006e-05,0.054922000000001248,205069328025621,205069337465011,0,0,1,0,0
54,0.91666668653488159,9.3077760000000005,0,12.522008,32,32,30,10320,0,0,243,1,0,226,1,3.1828850000000002,0.21376700000000001,31,31,1,31,1,3,0,0,358,605,9,0,148,205069340575100,205069349884729,9.7213200000000004,9.3700310000000009,0.00011,0.062145000000001005,205069340575030,205069349944921,0,0,1,0,0
55,0.93333339691162109,9.0387760000000004,0,12.068925999999999,32,32,30,10570,0,0,250,1,0,218,1,2.9989219999999999,0.21043100000000001,31,31,1,31,1,2,0,0,358,605,9,0,143,205069353101636,205069362142075,9.4636680000000002,9.0994689999999991,8.0000000000000007e-05,0.060612999999998252,205069353101576,205069362200955,0,0,1,0,0
56,0.95000004768371582,9.5155720000000006,0,12.626382,32,32,30,10826,0,0,256,1,0,231,1,3.0838909999999999,0.20525099999999999,31,31,1,31,1,2,0,0,358,605,9,0,142,205069365174871,205069374692005,9.9876369999999994,9.5724680000000006,9.1000000000000003e-05,0.056805000000000661,205069365174810,205069374747188,0,0,1,0,0
57,0.96666669845581055,9.5336949999999998,0,12.678758999999999,32,32,30,11094,0,0,268,1,0,233,1,3.1178530000000002,0.19953000000000001,31,31,1,31,1,2,0,0,358,605,9,0,141,205069377805290,205069387340548,9.9101009999999992,9.5828559999999996,9.0000000000000006e-05,0.049070999999999643,205069377805230,205069387387986,0,0,1,0,0
58,0.98333340883255005,9.1019629999999996,0,12.362591,32,32,30,11367,0,0,273,1,0,221,1,3.2254139999999998,0.20436000000000001,31,31,1,31,1,2,0,0,358,605,9,0,140,205069390488658,205069399592424,9.4808020000000006,9.1549010000000006,9.0000000000000006e-05,0.052848000000000894,205069390488578,205069399643349,0,0,1,0,0
59,1,9.0568399999999993,0,11.677719,32,32,30,11627,0,0,260,1,0,220,1,2.5959840000000001,0.19972100000000001,31,31,1,31,1,2,0,0,358,605,9,0,137,205069402858142,205069411916625,9.4646930000000005,9.1087360000000004,0.00017000000000000001,0.051726000000000383,205069402858012,205069411966628,0,0,1,0,0
60,1.0166667699813843,8.4770819999999993,0,11.714898,32,32,30,11877,0,0,250,1,0,204,1,3.2038630000000001,0.20691399999999999,31,31,1,31,1,2,0,0,358,605,9,0,137,205069414539388,205069423017843,8.8705759999999998,8.519781,9.0000000000000006e-05,0.042609000000000563,205069414539328,205069423059009,0,0,1,0,0
61,1.033333420753479,8.0278880000000008,0,11.054601,32,32,30,12138,0,0,261,1,0,190,1,2.9988429999999999,0.20037199999999999,31,31,1,31,1,2,0,0,358,605,9,0,136,205069426269354,205069434298875,8.5018969999999996,8.0752349999999993,0.0001,0.047246999999998707,205069426269284,205069434344409,0,0,1,0,0
62,1.0500000715255737,9.3747000000000007,0,12.341824000000001,32,32,30,12408,0,0,270,1,0,225,1,2.939432,0.20264699999999999,31,31,1,31,1,2,0,0,358,605,9,0,137,205069437328234,205069446704516,9.8099410000000002,9.4205649999999999,0.000111,0.04575399999999874,205069437328164,205069446748598,0,0,1,0,0
63,1.0666667222976685,8.8617170000000005,0,11.790188000000001,32,32,30,12684,0,0,276,1,0,214,1,2.9016519999999999,0.20446,31,31,1,31,1,1,0,0,358,605,9,0,136,205069449674104,205069458537364,9.2812439999999992,8.9118499999999994,9.0000000000000006e-05,0.050042999999998727,205069449674034,205069458585794,0,0,1,0,0
64,1.0833333730697632,8.8453459999999993,0,12.140339000000001,32,32,30,12968,0,0,284,1,0,210,1,3.2605390000000001,0.21327699999999999,31,31,1,31,1,1,0,0,358,605,9,0,135,205069461468340,205069470315249,9.2704419999999992,8.904776,8.0000000000000007e-05,0.059350000000000236,205069461468280,205069470372916,0,0,1,0,0
65,1.1000000238418579,9.3445140000000002,0,12.846791,32,32,30,13259,0,0,291,1,0,224,1,3.477201,0.661049,31,31,1,31,1,1,0,0,358,605,9,0,139,205069473613017,205069482959164,9.7766260000000003,9.3925330000000002,0.00011,0.047909000000000646,205069473612957,205069483005359,0,0,1,0,0
66,1.1166666746139526,9.2115969999999994,0,12.381276,32,32,30,13566,0,0,307,1,0,224,1,3.1433300000000002,0.19897000000000001,31,31,1,31,1,1,0,0,358,605,9,0,139,205069486463866,205069495677136,9.6175859999999993,9.2557179999999999,8.0000000000000007e-05,0.044040999999999997,205069486463806,205069495719434,0,0,1,0,0
67,1.1333334445953369,9.4040949999999999,0,12.617466,32,32,30,13865,0,0,299,1,0,227,1,3.1820529999999998,0.20669399999999999,31,31,1,31,1,1,0,0,358,605,9,0,140,205069498849511,205069508255158,9.8616229999999998,9.4626339999999995,9.1000000000000003e-05,0.058448000000000278,205069498849450,205069508311954,0,0,1,0,0
68,1.1500000953674316,9.1646800000000006,0,12.204948999999999,32,32,30,14176,0,0,311,1,0,221,1,3.0115959999999999,0.19880900000000001,31,31,1,31,1,1,0,0,358,605,9,0,141,205069511473077,205069520639240,9.5762110000000007,9.2134900000000002,0.0001,0.048709999999999809,205069511473017,205069520686387,0,0,1,0,0
69,1.1666667461395264,9.278791,0,12.284376999999999,32,32,30,14489,0,0,313,1,0,227,1,2.9768210000000002,0.19914999999999999,31,31,1,31,1,1,0,0,358,605,9,0,141,205069523684639,205069532965093,9.77135,9.3346560000000007,0.0001,0.055765000000000953,205069523684568,205069533019083,0,0,1,0,0
70,1.1833333969116211,9.178134,0,12.218012999999999,32,32,30,14786,0,0,297,1,0,223,1,3.0088210000000002,0.22405600000000001,31,31,1,31,1,1,0,0,358,605,9,0,140,205069535974926,205069545154573,9.6340009999999996,9.2332470000000004,9.0000000000000006e-05,0.055023000000000266,205069535974866,205069545208013,0,0,1,0,0
71,1.2000000476837158,8.3364399999999996,0,11.288435,32,32,30,15102,0,0,316,1,0,199,1,2.9258670000000002,0.208428,31,31,1,31,1,1,0,0,358,605,9,0,138,205069548197097,205069556535251,8.753425,8.3834769999999992,0.00011,0.046927000000000163,205069548197037,205069556580404,0,0,1,0,0
72,1.2166666984558105,9.3609939999999998,0,12.444504,32,32,30,15411,0,0,309,1,0,225,1,3.0531229999999998,0.196746,31,31,1,31,1,1,0,0,358,605,9,0,141,205069559489490,205069568852208,9.7862749999999998,9.3983539999999994,8.0000000000000007e-05,0.037279999999999092,205069559489420,205069568887704,0,0,1,0,0
73,1.2333333492279053,9.0335450000000002,0,12.022259,32,32,30,15730,0,0,319,1,0,220,1,2.9615629999999999,0.19975100000000001,31,31,1,31,1,1,0,0,358,605,9,0,141,205069571938182,205069580973280,9.3924990000000008,9.0850609999999996,9.0000000000000006e-05,0.051425999999999306,205069571938132,205069581023083,0,0,1,0,0
74,1.2500001192092896,9.1795570000000009,0,12.195461,32,32,30,16053,0,0,323,1,0,223,1,2.9867900000000001,0.20266700000000001,31,31,1,31,1,0,0,0,358,605,9,0,140,205069583964549,205069593145709,9.6727460000000001,9.2318639999999998,9.0000000000000006e-05,0.052216999999998848,205069583964479,205069593196233,0,0,1,0,0
75,1.2666667699813843,9.2460100000000001,0,11.927273,32,32,30,16374,0,0,321,1,0,221,1,2.6574179999999998,0.196936,31,31,1,31,1,0,0,0,358,605,9,0,135,205069596165991,205069605413414,9.7096470000000004,9.2959630000000004,8.0000000000000007e-05,0.049872999999999834,205069596165911,205069605461774,0,0,1,0,0
76,1.283333420753479,9.2107360000000007,0,12.384833,32,32,30,16690,0,0,316,1,0,224,1,3.1453950000000002,0.205071,31,31,1,31,1,0,0,0,358,605,9,0,134,205069608096971,205069617309089,9.6328589999999998,9.2502879999999994,8.0000000000000007e-05,0.039471999999998175,205069608096911,205069617347119,0,0,1,0,0
77,1.3000000715255737,8.919003,0,12.104042,32,32,30,17003,0,0,313,1,0,216,1,3.1518160000000002,0.19875999999999999,31,31,1,31,1,0,0,0,358,605,9,0,135,205069620486433,205069629407129,9.2811599999999999,8.9696479999999994,9.1000000000000003e-05,0.050553999999999988,205069620486362,205069629455889,0,0,1,0,0
78,1.3166667222976685,8.4931719999999995,0,11.599703999999999,32,32,30,17310,0,0,307,1,0,204,1,3.0790709999999999,0.21243500000000001,31,31,1,31,1,0,0,0,358,605,9,0,135,205069632594772,205069641089527,8.9506859999999993,8.5442459999999993,9.0000000000000006e-05,0.050983999999999696,205069632594702,205069641138848,0,0,1,0,0
79,1.3333333730697632,9.0807640000000003,0,12.059628999999999,32,32,30,17614,0,0,304,1,0,221,1,2.944642,0.19653499999999999,31,31,1,31,1,0,0,0,358,605,9,0,133,205069644212840,205069653295137,9.4722650000000002,9.1250859999999996,6.9999999999999994e-05,0.04425200000000018,205069644212770,205069653337776,0,0,1,0,0
80,1.3500000238418579,8.1993349999999996,0,11.331636,32,32,30,17921,0,0,307,1,0,196,1,3.102284,0.223305,31,31,1,31,1,0,0,0,358,605,9,0,131,205069656276677,205069664477596,8.5445290000000007,8.2527950000000008,0.0001,0.053360000000001406,205069656276607,205069664529292,0,0,1,0,0
81,1.3666667938232422,9.1586879999999997,0,12.15222,32,32,30,18220,0,0,299,1,0,218,1,2.9615629999999999,0.20288700000000001,31,31,1,31,1,0,0,0,358,605,9,0,134,205069667612481,205069676772882,9.6075959999999991,9.2116360000000004,9.0000000000000006e-05,0.052858000000000516,205069667612421,205069676823977,0,0,1,0,0
82,1.3833334445953369,9.0112140000000007,0,12.072713,32,32,30,18515,0,0,295,1,0,217,1,3.0313430000000001,0.216803,31,31,1,31,1,1,0,0,358,605,9,0,134,205069679768799,205069688781496,9.4379109999999997,9.0471909999999998,8.0000000000000007e-05,0.035896999999998513,205069679768729,205069688815840,0,0,1,0,0
83,1.4000000953674316,8.2165370000000006,0,11.243601999999999,32,32,30,18809,0,0,294,1,0,198,1,2.999333,0.19886999999999999,31,31,1,31,1,1,0,0,358,605,9,0,134,205069691847694,205069700065744,8.6143769999999993,8.2663899999999995,9.0000000000000006e-05,0.049762999999998669,205069691847624,205069700113914,0,0,1,0,0
84,1.4166667461395264,8.3322529999999997,0,11.334562,32,32,30,19101,0,0,292,1,0,202,1,2.9748480000000002,0.20083400000000001,31,31,1,31,1,1,0,0,358,605,9,0,133,205069703096777,205069711430532,8.7375450000000008,8.3805429999999994,8.1000000000000004e-05,0.048208999999999946,205069703096716,205069711477129,0,0,1,0,0
85,1.4333333969116211,7.8431940000000004,0,10.928667000000001,32,32,30,19398,0,0,297,1,0,187,1,3.0572010000000001,0.20751500000000001,31,31,1,31,1,1,0,0,358,605,9,0,132,205069714435526,205069722280323,8.2634410000000003,7.8958310000000003,0.0001,0.052537000000000056,205069714435456,205069722331167,0,0,1,0,0
86,1.4500000476837158,9.2488659999999996,0,12.552104,32,32,30,19700,0,0,302,1,0,225,1,3.2762479999999998,0.48611300000000002,31,31,1,31,1,0,0,0,358,605,9,0,130,205069725368341,205069734618770,9.6662300000000005,9.2917450000000006,9.0000000000000006e-05,0.042789000000000854,205069725368281,205069734659926,0,0,1,0,0
87,1.4666666984558105,8.6052400000000002,0,11.634017999999999,32,32,30,19996,0,0,296,1,0,210,1,3.0026600000000001,0.20829700000000001,31,31,1,31,1,0,0,0,358,605,9,0,126,205069737924613,205069746531476,9.0093560000000004,8.6413069999999994,0.000101,0.035965999999998388,205069737924542,205069746565759,0,0,1,0,0
88,1.4833334684371948,8.6405349999999999,0,11.654436,32,32,30,20300,0,0,304,1,0,211,1,2.9809389999999998,0.20022300000000001,31,31,1,31,1,0,0,0,358,605,9,0,123,205069749562538,205069758204646,9.0084219999999995,8.6832049999999992,8.0000000000000007e-05,0.042589999999998795,205069749562468,205069758245592,0,0,1,0,0
89,1.5000001192092896,8.9497099999999996,0,12.114770999999999,32,32,30,20599,0,0,299,1,0,219,1,3.13767,0.19955100000000001,31,31,1,31,1,0,0,0,358,605,9,0,123,205069761221001,205069770172264,9.3224479999999996,9.0003840000000004,0.0001,0.050574000000001007,205069761220931,205069770221205,0,0,1,0,0
90,1.5166667699813843,8.1798490000000008,0,11.411664999999999,32,32,30,20897,0,0,298,1,0,198,1,3.2051959999999999,0.20430000000000001,31,31,1,31,1,0,0,0,358,605,9,0,123,205069773340181,205069781521603,8.4960229999999992,8.2310949999999998,9.1000000000000003e-05,0.051154999999999617,205069773340111,205069781571125,0,0,1,0,0
91,1.533333420753479,8.5345180000000003,0,11.620573,32,32,30,21197,0,0,300,1,0,207,1,3.0560179999999999,0.20161399999999999,31,31,1,31,1,0,0,0,358,605,9,0,123,205069784756083,205069793292395,8.8918549999999996,8.5875470000000007,0.0001,0.05292900000000067,205069784756013,205069793343450,0,0,1,0,0
92,1.5500000715255737,8.5831289999999996,0,11.653513999999999,32,32,30,21497,0,0,300,1,0,210,1,3.0406200000000001,0.20335800000000001,31,31,1,31,1,0,0,0,358,605,9,0,122,205069796381365,205069804966307,8.8971699999999991,8.6432500000000001,0.0001,0.060021000000000768,205069796381295,205069805024425,0,0,1,0,0
93,1.5666667222976685,8.1678169999999994,0,10.883974,32,32,30,21800,0,0,303,1,0,193,1,2.6906690000000002,0.19810800000000001,31,31,1,31,1,1,0,0,358,605,9,0,124,205069808041061,205069816210451,8.5613119999999991,8.2185310000000005,0.0001,0.050614000000001269,205069808041001,205069816259402,0,0,1,0,0
94,1.5833333730697632,8.765568,0,11.851711999999999,32,32,30,22101,0,0,301,1,0,214,1,3.0557180000000002,0.197828,31,31,1,31,1,1,0,0,358,605,9,0,124,205069818928562,205069827695502,9.1076540000000001,8.8152899999999992,6.9999999999999994e-05,0.049652000000000029,205069818928502,205069827743712,0,0,1,0,0
95,1.6000001430511475,8.2140330000000006,0,11.300268000000001,32,32,30,22407,0,0,306,1,0,199,1,3.0551170000000001,0.19858899999999999,31,31,1,31,1,1,0,0,358,605,9,0,124,205069830784121,205069838999637,8.5376799999999999,8.2696660000000008,9.0000000000000006e-05,0.05554300000000012,205069830784061,205069839053547,0,0,1,0,0
96,1.6166667938232422,8.8067849999999996,0,12.074767,32,32,30,22711,0,0,304,1,0,209,1,3.2395589999999999,0.199931,31,31,1,31,1,2,0,0,358,605,9,0,125,205069842089168,205069850897676,9.1722400000000004,8.8483009999999993,0.0001,0.041415999999999897,205069842089088,205069850937289,0,0,1,0,0
97,1.6333334445953369,8.9211770000000001,0,11.952139000000001,32,32,30,23016,0,0,305,1,0,216,1,2.992661,0.20566200000000001,31,31,1,31,1,2,0,0,358,605,9,0,125,205069854168804,205069863091714,9.2936409999999992,8.9714799999999997,0.0001,0.050202999999999776,205069854168724,205069863140094,0,0,1,0,0
98,1.6500000953674316,9.0634519999999998,0,12.120092,32,32,30,23318,0,0,302,1,0,220,1,3.021595,0.20552200000000001,31,31,1,31,1,2,0,0,358,605,9,0,125,205069866126063,205069875191418,9.4101789999999994,9.1089959999999994,0.00011,0.045434000000000196,205069866125982,205069875234878,0,0,1,0,0
99,1.6666667461395264,9.2901220000000002,0,12.44796,32,32,30,23627,0,0,309,1,0,222,1,3.1293350000000002,0.201825,31,31,1,31,1,3,0,0,358,605,9,0,126,205069878251283,205069887543199,9.6885279999999998,9.3461470000000002,0.00011,0.055915000000000603,205069878251203,205069887597210,0,0,1,0,0
100,1.6833333969116211,8.2469640000000002,0,11.408058,32,32,30,23939,0,0,312,1,0,196,1,3.1294050000000002,0.19816800000000001,31,31,1,31,1,3,0,0,358,605,9,0,123,205069890705315,205069898953872,8.6371900000000004,8.2906949999999995,9.0000000000000006e-05,0.043640999999999153,205069890705255,205069898995850,0,0,1,0,0
101,1.7000000476837158,8.2096750000000007,0,12.424526999999999,32,32,30,24248,0,0,309,1,0,197,1,4.172383,0.19595399999999999,31,31,1,31,1,3,0,0,358,605,9,0,123,205069902119254,205069910330462,8.585737,8.2580550000000006,0.0001,0.048280000000000101,205069902119184,205069910377088,0,0,1,0,0
102,1.7166666984558105,7.494186,0,10.225830999999999,32,32,30,24556,0,0,308,1,0,175,1,2.7038739999999999,0.208648,31,31,1,31,1,2,0,0,358,605,9,0,123,205069914551325,205069922047915,7.9030810000000002,7.5487760000000002,0.00014999999999999999,0.054440000000000488,205069914551235,205069922099881,0,0,1,0,0
103,1.7333334684371948,9.0232270000000003,0,12.158172,32,32,30,24867,0,0,311,1,0,219,1,3.0987170000000002,0.19775799999999999,31,31,1,31,1,2,0,0,358,605,9,0,123,205069924780803,205069933805392,9.4044939999999997,9.0691520000000008,6.9999999999999994e-05,0.045855000000001311,205069924780743,205069933849815,0,0,1,0,0
104,1.7500001192092896,8.1537109999999995,0,11.152974,32,32,30,25180,0,0,313,1,0,195,1,2.9677750000000001,0.214058,31,31,1,31,1,2,0,0,358,605,9,0,122,205069936943213,205069945098637,8.5713349999999995,8.2103059999999992,0.0001,0.056494999999999962,205069936943153,205069945153329,0,0,1,0,0
105,1.7666667699813843,8.1197379999999999,0,11.679262,32,32,30,25496,0,0,316,1,0,196,1,3.527415,0.238123,31,31,1,31,1,2,0,0,358,605,9,0,122,205069948118849,205069956240290,8.4684830000000009,8.1743290000000002,9.0000000000000006e-05,0.054501000000000133,205069948118779,205069956293008,0,0,1,0,0
106,1.783333420753479,8.0823780000000003,0,11.519223999999999,32,32,30,25804,0,0,308,1,0,192,1,3.407572,0.20180500000000001,31,31,1,31,1,2,0,0,358,605,9,0,122,205069959803371,205069967887432,8.5065899999999992,8.126099,0.0001,0.04362099999999991,205069959803301,205069967929300,0,0,1,0,0
107,1.8000000715255737,7.4288939999999997,0,10.056495999999999,32,32,30,26122,0,0,318,1,0,173,1,2.6022759999999998,0.203818,31,31,1,31,1,3,0,0,358,605,9,0,123,205069971326463,205069978756780,7.8001950000000004,7.473897,6.9999999999999994e-05,0.044933000000000334,205069971326403,205069978800230,0,0,1,0,0
108,1.8166667222976685,9.3063330000000004,0,12.310784999999999,32,32,30,26436,0,0,314,1,0,223,1,2.976531,0.20520099999999999,31,31,1,31,1,4,0,0,358,605,9,0,126,205069981386516,205069990694191,9.7094179999999994,9.3537309999999998,8.0000000000000007e-05,0.047317999999998861,205069981386456,205069990740097,0,0,1,0,0
109,1.8333333730697632,9.1905870000000007,0,12.248519999999999,32,32,30,26757,0,0,321,1,0,223,1,3.031774,0.201655,31,31,1,31,1,3,0,0,358,605,9,0,125,205069993701309,205070002893389,9.5942430000000005,9.2390270000000001,0.0001,0.048339999999999606,205069993701249,205070002940156,0,0,1,0,0
110,1.8500001430511475,8.4815799999999992,0,11.119031,32,32,30,27084,0,0,327,1,0,201,1,2.608247,0.198128,31,31,1,31,1,5,0,0,358,605,9,0,126,205070005953576,205070014436478,8.8802140000000005,8.5253610000000002,8.0000000000000007e-05,0.043701000000000434,205070005953516,205070014478797,0,0,1,0,0
111,1.8666667938232422,7.2605409999999999,0,9.9060380000000006,32,32,30,27412,0,0,328,1,0,173,1,2.6200890000000001,0.197266,31,31,1,31,1,5,0,0,358,605,9,0,126,205070017077877,205070024339720,7.5859030000000001,7.3115370000000004,6.0999999999999999e-05,0.050935000000000841,205070017077816,205070024389282,0,0,1,0,0
112,1.8833334445953369,7.0569030000000001,0,9.7053539999999998,32,32,30,27735,0,0,323,1,0,167,1,2.6224530000000001,0.20447000000000001,31,31,1,31,1,5,0,0,358,605,9,0,126,205070026987410,205070034045666,7.4183820000000003,7.1028580000000003,8.0000000000000007e-05,0.045875000000000554,205070026987350,205070034090128,0,0,1,0,0
113,1.9000000953674316,6.6936479999999996,0,9.3363080000000007,32,32,30,28061,0,0,326,1,0,152,1,2.6172230000000001,0.20252600000000001,31,31,1,31,1,6,0,0,358,605,9,0,127,205070036696261,205070043391211,7.1010660000000003,6.7383309999999996,8.0000000000000007e-05,0.044603000000000392,205070036696211,205070043434462,0,0,1,0,0
114,1.9166667461395264,8.1473390000000006,0,10.797283,32,32,30,28385,0,0,324,1,0,195,1,2.624406,0.20463999999999999,31,31,1,31,1,6,0,0,358,605,9,0,127,205070046036006,205070054184687,8.5348030000000001,8.1937650000000009,8.0000000000000007e-05,0.046345999999999776,205070046035946,205070054229631,0,0,1,0,0
115,1.9333333969116211,8.6364280000000004,0,11.676658,32,32,30,28708,0,0,323,1,0,209,1,3.010694,0.20249600000000001,31,31,1,31,1,6,0,0,358,605,9,0,124,205070056836845,205070065474716,9.0257500000000004,8.6911900000000006,6.9999999999999994e-05,0.054692000000001073,205070056836795,205070065527895,0,0,1,0,0
116,1.9500000476837158,9.2573620000000005,0,12.273676999999999,32,32,30,29041,0,0,333,1,0,225,1,2.98691,0.203989,31,31,1,31,1,6,0,0,358,605,9,0,124,205070068517550,205070077776395,9.6084689999999995,9.3131450000000005,8.0000000000000007e-05,0.055702999999999392,205070068517490,205070077830515,0,0,1,0,0
117,1.9666668176651001,9.2500180000000007,0,12.429797000000001,32,32,30,29378,0,0,337,1,0,225,1,3.146156,0.206403,31,31,1,31,1,6,0,0,358,605,9,0,124,205070080795415,205070090046875,9.6232550000000003,9.3083570000000009,8.0000000000000007e-05,0.058258999999999617,205070080795344,205070090103611,0,0,1,0,0
118,1.9833334684371948,8.2402619999999995,0,11.196224000000001,32,32,30,29709,0,0,331,1,0,195,1,2.92788,0.20603299999999999,31,31,1,31,1,6,0,0,358,605,9,0,127,205070093228958,205070101470683,8.5862169999999995,8.2963360000000002,9.0000000000000006e-05,0.055984000000000478,205070093228898,205070101525124,0,0,1,0,0
119,2,7.8957610000000003,0,10.545254999999999,32,32,30,30044,0,0,335,1,0,185,1,2.6226129999999999,0.19616500000000001,31,31,1,31,1,7,0,0,358,605,9,0,129,205070104429070,205070112326284,8.3434709999999992,7.9468560000000004,6.9999999999999994e-05,0.051025000000000098,205070104429010,205070112375796,0,0,1,0,0
120,2.0166668891906738,8.1868529999999993,0,11.264732,32,32,30,30373,0,0,329,1,0,198,1,3.0316339999999999,0.211062,31,31,1,31,1,7,0,0,358,605,9,0,128,205070114978022,205070123166237,8.6148579999999999,8.2461629999999992,8.1000000000000004e-05,0.059229000000000198,205070114977952,205070123223994,0,0,1,0,0
121,2.0333335399627686,8.1090979999999995,0,10.910624,32,32,30,30707,0,0,334,1,0,190,1,2.7748059999999999,0.20232600000000001,31,31,1,31,1,7,0,0,358,605,9,0,125,205070126258252,205070134368853,8.5766259999999992,8.1633790000000008,8.0000000000000007e-05,0.054201000000000832,205070126258192,205070134421441,0,0,1,0,0
122,2.0500001907348633,7.7020520000000001,0,11.198328,32,32,30,31040,0,0,333,1,0,185,1,3.4624440000000001,0.206453,31,31,1,31,1,7,0,0,358,605,9,0,123,205070137172563,205070144876007,8.0247329999999994,7.7548599999999999,6.9999999999999994e-05,0.05273799999999973,205070137172503,205070144927253,0,0,1,0,0
123,2.066666841506958,9.1753599999999995,0,12.747446999999999,32,32,30,31378,0,0,338,1,0,223,1,3.5319029999999998,0.20196500000000001,31,31,1,31,1,7,0,0,358,605,9,0,123,205070148375099,205070157552032,9.5978770000000004,9.2192410000000002,9.0000000000000006e-05,0.043791000000000579,205070148375039,205070157594200,0,0,1,0,0
124,2.0833334922790527,9.2850830000000002,0,12.538297999999999,32,32,30,31714,0,0,336,1,0,224,1,3.221285,0.20558199999999999,31,31,1,31,1,8,0,0,358,605,9,0,124,205070161127756,205070170414883,9.7742070000000005,9.3409169999999992,0.00012999999999999999,0.055703999999998643,205070161127676,205070170468443,0,0,1,0,0
125,2.1000001430511475,8.3619979999999998,0,11.395355,32,32,30,32059,0,0,345,1,0,196,1,2.9973000000000001,0.20009199999999999,31,31,1,31,1,9,0,0,358,605,9,0,125,205070173671935,205070182035797,8.7939600000000002,8.4163390000000007,0.00011,0.054231000000001472,205070173671845,205070182088054,0,0,1,0,0
126,2.1166667938232422,7.7634759999999998,0,10.818493,32,32,30,32394,0,0,335,1,0,187,1,3.0278160000000001,0.20433000000000001,31,31,1,31,1,9,0,0,358,605,9,0,125,205070185071848,205070192836887,8.1258959999999991,7.8163539999999996,8.0000000000000007e-05,0.052798000000000123,205070185071778,205070192888022,0,0,1,0,0
127,2.1333334445953369,6.3688349999999998,0,9.5058030000000002,32,32,30,32735,0,0,341,1,0,148,1,3.1008420000000001,0.20258699999999999,31,31,1,31,1,9,0,0,358,605,9,0,125,205070195895621,205070202266319,6.7745240000000004,6.4203200000000002,0.00011,0.051375000000000171,205070195895551,205070202315741,0,0,1,0,0
128,2.1500000953674316,7.1771459999999996,0,10.24657,32,32,30,33072,0,0,337,1,0,171,1,3.0406599999999999,0.20224600000000001,31,31,1,31,1,9,0,0,358,605,9,0,125,205070205409029,205070212587828,7.5031489999999996,7.2286020000000004,0.00017000000000000001,0.051286000000001053,205070205408958,205070212637310,0,0,1,0,0
129,2.1666667461395264,9.2566810000000004,0,12.304323999999999,32,32,30,33420,0,0,348,1,0,221,1,3.0173260000000002,0.20556199999999999,31,31,1,31,1,11,0,0,358,605,9,0,127,205070215661139,205070224919733,9.7400110000000009,9.3081370000000003,0.000111,0.05134499999999953,205070215661069,205070224969054,0,0,1,0,0
130,2.1833333969116211,9.1071620000000006,0,12.409528999999999,32,32,30,33760,0,0,340,1,0,223,1,3.2689140000000001,0.20365800000000001,31,31,1,31,1,10,0,0,358,605,9,0,126,205070227970873,205070237079869,9.5268280000000001,9.1563339999999993,0.0001,0.049071999999998894,205070227970802,205070237127016,0,0,1,0,0
131,2.2000000476837158,5.8370360000000003,0,8.5323550000000008,32,32,30,34107,0,0,347,1,0,133,1,2.6685189999999999,0.20416899999999999,31,31,1,31,1,10,0,0,358,605,9,0,124,205070240385130,205070246223930,6.1941179999999996,5.8830220000000004,0.0001,0.045886000000000315,205070240385050,205070246267982,0,0,1,0,0
132,2.2166666984558105,7.916601,0,10.962481,32,32,30,34451,0,0,344,1,0,187,1,3.01905,0.20454,31,31,1,31,1,11,0,0,358,605,9,0,124,205070248936080,205070256854093,8.2979099999999999,7.9662129999999998,8.1000000000000004e-05,0.049530999999999992,205070248936020,205070256902152,0,0,1,0,0
133,2.2333333492279053,7.3764159999999999,0,10.456060000000001,32,32,30,34800,0,0,349,1,0,174,1,3.0510389999999998,0.210421,31,31,1,31,1,11,0,0,358,605,9,0,124,205070259903309,205070267281479,7.7285649999999997,7.4349059999999998,9.1000000000000003e-05,0.058398999999999646,205070259903228,205070267338014,0,0,1,0,0
134,2.25,7.704637,0,10.705171999999999,32,32,30,35146,0,0,346,1,0,185,1,2.974126,0.201714,31,31,1,31,1,11,0,0,358,605,9,0,123,205070270363556,205070278069715,8.0501369999999994,7.7548890000000004,9.0000000000000006e-05,0.050162000000000262,205070270363496,205070278118285,0,0,1,0,0
135,2.2666668891906738,7.8175369999999997,0,10.656211000000001,32,32,30,35496,0,0,350,1,0,186,1,2.814489,0.20754500000000001,31,31,1,31,1,11,0,0,358,605,9,0,123,205070281072895,205070288892015,8.2232710000000004,7.8694430000000004,9.0000000000000006e-05,0.051816000000000528,205070281072825,205070288942158,0,0,1,0,0
136,2.2833335399627686,7.8168150000000001,0,10.885968,32,32,30,35844,0,0,348,1,0,188,1,3.0402390000000001,0.19966,31,31,1,31,1,11,0,0,358,605,9,0,123,205070291733004,205070299551171,8.1599819999999994,7.8617179999999998,8.0000000000000007e-05,0.044823000000000057,205070291732944,205070299594582,0,0,1,0,0
137,2.3000001907348633,6.5100160000000002,0,9.6031250000000004,32,32,30,36197,0,0,353,1,0,151,1,3.0616690000000002,0.203739,31,31,1,31,1,11,0,0,358,605,9,0,123,205070302625685,205070309137414,6.852106,6.5624339999999997,0.00011,0.052307999999999133,205070302625604,205070309187928,0,0,1,0,0
138,2.316666841506958,7.8479929999999998,0,10.873685,32,32,30,36544,0,0,347,1,0,186,1,2.9977809999999998,0.21169299999999999,31,31,1,31,1,11,0,0,358,605,9,0,127,205070312232776,205070320082432,8.2515649999999994,7.8988269999999998,9.0000000000000006e-05,0.0507439999999999,205070312232716,205070320131433,0,0,1,0,0
139,2.3333334922790527,6.5632159999999997,0,9.6897149999999996,32,32,30,36897,0,0,353,1,0,153,1,3.0959029999999998,0.201655,31,31,1,31,1,11,0,0,358,605,9,0,127,205070323110549,205070329675418,6.9542070000000002,6.6151020000000003,9.0000000000000006e-05,0.051796000000000397,205070323110489,205070329725481,0,0,1,0,0
140,2.3500001430511475,7.8058940000000003,0,10.767307000000001,32,32,30,37243,0,0,346,1,0,186,1,2.9340519999999999,0.20247599999999999,31,31,1,31,1,11,0,0,358,605,9,0,127,205070332804272,205070340611800,8.1488960000000006,7.853332,8.0000000000000007e-05,0.047358000000000011,205070332804212,205070340657444,0,0,1,0,0
141,2.3666667938232422,7.848935,0,10.899001999999999,32,32,30,37599,0,0,356,1,0,186,1,3.0234179999999999,0.20232600000000001,31,31,1,31,1,11,0,0,358,605,9,0,127,205070343575817,205070351426345,8.2348510000000008,7.8933869999999997,8.0000000000000007e-05,0.044372000000000078,205070343575757,205070351469054,0,0,1,0,0
142,2.3833334445953369,7.7807279999999999,0,10.792294,32,32,30,37949,0,0,350,1,0,186,1,2.9800770000000001,0.203177,31,31,1,31,1,11,0,0,358,605,9,0,127,205070354479488,205070362261909,8.1082750000000008,7.8297790000000003,9.0000000000000006e-05,0.048961000000000254,205070354479418,205070362309107,0,0,1,0,0
143,2.4000000953674316,7.7823909999999996,0,10.884485,32,32,30,38305,0,0,356,1,0,185,1,3.0714579999999998,0.20580200000000001,31,31,1,31,1,11,0,0,358,605,9,0,127,205070365276120,205070373060044,8.1745990000000006,7.8350390000000001,0.0001,0.052548000000000705,205070365276050,205070373110949,0,0,1,0,0
144,2.4166667461395264,6.4448759999999998,0,9.4106570000000005,32,32,30,38655,0,0,350,1,0,149,1,2.9396620000000002,0.201515,31,31,1,31,1,11,0,0,358,605,9,0,127,205070376164693,205070382611212,6.8568429999999996,6.485131,8.0000000000000007e-05,0.040175000000000516,205070376164633,205070382649673,0,0,1,0,0
145,2.4333333969116211,7.1209319999999998,0,10.932183999999999,32,32,30,39010,0,0,355,1,0,167,1,3.7760069999999999,0.203348,31,31,1,31,1,11,0,0,358,605,9,0,127,205070385579267,205070392701692,7.5000289999999996,7.1767960000000004,9.0000000000000006e-05,0.055774000000000434,205070385579207,205070392755862,0,0,1,0,0
146,2.4500000476837158,7.7492489999999998,0,10.833710999999999,32,32,30,39362,0,0,352,1,0,186,1,3.0568499999999998,0.20466999999999999,31,31,1,31,1,11,0,0,358,605,9,0,127,205070396515338,205070404266061,8.0571289999999998,7.7997829999999997,9.0000000000000006e-05,0.050443999999999711,205070396515278,205070404314971,0,0,1,0,0
147,2.4666666984558105,6.4877260000000003,0,9.6796159999999993,32,32,30,39713,0,0,351,1,0,149,1,3.1626069999999999,0.205371,31,31,1,31,1,11,0,0,358,605,9,0,127,205070407353087,205070413842325,6.8846069999999999,6.5397319999999999,8.0000000000000007e-05,0.051925999999999917,205070407353027,205070413892648,0,0,1,0,0
148,2.4833333492279053,6.5531670000000002,0,9.9266559999999995,32,32,30,40060,0,0,347,1,0,151,1,3.338203,0.20555200000000001,31,31,1,31,1,11,0,0,358,605,9,0,123,205070417036571,205070423591260,6.9915260000000004,6.6040520000000003,8.0000000000000007e-05,0.050805000000000433,205070417036500,205070423640472,0,0,1,0,0
149,2.5000002384185791,7.8736100000000002,0,10.890366,32,32,30,40412,0,0,352,1,0,187,1,2.9909279999999998,0.20844799999999999,31,31,1,31,1,11,0,0,358,605,9,0,123,205070426967484,205070434842858,8.2722079999999991,7.9253660000000004,0.0001,0.051656000000000368,205070426967414,205070434892660,0,0,1,0,0
150,2.5166668891906738,6.4886679999999997,0,9.5947680000000002,32,32,30,40760,0,0,348,1,0,151,1,3.078821,0.20677400000000001,31,31,1,31,1,11,0,0,358,605,9,0,123,205070437861978,205070444352088,6.8952970000000002,6.5391300000000001,9.0000000000000006e-05,0.050372000000000305,205070437861918,205070444400958,0,0,1,0,0
151,2.5333335399627686,7.8012360000000003,0,10.885928,32,32,30,41110,0,0,350,1,0,185,1,3.0488849999999998,0.196996,31,31,1,31,1,11,0,0,358,605,9,0,123,205070447460624,205070455263383,8.1864509999999999,7.8434140000000001,8.0000000000000007e-05,0.042098000000000191,205070447460564,205070455303888,0,0,1,0,0
152,2.5500001907348633,7.9467270000000001,0,11.052758000000001,32,32,30,41460,0,0,350,1,0,186,1,3.0789409999999999,0.198409,31,31,1,31,1,11,0,0,358,605,9,0,125,205070458351571,205070466300031,8.3656140000000008,7.9916,0.00011,0.044762999999999664,205070458351491,205070466342991,0,0,1,0,0
153,2.566666841506958,5.7500039999999997,0,8.7682029999999997,32,32,30,41816,0,0,356,1,0,131,1,2.9912679999999998,0.201594,31,31,1,31,1,11,0,0,358,605,9,0,125,205070469408547,205070475160004,6.1316519999999999,5.7953789999999996,8.0000000000000007e-05,0.045295000000000307,205070469408477,205070475203775,0,0,1,0,0
154,2.5833334922790527,7.6781269999999999,0,10.833421,32,32,30,42168,0,0,352,1,0,185,1,3.1231230000000001,0.19860900000000001,31,31,1,31,1,11,0,0,358,605,9,0,125,205070478180958,205070485860728,8.0394229999999993,7.721368,0.000101,0.043140000000000178,205070478180888,205070485902165,0,0,1,0,0
155,2.6000001430511475,7.7372769999999997,0,10.903812,32,32,30,42526,0,0,358,1,0,185,1,3.1350150000000001,0.21807499999999999,31,31,1,31,1,11,0,0,358,605,9,0,125,205070489019037,205070496758518,8.0904199999999999,7.7768810000000004,9.1000000000000003e-05,0.039513000000000353,205070489018967,205070496795767,0,0,1,0,0
156,2.6166667938232422,6.5735950000000001,0,9.3562159999999999,32,32,30,42878,0,0,352,1,0,148,1,2.7536659999999999,0.23407500000000001,31,31,1,31,1,11,0,0,358,605,9,0,127,205070499927326,205070506502614,7.0731970000000004,6.6325750000000001,9.0000000000000006e-05,0.058889999999999887,205070499927256,205070506559741,0,0,1,0,0
157,2.6333334445953369,7.6997869999999997,0,10.965325999999999,32,32,30,43238,0,0,360,1,0,185,1,3.2286389999999998,0.21060200000000001,31,31,1,31,1,11,0,0,358,605,9,0,127,205070509287028,205070516988259,8.0217580000000002,7.7459629999999997,9.0000000000000006e-05,0.046085999999999849,205070509286978,205070517032831,0,0,1,0,0
158,2.6500000953674316,9.5276139999999998,0,12.792370999999999,32,32,30,43601,0,0,363,1,0,228,1,3.229581,0.22761300000000001,31,31,1,31,1,11,0,0,358,605,9,0,135,205070520275978,205070529805716,9.9418360000000003,9.5851509999999998,0.00015100000000000001,0.057385999999999271,205070520275888,205070529860898,0,0,1,0,0
159,2.6666667461395264,8.7365239999999993,0,12.044810999999999,32,32,30,43967,0,0,366,1,0,213,1,3.2727110000000001,0.210592,31,31,1,31,1,11,0,0,358,605,9,0,135,205070533072416,205070541810533,9.1032659999999996,8.7928080000000008,0.00011,0.056174000000002167,205070533072346,205070541865044,0,0,1,0,0
160,2.6833333969116211,9.3679369999999995,0,12.444072999999999,32,32,30,44328,0,0,361,1,0,228,1,3.0395979999999998,0.20393900000000001,31,31,1,31,1,11,0,0,358,605,9,0,135,205070545121385,205070554490875,9.7969010000000001,9.408512,9.0000000000000006e-05,0.040485000000000326,205070545121315,205070554529727,0,0,1,0,0
161,2.7000000476837158,8.0446290000000005,0,10.706395000000001,32,32,30,44692,0,0,364,1,0,195,1,2.6354679999999999,0.19841900000000001,31,31,1,31,1,11,0,0,358,605,9,0,135,205070557569866,205070565616028,8.3848310000000001,8.0949220000000004,9.0000000000000006e-05,0.050202999999999776,205070557569796,205070565664618,0,0,1,0,0
162,2.7166666984558105,6.3853350000000004,0,9.4647780000000008,32,32,30,45055,0,0,363,1,0,149,1,3.049356,0.20443,31,31,1,31,1,11,0,0,358,605,9,0,135,205070568279838,205070574666535,6.7089920000000003,6.4372420000000004,6.9999999999999994e-05,0.051836999999999911,205070568279777,205070574716949,0,0,1,0,0
163,2.7333335876464844,7.8345279999999997,0,10.915122,32,32,30,45417,0,0,362,1,0,186,1,3.0459700000000001,0.19797799999999999,31,31,1,31,1,11,0,0,358,605,9,0,135,205070577748542,205070585584703,8.2943239999999996,7.8830780000000003,8.0000000000000007e-05,0.048470000000000901,205070577748482,205070585631480,0,0,1,0,0
164,2.7500002384185791,7.8994679999999997,0,10.541918000000001,32,32,30,45771,0,0,354,1,0,185,1,2.6164209999999999,0.20718500000000001,31,31,1,31,1,11,0,0,358,605,9,0,136,205070588668213,205070596569184,8.3179569999999998,7.9476979999999999,0.0001,0.04813000000000045,205070588668143,205070596615741,0,0,1,0,0
165,2.7666668891906738,6.3249129999999996,0,9.0058140000000009,32,32,30,46135,0,0,364,1,0,148,1,2.654903,0.20250599999999999,31,31,1,31,1,11,0,0,358,605,9,0,136,205070599213698,205070605539923,6.6558619999999999,6.3693949999999999,6.9999999999999994e-05,0.04441200000000034,205070599213638,205070605582963,0,0,1,0,0
166,2.7833335399627686,7.7548700000000004,0,10.801119999999999,32,32,30,46496,0,0,361,1,0,186,1,3.0037419999999999,0.20558199999999999,31,31,1,31,1,11,0,0,358,605,9,0,136,205070608222939,205070615979121,8.0815070000000002,7.8071770000000003,6.9999999999999994e-05,0.052236999999999867,205070608222889,205070616029996,0,0,1,0,0
167,2.8000001907348633,6.5616719999999997,0,9.7182490000000001,32,32,30,46861,0,0,365,1,0,150,1,3.128063,0.22825400000000001,31,31,1,31,1,11,0,0,358,605,9,0,136,205070619028508,205070625591814,6.9766260000000004,6.618309,8.1000000000000004e-05,0.056556000000000495,205070619028448,205070625646645,0,0,1,0,0
168,2.816666841506958,8.6448440000000009,0,11.884914,32,32,30,47226,0,0,365,1,0,203,1,3.2043339999999998,0.201795,31,31,1,31,1,12,0,0,358,605,9,0,137,205070628750743,205070637397260,9.1271159999999991,8.6962089999999996,9.0000000000000006e-05,0.051274999999998627,205070628750683,205070637446792,0,0,1,0,0
169,2.8333334922790527,8.5233980000000003,0,11.655958999999999,32,32,30,47594,0,0,368,1,0,204,1,3.0997300000000001,0.213536,31,31,1,31,1,12,0,0,358,605,9,0,137,205070640639775,205070649164686,8.9312129999999996,8.5861350000000005,9.0000000000000006e-05,0.062647000000000119,205070640639705,205070649225710,0,0,1,0,0
170,2.8500001430511475,6.5434289999999997,0,9.8814419999999998,32,32,30,47948,0,0,354,1,0,151,1,3.3063340000000001,0.211894,31,31,1,31,1,12,0,0,358,605,9,0,137,205070652302407,205070658847649,7.0012949999999998,6.598592,0.00012,0.055043000000000397,205070652302336,205070658900747,0,0,1,0,0
171,2.8666667938232422,7.7796960000000004,0,10.86534,32,32,30,48312,0,0,364,1,0,185,1,3.0487549999999999,0.201404,31,31,1,31,1,11,0,0,358,605,9,0,127,205070662189809,205070669971268,8.2573810000000005,7.8371230000000001,0.00012,0.057306999999999775,205070662189749,205070670026712,0,0,1,0,0
172,2.8833334445953369,6.4703429999999997,0,9.3705920000000003,32,32,30,48669,0,0,357,1,0,149,1,2.8667769999999999,0.207034,31,31,1,31,1,11,0,0,358,605,9,0,127,205070673059547,205070679531473,6.817062,6.523301,0.0001,0.052858000000000516,205070673059477,205070679582648,0,0,1,0,0
173,2.9000000953674316,6.6194699999999997,0,9.7339479999999998,32,32,30,49031,0,0,362,1,0,151,1,3.07829,0.207235,31,31,1,31,1,12,0,0,358,605,9,0,128,205070682434006,205070689055009,7.0549210000000002,6.6711460000000002,0.0001,0.051576000000000732,205070682433946,205070689104992,0,0,1,0,0
174,2.9166667461395264,7.8178369999999999,0,10.805418,32,32,30,49392,0,0,361,1,0,185,1,2.9612419999999999,0.20172499999999999,31,31,1,31,1,12,0,0,358,605,9,0,128,205070692171921,205070699991281,8.1799359999999997,7.8645740000000002,8.0000000000000007e-05,0.046657000000000615,205070692171861,205070700036345,0,0,1,0,0
175,2.9333333969116211,7.746143,0,10.776524999999999,32,32,30,49759,0,0,367,1,0,186,1,3.001557,0.20402899999999999,31,31,1,31,1,12,0,0,358,605,9,0,128,205070702981347,205070710728994,8.1481670000000008,7.79291,0.0001,0.046667000000000236,205070702981277,205070710774077,0,0,1,0,0
176,2.9500000476837158,6.6013960000000003,0,9.9983179999999994,32,32,30,50120,0,0,361,1,0,154,1,3.36382,0.20224600000000001,31,31,1,31,1,12,0,0,358,605,9,0,128,205070713763302,205070720366171,7.0268470000000001,6.6399480000000004,8.0000000000000007e-05,0.038472000000000506,205070713763242,205070720403100,0,0,1,0,0
177,2.9666669368743896,7.9079750000000004,0,11.131995,32,32,30,50484,0,0,364,1,0,186,1,3.1885849999999998,0.20654400000000001,31,31,1,31,1,13,0,0,358,605,9,0,129,205070723765768,205070731675446,8.371931,7.949071,0.0001,0.04099599999999981,205070723765708,205070731714679,0,0,1,0,0
178,2.9833335876464844,6.6426829999999999,0,9.8379510000000003,32,32,30,50843,0,0,359,1,0,153,1,3.1633779999999998,0.20909900000000001,31,31,1,31,1,13,0,0,358,605,9,0,129,205070734903705,205070741548041,7.1230989999999998,6.6946300000000001,0.000101,0.051846000000000281,205070734903645,205070741598134,0,0,1,0,0
179,3.0000002384185791,6.8041229999999997,0,9.8699999999999992,32,32,30,51207,0,0,364,1,0,154,1,3.0345390000000001,0.20266600000000001,31,31,1,31,1,13,0,0,358,605,9,0,129,205070744745713,205070751551479,7.3389470000000001,6.8473230000000003,0.0001,0.043100000000000804,205070744745643,205070751592876,0,0,1,0,0
180,3.0166668891906738,6.5101570000000004,0,9.6771220000000007,32,32,30,51568,0,0,361,1,0,150,1,3.1391830000000001,0.20812700000000001,31,31,1,31,1,12,0,0,358,605,9,0,128,205070754619690,205070761131531,6.9245570000000001,6.5604909999999999,9.0000000000000006e-05,0.050243999999999289,205070754619620,205070761180011,0,0,1,0,0
181,3.0333335399627686,7.7462739999999997,0,10.922575999999999,32,32,30,51928,0,0,360,1,0,182,1,3.1426400000000001,0.20602300000000001,31,31,1,31,1,12,0,0,358,605,9,0,128,205070764313954,205070772062352,8.1913719999999994,7.8030590000000002,0.00013999999999999999,0.056645000000000501,205070764313854,205070772116793,0,0,1,0,0
182,3.0500001907348633,7.7952349999999999,0,10.831265999999999,32,32,30,52287,0,0,359,1,0,185,1,3.0082599999999999,0.19911999999999999,31,31,1,31,1,11,0,0,358,605,9,0,127,205070775240758,205070783037426,8.1654940000000007,7.8403689999999999,9.0000000000000006e-05,0.045043999999999862,205070775240688,205070783080987,0,0,1,0,0
183,3.066666841506958,7.7504520000000001,0,10.798856000000001,32,32,30,52650,0,0,363,1,0,186,1,3.0197820000000002,0.197517,31,31,1,31,1,11,0,0,358,605,9,0,127,205070786075932,205070793827836,8.138026,7.7976190000000001,8.0000000000000007e-05,0.047087000000000323,205070786075872,205070793873391,0,0,1,0,0
184,3.0833334922790527,6.5892549999999996,0,9.7427840000000003,32,32,30,53004,0,0,354,1,0,154,1,3.1202679999999998,0.19986100000000001,31,31,1,31,1,11,0,0,358,605,9,0,127,205070796878976,205070803469743,6.9304439999999996,6.6353999999999997,9.1000000000000003e-05,0.046053999999999817,205070796878916,205070803514215,0,0,1,0,0
185,3.1000001430511475,7.7872500000000002,0,10.783968,32,32,30,53370,0,0,366,1,0,186,1,2.9702090000000001,0.20485,31,31,1,31,1,11,0,0,358,605,9,0,127,205070806641837,205070814430870,8.1233389999999996,7.8380140000000003,0.00011,0.050653999999999755,205070806641757,205070814479661,0,0,1,0,0
186,3.1166667938232422,6.5259960000000001,0,9.5594529999999995,32,32,30,53725,0,0,355,1,0,153,1,3.0074679999999998,0.202126,31,31,1,31,1,11,0,0,358,605,9,0,127,205070817429893,205070823957462,6.8890599999999997,6.5686859999999996,9.0000000000000006e-05,0.042599999999999305,205070817429833,205070823998429,0,0,1,0,0
187,3.1333334445953369,7.2250350000000001,0,10.265855999999999,32,32,30,54092,0,0,367,1,0,171,1,3.0086599999999999,0.19797799999999999,31,31,1,31,1,11,0,0,358,605,9,0,127,205070826993143,205070834219611,7.582897,7.2632770000000004,8.0000000000000007e-05,0.038162000000000695,205070826993073,205070834256279,0,0,1,0,0
188,3.1500000953674316,7.7647979999999999,0,10.927886000000001,32,32,30,54452,0,0,360,1,0,186,1,3.1344439999999998,0.207786,31,31,1,31,1,11,0,0,358,605,9,0,127,205070837263227,205070845029478,8.1290720000000007,7.816103,8.0000000000000007e-05,0.05122500000000052,205070837263167,205070845079170,0,0,1,0,0
189,3.1666667461395264,7.7413550000000004,0,10.788596999999999,32,32,30,54818,0,0,366,1,0,186,1,3.0185590000000002,0.20857800000000001,31,31,1,31,1,11,0,0,358,605,9,0,127,205070848195351,205070855938299,8.1376190000000008,7.7905360000000003,0.0001,0.049081000000000152,205070848195291,205070855985717,0,0,1,0,0
190,3.1833333969116211,6.5779129999999997,0,9.5589019999999998,32,32,30,55179,0,0,361,1,0,153,1,2.9514450000000001,0.20147399999999999,31,31,1,31,1,11,0,0,358,605,9,0,127,205070858988316,205070865567842,6.9127390000000002,6.627745,8.0000000000000007e-05,0.049752000000000685,205070858988246,205070865615911,0,0,1,0,0
191,3.2000002861022949,7.6901200000000003,0,10.754935,32,32,30,55541,0,0,362,1,0,185,1,3.0364719999999998,0.198098,31,31,1,31,1,11,0,0,358,605,9,0,127,205070868550995,205070876242588,8.0452659999999998,7.7366760000000001,8.0000000000000007e-05,0.046476000000000184,205070868550935,205070876287541,0,0,1,0,0
192,3.2166669368743896,7.754219,0,10.805559000000001,32,32,30,55901,0,0,360,1,0,185,1,3.0173670000000001,0.21451799999999999,31,31,1,31,1,11,0,0,358,605,9,0,127,205070879310538,205070887066530,8.1052769999999992,7.8170960000000003,9.0000000000000006e-05,0.062787000000000148,205070879310468,205070887127464,0,0,1,0,0
193,3.2333335876464844,6.5218780000000001,0,9.5821760000000005,32,32,30,56268,0,0,367,1,0,151,1,3.0247199999999999,0.20463000000000001,31,31,1,31,1,11,0,0,358,605,9,0,127,205070890120225,205070896643697,6.881602,6.5802480000000001,9.1000000000000003e-05,0.058278999999999748,205070890120155,205070896700292,0,0,1,0,0
194,3.2500002384185791,7.7541279999999997,0,10.972308,32,32,30,56625,0,0,357,1,0,185,1,3.1772339999999999,0.20840700000000001,31,31,1,31,1,11,0,0,358,605,9,0,127,205070899706638,205070907462370,8.0858059999999998,7.8118259999999999,0.0001,0.057598000000000482,205070899706568,205070907518263,0,0,1,0,0
195,3.2666668891906738,6.4676080000000002,0,9.8280119999999993,32,32,30,56991,0,0,366,1,0,151,1,3.3256389999999998,0.20458100000000001,31,31,1,31,1,11,0,0,358,605,9,0,127,205070910684086,205070917153588,6.8320270000000001,6.5206660000000003,0.0001,0.052958000000000283,205070910684006,205070917204562,0,0,1,0,0
196,3.2833335399627686,7.7402920000000002,0,11.348818,32,32,30,57352,0,0,361,1,0,185,1,3.5763660000000002,0.20622299999999999,31,31,1,31,1,11,0,0,358,605,9,0,127,205070920515715,205070928257450,8.1222490000000001,7.7903159999999998,8.0000000000000007e-05,0.049943999999999988,205070920515655,205070928305890,0,0,1,0,0
197,3.3000001907348633,6.4821949999999999,0,9.5742700000000003,32,32,30,57717,0,0,365,1,0,149,1,3.062811,0.20653299999999999,31,31,1,31,1,11,0,0,358,605,9,0,127,205070931869312,205070938353170,6.8515709999999999,6.5402930000000001,9.0000000000000006e-05,0.05800800000000006,205070931869242,205070938409445,0,0,1,0,0
198,3.316666841506958,6.396757,0,9.4532159999999994,32,32,30,58075,0,0,358,1,0,147,1,3.0278459999999998,0.20185500000000001,31,31,1,31,1,11,0,0,358,605,9,0,127,205070941447700,205070947846020,6.7583570000000002,6.4431330000000004,9.0000000000000006e-05,0.046286000000000271,205070941447630,205070947890683,0,0,1,0,0
199,3.3333334922790527,7.8020680000000002,0,10.954916000000001,32,32,30,58438,0,0,363,1,0,185,1,3.1212300000000002,0.238894,31,31,1,31,1,11,0,0,358,605,9,0,127,205070950904693,205070958708314,8.1760920000000006,7.8682509999999999,0.0001,0.066082999999999892,205070950904633,205070958772753,0,0,1,0,0
200,3.3500001430511475,7.7884029999999997,0,11.008134999999999,32,32,30,58797,0,0,359,1,0,185,1,3.188615,0.2102,31,31,1,31,1,11,0,0,358,605,9,0,127,205070961863947,205070969653973,8.1357710000000001,7.84117,0.00011,0.052656999999999954,205070961863887,205070969704957,0,0,1,0,0
201,3.3666667938232422,7.7186430000000001,0,10.871281,32,32,30,59159,0,0,362,1,0,185,1,3.1223510000000001,0.20652300000000001,31,31,1,31,1,11,0,0,358,605,9,0,127,205070972877322,205070980597748,8.0814760000000003,7.7728729999999997,0.0001,0.054129999999999789,205070972877252,205070980650005,0,0,1,0,0
202,3.3833334445953369,7.8006349999999998,0,10.805459000000001,32,32,30,59519,0,0,360,1,0,185,1,2.972534,0.20186499999999999,31,31,1,31,1,11,0,0,358,605,9,0,127,205070983752711,205070991554959,8.2455250000000007,7.8482339999999997,7.1000000000000005e-05,0.047527999999999793,205070983752651,205070991600804,0,0,1,0,0
203,3.4000000953674316,6.4606849999999998,0,9.4994519999999998,32,32,30,59881,0,0,362,1,0,148,1,3.010955,0.196324,31,31,1,31,1,11,0,0,358,605,9,0,127,205070994562968,205071001025266,6.8414010000000003,6.5054780000000001,8.0000000000000007e-05,0.044713000000000669,205070994562908,205071001068296,0,0,1,0,0
204,3.4166667461395264,6.4499050000000002,0,9.8842160000000003,32,32,30,60237,0,0,356,1,0,148,1,3.4062790000000001,0.19494300000000001,31,31,1,31,1,11,0,0,358,605,9,0,127,205071004066347,205071010517695,6.8832430000000002,6.4896089999999997,8.0000000000000007e-05,0.039623999999999882,205071004066277,205071010555806,0,0,1,0,0
205,3.4333333969116211,7.9113910000000001,0,11.126936000000001,32,32,30,60600,0,0,363,1,0,186,1,3.1807599999999998,0.19619500000000001,31,31,1,31,1,11,0,0,358,605,9,0,128,205071013954641,205071021867665,8.3379370000000002,7.9508939999999999,9.0000000000000006e-05,0.039412999999999698,205071013954571,205071021905385,0,0,1,0,0
206,3.4500002861022949,6.5821909999999999,0,9.6781640000000007,32,32,30,60956,0,0,356,1,0,154,1,3.0611679999999999,0.204731,31,31,1,31,1,11,0,0,358,605,9,0,128,205071025086376,205071031670200,6.9828060000000001,6.6242390000000002,0.0001,0.04194800000000054,205071025086306,205071031710455,0,0,1,0,0
207,3.4666669368743896,6.4634200000000002,0,9.6716719999999992,32,32,30,61322,0,0,366,1,0,149,1,3.1819630000000001,0.21135300000000001,31,31,1,31,1,11,0,0,358,605,9,0,128,205071034768407,205071041233300,6.8413830000000004,6.5200649999999998,9.0000000000000006e-05,0.056554999999999467,205071034768337,205071041288302,0,0,1,0,0
208,3.4833335876464844,7.7548199999999996,0,10.783498,32,32,30,61682,0,0,360,1,0,185,1,2.9956969999999998,0.20716499999999999,31,31,1,31,1,11,0,0,358,605,9,0,128,205071044443806,205071052200118,8.1106680000000004,7.799804,8.1000000000000004e-05,0.044903000000000581,205071044443746,205071052243459,0,0,1,0,0
209,3.5000002384185791,7.6663249999999996,0,10.762719000000001,32,32,30,62050,0,0,368,1,0,183,1,3.0654170000000001,0.198569,31,31,1,31,1,11,0,0,358,605,9,0,128,205071055232002,205071062899770,8.0383209999999998,7.7164780000000004,9.0000000000000006e-05,0.050063000000000635,205071055231932,205071062948310,0,0,1,0,0
210,3.5166668891906738,7.7689260000000004,0,10.895065000000001,32,32,30,62415,0,0,365,1,0,185,1,3.0912639999999998,0.20508100000000001,31,31,1,31,1,11,0,0,358,605,9,0,128,205071065999300,205071073776241,8.1056980000000003,7.8232569999999999,9.1000000000000003e-05,0.054239999999999178,205071065999230,205071073822396,0,0,1,0,0
211,3.5333335399627686,7.7678339999999997,0,11.171308,32,32,30,62784,0,0,369,1,0,185,1,3.3648530000000001,0.207816,31,31,1,31,1,11,0,0,358,605,9,0,128,205071076916576,205071084686524,8.163532,7.8267329999999999,0.00012,0.058779000000000359,205071076916496,205071084743089,0,0,1,0,0
212,3.5500001907348633,6.6841499999999998,0,9.8089870000000001,32,32,30,63150,0,0,366,1,0,151,1,3.095132,0.212756,31,31,1,31,1,12,0,0,358,605,9,0,129,205071088093374,205071094779438,7.1411160000000002,6.7393029999999996,0.00012999999999999999,0.055022999999999378,205071088093284,205071094832467,0,0,1,0,0
213,3.566666841506958,7.690741,0,10.673833999999999,32,32,30,63525,0,0,375,1,0,183,1,2.9546109999999999,0.197798,31,31,1,31,1,12,0,0,358,605,9,0,129,205071097906228,205071105598532,8.0919240000000006,7.7358450000000003,9.0000000000000006e-05,0.045014000000000109,205071097906158,205071105641923,0,0,1,0,0
214,3.5833334922790527,6.9440030000000004,0,10.036008000000001,32,32,30,63892,0,0,367,1,0,162,1,3.0615489999999999,0.20638400000000001,31,31,1,31,1,12,0,0,358,605,9,0,129,205071108584080,205071115529606,7.3555770000000003,7.0012590000000001,9.0000000000000006e-05,0.057165999999999606,205071108584010,205071115585139,0,0,1,0,0
215,3.6000001430511475,6.3668199999999997,0,9.3825950000000002,32,32,30,64263,0,0,371,1,0,147,1,2.9820609999999999,0.22281400000000001,31,31,1,31,1,12,0,0,358,605,9,0,129,205071118624457,205071124993011,6.7331320000000003,6.4282550000000001,0.000101,0.061334000000000444,205071118624396,205071125052541,0,0,1,0,0
216,3.6166667938232422,7.8043829999999996,0,10.898001000000001,32,32,30,64630,0,0,367,1,0,185,1,3.063453,0.20318700000000001,31,31,1,31,1,12,0,0,358,605,9,0,129,205071128010958,205071135817054,8.1867029999999996,7.8508690000000003,9.0000000000000006e-05,0.046396000000000548,205071128010888,205071135861677,0,0,1,0,0
217,3.6333334445953369,7.850047,0,10.955598,32,32,30,64999,0,0,369,1,0,186,1,3.0720480000000001,0.21201400000000001,31,31,1,31,1,11,0,0,358,605,9,0,128,205071138912546,205071146763985,8.3372019999999996,7.9001900000000003,6.0999999999999999e-05,0.050082000000000626,205071138912505,205071146812625,0,0,1,0,0
218,3.6500000953674316,9.3980929999999994,0,12.458791,32,32,30,65374,0,0,375,1,0,226,1,3.0220349999999998,0.201324,31,31,1,31,1,11,0,0,358,605,9,0,141,205071149873463,205071159273099,9.8897709999999996,9.4506309999999996,9.0000000000000006e-05,0.05244800000000005,205071149873393,205071159323924,0,0,1,0,0
219,3.6666667461395264,8.488353,0,11.620403,32,32,30,65755,0,0,381,1,0,203,1,3.1031059999999999,0.21212400000000001,31,31,1,31,1,11,0,0,358,605,9,0,141,205071162336432,205071170826448,8.8424650000000007,8.5484249999999999,0.000111,0.059960999999999487,205071162336371,205071170884676,0,0,1,0,0
220,3.6833336353302002,9.3076150000000002,0,12.347314000000001,32,32,30,66130,0,0,375,1,0,226,1,3.012378,0.20308699999999999,31,31,1,31,1,11,0,0,358,605,9,0,141,205071173961052,205071183270150,9.6700490000000006,9.3576879999999996,8.0000000000000007e-05,0.049992999999998844,205071173960982,205071183318560,0,0,1,0,0
221,3.7000002861022949,8.9086440000000007,0,11.547879,32,32,30,66509,0,0,379,1,0,216,1,2.6107420000000001,0.196575,31,31,1,31,1,11,0,0,358,605,9,0,141,205071186312414,205071195222540,9.3061919999999994,8.9553910000000005,8.0000000000000007e-05,0.046666999999999348,205071186312343,205071195267644,0,0,1,0,0
222,3.7166669368743896,8.1798599999999997,0,10.814977000000001,32,32,30,66884,0,0,375,1,0,199,1,2.61029,0.20238600000000001,31,31,1,31,1,11,0,0,358,605,9,0,141,205071197864029,205071206045241,8.5094899999999996,8.2179909999999996,9.1000000000000003e-05,0.038040000000000518,205071197863969,205071206081859,0,0,1,0,0
223,3.7333335876464844,8.0703259999999997,0,11.466025999999999,32,32,30,67264,0,0,380,1,0,193,1,3.3629989999999998,0.22073000000000001,31,31,1,31,1,11,0,0,358,605,9,0,141,205071208682752,205071216754441,8.4019139999999997,8.1224229999999995,6.9999999999999994e-05,0.052027000000000712,205071208682692,205071216805025,0,0,1,0,0
224,3.7500002384185791,7.4720950000000004,0,10.557437999999999,32,32,30,67639,0,0,375,1,0,175,1,3.054856,0.22456699999999999,31,31,1,31,1,11,0,0,358,605,9,0,141,205071220152896,205071227626483,7.8635349999999997,7.5320159999999996,9.0000000000000006e-05,0.059830999999999079,205071220152825,205071227684741,0,0,1,0,0
225,3.7666668891906738,8.166525,0,11.367743000000001,32,32,30,68019,0,0,380,1,0,195,1,3.165883,0.20019200000000001,31,31,1,31,1,11,0,0,358,605,9,0,141,205071230714501,205071238882659,8.5287570000000006,8.2092340000000004,9.0000000000000006e-05,0.042619000000000185,205071230714441,205071238923585,0,0,1,0,0
226,3.7833335399627686,7.0293919999999996,0,10.230911000000001,32,32,30,68394,0,0,375,1,0,166,1,3.1693889999999998,0.22566900000000001,31,31,1,31,1,11,0,0,358,605,9,0,141,205071242087114,205071249118349,7.3880059999999999,7.0900249999999998,0.00011,0.060522999999999882,205071242087033,205071249176948,0,0,1,0,0
227,3.8000001907348633,7.467295,0,10.815206999999999,32,32,30,68775,0,0,381,1,0,178,1,3.3144990000000001,0.20340800000000001,31,31,1,31,1,11,0,0,358,605,9,0,141,205071252321711,205071259790369,7.7973080000000001,7.5166370000000002,9.0000000000000006e-05,0.049252000000000073,205071252321651,205071259838188,0,0,1,0,0
228,3.816666841506958,8.0802549999999993,0,11.413258000000001,32,32,30,69154,0,0,379,1,0,188,1,3.3011539999999999,0.206624,31,31,1,31,1,12,0,0,358,605,9,0,142,205071263141206,205071271223194,8.4921629999999997,8.1365390000000009,0.0001,0.056184000000001788,205071263141146,205071271277565,0,0,1,0,0
229,3.8333334922790527,7.9329510000000001,0,12.163522,32,32,30,69535,0,0,381,1,0,190,1,4.2013569999999998,0.20355799999999999,31,31,1,31,1,12,0,0,358,605,9,0,142,205071274558502,205071282492925,8.2687270000000002,7.9766719999999998,8.0000000000000007e-05,0.043641000000000041,205071274558441,205071282535023,0,0,1,0,0
230,3.8500001430511475,7.9224410000000001,0,11.879625000000001,32,32,30,69917,0,0,382,1,0,188,1,3.9180709999999999,0.20238600000000001,31,31,1,31,1,12,0,0,358,605,9,0,142,205071286726141,205071294650105,8.2673459999999999,7.9678360000000001,9.0000000000000006e-05,0.045304999999999929,205071286726081,205071294693817,0,0,1,0,0
231,3.8666667938232422,6.5416949999999998,0,10.277858999999999,32,32,30,70303,0,0,386,1,0,153,1,3.7031909999999999,0.21789500000000001,31,31,1,31,1,12,0,0,358,605,9,0,142,205071298610465,205071305153924,6.8849640000000001,6.5958569999999996,0.000111,0.054050999999999405,205071298610384,205071305206131,0,0,1,0,0
232,3.8833334445953369,6.6488449999999997,0,9.8322900000000004,32,32,30,70680,0,0,377,1,0,153,1,3.154712,0.21060200000000001,31,31,1,31,1,12,0,0,358,605,9,0,142,205071308892761,205071315543379,6.9938330000000004,6.7084950000000001,0.0001,0.059550000000000658,205071308892691,205071315601046,0,0,1,0,0
233,3.9000000953674316,7.8883479999999997,0,11.077755,32,32,30,71058,0,0,378,1,0,188,1,3.160663,0.20455000000000001,31,31,1,31,1,12,0,0,358,605,9,0,142,205071318729299,205071326619330,8.2891340000000007,7.9404649999999997,8.0000000000000007e-05,0.052037000000000333,205071318729239,205071326669624,0,0,1,0,0
234,3.9166669845581055,7.3272259999999996,0,10.464646,32,32,30,71433,0,0,375,1,0,171,1,3.0911140000000001,0.19908000000000001,31,31,1,31,1,11,0,0,358,605,9,0,141,205071329811252,205071337139980,7.7271210000000004,7.3652059999999997,9.0000000000000006e-05,0.037889999999999979,205071329811201,205071337176307,0,0,1,0,0
235,3.9333336353302002,6.6226560000000001,0,9.9366149999999998,32,32,30,71812,0,0,379,1,0,153,1,3.2845040000000001,0.214449,31,31,1,31,1,11,0,0,358,605,9,0,141,205071340282750,205071346907369,7.0160049999999998,6.6839500000000003,8.1000000000000004e-05,0.061213000000000406,205071340282679,205071346966509,0,0,1,0,0
236,3.9500002861022949,7.9424489999999999,0,10.985904,32,32,30,72187,0,0,375,1,0,190,1,3.0095130000000001,0.20142499999999999,31,31,1,31,1,11,0,0,358,605,9,0,141,205071350223361,205071358167413,8.3096910000000008,7.987482,8.0000000000000007e-05,0.044953000000000465,205071350223291,205071358210693,0,0,1,0,0
237,3.9666669368743896,7.4625570000000003,0,10.549362,32,32,30,72566,0,0,379,1,0,177,1,3.0371429999999999,0.19955100000000001,31,31,1,31,1,11,0,0,358,605,9,0,141,205071361213553,205071368677693,7.8365169999999997,7.5071490000000001,0.0001,0.044491999999999976,205071361213483,205071368720532,0,0,1,0,0
238,3.9833335876464844,7.4414569999999998,0,10.492366000000001,32,32,30,72943,0,0,377,1,0,176,1,3.0224570000000002,0.20466000000000001,31,31,1,31,1,11,0,0,358,605,9,0,141,205071371770039,205071379213480,7.8010169999999999,7.4885250000000001,0.00014999999999999999,0.046918000000000681,205071371769959,205071379258344,0,0,1,0,0
239,4,7.9768819999999998,0,11.262207,32,32,30,73324,0,0,381,1,0,190,1,3.2587449999999998,0.205232,31,31,1,31,1,11,0,0,358,605,9,0,141,205071382266333,205071390244668,8.2814569999999996,8.0249120000000005,8.0000000000000007e-05,0.047950000000000159,205071382266263,205071390291095,0,0,1,0,0
240,4.0166668891906738,7.4867509999999999,0,11.145189999999999,32,32,30,73696,0,0,372,1,0,177,1,3.623793,0.20236599999999999,31,31,1,31,1,11,0,0,358,605,9,0,141,205071393532668,205071401020913,7.8490380000000002,7.5348309999999996,9.0000000000000006e-05,0.047989999999999533,205071393532608,205071401067309,0,0,1,0,0
241,4.0333337783813477,7.9485599999999996,0,11.507142,32,32,30,74077,0,0,381,1,0,189,1,3.523307,0.21160300000000001,31,31,1,31,1,11,0,0,358,605,9,0,141,205071404695280,205071412645463,8.3077579999999998,7.9969000000000001,9.0000000000000006e-05,0.048250000000000348,205071404695220,205071412692030,0,0,1,0,0
242,4.0500001907348633,6.6255920000000001,0,9.9462820000000001,32,32,30,74451,0,0,374,1,0,155,1,3.280967,0.206875,31,31,1,31,1,11,0,0,358,605,9,0,141,205071416209215,205071422836841,7.0107350000000004,6.6819160000000002,0.00012,0.056204000000000143,205071416209135,205071422890921,0,0,1,0,0
243,4.0666670799255371,6.5717309999999998,0,9.6230820000000001,32,32,30,74831,0,0,380,1,0,153,1,3.0229870000000001,0.199541,31,31,1,31,1,11,0,0,358,605,9,0,141,205071426160356,205071432733941,6.9140620000000004,6.6206529999999999,9.0000000000000006e-05,0.048831999999999987,205071426160276,205071432780838,0,0,1,0,0
244,4.0833334922790527,7.8024279999999999,0,11.262988999999999,32,32,30,75208,0,0,377,1,0,187,1,3.4138839999999999,0.22481699999999999,31,31,1,31,1,11,0,0,358,605,9,0,141,205071435787415,205071443591316,8.1572469999999999,7.8590039999999997,0.0001,0.056475999999999971,205071435787355,205071443646259,0,0,1,0,0
245,4.1000003814697266,7.8594749999999998,0,11.240697000000001,32,32,30,75591,0,0,383,1,0,188,1,3.3407279999999999,0.21537999999999999,31,31,1,31,1,11,0,0,358,605,9,0,141,205071447054532,205071454915469,8.2354450000000003,7.9362370000000002,8.0000000000000007e-05,0.076682000000000805,205071447054472,205071454990629,0,0,1,0,0
246,4.1166667938232422,7.427772,0,10.535206000000001,32,32,30,75968,0,0,377,1,0,177,1,3.067269,0.210481,31,31,1,31,1,11,0,0,358,605,9,0,141,205071458299918,205071465729513,7.7439020000000003,7.5047750000000004,0.0001,0.07690300000000061,205071458299838,205071465804523,0,0,1,0,0
247,4.133333683013916,7.8931969999999998,0,11.035795999999999,32,32,30,76348,0,0,380,1,0,189,1,3.1005509999999998,0.20960000000000001,31,31,1,31,1,11,0,0,358,605,9,0,141,205071468839152,205071476733892,8.2840980000000002,7.9694880000000001,0.0001,0.076191000000000564,205071468839092,205071476808480,0,0,1,0,0
248,4.1500000953674316,7.9643300000000004,0,11.335944,32,32,30,76722,0,0,374,1,0,189,1,3.330749,0.20501,31,31,1,31,1,11,0,0,358,605,9,0,141,205071479878966,205071487844768,8.3488399999999992,8.0363229999999994,9.0000000000000006e-05,0.07190299999999894,205071479878906,205071487915139,0,0,1,0,0
249,4.1666669845581055,7.6589320000000001,0,10.469073,32,32,30,77102,0,0,380,1,0,182,1,2.7713000000000001,0.20935899999999999,31,31,1,31,1,11,0,0,358,605,9,0,141,205071491219619,205071498880254,7.9665160000000004,7.7518940000000001,0.0001,0.092862000000000222,205071491219549,205071498971303,0,0,1,0,0
250,4.1833333969116211,7.3821370000000002,0,10.792384,32,32,30,77477,0,0,375,1,0,174,1,3.3602340000000002,0.21055199999999999,31,31,1,31,1,11,0,0,358,605,9,0,141,205071501692259,205071509075979,7.7097090000000001,7.4679469999999997,8.0000000000000007e-05,0.085729999999999862,205071501692199,205071509160026,0,0,1,0,0
251,4.2000002861022949,6.6727790000000002,0,10.040196,32,32,30,77858,0,0,381,1,0,152,1,3.3192780000000002,0.209288,31,31,1,31,1,12,0,0,358,605,9,0,142,205071512489803,205071519164125,7.0860630000000002,6.7597810000000003,9.0000000000000006e-05,0.086911999999999878,205071512489733,205071519249394,0,0,1,0,0
252,4.2166666984558105,7.9902470000000001,0,11.424849999999999,32,32,30,78239,0,0,381,1,0,186,1,3.3890280000000002,0.212565,31,31,1,31,1,14,0,0,358,605,9,0,144,205071522535470,205071530527300,8.3805019999999999,8.0744740000000004,9.1000000000000003e-05,0.084136000000000877,205071522535400,205071530609743,0,0,1,0,0
253,4.2333335876464844,6.501341,0,9.3264800000000001,32,32,30,78623,0,0,384,1,0,148,1,2.7869989999999998,0.206233,31,31,1,31,1,14,0,0,358,605,9,0,144,205071533964597,205071540467501,6.9039720000000004,6.5789650000000002,0.0001,0.07752400000000037,205071533964537,205071540543402,0,0,1,0,0
254,4.25,6.3218480000000001,0,9.5921640000000004,32,32,30,79002,0,0,379,1,0,146,1,3.2252429999999999,0.209149,31,31,1,31,1,14,0,0,358,605,9,0,144,205071543294504,205071549617724,6.6514239999999996,6.4026870000000002,9.0000000000000006e-05,0.08074899999999996,205071543294444,205071549697031,0,0,1,0,0
255,4.2666668891906738,8.1824539999999999,0,13.476851999999999,32,32,30,79386,0,0,384,1,0,196,1,5.2635909999999999,2.2898149999999999,31,31,1,31,1,14,0,0,358,605,9,0,144,205071552890876,205071561074863,8.5889450000000007,8.2664100000000005,8.0000000000000007e-05,0.083876000000000062,205071552890806,205071561157126,0,0,1,0,0
256,4.2833337783813477,8.2911070000000002,0,11.44102,32,32,30,79767,0,0,381,1,0,199,1,3.1170019999999998,0.20910899999999999,31,31,1,31,1,14,0,0,358,605,9,0,144,205071566371686,205071574664365,8.6563700000000008,8.3366520000000008,9.1000000000000003e-05,0.045454000000001216,205071566371616,205071574708187,0,0,1,0,0
257,4.3000001907348633,7.4113509999999998,0,10.813062,32,32,30,80152,0,0,385,1,0,174,1,3.368449,0.199461,31,31,1,31,1,14,0,0,358,605,9,0,144,205071577817915,205071585230819,7.8207190000000004,7.4558140000000002,6.9999999999999994e-05,0.044393000000000349,205071577817855,205071585273589,0,0,1,0,0
258,4.3166670799255371,7.9292439999999997,0,10.981346,32,32,30,80531,0,0,379,1,0,187,1,3.0197609999999999,0.20242599999999999,31,31,1,31,1,14,0,0,358,605,9,0,144,205071588636338,205071596567495,8.3455530000000007,7.9751300000000001,0.000121,0.045765000000000278,205071588636257,205071596611267,0,0,1,0,0
259,4.3333334922790527,8.0958539999999992,0,11.231901000000001,32,32,30,80923,0,0,392,1,0,195,1,3.1067230000000001,0.20517199999999999,31,31,1,31,1,14,0,0,358,605,9,0,144,205071599622111,205071607719548,8.4678210000000007,8.1493730000000006,8.0000000000000007e-05,0.053439000000000902,205071599622041,205071607771284,0,0,1,0,0
260,4.3500003814697266,8.3015760000000007,0,11.760664,32,32,30,81304,0,0,381,1,0,199,1,3.421408,0.221471,31,31,1,31,1,14,0,0,358,605,9,0,144,205071610859893,205071619163072,8.647888,8.3571390000000001,9.0000000000000006e-05,0.055472999999999217,205071610859833,205071619216872,0,0,1,0,0
261,4.3666667938232422,8.0989389999999997,0,11.103973,32,32,30,81696,0,0,392,1,0,193,1,2.976871,0.20111399999999999,31,31,1,31,1,14,0,0,358,605,9,0,144,205071622625827,205071630726710,8.4682929999999992,8.1447450000000003,0.00012,0.045685999999999893,205071622625746,205071630770371,0,0,1,0,0
262,4.383333683013916,6.657521,0,9.6742570000000008,32,32,30,82084,0,0,388,1,0,151,1,2.9862389999999999,0.21310599999999999,31,31,1,31,1,15,0,0,358,605,9,0,145,205071633733787,205071640392831,7.0180680000000004,6.7173720000000001,8.0000000000000007e-05,0.059771000000000463,205071633733727,205071640450989,0,0,1,0,0
263,4.4000000953674316,8.2422160000000009,0,11.496052000000001,32,32,30,82476,0,0,392,1,0,199,1,3.219312,0.20366799999999999,31,31,1,31,1,15,0,0,358,605,9,0,145,205071643413624,205071651657493,8.6393970000000007,8.2926490000000008,8.0000000000000007e-05,0.050352999999999426,205071643413564,205071651706113,0,0,1,0,0
264,4.4166669845581055,7.5556799999999997,0,10.970686000000001,32,32,30,82861,0,0,385,1,0,180,1,3.3857409999999999,0.21072199999999999,31,31,1,31,1,15,0,0,358,605,9,0,145,205071654927539,205071662484882,7.9669629999999998,7.6057230000000002,9.0000000000000006e-05,0.049953000000000358,205071654927469,205071662533102,0,0,1,0,0
265,4.4333333969116211,6.4703140000000001,0,9.9110569999999996,32,32,30,83251,0,0,390,1,0,152,1,3.410447,0.197106,31,31,1,31,1,15,0,0,358,605,9,0,145,205071665902423,205071672374299,6.7904099999999996,6.5115499999999997,8.1000000000000004e-05,0.041154999999999831,205071665902352,205071672413832,0,0,1,0,0
266,4.4500002861022949,7.8209730000000004,0,11.327719,32,32,30,83636,0,0,385,1,0,187,1,3.4741360000000001,0.20710400000000001,31,31,1,31,1,15,0,0,358,605,9,0,145,205071675817837,205071683640503,8.1787130000000001,7.8714170000000001,9.0000000000000006e-05,0.050353999999999566,205071675817767,205071683689074,0,0,1,0,0
267,4.4666666984558105,7.7236320000000003,0,10.722174000000001,32,32,30,84026,0,0,390,1,0,185,1,2.9725039999999998,0.19871,31,31,1,31,1,15,0,0,358,605,9,0,145,205071687150536,205071694875961,8.0880270000000003,7.7678849999999997,9.1000000000000003e-05,0.044161999999999146,205071687150455,205071694918250,0,0,1,0,0
268,4.4833335876464844,7.9228620000000003,0,11.095608,32,32,30,84411,0,0,385,1,0,188,1,3.1389520000000002,0.212585,31,31,1,31,1,15,0,0,358,605,9,0,145,205071697876727,205071705801142,8.2560280000000006,7.9815110000000002,8.0000000000000007e-05,0.058569000000000315,205071697876667,205071705858078,0,0,1,0,0
269,4.5,6.6576810000000002,0,9.743385,32,32,30,84801,0,0,390,1,0,154,1,3.0548570000000002,0.20477000000000001,31,31,1,31,1,15,0,0,358,605,9,0,145,205071708976783,205071715636007,7.0033130000000003,6.7083050000000002,8.0000000000000007e-05,0.050544000000000366,205071708976713,205071715684918,0,0,1,0,0
270,4.5166668891906738,7.3774879999999996,0,10.324585000000001,32,32,30,85185,0,0,384,1,0,176,1,2.9213589999999998,0.20149400000000001,31,31,1,31,1,15,0,0,358,605,9,0,145,205071718723995,205071726102907,7.7175609999999999,7.419797,9.0000000000000006e-05,0.042219000000000229,205071718723925,205071726143642,0,0,1,0,0
271,4.5333337783813477,7.8131079999999997,0,10.78988,32,32,30,85574,0,0,389,1,0,186,1,2.9495309999999999,0.19867899999999999,31,31,1,31,1,15,0,0,358,605,9,0,145,205071729052477,205071736867018,8.2117050000000003,7.8599550000000002,8.0000000000000007e-05,0.046767000000000891,205071729052417,205071736912292,0,0,1,0,0
272,4.5500001907348633,7.8536539999999997,0,10.842508,32,32,30,85952,0,0,378,1,0,185,1,2.9627560000000002,0.198459,31,31,1,31,1,15,0,0,358,605,9,0,145,205071739846425,205071747701571,8.2899390000000004,7.8953920000000002,8.1000000000000004e-05,0.041657000000000721,205071739846364,205071747741665,0,0,1,0,0
273,4.5666670799255371,7.7822509999999996,0,10.810558,32,32,30,86334,0,0,382,1,0,184,1,3.00299,0.20361799999999999,31,31,1,31,1,15,0,0,358,605,9,0,143,205071750692769,205071758476543,8.1921520000000001,7.8233370000000004,8.0000000000000007e-05,0.041006000000001208,205071750692709,205071758515946,0,0,1,0,0
274,4.5833334922790527,7.8518299999999996,0,10.895716999999999,32,32,30,86721,0,0,387,1,0,183,1,3.018189,0.198098,31,31,1,31,1,15,0,0,358,605,9,0,145,205071761507375,205071769360738,8.2737809999999996,7.8946300000000003,9.1000000000000003e-05,0.04270900000000033,205071761507305,205071769401854,0,0,1,0,0
275,4.6000003814697266,7.7564529999999996,0,10.876239999999999,32,32,30,87110,0,0,389,1,0,186,1,3.093909,0.195303,31,31,1,31,1,15,0,0,358,605,9,0,145,205071772407038,205071780164894,8.1173400000000004,7.8005750000000003,9.0000000000000006e-05,0.044032000000000515,205071772406978,205071780207453,0,0,1,0,0
276,4.6166667938232422,6.3639150000000004,0,9.6925410000000003,32,32,30,87491,0,0,381,1,0,148,1,3.2944520000000002,0.20246600000000001,31,31,1,31,1,15,0,0,358,605,9,0,145,205071783287577,205071789653205,6.6931570000000002,6.4186670000000001,9.1000000000000003e-05,0.054660999999999405,205071783287506,205071789706053,0,0,1,0,0
277,4.633333683013916,7.6460480000000004,0,10.627528,32,32,30,87879,0,0,388,1,0,183,1,2.955101,0.20635300000000001,31,31,1,31,1,15,0,0,358,605,9,0,145,205071792984074,205071800631785,8.0061440000000008,7.701892,0.0001,0.055743999999999794,205071792984014,205071800685796,0,0,1,0,0
278,4.6500000953674316,7.80877,0,10.95674,32,32,30,88261,0,0,382,1,0,185,1,3.112393,0.21216399999999999,31,31,1,31,1,15,0,0,358,605,9,0,145,205071803615800,205071811426173,8.1981319999999993,7.8699539999999999,8.0000000000000007e-05,0.061104000000000269,205071803615740,205071811485594,0,0,1,0,0
279,4.6666669845581055,7.6421409999999996,0,10.774932,32,32,30,88646,0,0,385,1,0,182,1,3.103307,0.19947100000000001,31,31,1,31,1,15,0,0,358,605,9,0,145,205071814577108,205071822220852,8.0120529999999999,7.6929350000000003,8.0000000000000007e-05,0.050714000000001036,205071814577038,205071822269893,0,0,1,0,0
280,4.6833333969116211,7.7052379999999996,0,10.823492,32,32,30,89030,0,0,384,1,0,183,1,3.088549,0.21108199999999999,31,31,1,31,1,15,0,0,358,605,9,0,145,205071825356268,205071833063139,8.0648619999999998,7.766051,8.0000000000000007e-05,0.060733000000000814,205071825356198,205071833122119,0,0,1,0,0
281,4.7000002861022949,7.7179219999999997,0,10.648778,32,32,30,89421,0,0,391,1,0,185,1,2.9051290000000001,0.204129,31,31,1,31,1,15,0,0,358,605,9,0,145,205071836183748,205071843903112,8.0578079999999996,7.7646889999999997,6.0999999999999999e-05,0.046706000000000358,205071836183698,205071843948306,0,0,1,0,0
282,4.7166666984558105,7.7602000000000002,0,10.855472000000001,32,32,30,89805,0,0,384,1,0,185,1,3.068762,0.19945099999999999,31,31,1,31,1,15,0,0,358,605,9,0,145,205071846836472,205071854598165,8.1801309999999994,7.799283,9.0000000000000006e-05,0.038992999999999611,205071846836412,205071854635595,0,0,1,0,0
283,4.7333335876464844,7.8786699999999996,0,11.016912,32,32,30,90195,0,0,390,1,0,185,1,3.1130849999999999,0.20382800000000001,31,31,1,31,1,15,0,0,358,605,9,0,145,205071857695931,205071865576074,8.2599330000000002,7.9178230000000003,9.0000000000000006e-05,0.039063000000000514,205071857695861,205071865613594,0,0,1,0,0
284,4.7500004768371582,7.3724499999999997,0,10.548641,32,32,30,90586,0,0,391,1,0,174,1,3.1512959999999999,0.20520099999999999,31,31,1,31,1,15,0,0,358,605,9,0,145,205071868717291,205071876091424,7.7332999999999998,7.4111310000000001,0.0001,0.038581000000000643,205071868717231,205071876128252,0,0,1,0,0
285,4.7666668891906738,7.9121620000000004,0,11.022993,32,32,30,90979,0,0,393,1,0,188,1,3.0773489999999999,0.20689399999999999,31,31,1,31,1,15,0,0,358,605,9,0,145,205071879270281,205071887184096,8.2705179999999991,7.9699499999999999,0.000111,0.05767699999999909,205071879270210,205071887240050,0,0,1,0,0
286,4.7833337783813477,7.7650690000000004,0,11.04274,32,32,30,91369,0,0,390,1,0,186,1,3.249568,0.20869799999999999,31,31,1,31,1,15,0,0,358,605,9,0,145,205071890297631,205071898064273,8.1249629999999993,7.8167450000000001,8.0000000000000007e-05,0.051595999999999975,205071890297561,205071898114206,0,0,1,0,0
287,4.8000001907348633,6.5536479999999999,0,9.8690990000000003,32,32,30,91760,0,0,391,1,0,152,1,3.2852540000000001,0.197046,31,31,1,31,1,15,0,0,358,605,9,0,145,205071901344398,205071907899529,6.8994580000000001,6.5931119999999996,8.0000000000000007e-05,0.039384000000000086,205071901344338,205071907937370,0,0,1,0,0
288,4.8166670799255371,7.8464299999999998,0,10.879555999999999,32,32,30,92143,0,0,383,1,0,186,1,3.0062859999999998,0.200632,31,31,1,31,1,15,0,0,358,605,9,0,145,205071911217264,205071919065137,8.1985360000000007,7.884811,6.9999999999999994e-05,0.038311000000000206,205071911217194,205071919101945,0,0,1,0,0
289,4.8333334922790527,7.8460000000000001,0,10.947402,32,32,30,92528,0,0,385,1,0,186,1,3.0491250000000001,0.20513200000000001,31,31,1,31,1,15,0,0,358,605,9,0,145,205071922100838,205071929948340,8.3291920000000008,7.8890789999999997,8.0000000000000007e-05,0.042999000000000009,205071922100778,205071929989757,0,0,1,0,0
290,4.8500003814697266,7.7685649999999997,0,10.792113000000001,32,32,30,92906,0,0,378,1,0,187,1,2.9967280000000001,0.20086300000000001,31,31,1,31,1,14,0,0,358,605,9,0,144,205071933053931,205071940824209,8.1149690000000003,7.8079280000000004,8.0000000000000007e-05,0.039283000000001067,205071933053871,205071940861689,0,0,1,0,0
291,4.8666667938232422,7.6999380000000004,0,10.721152,32,32,30,93293,0,0,387,1,0,185,1,2.9909379999999999,0.204791,31,31,1,31,1,14,0,0,358,605,9,0,144,205071943863788,205071951565539,8.0415259999999993,7.7564229999999998,0.0001,0.056384999999999685,205071943863717,205071951619990,0,0,1,0,0
292,4.883333683013916,7.7765009999999997,0,10.957431,32,32,30,93674,0,0,381,1,0,185,1,3.141518,0.20376900000000001,31,31,1,31,1,14,0,0,358,605,9,0,144,205071954590600,205071962369024,8.1419110000000003,7.8257110000000001,0.0001,0.049110000000000653,205071954590530,205071962416121,0,0,1,0,0
293,4.9000000953674316,7.7346830000000004,0,10.686477,32,32,30,94061,0,0,387,1,0,185,1,2.9091260000000001,0.22042,31,31,1,31,1,14,0,0,358,605,9,0,144,205071965553591,205071973290398,8.1037009999999992,7.7887529999999998,0.00012999999999999999,0.053939999999998989,205071965553511,205071973342144,0,0,1,0,0
294,4.9166669845581055,7.7109579999999998,0,10.752901,32,32,30,94444,0,0,383,1,0,184,1,3.0160049999999998,0.20394899999999999,31,31,1,31,1,14,0,0,358,605,9,0,144,205071976244747,205071983957399,8.0548490000000008,7.7489889999999999,0.0001,0.037931000000000381,205071976244677,205071983993566,0,0,1,0,0
295,4.9333333969116211,7.7340109999999997,0,10.780120999999999,32,32,30,94831,0,0,387,1,0,186,1,3.01912,0.21521000000000001,31,31,1,31,1,14,0,0,358,605,9,0,144,205071987008208,205071994743762,8.0897860000000001,7.7910269999999997,8.0000000000000007e-05,0.05693600000000032,205071987008148,205071994799075,0,0,1,0,0
296,4.9500002861022949,6.7063819999999996,0,9.7916650000000001,32,32,30,95215,0,0,384,1,0,152,1,3.0609980000000001,0.20009099999999999,31,31,1,31,1,15,0,0,358,605,9,0,145,205071997792598,205072004500532,7.1403129999999999,6.747528,9.0000000000000006e-05,0.041056000000000203,205071997792537,205072004539975,0,0,1,0,0
297,4.9666666984558105,7.6852309999999999,0,10.674415,32,32,30,95602,0,0,387,1,0,185,1,2.9636870000000002,0.19839899999999999,31,31,1,31,1,15,0,0,358,605,9,0,145,205072007587769,205072015274442,8.0280419999999992,7.7293620000000001,8.0000000000000007e-05,0.044051000000000506,205072007587709,205072015316981,0,0,1,0,0
298,4.9833335876464844,7.8067970000000004,0,10.922606999999999,32,32,30,95987,0,0,385,1,0,185,1,3.0879180000000002,0.20494000000000001,31,31,1,31,1,15,0,0,358,605,9,0,145,205072018266241,205072026074601,8.1295780000000004,7.8586330000000002,8.0000000000000007e-05,0.051756000000000135,205072018266181,205072026124724,0,0,1,0,0
299,5.0000004768371582,6.4991669999999999,0,9.6670529999999992,32,32,30,96377,0,0,390,1,0,151,1,3.1349450000000001,0.20347799999999999,31,31,1,31,1,15,0,0,358,605,9,0,145,205072029192885,205072035693535,6.8733380000000004,6.5513440000000003,8.0000000000000007e-05,0.052097000000000726,205072029192815,205072035744099,0,0,1,0,0
300,5.0166668891906738,7.8402890000000003,0,10.503667,32,32,30,96759,0,0,382,1,0,186,1,2.634566,0.19781799999999999,31,31,1,31,1,15,0,0,358,605,9,0,145,205072038864497,205072046706469,8.2017620000000004,7.8836890000000004,0.0001,0.043300000000000338,205072038864427,205072046747986,0,0,1,0,0
301,5.0333337783813477,6.5040560000000003,0,9.5920339999999999,32,32,30,97146,0,0,387,1,0,151,1,3.0591740000000001,0.21057200000000001,31,31,1,31,1,15,0,0,358,605,9,0,145,205072049382642,205072055888060,6.8538110000000003,6.5581769999999997,6.0000000000000002e-05,0.054060999999999026,205072049382591,205072055940668,0,0,1,0,0
302,5.0500001907348633,6.4343560000000002,0,9.5487640000000003,32,32,30,97531,0,0,385,1,0,151,1,3.0889690000000001,0.20486099999999999,31,31,1,31,1,15,0,0,358,605,9,0,145,205072058980105,205072065416285,6.8148460000000002,6.4753530000000001,0.0001,0.040897000000000183,205072058980035,205072065455268,0,0,1,0,0
303,5.0666670799255371,7.6903600000000001,0,11.017291999999999,32,32,30,97921,0,0,390,1,0,185,1,3.2962150000000001,0.198098,31,31,1,31,1,15,0,0,358,605,9,0,145,205072068533227,205072076225230,8.0500150000000001,7.733981,9.0000000000000006e-05,0.043530999999999764,205072068533167,205072076267028,0,0,1,0,0
304,5.0833334922790527,6.4557359999999999,0,9.5712050000000009,32,32,30,98309,0,0,388,1,0,151,1,3.0807739999999999,0.203237,31,31,1,31,1,15,0,0,358,605,9,0,145,205072079554336,205072086011555,6.8331140000000001,6.5010000000000003,9.0000000000000006e-05,0.045174000000000269,205072079554276,205072086055196,0,0,1,0,0
305,5.1000003814697266,7.7213269999999996,0,11.046616999999999,32,32,30,98704,0,0,395,1,0,185,1,3.2877900000000002,0.213557,31,31,1,31,1,15,0,0,358,605,9,0,145,205072089130992,205072096854133,8.0494900000000005,7.7860180000000003,9.1000000000000003e-05,0.064600000000000435,205072089130911,205072096916789,0,0,1,0,0
306,5.1166667938232422,7.6843589999999997,0,10.753652000000001,32,32,30,99093,0,0,389,1,0,185,1,3.043085,0.20457,31,31,1,31,1,15,0,0,358,605,9,0,145,205072100181976,205072107867968,8.0496809999999996,7.7293830000000003,0.00011,0.044914000000000343,205072100181916,205072107911189,0,0,1,0,0
307,5.133333683013916,6.6172760000000004,0,9.8374299999999995,32,32,30,99486,0,0,393,1,0,154,1,3.1854789999999999,0.21102199999999999,31,31,1,31,1,15,0,0,358,605,9,0,145,205072110939666,205072117558585,6.9558010000000001,6.6730499999999999,8.0000000000000007e-05,0.05569399999999991,205072110939606,205072117612496,0,0,1,0,0
308,5.1500000953674316,7.7610510000000001,0,10.96181,32,32,30,99875,0,0,389,1,0,186,1,3.1684169999999998,0.20113400000000001,31,31,1,31,1,15,0,0,358,605,9,0,145,205072120781224,205072128543838,8.1049399999999991,7.80823,0.000111,0.047067999999999444,205072120781164,205072128589283,0,0,1,0,0
309,5.1666669845581055,7.7513639999999997,0,10.916936,32,32,30,100270,0,0,395,1,0,185,1,3.1385019999999999,0.20106399999999999,31,31,1,31,1,15,0,0,358,605,9,0,145,205072131747231,205072139500137,8.1412630000000004,7.802289,9.1000000000000003e-05,0.050834000000000046,205072131747160,205072139549348,0,0,1,0,0
310,5.1833333969116211,7.6487629999999998,0,10.890306000000001,32,32,30,100657,0,0,387,1,0,184,1,3.2122890000000002,0.21027000000000001,31,31,1,31,1,15,0,0,358,605,9,0,145,205072142668835,205072150319462,8.0327369999999991,7.7082829999999998,9.0000000000000006e-05,0.059429999999999872,205072142668765,205072150376908,0,0,1,0,0
311,5.2000002861022949,7.6588019999999997,0,11.034193999999999,32,32,30,101050,0,0,393,1,0,182,1,3.3405179999999999,0.20296700000000001,31,31,1,31,1,15,0,0,358,605,9,0,145,205072153563319,205072161223724,8.0297149999999995,7.7137739999999999,0.0001,0.054872000000000476,205072153563249,205072161276923,0,0,1,0,0
312,5.2166671752929688,7.731427,0,11.191746,32,32,30,101440,0,0,390,1,0,185,1,3.4304450000000002,0.20333699999999999,31,31,1,31,1,15,0,0,358,605,9,0,145,205072164601771,205072172334901,8.0556380000000001,7.7757490000000002,0.0001,0.044222000000000428,205072164601701,205072172377350,0,0,1,0,0
313,5.2333335876464844,7.7619730000000002,0,11.040054,32,32,30,101833,0,0,393,1,0,185,1,3.250521,0.198989,31,31,1,31,1,15,0,0,358,605,9,0,145,205072175797575,205072183561051,8.1117290000000004,7.8057340000000002,8.0000000000000007e-05,0.043681000000000303,205072175797515,205072183603159,0,0,1,0,0
314,5.2500004768371582,7.744491,0,11.066122999999999,32,32,30,102225,0,0,392,1,0,185,1,3.29339,0.20033200000000001,31,31,1,31,1,15,0,0,358,605,9,0,145,205072186841878,205072194587891,8.0965039999999995,7.7885429999999998,0.000101,0.043950999999999851,205072186841807,205072194630250,0,0,1,0,0
315,5.2666668891906738,7.7268679999999996,0,11.420521000000001,32,32,30,102619,0,0,394,1,0,184,1,3.6640290000000002,0.19777800000000001,31,31,1,31,1,15,0,0,358,605,9,0,145,205072197912038,205072205640399,8.0738120000000002,7.7686460000000004,9.0000000000000006e-05,0.041688000000000613,205072197911968,205072205680523,0,0,1,0,0
316,5.2833337783813477,7.7984910000000003,0,11.350531999999999,32,32,30,103009,0,0,390,1,0,187,1,3.5273539999999999,0.199521,31,31,1,31,1,15,0,0,358,605,9,0,145,205072209337118,205072217137222,8.0984829999999999,7.8422419999999997,8.0000000000000007e-05,0.043670999999999793,205072209337048,205072217179220,0,0,1,0,0
317,5.3000001907348633,7.7368360000000003,0,10.694813,32,32,30,103400,0,0,391,1,0,186,1,2.9323389999999998,0.207866,31,31,1,31,1,15,0,0,358,605,9,0,145,205072220703549,205072228441849,8.1523120000000002,7.788392,8.0000000000000007e-05,0.051476000000000077,205072220703499,205072228491781,0,0,1,0,0
318,5.3166670799255371,7.6174549999999996,0,10.645531999999999,32,32,30,103788,0,0,388,1,0,183,1,2.9829430000000001,0.20589199999999999,31,31,1,31,1,15,0,0,358,605,9,0,145,205072231402240,205072239021057,7.9482189999999999,7.6635809999999998,6.9999999999999994e-05,0.046056000000000097,205072231402179,205072239065680,0,0,1,0,0
319,5.3333334922790527,6.4267320000000003,0,9.7876580000000004,32,32,30,104176,0,0,388,1,0,149,1,3.3277139999999998,0.19847899999999999,31,31,1,31,1,15,0,0,358,605,9,0,145,205072242053913,205072248482488,6.7536750000000003,6.4706640000000002,0.00011,0.043821999999999584,205072242053822,205072248524396,0,0,1,0,0
320,5.3500003814697266,7.8882079999999997,0,10.835595,32,32,30,104561,0,0,385,1,0,187,1,2.9208080000000001,0.21029999999999999,31,31,1,31,1,15,0,0,358,605,9,0,145,205072251845457,205072259735118,8.2454169999999998,7.9317789999999997,9.0000000000000006e-05,0.043480999999999881,205072251845397,205072259777066,0,0,1,0,0
321,5.3666667938232422,6.4265420000000004,0,9.4775709999999993,32,32,30,104953,0,0,392,1,0,150,1,3.0254819999999998,0.196905,31,31,1,31,1,15,0,0,358,605,9,0,145,205072262685039,205072269113104,6.7637739999999997,6.471876,9.0000000000000006e-05,0.045243999999999396,205072262684979,205072269156765,0,0,1,0,0
322,5.383333683013916,7.7822610000000001,0,11.042680000000001,32,32,30,105339,0,0,386,1,0,186,1,3.2225480000000002,0.20214599999999999,31,31,1,31,1,15,0,0,358,605,9,0,145,205072272166337,205072279950091,8.1382899999999996,7.8284070000000003,8.0000000000000007e-05,0.046066000000000606,205072272166277,205072279994604,0,0,1,0,0
323,5.4000000953674316,7.832033,0,10.884074999999999,32,32,30,105733,0,0,394,1,0,187,1,3.0194510000000001,0.19747700000000001,31,31,1,31,1,15,0,0,358,605,9,0,145,205072283214096,205072291047953,8.1934369999999994,7.876817,0.00012,0.044664000000000037,205072283214016,205072291090703,0,0,1,0,0
324,5.4166669845581055,7.7473869999999998,0,10.909482000000001,32,32,30,106120,0,0,387,1,0,185,1,3.1250770000000001,0.20480000000000001,31,31,1,31,1,15,0,0,358,605,9,0,145,205072294102279,205072301851168,8.1109960000000001,7.7985620000000004,9.1000000000000003e-05,0.051084000000000351,205072294102219,205072301900690,0,0,1,0,0
325,5.4333333969116211,7.772513,0,11.259682,32,32,30,106511,0,0,391,1,0,185,1,3.4556309999999999,0.213616,31,31,1,31,1,15,0,0,358,605,9,0,145,205072305016169,205072312790315,8.1130139999999997,7.8307710000000004,8.0000000000000007e-05,0.058178000000000729,205072305016109,205072312846740,0,0,1,0,0
326,5.4500002861022949,7.7394109999999996,0,11.112199,32,32,30,106899,0,0,388,1,0,184,1,3.3391139999999999,0.20358899999999999,31,31,1,31,1,15,0,0,358,605,9,0,145,205072316282093,205072324023318,8.1465589999999999,7.7857269999999996,0.0001,0.046216000000000257,205072316282023,205072324067610,0,0,1,0,0
327,5.4666671752929688,7.6310599999999997,0,10.741680000000001,32,32,30,107291,0,0,392,1,0,183,1,3.0817459999999999,0.20055300000000001,31,31,1,31,1,15,0,0,358,605,9,0,145,205072327398880,205072335031854,8.0067570000000003,7.6756729999999997,9.0000000000000006e-05,0.044522999999999868,205072327398820,205072335074403,0,0,1,0,0
328,5.4833335876464844,7.878209,0,10.957411,32,32,30,107678,0,0,387,1,0,186,1,3.0524719999999999,0.207736,31,31,1,31,1,15,0,0,358,605,9,0,145,205072338144638,205072346024491,8.2549700000000001,7.9327909999999999,8.0000000000000007e-05,0.054502000000000272,205072338144568,205072346077249,0,0,1,0,0
329,5.5000004768371582,7.2098370000000003,0,10.338281,32,32,30,108072,0,0,394,1,0,171,1,3.0995089999999998,0.201374,31,31,1,31,1,15,0,0,358,605,9,0,145,205072349106277,205072356317717,7.559113,7.2579060000000002,0.0001,0.04796900000000015,205072349106217,205072356364023,0,0,1,0,0
330,5.5166668891906738,7.7812590000000004,0,10.800910999999999,32,32,30,108461,0,0,389,1,0,185,1,2.9874610000000001,0.198409,31,31,1,31,1,15,0,0,358,605,9,0,145,205072359448776,205072367231568,8.1550600000000006,7.8240790000000002,0.000101,0.042718999999999951,205072359448715,205072367272704,0,0,1,0,0
331,5.5333337783813477,7.8460200000000002,0,10.904082000000001,32,32,30,108853,0,0,392,1,0,188,1,3.0311319999999999,0.20586299999999999,31,31,1,31,1,15,0,0,358,605,9,0,145,205072370255436,205072378103059,8.2314120000000006,7.90517,9.0000000000000006e-05,0.059059999999999668,205072370255366,205072378160436,0,0,1,0,0
332,5.5500001907348633,6.4158220000000004,0,9.4544979999999992,32,32,30,109241,0,0,388,1,0,149,1,3.012127,0.20283699999999999,31,31,1,31,1,15,0,0,358,605,9,0,145,205072381163556,205072387580891,6.7513639999999997,6.4655240000000003,0.0001,0.049602000000000146,205072381163496,205072387628910,0,0,1,0,0
333,5.5666670799255371,7.7958170000000004,0,10.796733,32,32,30,109633,0,0,392,1,0,186,1,2.9742869999999999,0.199631,31,31,1,31,1,15,0,0,358,605,9,0,145,205072390621962,205072398419321,8.1342459999999992,7.8471419999999998,9.1000000000000003e-05,0.051233999999999114,205072390621901,205072398468953,0,0,1,0,0
334,5.5833334922790527,7.7733650000000001,0,11.117058,32,32,30,110020,0,0,387,1,0,185,1,3.3090280000000001,0.23136000000000001,31,31,1,31,1,15,0,0,358,605,9,0,145,205072401422762,205072409197669,8.0707679999999993,7.8308819999999999,8.1000000000000004e-05,0.057436000000000043,205072401422691,205072409253473,0,0,1,0,0
335,5.6000003814697266,7.2876010000000004,0,10.414763000000001,32,32,30,110415,0,0,395,1,0,172,1,3.0969440000000001,0.21426799999999999,31,31,1,31,1,15,0,0,358,605,9,0,145,205072412544228,205072419833543,7.6282230000000002,7.3400400000000001,0.0001,0.052338999999999913,205072412544167,205072419884087,0,0,1,0,0
336,5.6166667938232422,7.772983,0,11.447421,32,32,30,110799,0,0,384,1,0,185,1,3.6412659999999999,0.21252499999999999,31,31,1,31,1,15,0,0,358,605,9,0,145,205072422963108,205072430737624,8.1394470000000005,7.8239380000000001,8.0000000000000007e-05,0.050875000000000448,205072422963028,205072430786786,0,0,1,0,0
337,5.633333683013916,7.7567139999999997,0,10.697538,32,32,30,111195,0,0,396,1,0,185,1,2.9084349999999999,0.20042299999999999,31,31,1,31,1,15,0,0,358,605,9,0,145,205072434417533,205072442176350,8.1164229999999993,7.8046129999999998,0.00012999999999999999,0.047768999999999728,205072434417452,205072442221905,0,0,1,0,0
338,5.6500000953674316,7.7428480000000004,0,10.842498000000001,32,32,30,111584,0,0,389,1,0,183,1,3.0656370000000002,0.204009,31,31,1,31,1,15,0,0,358,605,9,0,145,205072445118697,205072452862948,8.1006879999999999,7.7898649999999998,8.0000000000000007e-05,0.046936999999999784,205072445118637,205072452908422,0,0,1,0,0
339,5.6666669845581055,7.7646280000000001,0,10.866141000000001,32,32,30,111979,0,0,395,1,0,183,1,3.0745930000000001,0.20321800000000001,31,31,1,31,1,15,0,0,358,605,9,0,145,205072455966695,205072463732846,8.1416500000000003,7.8116250000000003,8.0000000000000007e-05,0.046917000000000542,205072455966625,205072463778170,0,0,1,0,0
340,5.6833333969116211,7.7657499999999997,0,10.958633000000001,32,32,30,112369,0,0,390,1,0,185,1,3.1601819999999998,0.20646400000000001,31,31,1,31,1,15,0,0,358,605,9,0,145,205072466836994,205072474604298,8.0901669999999992,7.8184880000000003,8.0000000000000007e-05,0.052658000000000982,205072466836924,205072474655302,0,0,1,0,0
341,5.7000002861022949,7.6913729999999996,0,10.724919,32,32,30,112765,0,0,396,1,0,184,1,2.9966590000000002,0.19891900000000001,31,31,1,31,1,15,0,0,358,605,9,0,145,205072477800567,205072485493432,8.0482119999999995,7.7393010000000002,0.0001,0.04782800000000087,205072477800497,205072485539678,0,0,1,0,0
342,5.7166671752929688,7.8803830000000001,0,10.928205999999999,32,32,30,113153,0,0,388,1,0,187,1,3.0136699999999998,0.197798,31,31,1,31,1,15,0,0,358,605,9,0,145,205072488529784,205072496411760,8.2576370000000008,7.9318590000000002,9.0000000000000006e-05,0.051385999999999932,205072488529724,205072496461463,0,0,1,0,0
343,5.7333335876464844,6.5187929999999996,0,9.5329739999999994,32,32,30,113547,0,0,394,1,0,150,1,2.9757289999999998,0.20743600000000001,31,31,1,31,1,15,0,0,358,605,9,0,145,205072499462389,205072505982795,6.9088950000000002,6.5746969999999996,0.0001,0.055804000000000187,205072499462329,205072506036906,0,0,1,0,0
344,5.7500004768371582,6.5635269999999997,0,9.5573689999999996,32,32,30,113936,0,0,389,1,0,152,1,2.9551609999999999,0.20449999999999999,31,31,1,31,1,15,0,0,358,605,9,0,145,205072509009900,205072515587112,6.9792550000000002,6.6269539999999996,0.00012999999999999999,0.063296999999999493,205072509009820,205072515636624,0,0,1,0,0
345,5.7666668891906738,7.828557,0,10.977589,32,32,30,114329,0,0,393,1,0,186,1,3.120368,0.206764,31,31,1,31,1,15,0,0,358,605,9,0,145,205072518570986,205072526401106,8.2312960000000004,7.8847820000000004,8.0000000000000007e-05,0.056145000000000778,205072518570916,205072526455557,0,0,1,0,0
346,5.7833337783813477,7.7117199999999997,0,10.930120000000001,32,32,30,114719,0,0,390,1,0,184,1,3.1810010000000002,0.20196600000000001,31,31,1,31,1,15,0,0,358,605,9,0,145,205072529554366,205072537267959,8.0856490000000001,7.7617419999999999,0.0001,0.049922000000000466,205072529554296,205072537315898,0,0,1,0,0
347,5.8000001907348633,6.3851950000000004,0,9.2111859999999997,32,32,30,115113,0,0,394,1,0,148,1,2.7989310000000001,0.2205,31,31,1,31,1,15,0,0,358,605,9,0,145,205072540489405,205072546876394,6.693765,6.438955,0.00011,0.053649999999999309,205072540489335,205072546928160,0,0,1,0,0
348,5.8166670799255371,7.7082829999999998,0,10.695373999999999,32,32,30,115501,0,0,388,1,0,185,1,2.9621140000000001,0.20202600000000001,31,31,1,31,1,15,0,0,358,605,9,0,145,205072549704128,205072557413834,8.0581060000000004,7.7546590000000002,8.0000000000000007e-05,0.046296000000000781,205072549704078,205072557458637,0,0,1,0,0
349,5.8333334922790527,6.4031580000000003,0,9.6876610000000003,32,32,30,115895,0,0,394,1,0,147,1,3.2558199999999999,0.21004,31,31,1,31,1,15,0,0,358,605,9,0,145,205072560403570,205072566808331,6.7634020000000001,6.4655639999999996,9.0000000000000006e-05,0.06231599999999915,205072560403510,205072566868954,0,0,1,0,0
350,5.8500003814697266,7.7213979999999998,0,10.745898,32,32,30,116285,0,0,390,1,0,183,1,2.9923700000000002,0.20478099999999999,31,31,1,31,1,15,0,0,358,605,9,0,145,205072570095159,205072577818150,8.1042710000000007,7.7711309999999996,9.1000000000000003e-05,0.04964199999999952,205072570095088,205072577866149,0,0,1,0,0
351,5.8666667938232422,7.7439590000000003,0,10.812051,32,32,30,116679,0,0,394,1,0,185,1,3.0348290000000002,0.202546,31,31,1,31,1,15,0,0,358,605,9,0,145,205072580845515,205072588591078,8.0950900000000008,7.7964770000000003,9.0000000000000006e-05,0.052427999999999919,205072580845445,205072588641792,0,0,1,0,0
352,5.883333683013916,7.1461990000000002,0,10.409883000000001,32,32,30,117067,0,0,388,1,0,169,1,3.2295310000000002,0.20940900000000001,31,31,1,31,1,15,0,0,358,605,9,0,145,205072591661964,205072598809696,7.4891529999999999,7.1933470000000002,9.0000000000000006e-05,0.047057999999999822,205072591661914,205072598855140,0,0,1,0,0
353,5.9000000953674316,7.8194999999999997,0,10.903751,32,32,30,117461,0,0,394,1,0,186,1,3.0553080000000001,0.205152,31,31,1,31,1,15,0,0,358,605,9,0,145,205072602075875,205072609897008,8.2054690000000008,7.8713569999999997,9.0000000000000006e-05,0.051766999999999896,205072602075815,205072609947051,0,0,1,0,0
354,5.9166669845581055,7.7405340000000002,0,10.83853,32,32,30,117849,0,0,388,1,0,185,1,3.0655160000000001,0.19866900000000001,31,31,1,31,1,15,0,0,358,605,9,0,145,205072612984616,205072620726662,8.1043529999999997,7.7887829999999996,9.0000000000000006e-05,0.048158999999999175,205072612984556,205072620773229,0,0,1,0,0
355,5.9333338737487793,7.3052450000000002,0,10.569820999999999,32,32,30,118241,0,0,392,1,0,174,1,3.2361529999999998,0.196184,31,31,1,31,1,15,0,0,358,605,9,0,145,205072623827684,205072631134422,7.6716839999999999,7.3543260000000004,9.0000000000000006e-05,0.048991000000000007,205072623827614,205072631181810,0,0,1,0,0
356,5.9500002861022949,7.6671069999999997,0,10.801752,32,32,30,118631,0,0,390,1,0,184,1,3.109178,0.20208599999999999,31,31,1,31,1,15,0,0,358,605,9,0,145,205072634401733,205072642070343,8.0098249999999993,7.7104369999999998,9.0000000000000006e-05,0.043239999999999945,205072634401673,205072642112020,0,0,1,0,0
357,5.9666671752929688,7.7901059999999998,0,10.730238999999999,32,32,30,119024,0,0,393,1,0,186,1,2.9120810000000001,0.19947100000000001,31,31,1,31,1,15,0,0,358,605,9,0,145,205072645208123,205072652999842,8.1321279999999998,7.8403989999999997,8.0000000000000007e-05,0.050213000000000285,205072645208063,205072653048372,0,0,1,0,0
358,5.9833335876464844,7.3079890000000001,0,10.388674,32,32,30,119411,0,0,387,1,0,173,1,3.0439159999999998,0.19842899999999999,31,31,1,31,1,15,0,0,358,605,9,0,145,205072655942420,205072663251943,7.6791700000000001,7.3518309999999998,9.0000000000000006e-05,0.043751999999999569,205072655942360,205072663294111,0,0,1,0,0
359,6.0000004768371582,7.7118700000000002,0,10.74682,32,32,30,119806,0,0,395,1,0,185,1,3.0082100000000001,0.200042,31,31,1,31,1,15,0,0,358,605,9,0,145,205072666335372,205072674048875,8.0705629999999999,7.7626850000000003,0.0001,0.050715000000000288,205072666335302,205072674097876,0,0,1,0,0
360,6.0166668891906738,6.6427940000000003,0,9.7065459999999995,32,32,30,120193,0,0,387,1,0,154,1,3.0369429999999999,0.19893,31,31,1,31,1,15,0,0,358,605,9,0,145,205072677086430,205072683730736,7.0258580000000004,6.6927260000000004,8.0000000000000007e-05,0.049852000000000452,205072677086370,205072683779016,0,0,1,0,0
361,6.0333337783813477,7.8268139999999997,0,10.83869,32,32,30,120586,0,0,393,1,0,187,1,2.9855779999999998,0.20088300000000001,31,31,1,31,1,15,0,0,358,605,9,0,145,205072686805690,205072694634077,8.1577160000000006,7.8767969999999998,9.0000000000000006e-05,0.049892999999999965,205072686805630,205072694682347,0,0,1,0,0
362,6.0500001907348633,7.8041210000000003,0,10.836155,32,32,30,120972,0,0,386,1,0,186,1,3.0024600000000001,0.202046,31,31,1,31,1,15,0,0,358,605,9,0,145,205072697648358,205072705454042,8.1628910000000001,7.8546950000000004,8.0000000000000007e-05,0.050494000000000483,205072697648298,205072705502893,0,0,1,0,0
363,6.0666670799255371,6.5448019999999998,0,9.7126280000000005,32,32,30,121367,0,0,395,1,0,153,1,3.12662,0.20019200000000001,31,31,1,31,1,15,0,0,358,605,9,0,145,205072708488671,205072715035146,6.9025840000000001,6.5955560000000002,0.0001,0.050654000000000643,205072708488611,205072715084057,0,0,1,0,0
364,6.0833334922790527,7.6713449999999996,0,10.748824000000001,32,32,30,121754,0,0,387,1,0,183,1,3.0493070000000002,0.20679400000000001,31,31,1,31,1,15,0,0,358,605,9,0,145,205072718206309,205072725879487,8.0241450000000007,7.7190440000000002,9.1000000000000003e-05,0.047608000000000317,205072718206229,205072725925192,0,0,1,0,0
365,6.1000003814697266,6.4358890000000004,0,9.6006099999999996,32,32,30,122146,0,0,392,1,0,150,1,3.1352859999999998,0.205842,31,31,1,31,1,15,0,0,358,605,9,0,145,205072728959080,205072735396381,6.8060450000000001,6.4916429999999998,8.0000000000000007e-05,0.055673999999999779,205072728959019,205072735450572,0,0,1,0,0
366,6.1166667938232422,6.4545940000000002,0,9.4187519999999996,32,32,30,122533,0,0,387,1,0,151,1,2.9354740000000001,0.20066300000000001,31,31,1,31,1,15,0,0,358,605,9,0,145,205072738563426,205072745019633,6.7909119999999996,6.5008400000000002,8.0000000000000007e-05,0.046166000000000373,205072738563356,205072745064106,0,0,1,0,0
367,6.133333683013916,7.7373180000000001,0,10.803425000000001,32,32,30,122926,0,0,393,1,0,185,1,3.0299399999999999,0.20307800000000001,31,31,1,31,1,15,0,0,358,605,9,0,145,205072747986035,205072755724936,8.0684380000000004,7.7936519999999998,8.0000000000000007e-05,0.056254000000000026,205072747985965,205072755779487,0,0,1,0,0
368,6.1500000953674316,7.7293830000000003,0,10.743804000000001,32,32,30,123316,0,0,390,1,0,185,1,2.984766,0.213586,31,31,1,31,1,15,0,0,358,605,9,0,145,205072758793688,205072766524674,8.1449090000000002,7.7907270000000004,0.0001,0.061244000000000298,205072758793628,205072766584255,0,0,1,0,0
369,6.1666669845581055,7.923864,0,10.613692,32,32,30,123710,0,0,394,1,0,188,1,2.6630180000000001,0.19830900000000001,31,31,1,31,1,15,0,0,358,605,9,0,145,205072769541760,205072777467117,8.3140839999999994,7.9732859999999999,9.0000000000000006e-05,0.049331999999999709,205072769541690,205072777514896,0,0,1,0,0
370,6.1833338737487793,7.7401330000000002,0,10.780252000000001,32,32,30,124100,0,0,390,1,0,186,1,3.0129380000000001,0.20268700000000001,31,31,1,31,1,15,0,0,358,605,9,0,145,205072780173065,205072787914841,8.0737319999999997,7.7914979999999998,0.00012,0.051244999999999763,205072780172995,205072787964383,0,0,1,0,0
371,6.2000002861022949,6.5486490000000002,0,9.7423929999999999,32,32,30,124495,0,0,395,1,0,151,1,3.1606230000000002,0.20304700000000001,31,31,1,31,1,15,0,0,358,605,9,0,145,205072790957665,205072797507867,6.9115250000000001,6.5966880000000003,8.0000000000000007e-05,0.047959000000000529,205072790957595,205072797554203,0,0,1,0,0
372,6.2166671752929688,6.4120549999999996,0,9.4074209999999994,32,32,30,124881,0,0,386,1,0,149,1,2.9569049999999999,0.20294699999999999,31,31,1,31,1,15,0,0,358,605,9,0,145,205072800704056,205072807117724,6.7717700000000001,6.4560060000000004,9.0000000000000006e-05,0.043861000000000594,205072800703986,205072807159902,0,0,1,0,0
373,6.2333335876464844,7.7528769999999998,0,10.861382000000001,32,32,30,125276,0,0,395,1,0,186,1,3.0736210000000002,0.20347799999999999,31,31,1,31,1,15,0,0,358,605,9,0,145,205072810116386,205072817871056,8.0939940000000004,7.8031499999999996,6.9999999999999994e-05,0.050202999999999776,205072810116316,205072817919395,0,0,1,0,0
374,6.2500004768371582,7.8947200000000004,0,10.92445,32,32,30,125666,0,0,390,1,0,187,1,3.0002149999999999,0.20463999999999999,31,31,1,31,1,15,0,0,358,605,9,0,145,205072820983910,205072828880383,8.2900419999999997,7.9479490000000004,0.00011,0.053118999999999694,205072820983840,205072828931659,0,0,1,0,0
375,6.2666668891906738,6.4840989999999996,0,9.5560170000000006,32,32,30,126061,0,0,395,1,0,150,1,3.0440860000000001,0.199851,31,31,1,31,1,15,0,0,358,605,9,0,145,205072831912377,205072838398009,6.8492319999999998,6.534122,9.0000000000000006e-05,0.049933000000000227,205072831912317,205072838446349,0,0,1,0,0
376,6.2833337783813477,7.7760100000000003,0,10.775022,32,32,30,126450,0,0,389,1,0,185,1,2.9670230000000002,0.201484,31,31,1,31,1,15,0,0,358,605,9,0,145,205072841472251,205072849249804,8.1517499999999998,7.8294090000000001,8.0000000000000007e-05,0.053319000000000116,205072841472181,205072849301510,0,0,1,0,0
377,6.3000001907348633,6.3645060000000004,0,9.3291950000000003,32,32,30,126841,0,0,391,1,0,148,1,2.937389,0.20463100000000001,31,31,1,31,1,15,0,0,358,605,9,0,145,205072852251341,205072858617320,6.7106199999999996,6.4111729999999998,8.0000000000000007e-05,0.046586999999999712,205072852251271,205072858662374,0,0,1,0,0
378,6.3166670799255371,7.7658909999999999,0,10.830606,32,32,30,127228,0,0,387,1,0,184,1,3.032054,0.19595399999999999,31,31,1,31,1,15,0,0,358,605,9,0,145,205072861584203,205072869351517,8.1596689999999992,7.8085500000000003,8.0000000000000007e-05,0.042579000000000811,205072861584143,205072869392603,0,0,1,0,0
379,6.3333334922790527,7.7937320000000003,0,10.513586,32,32,30,127622,0,0,394,1,0,185,1,2.6891069999999999,0.200072,31,31,1,31,1,15,0,0,358,605,9,0,145,205072872419067,205072880214452,8.1689150000000001,7.8434739999999996,9.0000000000000006e-05,0.049651999999999141,205072872418997,205072880262381,0,0,1,0,0
380,6.3500003814697266,6.5564429999999998,0,9.5679189999999998,32,32,30,128009,0,0,387,1,0,152,1,2.9854769999999999,0.20156499999999999,31,31,1,31,1,15,0,0,358,605,9,0,145,205072882936420,205072889494246,6.9008060000000002,6.5952950000000001,6.9999999999999994e-05,0.038782000000000316,205072882936360,205072889531585,0,0,1,0,0
381,6.3666667938232422,7.749841,0,10.720000000000001,32,32,30,128402,0,0,393,1,0,185,1,2.9447220000000001,0.206454,31,31,1,31,1,15,0,0,358,605,9,0,145,205072892508126,205072900259460,8.0938759999999998,7.8027290000000002,8.0000000000000007e-05,0.052808000000000632,205072892508066,205072900310705,0,0,1,0,0
382,6.383333683013916,6.509957,0,9.5221940000000007,32,32,30,128791,0,0,389,1,0,151,1,2.9864999999999999,0.19878999999999999,31,31,1,31,1,15,0,0,358,605,9,0,145,205072903231943,205072909743293,6.9170189999999998,6.5489990000000002,8.0000000000000007e-05,0.038962000000000607,205072903231883,205072909780802,0,0,1,0,0
383,6.4000005722045898,6.5337610000000002,0,9.5970639999999996,32,32,30,129182,0,0,391,1,0,151,1,3.025512,0.19861899999999999,31,31,1,31,1,15,0,0,358,605,9,0,145,205072912758025,205072919293248,6.8938230000000003,6.5757500000000002,8.1000000000000004e-05,0.041908000000000278,205072912757965,205072919333633,0,0,1,0,0
384,6.4166669845581055,7.7683249999999999,0,10.525588000000001,32,32,30,129573,0,0,391,1,0,185,1,2.7317459999999998,0.206043,31,31,1,31,1,15,0,0,358,605,9,0,145,205072922361570,205072930132430,8.1686779999999999,7.8227760000000002,0.00012,0.054331000000000351,205072922361480,205072930184116,0,0,1,0,0
385,6.4333338737487793,7.7521149999999999,0,10.772468,32,32,30,129965,0,0,392,1,0,186,1,2.995546,0.19916,31,31,1,31,1,15,0,0,358,605,9,0,145,205072932890785,205072940644293,8.1116329999999994,7.796748,9.0000000000000006e-05,0.044542999999999999,205072932890725,205072940687383,0,0,1,0,0
386,6.4500002861022949,6.607558,0,9.8625070000000008,32,32,30,130352,0,0,387,1,0,153,1,3.219001,0.20799599999999999,31,31,1,31,1,15,0,0,358,605,9,0,145,205072943667280,205072950276271,6.9481869999999999,6.6599560000000002,6.9999999999999994e-05,0.052328000000000152,205072943667220,205072950327076,0,0,1,0,0
387,6.4666671752929688,7.7600490000000004,0,11.252829999999999,32,32,30,130745,0,0,393,1,0,185,1,3.4571239999999999,0.19936100000000001,31,31,1,31,1,15,0,0,358,605,9,0,145,205072953533804,205072961295297,8.0762119999999999,7.8060450000000001,8.0000000000000007e-05,0.045916000000000068,205072953533744,205072961339699,0,0,1,0,0
388,6.4833335876464844,7.844557,0,11.000080000000001,32,32,30,131132,0,0,387,1,0,186,1,3.1277520000000001,0.207456,31,31,1,31,1,15,0,0,358,605,9,0,145,205072964790672,205072972636681,8.2686930000000007,7.8907619999999996,9.0000000000000006e-05,0.046114999999999462,205072964790612,205072972681284,0,0,1,0,0
389,6.5000004768371582,7.815944,0,10.876261,32,32,30,131525,0,0,393,1,0,185,1,3.0332569999999999,0.19850899999999999,31,31,1,31,1,15,0,0,358,605,9,0,145,205072975794890,205072983612226,8.1504890000000003,7.8659169999999996,0.000101,0.049871999999999694,205072975794820,205072983660646,0,0,1,0,0
390,6.5166668891906738,7.8347389999999999,0,10.821659,32,32,30,131911,0,0,386,1,0,185,1,2.960661,0.20376900000000001,31,31,1,31,1,15,0,0,358,605,9,0,145,205072986675187,205072994511439,8.2315400000000007,7.8888090000000002,9.0000000000000006e-05,0.053980000000000139,205072986675127,205072994563856,0,0,1,0,0
391,6.5333337783813477,7.8370030000000002,0,10.926653999999999,32,32,30,132306,0,0,395,1,0,187,1,3.0629019999999998,0.20826700000000001,31,31,1,31,1,15,0,0,358,605,9,0,145,205072997501104,205073005339610,8.2238640000000007,7.8916539999999999,8.0000000000000007e-05,0.054571000000000147,205072997501034,205073005392598,0,0,1,0,0
392,6.5500001907348633,6.5635969999999997,0,9.8009330000000006,32,32,30,132694,0,0,388,1,0,152,1,3.2035119999999999,0.21542,31,31,1,31,1,15,0,0,358,605,9,0,145,205073008431816,205073014996935,6.9530839999999996,6.6306620000000001,0.000101,0.066964000000000468,205073008431756,205073015062246,0,0,1,0,0
393,6.5666670799255371,6.5607110000000004,0,9.8063920000000007,32,32,30,133088,0,0,394,1,0,152,1,3.211077,0.202316,31,31,1,31,1,15,0,0,358,605,9,0,145,205073018238488,205073024800773,6.9913759999999998,6.605855,9.0000000000000006e-05,0.045053999999999483,205073018238418,205073024844153,0,0,1,0,0
394,6.5833334922790527,6.4788690000000004,0,9.4433179999999997,32,32,30,133477,0,0,389,1,0,150,1,2.9377789999999999,0.20144500000000001,31,31,1,31,1,15,0,0,358,605,9,0,145,205073028049139,205073034529671,6.8958360000000001,6.5244140000000002,0.000101,0.045443999999999818,205073028049078,205073034573382,0,0,1,0,0
395,6.6000003814697266,7.6989359999999998,0,10.826347999999999,32,32,30,133868,0,0,391,1,0,184,1,3.1001609999999999,0.20261599999999999,31,31,1,31,1,15,0,0,358,605,9,0,145,205073037496373,205073045196812,8.1300729999999994,7.7468149999999998,9.0000000000000006e-05,0.047788999999999859,205073037496313,205073045243028,0,0,1,0,0
396,6.6166667938232422,6.5738260000000004,0,9.6025729999999996,32,32,30,134258,0,0,390,1,0,154,1,3.001347,0.200242,31,31,1,31,1,15,0,0,358,605,9,0,145,205073048339903,205073054915512,6.9435750000000001,6.6133189999999997,8.0000000000000007e-05,0.039412999999999698,205073048339833,205073054953092,0,0,1,0,0
397,6.633333683013916,7.3155340000000004,0,10.236791999999999,32,32,30,134654,0,0,396,1,0,174,1,2.8957410000000001,0.206313,31,31,1,31,1,15,0,0,358,605,9,0,145,205073057946504,205073065263490,7.644787,7.3565399999999999,9.0000000000000006e-05,0.040915999999999286,205073057946434,205073065302894,0,0,1,0,0
398,6.6500005722045898,7.7912980000000003,0,10.880117,32,32,30,135043,0,0,389,1,0,185,1,3.0604070000000001,0.20506099999999999,31,31,1,31,1,15,0,0,358,605,9,0,145,205073068187193,205073075980054,8.1894539999999996,7.8491249999999999,9.0000000000000006e-05,0.057736999999999483,205073068187123,205073076036158,0,0,1,0,0
399,6.6666669845581055,6.5028040000000003,0,9.6208779999999994,32,32,30,135434,0,0,391,1,0,152,1,3.091415,0.20352799999999999,31,31,1,31,1,15,0,0,358,605,9,0,145,205073079071488,205073085575875,6.8400309999999998,6.5557319999999999,0.0001,0.052827999999999875,205073079071428,205073085627060,0,0,1,0,0
400,6.6833338737487793,6.5117900000000004,0,9.5444949999999995,32,32,30,135825,0,0,391,1,0,152,1,3.0067469999999998,0.20257600000000001,31,31,1,31,1,15,0,0,358,605,9,0,145,205073088696253,205073095209566,6.86808,6.5622540000000003,8.0000000000000007e-05,0.050384000000000206,205073088696183,205073095258347,0,0,1,0,0
401,6.7000002861022949,7.7754690000000002,0,11.060693000000001,32,32,30,136221,0,0,396,1,0,186,1,3.2460719999999998,0.20957000000000001,31,31,1,31,1,15,0,0,358,605,9,0,145,205073098244626,205073106021537,8.1965880000000002,7.8331850000000003,8.0000000000000007e-05,0.057636000000000465,205073098244566,205073106077621,0,0,1,0,0
402,6.7166671752929688,7.7706400000000002,0,10.959946,32,32,30,136611,0,0,390,1,0,186,1,3.1586989999999999,0.221051,31,31,1,31,1,15,0,0,358,605,9,0,145,205073109309807,205073117082190,8.148244,7.8242390000000004,0.00011,0.053488999999999898,205073109309737,205073117133866,0,0,1,0,0
403,6.7333335876464844,6.402768,0,9.4966469999999994,32,32,30,137006,0,0,395,1,0,149,1,3.0670190000000002,0.19986100000000001,31,31,1,31,1,15,0,0,358,605,9,0,145,205073120273901,205073126678141,6.78695,6.4506769999999998,7.1000000000000005e-05,0.047837999999999603,205073120273830,205073126724417,0,0,1,0,0
404,6.7500004768371582,7.8047329999999997,0,10.920913000000001,32,32,30,137397,0,0,391,1,0,186,1,3.089521,0.210892,31,31,1,31,1,15,0,0,358,605,9,0,145,205073129774084,205073137580209,8.1740440000000003,7.8631609999999998,8.0000000000000007e-05,0.058348000000000511,205073129774024,205073137637085,0,0,1,0,0
405,6.7666668891906738,6.4865729999999999,0,9.4699069999999992,32,32,30,137793,0,0,396,1,0,150,1,2.9559829999999998,0.206043,31,31,1,31,1,15,0,0,358,605,9,0,145,205073140699315,205073147187472,6.8481420000000002,6.5388000000000002,9.0000000000000006e-05,0.0521370000000001,205073140699245,205073147237935,0,0,1,0,0
406,6.7833337783813477,7.7616319999999996,0,11.266405000000001,32,32,30,138182,0,0,389,1,0,186,1,3.4710299999999998,0.21138299999999999,31,31,1,31,1,15,0,0,358,605,9,0,145,205073150173320,205073157936506,8.1115729999999999,7.8173659999999998,8.0000000000000007e-05,0.055654000000000536,205073150173260,205073157990506,0,0,1,0,0
407,6.8000001907348633,7.8380850000000004,0,10.757398999999999,32,32,30,138576,0,0,394,1,0,186,1,2.8940769999999998,0.20527200000000001,31,31,1,31,1,15,0,0,358,605,9,0,145,205073161443883,205073169283621,8.2485619999999997,7.891985,0.00011,0.053789999999999338,205073161443823,205073169335688,0,0,1,0,0
408,6.8166670799255371,7.6944980000000003,0,10.870971000000001,32,32,30,138961,0,0,385,1,0,183,1,3.1424089999999998,0.19894000000000001,31,31,1,31,1,15,0,0,358,605,9,0,145,205073172205009,205073179900850,8.0562769999999997,7.7377589999999996,8.0000000000000007e-05,0.043180999999999692,205073172204949,205073179942628,0,0,1,0,0
409,6.8333334922790527,7.8113159999999997,0,11.046678,32,32,30,139354,0,0,393,1,0,185,1,3.1993049999999998,0.20180500000000001,31,31,1,31,1,15,0,0,358,605,9,0,145,205073183080148,205073190893026,8.2145799999999998,7.860487,0.000101,0.049070000000000391,205073183080078,205073190940424,0,0,1,0,0
410,6.8500003814697266,6.4277540000000002,0,9.4301530000000007,32,32,30,139741,0,0,387,1,0,148,1,2.9734850000000002,0.23294300000000001,31,31,1,31,1,15,0,0,358,605,9,0,145,205073194131193,205073200560690,6.8473920000000001,6.4858120000000001,0.0001,0.057958000000000176,205073194131133,205073200616845,0,0,1,0,0
411,6.8666667938232422,7.6584110000000001,0,10.970115,32,32,30,140130,0,0,389,1,0,182,1,3.2842929999999999,0.20214599999999999,31,31,1,31,1,15,0,0,358,605,9,0,145,205073203565324,205073211225337,8.0768210000000007,7.70099,0.0001,0.042479000000000156,205073203565253,205073211266143,0,0,1,0,0
412,6.883333683013916,7.7626549999999996,0,11.035086,32,32,30,140518,0,0,388,1,0,185,1,3.2461319999999998,0.205793,31,31,1,31,1,15,0,0,358,605,9,0,145,205073214539285,205073222303323,8.1222510000000003,7.8108839999999997,6.9999999999999994e-05,0.048159000000000063,205073214539215,205073222350039,0,0,1,0,0
413,6.9000005722045898,6.5016420000000004,0,9.5718569999999996,32,32,30,140910,0,0,392,1,0,152,1,3.042824,0.19745699999999999,31,31,1,31,1,15,0,0,358,605,9,0,145,205073225578919,205073232082184,6.8660119999999996,6.5344530000000001,9.0000000000000006e-05,0.032720999999999556,205073225578839,205073232113211,0,0,1,0,0
414,6.9166669845581055,6.3871479999999998,0,9.3762329999999992,32,32,30,141302,0,0,392,1,0,149,1,2.9567950000000001,0.20699400000000001,31,31,1,31,1,15,0,0,358,605,9,0,145,205073235154683,205073241543224,6.7470739999999996,6.4353379999999998,9.0000000000000006e-05,0.04809999999999981,205073235154623,205073241589871,0,0,1,0,0
415,6.9333338737487793,7.7456529999999999,0,10.803625,32,32,30,141695,0,0,393,1,0,186,1,3.0301010000000002,0.19606499999999999,31,31,1,31,1,15,0,0,358,605,9,0,145,205073244536326,205073252283422,8.0913599999999999,7.7933820000000003,8.0000000000000007e-05,0.047649000000000719,205073244536256,205073252329568,0,0,1,0,0
416,6.9500002861022949,7.7240029999999997,0,11.255174,32,32,30,142084,0,0,389,1,0,184,1,3.4957560000000001,0.214027,31,31,1,31,1,15,0,0,358,605,9,0,145,205073255344079,205073263069655,8.04284,7.7889840000000001,8.0000000000000007e-05,0.064901000000000764,205073255344019,205073263132882,0,0,1,0,0
417,6.9666671752929688,7.8311219999999997,0,10.433517,32,32,30,142478,0,0,394,1,0,187,1,2.5773190000000001,0.195183,31,31,1,31,1,15,0,0,358,605,9,0,145,205073266603712,205073274436567,8.1955069999999992,7.8790610000000001,0.0001,0.047839000000000631,205073266603652,205073274482613,0,0,1,0,0
418,6.9833335876464844,7.732729,0,10.359209999999999,32,32,30,142869,0,0,391,1,0,185,1,2.6024159999999998,0.20639399999999999,31,31,1,31,1,15,0,0,358,605,9,0,145,205073277040896,205073284775038,8.0684699999999996,7.7806280000000001,9.0000000000000006e-05,0.04780899999999999,205073277040836,205073284821374,0,0,1,0,0
419,7.0000004768371582,6.5612719999999998,0,9.2762180000000001,32,32,30,143263,0,0,394,1,0,154,1,2.6905899999999998,0.19967199999999999,31,31,1,31,1,15,0,0,358,605,9,0,145,205073287403633,205073293966237,6.9103320000000004,6.6099230000000002,8.1000000000000004e-05,0.048570000000000668,205073287403583,205073294013425,0,0,1,0,0
420,7.0166668891906738,7.6857319999999998,0,10.813103,32,32,30,143651,0,0,388,1,0,184,1,3.0994890000000002,0.19850899999999999,31,31,1,31,1,15,0,0,358,605,9,0,145,205073296683246,205073304370310,7.9819190000000004,7.729463,9.0000000000000006e-05,0.043641000000000041,205073296683186,205073304412559,0,0,1,0,0
421,7.0333337783813477,6.4369909999999999,0,9.5769359999999999,32,32,30,144046,0,0,395,1,0,149,1,3.1126339999999999,0.202156,31,31,1,31,1,15,0,0,358,605,9,0,145,205073307509664,205073313948168,6.7583380000000002,6.4844090000000003,8.0000000000000007e-05,0.047338000000000768,205073307509594,205073313993923,0,0,1,0,0
422,7.0500001907348633,6.4622279999999996,0,9.5287360000000003,32,32,30,144435,0,0,389,1,0,149,1,3.038767,0.20088300000000001,31,31,1,31,1,15,0,0,358,605,9,0,145,205073317105505,205073323569577,6.8128679999999999,6.5108379999999997,9.0000000000000006e-05,0.048519999999999897,205073317105425,205073323616173,0,0,1,0,0
423,7.0666670799255371,7.867108,0,10.656181,32,32,30,144830,0,0,395,1,0,187,1,2.7583350000000002,0.203458,31,31,1,31,1,15,0,0,358,605,9,0,145,205073326637808,205073334506430,8.2370730000000005,7.9229820000000002,8.0000000000000007e-05,0.055794000000000565,205073326637748,205073334560640,0,0,1,0,0
424,7.0833334922790527,7.6821760000000001,0,10.687860000000001,32,32,30,145220,0,0,390,1,0,185,1,2.9800680000000002,0.202075,31,31,1,31,1,15,0,0,358,605,9,0,145,205073337299119,205073344982667,7.995965,7.7323880000000003,6.0000000000000002e-05,0.050151999999999752,205073337299059,205073345031387,0,0,1,0,0
425,7.1000003814697266,6.3932700000000002,0,9.8697099999999995,32,32,30,145616,0,0,396,1,0,148,1,3.4295330000000002,0.23568800000000001,31,31,1,31,1,15,0,0,358,605,9,0,145,205073347991067,205073354385900,6.7641220000000004,6.4512869999999998,9.0000000000000006e-05,0.057926999999999396,205073347991007,205073354442194,0,0,1,0,0
426,7.1166672706604004,7.8056650000000003,0,11.063318000000001,32,32,30,146004,0,0,388,1,0,185,1,3.2147039999999998,0.20725499999999999,31,31,1,31,1,15,0,0,358,605,9,0,145,205073357864404,205073365671451,8.1758000000000006,7.882307,7.1000000000000005e-05,0.076570999999999501,205073357864344,205073365746590,0,0,1,0,0
427,7.133333683013916,6.4981650000000002,0,10.011854,32,32,30,146398,0,0,394,1,0,148,1,3.4662809999999999,0.22309399999999999,31,31,1,31,1,15,0,0,358,605,9,0,145,205073368931889,205073375431517,6.8578340000000004,6.6052340000000003,9.0000000000000006e-05,0.10697899999999994,205073368931829,205073375536923,0,0,1,0,0
428,7.1500005722045898,6.4754630000000004,0,9.9362139999999997,32,32,30,146786,0,0,388,1,0,149,1,3.4173200000000001,0.22228300000000001,31,31,1,31,1,15,0,0,358,605,9,0,145,205073378948472,205073385425458,6.8005509999999996,6.5689060000000001,8.0000000000000007e-05,0.093363000000000085,205073378948412,205073385517168,0,0,1,0,0
429,7.1666669845581055,7.9975310000000004,0,11.187328000000001,32,32,30,147181,0,0,395,1,0,186,1,3.1423589999999999,0.21309600000000001,31,31,1,31,1,15,0,0,358,605,9,0,145,205073388888743,205073396887787,8.4127510000000001,8.0721699999999998,0.0001,0.074538999999999689,205073388888673,205073396960753,0,0,1,0,0
430,7.1833338737487793,6.5589180000000002,0,9.8105899999999995,32,32,30,147573,0,0,392,1,0,149,1,3.2095440000000002,0.210702,31,31,1,31,1,15,0,0,358,605,9,0,145,205073400080209,205073406640730,6.9481380000000001,6.6465209999999999,0.0001,0.087502999999999886,205073400080139,205073406726540,0,0,1,0,0
431,7.2000002861022949,7.7973400000000002,0,10.464755,32,32,30,147969,0,0,396,1,0,185,1,2.643532,0.20697499999999999,31,31,1,31,1,15,0,0,358,605,9,0,145,205073409894687,205073417693499,8.1668129999999994,7.8781790000000003,9.0000000000000006e-05,0.08074899999999996,205073409894617,205073417772716,0,0,1,0,0
432,7.2166671752929688,7.6991769999999997,0,10.612951000000001,32,32,30,148357,0,0,388,1,0,185,1,2.8883380000000001,0.20335800000000001,31,31,1,31,1,15,0,0,358,605,9,0,145,205073420363019,205073428063518,8.0176099999999995,7.7486379999999997,6.9999999999999994e-05,0.049390999999999963,205073420362959,205073428111517,0,0,1,0,0
433,7.2333335876464844,6.3777210000000002,0,9.3448650000000004,32,32,30,148751,0,0,394,1,0,148,1,2.9404840000000001,0.20097400000000001,31,31,1,31,1,15,0,0,358,605,9,0,145,205073430979807,205073437358911,6.7555379999999996,6.4222840000000003,8.0000000000000007e-05,0.044483000000000494,205073430979757,205073437401941,0,0,1,0,0
434,7.2500004768371582,7.6793800000000001,0,10.936773000000001,32,32,30,149142,0,0,391,1,0,185,1,3.2201629999999999,0.200993,31,31,1,31,1,15,0,0,358,605,9,0,145,205073440328509,205073448009412,8.0440629999999995,7.7234420000000004,9.0000000000000006e-05,0.043972000000000122,205073440328449,205073448051791,0,0,1,0,0
435,7.2666668891906738,7.794244,0,11.368093999999999,32,32,30,149535,0,0,393,1,0,185,1,3.5464500000000001,0.20033200000000001,31,31,1,31,1,15,0,0,358,605,9,0,145,205073451270241,205073459066328,8.1929789999999993,7.8392369999999998,0.0001,0.044893000000000072,205073451270171,205073459109318,0,0,1,0,0
436,7.2833337783813477,7.8091210000000002,0,10.841255,32,32,30,149922,0,0,387,1,0,186,1,3.0065369999999998,0.19935,31,31,1,31,1,15,0,0,358,605,9,0,145,205073462643074,205073470453888,8.1664549999999991,7.8482440000000002,0.0001,0.039023000000000252,205073462643004,205073470491148,0,0,1,0,0
437,7.3000001907348633,7.8455690000000002,0,10.457001,32,32,30,150315,0,0,393,1,0,186,1,2.5855649999999999,0.20221600000000001,31,31,1,31,1,15,0,0,358,605,9,0,145,205073473488878,205073481336060,8.2032330000000009,7.8872359999999997,9.0000000000000006e-05,0.041576999999999309,205073473488818,205073481375954,0,0,1,0,0
438,7.3166670799255371,6.4554049999999998,0,9.0576509999999999,32,32,30,150701,0,0,386,1,0,151,1,2.5857450000000002,0.20166400000000001,31,31,1,31,1,15,0,0,358,605,9,0,145,205073483949556,205073490406344,6.8050459999999999,6.4916929999999997,6.9999999999999994e-05,0.036217999999999861,205073483949496,205073490441109,0,0,1,0,0
439,7.3333334922790527,6.6111050000000002,0,9.2312639999999995,32,32,30,151095,0,0,394,1,0,154,1,2.5966559999999999,0.20108400000000001,31,31,1,31,1,15,0,0,358,605,9,0,145,205073493010453,205073499623021,6.9416969999999996,6.6480230000000002,8.0000000000000007e-05,0.03683800000000037,205073493010393,205073499658346,0,0,1,0,0
440,7.3500003814697266,7.826613,0,10.896458000000001,32,32,30,151482,0,0,387,1,0,187,1,3.0415019999999999,0.20402000000000001,31,31,1,31,1,15,0,0,358,605,9,0,145,205073502245213,205073510073189,8.1631330000000002,7.8814659999999996,9.0000000000000006e-05,0.054762999999999451,205073502245153,205073510126508,0,0,1,0,0
441,7.3666672706604004,7.7018610000000001,0,10.827057999999999,32,32,30,151876,0,0,394,1,0,185,1,3.095011,0.20510100000000001,31,31,1,31,1,15,0,0,358,605,9,0,145,205073513145729,205073520849123,8.1152650000000008,7.7501709999999999,9.0000000000000006e-05,0.048219999999999708,205073513145659,205073520895720,0,0,1,0,0
442,7.383333683013916,7.737368,0,10.801081,32,32,30,152266,0,0,390,1,0,184,1,3.0364520000000002,0.19723599999999999,31,31,1,31,1,15,0,0,358,605,9,0,145,205073523976895,205073531715666,8.131176,7.7784940000000002,0.0001,0.041026000000000451,205073523976835,205073531755209,0,0,1,0,0
443,7.4000005722045898,7.8609679999999997,0,11.016351,32,32,30,152663,0,0,397,1,0,187,1,3.1298059999999999,0.19925000000000001,31,31,1,31,1,15,0,0,358,605,9,0,145,205073534782344,205073542645005,8.2793519999999994,7.904318,0.0001,0.043250000000000455,205073534782284,205073542686512,0,0,1,0,0
444,7.4166669845581055,6.399292,0,9.0578620000000001,32,32,30,153050,0,0,387,1,0,148,1,2.628444,0.205071,31,31,1,31,1,15,0,0,358,605,9,0,145,205073545802813,205073552203617,6.8120820000000002,6.4419310000000003,9.0000000000000006e-05,0.04254900000000017,205073545802742,205073552244593,0,0,1,0,0
445,7.4333338737487793,7.6935159999999998,0,10.697547999999999,32,32,30,153447,0,0,397,1,0,183,1,2.9779640000000001,0.202075,31,31,1,31,1,15,0,0,358,605,9,0,145,205073554864321,205073562559209,8.0866369999999996,7.7419760000000002,8.0000000000000007e-05,0.048380000000000756,205073554864261,205073562606137,0,0,1,0,0
446,7.4500002861022949,7.7386499999999998,0,10.853949,32,32,30,153836,0,0,389,1,0,185,1,3.0881690000000002,0.21082200000000001,31,31,1,31,1,15,0,0,358,605,9,0,145,205073565565967,205073573306200,8.1476830000000007,7.7958069999999999,9.1000000000000003e-05,0.057065999999999839,205073565565906,205073573361583,0,0,1,0,0
447,7.4666671752929688,7.713203,0,10.732543,32,32,30,154230,0,0,394,1,0,185,1,2.9838339999999999,0.19966100000000001,31,31,1,31,1,15,0,0,358,605,9,0,145,205073576424073,205073584138909,8.0437239999999992,7.7638569999999998,9.0000000000000006e-05,0.050563999999999609,205073576424013,205073584187790,0,0,1,0,0
448,7.4833335876464844,6.3973680000000002,0,9.5109030000000008,32,32,30,154622,0,0,392,1,0,149,1,3.072079,0.202596,31,31,1,31,1,15,0,0,358,605,9,0,145,205073587160714,205073593559615,6.7626439999999999,6.4500859999999998,9.0000000000000006e-05,0.052627999999999453,205073587160644,205073593610639,0,0,1,0,0
449,7.5000004768371582,6.4187180000000001,0,9.491968,32,32,30,155017,0,0,395,1,0,149,1,3.0411009999999998,0.200794,31,31,1,31,1,15,0,0,358,605,9,0,145,205073596675935,205073603096236,6.7820239999999998,6.4753429999999996,8.0000000000000007e-05,0.056544999999999845,205073596675875,205073603151108,0,0,1,0,0
450,7.5166668891906738,6.3553389999999998,0,9.3790580000000006,32,32,30,155407,0,0,390,1,0,147,1,2.9932820000000002,0.20463999999999999,31,31,1,31,1,15,0,0,358,605,9,0,145,205073606172562,205073612529405,6.7418899999999997,6.410342,9.0000000000000006e-05,0.05491299999999999,205073606172422,205073612582653,0,0,1,0,0
451,7.5333337783813477,7.7568640000000002,0,10.785512000000001,32,32,30,155802,0,0,395,1,0,185,1,3.0002149999999999,0.20382900000000001,31,31,1,31,1,15,0,0,358,605,9,0,145,205073615556469,205073623314726,8.1660400000000006,7.8072780000000002,9.0000000000000006e-05,0.050323999999999813,205073615556409,205073623363567,0,0,1,0,0
452,7.5500001907348633,7.8373039999999996,0,10.561445000000001,32,32,30,156189,0,0,387,1,0,185,1,2.695058,0.19805800000000001,31,31,1,31,1,15,0,0,358,605,9,0,145,205073626347702,205073634186458,8.2627950000000006,7.8860539999999997,6.9999999999999994e-05,0.048680000000000057,205073626347642,205073634233596,0,0,1,0,0
453,7.5666670799255371,7.6757730000000004,0,10.843408999999999,32,32,30,156578,0,0,389,1,0,184,1,3.1276320000000002,0.21088199999999999,31,31,1,31,1,15,0,0,358,605,9,0,145,205073636912984,205073644590150,8.0440830000000005,7.7323690000000003,9.0000000000000006e-05,0.056505999999999723,205073636912924,205073644645142,0,0,1,0,0
454,7.5833334922790527,7.8599249999999996,0,10.988448999999999,32,32,30,156965,0,0,387,1,0,186,1,3.0979869999999998,0.199271,31,31,1,31,1,15,0,0,358,605,9,0,145,205073647760652,205073655622230,8.2652629999999991,7.909929,0.000101,0.049903000000000475,205073647760581,205073655670390,0,0,1,0,0
455,7.6000003814697266,6.4990769999999998,0,9.4727320000000006,32,32,30,157358,0,0,393,1,0,151,1,2.946726,0.19922000000000001,31,31,1,31,1,15,0,0,358,605,9,0,145,205073658753278,205073665253958,6.8375459999999997,6.538049,0.0001,0.038872000000000462,205073658753218,205073665291167,0,0,1,0,0
456,7.6166672706604004,7.5791729999999999,0,10.197449000000001,32,32,30,157745,0,0,387,1,0,180,1,2.5935990000000002,0.20172499999999999,31,31,1,31,1,15,0,0,358,605,9,0,145,205073668229938,205073675810644,7.9343880000000002,7.6225839999999998,8.0000000000000007e-05,0.04333100000000023,205073668229878,205073675852382,0,0,1,0,0
457,7.633333683013916,7.7132230000000002,0,10.762919999999999,32,32,30,158139,0,0,394,1,0,186,1,3.0231979999999998,0.202206,31,31,1,31,1,15,0,0,358,605,9,0,145,205073678430993,205073686145539,8.0511660000000003,7.7643880000000003,8.0000000000000007e-05,0.051085000000000491,205073678430933,205073686195241,0,0,1,0,0
458,7.6500005722045898,6.4545240000000002,0,9.9449100000000001,32,32,30,158530,0,0,391,1,0,149,1,3.4529770000000002,0.198799,31,31,1,31,1,15,0,0,358,605,9,0,145,205073689198121,205073695654158,6.8556400000000002,6.5015609999999997,9.0000000000000006e-05,0.046946999999999406,205073689198061,205073695699542,0,0,1,0,0
459,7.6666669845581055,7.7086940000000004,0,10.658696000000001,32,32,30,158925,0,0,395,1,0,184,1,2.9240439999999999,0.199631,31,31,1,31,1,15,0,0,358,605,9,0,145,205073699148050,205073706858578,8.0791439999999994,7.7534169999999998,0.00012,0.044602999999999504,205073699147970,205073706901257,0,0,1,0,0
460,7.6833338737487793,7.7760499999999997,0,10.92421,32,32,30,159314,0,0,389,1,0,185,1,3.1192160000000002,0.199541,31,31,1,31,1,15,0,0,358,605,9,0,145,205073709810674,205073717588316,8.1414059999999999,7.821504,8.1000000000000004e-05,0.045373000000000552,205073709810613,205073717632027,0,0,1,0,0
461,7.7000002861022949,6.4408089999999998,0,9.479495,32,32,30,159709,0,0,395,1,0,150,1,3.0044330000000001,0.19830900000000001,31,31,1,31,1,15,0,0,358,605,9,0,145,205073720739722,205073727182374,6.781561,6.4849199999999998,9.0000000000000006e-05,0.044020999999999866,205073720739652,205073727224502,0,0,1,0,0
462,7.7166671752929688,7.7131129999999999,0,10.694483,32,32,30,160098,0,0,389,1,0,185,1,2.952426,0.21147299999999999,31,31,1,31,1,15,0,0,358,605,9,0,145,205073730223234,205073737937940,8.0619169999999993,7.7648789999999996,0.00011,0.05165599999999948,205073730223164,205073737987933,0,0,1,0,0
463,7.7333335876464844,7.8397379999999997,0,10.823172,32,32,30,160491,0,0,393,1,0,187,1,2.9544809999999999,0.20603199999999999,31,31,1,31,1,15,0,0,358,605,9,0,145,205073740921734,205073748763005,8.1652090000000008,7.8892600000000002,0.0001,0.049422000000000743,205073740921664,205073748810814,0,0,1,0,0
464,7.7500004768371582,7.8536130000000002,0,10.949406,32,32,30,160878,0,0,387,1,0,186,1,3.0685419999999999,0.21004999999999999,31,31,1,31,1,15,0,0,358,605,9,0,145,205073751749094,205073759604220,8.3107150000000001,7.9136949999999997,8.0000000000000007e-05,0.060001999999999889,205073751749034,205073759662619,0,0,1,0,0
465,7.7666668891906738,7.8043019999999999,0,11.08043,32,32,30,161272,0,0,394,1,0,185,1,3.2376260000000001,0.201404,31,31,1,31,1,15,0,0,358,605,9,0,145,205073762702317,205073770508032,8.1946589999999997,7.8636119999999998,9.0000000000000006e-05,0.059219999999999828,205073762702257,205073770565779,0,0,1,0,0
466,7.7833337783813477,6.4581410000000004,0,9.5682700000000001,32,32,30,161661,0,0,389,1,0,150,1,3.0708769999999999,0.20538200000000001,31,31,1,31,1,15,0,0,358,605,9,0,145,205073773786965,205073780246769,6.8054259999999998,6.5116800000000001,0.0001,0.053439000000000014,205073773786905,205073780298475,0,0,1,0,0
467,7.8000001907348633,7.2395519999999998,0,10.774751999999999,32,32,30,162053,0,0,392,1,0,172,1,3.5023580000000001,0.20059299999999999,31,31,1,31,1,15,0,0,358,605,9,0,145,205073783360444,205073790601830,7.5961670000000003,7.2885439999999999,9.0000000000000006e-05,0.048902000000000001,205073783360364,205073790648818,0,0,1,0,0
468,7.8166670799255371,7.6913819999999999,0,10.738144,32,32,30,162441,0,0,388,1,0,185,1,3.020222,0.19964100000000001,31,31,1,31,1,15,0,0,358,605,9,0,145,205073794139424,205073801832439,8.0492109999999997,7.7369570000000003,0.00011,0.045465000000000089,205073794139354,205073801876221,0,0,1,0,0
469,7.8333339691162109,7.6895790000000002,0,10.717826000000001,32,32,30,162835,0,0,394,1,0,184,1,3.0024890000000002,0.196825,31,31,1,31,1,15,0,0,358,605,9,0,145,205073804882166,205073812573338,8.0352969999999999,7.7275489999999998,0.0001,0.037869999999999848,205073804882086,205073812609535,0,0,1,0,0
470,7.8500003814697266,7.7133539999999998,0,10.777366000000001,32,32,30,163225,0,0,390,1,0,184,1,3.0335869999999998,0.20452000000000001,31,31,1,31,1,15,0,0,358,605,9,0,145,205073815604010,205073823318876,8.0851129999999998,7.7650389999999998,8.0000000000000007e-05,0.051605000000000345,205073815603940,205073823368899,0,0,1,0,0
471,7.8666672706604004,7.7171599999999998,0,10.694362,32,32,30,163616,0,0,391,1,0,185,1,2.939492,0.1993,31,31,1,31,1,15,0,0,358,605,9,0,145,205073826385564,205073834104317,8.0723439999999993,7.7632459999999996,9.0000000000000006e-05,0.045995999999999704,205073826385504,205073834148660,0,0,1,0,0
472,7.883333683013916,7.913144,0,10.547129,32,32,30,164005,0,0,389,1,0,187,1,2.6048300000000002,0.20310700000000001,31,31,1,31,1,15,0,0,358,605,9,0,145,205073837084114,205073844998842,8.3447650000000007,7.9733159999999996,0.0001,0.060071999999999903,205073837084044,205073845057180,0,0,1,0,0
473,7.9000005722045898,6.4906810000000004,0,9.5237169999999995,32,32,30,164396,0,0,391,1,0,149,1,3.007819,0.20386899999999999,31,31,1,31,1,15,0,0,358,605,9,0,145,205073847634880,205073854126923,6.8095030000000003,6.5376279999999998,8.0000000000000007e-05,0.04686699999999977,205073847634830,205073854172368,0,0,1,0,0
474,7.9166669845581055,7.805644,0,10.785622,32,32,30,164779,0,0,383,1,0,186,1,2.9516040000000001,0.20203499999999999,31,31,1,31,1,15,0,0,358,605,9,0,145,205073857162444,205073864969642,8.1366689999999995,7.8631310000000001,8.0000000000000007e-05,0.05740700000000043,205073857162384,205073865025405,0,0,1,0,0
475,7.9333338737487793,6.4759739999999999,0,9.6614930000000001,32,32,30,165172,0,0,393,1,0,148,1,3.1491020000000001,0.20037199999999999,31,31,1,31,1,15,0,0,358,605,9,0,145,205073867964877,205073874442474,6.8662780000000003,6.5282710000000002,8.0000000000000007e-05,0.052217000000000624,205073867964817,205073874492968,0,0,1,0,0
476,7.9500002861022949,7.7160380000000002,0,11.025257,32,32,30,165561,0,0,389,1,0,185,1,3.2760479999999998,0.20693500000000001,31,31,1,31,1,15,0,0,358,605,9,0,145,205073877631139,205073885348991,8.0724680000000006,7.7694970000000003,0.00011,0.053348999999999869,205073877631069,205073885400456,0,0,1,0,0
477,7.9666671752929688,7.7925599999999999,0,11.420322000000001,32,32,30,165956,0,0,395,1,0,186,1,3.587968,0.22185199999999999,31,31,1,31,1,15,0,0,358,605,9,0,145,205073888661366,205073896455769,8.2010529999999999,7.8478830000000004,0.000101,0.055222000000000548,205073888661286,205073896509068,0,0,1,0,0
478,7.9833335876464844,7.7232519999999996,0,10.871852000000001,32,32,30,166344,0,0,388,1,0,185,1,3.119847,0.210841,31,31,1,31,1,15,0,0,358,605,9,0,145,205073900086045,205073907811010,8.0572990000000004,7.775468,0.0001,0.052116000000000717,205073900085975,205073907861323,0,0,1,0,0
479,8,7.7760790000000002,0,10.896668,32,32,30,166739,0,0,395,1,0,185,1,3.0838510000000001,0.230438,31,31,1,31,1,15,0,0,358,605,9,0,145,205073910962055,205073918739657,8.1229659999999999,7.8367620000000002,9.0000000000000006e-05,0.060592999999999897,205073910961985,205073918798587,0,0,1,0,0
480,8.016667366027832,6.39344,0,9.0275049999999997,32,32,30,167125,0,0,386,1,0,148,1,2.6053009999999999,0.202847,31,31,1,31,1,15,0,0,358,605,9,0,145,205073921862891,205073928257854,6.7038399999999996,6.4387340000000002,0.0001,0.045194000000000401,205073921862831,205073928301435,0,0,1,0,0
481,8.0333337783813477,6.3485670000000001,0,9.3656830000000006,32,32,30,167519,0,0,394,1,0,147,1,2.98685,0.202596,31,31,1,31,1,15,0,0,358,605,9,0,145,205073930902118,205073937252037,6.667656,6.4016149999999996,6.9999999999999994e-05,0.052977999999999525,205073930902058,205073937303563,0,0,1,0,0
482,8.0500001907348633,7.757104,0,10.754364000000001,32,32,30,167906,0,0,387,1,0,185,1,2.9637570000000002,0.20028199999999999,31,31,1,31,1,15,0,0,358,605,9,0,145,205073940272239,205073948030776,8.1431120000000004,7.8047430000000002,8.0000000000000007e-05,0.047559000000000573,205073940272169,205073948076802,0,0,1,0,0
483,8.0666675567626953,7.724704,0,10.375640000000001,32,32,30,168299,0,0,393,1,0,184,1,2.6271710000000001,0.21403800000000001,31,31,1,31,1,15,0,0,358,605,9,0,145,205073951030821,205073958756938,8.11252,7.7726629999999997,8.0000000000000007e-05,0.047879000000000005,205073951030761,205073958803324,0,0,1,0,0
484,8.0833339691162109,7.6671170000000002,0,10.71998,32,32,30,168690,0,0,391,1,0,184,1,3.0265439999999999,0.20704500000000001,31,31,1,31,1,15,0,0,358,605,9,0,145,205073961410128,205073969078658,8.0005749999999995,7.7149660000000004,9.0000000000000006e-05,0.047759000000000107,205073961410068,205073969124914,0,0,1,0,0
485,8.1000003814697266,7.8970950000000002,0,11.440689000000001,32,32,30,169087,0,0,397,1,0,188,1,3.50915,0.20260600000000001,31,31,1,31,1,15,0,0,358,605,9,0,145,205073972136219,205073980034927,8.2530160000000006,7.9432710000000002,0.00012,0.046056000000000097,205073972136149,205073980079319,0,0,1,0,0
486,8.1166667938232422,7.7720320000000003,0,10.76821,32,32,30,169477,0,0,390,1,0,184,1,2.9635370000000001,0.20208599999999999,31,31,1,31,1,15,0,0,358,605,9,0,145,205073983582199,205073991356184,8.1312390000000008,7.8162339999999997,0.00011,0.044091999999999132,205073983582128,205073991398262,0,0,1,0,0
487,8.1333341598510742,7.7034549999999999,0,10.900275000000001,32,32,30,169872,0,0,395,1,0,185,1,3.1638790000000001,0.19903000000000001,31,31,1,31,1,15,0,0,358,605,9,0,145,205073994354055,205074002058892,8.0454270000000001,7.7468250000000003,9.0000000000000006e-05,0.043280000000000207,205073994353995,205074002100730,0,0,1,0,0
488,8.1500005722045898,6.4462390000000003,0,9.4655489999999993,32,32,30,170262,0,0,390,1,0,150,1,2.9927709999999998,0.20635300000000001,31,31,1,31,1,15,0,0,358,605,9,0,145,205074005258858,205074011706800,6.7997170000000002,6.4984960000000003,8.0000000000000007e-05,0.052177000000000362,205074005258788,205074011757174,0,0,1,0,0
489,8.1666669845581055,7.6758740000000003,0,11.083285999999999,32,32,30,170658,0,0,396,1,0,182,1,3.3694310000000001,0.20416899999999999,31,31,1,31,1,15,0,0,358,605,9,0,145,205074014728395,205074022405761,8.0284899999999997,7.7243139999999997,8.1000000000000004e-05,0.048358999999999597,205074014728335,205074022452558,0,0,1,0,0
490,8.1833333969116211,7.8167650000000002,0,11.055173,32,32,30,171046,0,0,388,1,0,186,1,3.2045340000000002,0.21409700000000001,31,31,1,31,1,15,0,0,358,605,9,0,145,205074025816058,205074033634356,8.1883289999999995,7.8756839999999997,9.0000000000000006e-05,0.058828999999999354,205074025815988,205074033691532,0,0,1,0,0
491,8.2000007629394531,7.8365919999999996,0,10.866713000000001,32,32,30,171440,0,0,394,1,0,186,1,3.0036619999999998,0.20086300000000001,31,31,1,31,1,15,0,0,358,605,9,0,145,205074036875388,205074044713513,8.2398399999999992,7.887918,0.0001,0.05122600000000066,205074036875318,205074044763136,0,0,1,0,0
492,8.2166671752929688,6.4271830000000003,0,9.5500559999999997,32,32,30,171825,0,0,385,1,0,148,1,3.0886290000000001,0.205572,31,31,1,31,1,15,0,0,358,605,9,0,145,205074047746259,205074054174995,6.8101190000000003,6.4759630000000001,8.0000000000000007e-05,0.048700000000000188,205074047746199,205074054222052,0,0,1,0,0
493,8.2333335876464844,7.7598900000000004,0,10.952142,32,32,30,172217,0,0,392,1,0,185,1,3.1639390000000001,0.202567,31,31,1,31,1,15,0,0,358,605,9,0,145,205074057300453,205074065061965,8.1318319999999993,7.8056950000000001,0.0001,0.045704999999999885,205074057300392,205074065105987,0,0,1,0,0
494,8.25,7.7506930000000001,0,10.866282,32,32,30,172608,0,0,391,1,0,185,1,3.077839,0.215721,31,31,1,31,1,15,0,0,358,605,9,0,145,205074068256371,205074076008436,8.1547129999999992,7.8094510000000001,6.0000000000000002e-05,0.058697999999999695,205074068256311,205074076065652,0,0,1,0,0
495,8.266667366027832,6.4053129999999996,0,9.6948249999999998,32,32,30,173002,0,0,394,1,0,148,1,3.2513809999999999,0.20849699999999999,31,31,1,31,1,15,0,0,358,605,9,0,145,205074079127251,205074085534237,6.7675520000000002,6.462669,8.0000000000000007e-05,0.057276000000000771,205074079127181,205074085589730,0,0,1,0,0
496,8.2833337783813477,7.7290520000000003,0,10.458924,32,32,30,173391,0,0,389,1,0,185,1,2.6843880000000002,0.20207600000000001,31,31,1,31,1,15,0,0,358,605,9,0,145,205074088826084,205074096556799,8.0665469999999999,7.773695,0.0001,0.044542999999999999,205074088826014,205074096599609,0,0,1,0,0
497,8.3000001907348633,6.3813779999999998,0,9.5598539999999996,32,32,30,173787,0,0,396,1,0,149,1,3.1380720000000002,0.20802599999999999,31,31,1,31,1,15,0,0,358,605,9,0,145,205074099288705,205074105671426,6.7674099999999999,6.4627590000000001,9.0000000000000006e-05,0.081291000000000224,205074099288645,205074105751324,0,0,1,0,0
498,8.3166675567626953,6.4237669999999998,0,9.5440839999999998,32,32,30,174177,0,0,390,1,0,148,1,3.0795319999999999,0.21496899999999999,31,31,1,31,1,15,0,0,358,605,9,0,145,205074108852357,205074115277646,6.7889280000000003,6.5073220000000003,0.0001,0.083455000000000723,205074108852287,205074115359468,0,0,1,0,0
499,8.3333339691162109,7.7597889999999996,0,11.158274,32,32,30,174569,0,0,392,1,0,185,1,3.34205,0.202677,31,31,1,31,1,15,0,0,358,605,9,0,145,205074118400469,205074126161841,8.1315600000000003,7.8354900000000001,9.0000000000000006e-05,0.075611000000000317,205074118400399,205074126235809,0,0,1,0,0
500,8.3500003814697266,6.4700829999999998,0,9.9360529999999994,32,32,30,174958,0,0,389,1,0,148,1,3.4231009999999999,0.230489,31,31,1,31,1,15,0,0,358,605,9,0,145,205074129563803,205074136035719,6.8241990000000001,6.5629350000000004,0.00012,0.092732000000000703,205074129563723,205074136126548,0,0,1,0,0
501,8.3666667938232422,7.742858,0,11.237201000000001,32,32,30,175353,0,0,395,1,0,185,1,3.4528669999999999,0.21670300000000001,31,31,1,31,1,15,0,0,358,605,9,0,145,205074139504224,205074147248886,8.0654400000000006,7.8416519999999998,0.0001,0.098694000000000059,205074139504154,205074147345696,0,0,1,0,0
502,8.3833341598510742,7.8339470000000002,0,11.213305999999999,32,32,30,175740,0,0,387,1,0,185,1,3.3261609999999999,0.21327699999999999,31,31,1,31,1,15,0,0,358,605,9,0,145,205074150758748,205074158594308,8.1946729999999999,7.9274100000000001,0.0001,0.093363000000000085,205074150758668,205074158685998,0,0,1,0,0
503,8.4000005722045898,6.1500079999999997,0,9.421367,32,32,30,176134,0,0,394,1,0,141,1,3.2124990000000002,0.20666399999999999,31,31,1,31,1,15,0,0,358,605,9,0,145,205074161977084,205074168128815,6.4623879999999998,6.2261990000000003,0.00012,0.076071000000000666,205074161977004,205074168203093,0,0,1,0,0
504,8.4166669845581055,7.7555019999999999,0,11.000852,32,32,30,176525,0,0,391,1,0,185,1,3.1951670000000001,0.224166,31,31,1,31,1,15,0,0,358,605,9,0,145,205074171402569,205074179159633,8.0992770000000007,7.8582029999999996,9.0000000000000006e-05,0.10261099999999956,205074171402498,205074179260551,0,0,1,0,0
505,8.4333333969116211,7.7608819999999996,0,11.267568000000001,32,32,30,176921,0,0,396,1,0,185,1,3.4538679999999999,0.21032100000000001,31,31,1,31,1,15,0,0,358,605,9,0,145,205074182408119,205074190170534,8.1160580000000007,7.8466610000000001,0.0001,0.085679000000000727,205074182408059,205074190254600,0,0,1,0,0
506,8.4500007629394531,7.7456230000000001,0,11.008075,32,32,30,177311,0,0,390,1,0,184,1,3.2136110000000002,0.21652199999999999,31,31,1,31,1,15,0,0,358,605,9,0,145,205074193680726,205074201428173,8.1236230000000003,7.8363420000000001,0.00011,0.090608999999999718,205074193680646,205074201516848,0,0,1,0,0
507,8.4666671752929688,7.7694679999999998,0,10.991714999999999,32,32,30,177707,0,0,396,1,0,185,1,3.1778659999999999,0.207425,31,31,1,31,1,15,0,0,358,605,9,0,145,205074204693681,205074212464571,8.1607319999999994,7.8548859999999996,9.0000000000000006e-05,0.085327999999999626,205074204693621,205074212548387,0,0,1,0,0
508,8.4833335876464844,7.7424679999999997,0,10.631626000000001,32,32,30,178096,0,0,389,1,0,184,1,2.8459279999999998,0.20999100000000001,31,31,1,31,1,15,0,0,358,605,9,0,145,205074215690195,205074223434055,8.1408880000000003,7.8295089999999998,9.1000000000000003e-05,0.086949999999999861,205074215690125,205074223519503,0,0,1,0,0
509,8.5,6.5028439999999996,0,9.6344429999999992,32,32,30,178494,0,0,398,1,0,152,1,3.090773,0.20937900000000001,31,31,1,31,1,15,0,0,358,605,9,0,145,205074226325548,205074232829824,6.8497339999999998,6.5854980000000003,9.0000000000000006e-05,0.082564000000000526,205074226325487,205074232910885,0,0,1,0,0
510,8.516667366027832,7.7377589999999996,0,11.198209,32,32,30,178884,0,0,390,1,0,185,1,3.412992,0.219859,31,31,1,31,1,15,0,0,358,605,9,0,145,205074235963738,205074243702999,8.1257169999999999,7.8243299999999998,8.0000000000000007e-05,0.08649100000000054,205074235963677,205074243787907,0,0,1,0,0
511,8.5333337783813477,6.5780029999999998,0,11.972137,32,32,30,179277,0,0,393,1,0,151,1,5.3438100000000004,2.2161580000000001,31,31,1,31,1,15,0,0,358,605,9,0,145,205074247166274,205074253745820,6.9574100000000003,6.6598649999999999,0.0001,0.081762000000000334,205074247166214,205074253825969,0,0,1,0,0
512,8.5500001907348633,7.7566839999999999,0,11.125914,32,32,30,179663,0,0,386,1,0,185,1,3.327814,0.21367700000000001,31,31,1,31,1,15,0,0,358,605,9,0,145,205074259142639,205074266900876,8.1041369999999997,7.8329950000000004,9.0000000000000006e-05,0.076221000000000316,205074259142579,205074266975464,0,0,1,0,0
513,8.5666675567626953,7.7508119999999998,0,11.082523,32,32,30,180056,0,0,393,1,0,185,1,3.2836720000000001,0.21249399999999999,31,31,1,31,1,15,0,0,358,605,9,0,145,205074270273112,205074278025547,8.0695899999999998,7.8298690000000004,0.0001,0.078957000000000832,205074270273042,205074278102791,0,0,1,0,0
514,8.5833339691162109,7.7967279999999999,0,10.979161,32,32,30,180446,0,0,390,1,0,187,1,3.1368490000000002,0.213587,31,31,1,31,1,15,0,0,358,605,9,0,145,205074281360735,205074289159296,8.1217980000000001,7.8895900000000001,9.0000000000000006e-05,0.092772000000000077,205074281360655,205074289250085,0,0,1,0,0
515,8.6000003814697266,6.4088589999999996,0,9.849933,32,32,30,180841,0,0,395,1,0,148,1,3.39588,0.207816,31,31,1,31,1,15,0,0,358,605,9,0,145,205074292343744,205074298754196,6.7353019999999999,6.4862929999999999,9.0000000000000006e-05,0.077344000000000079,205074292343684,205074298829877,0,0,1,0,0
516,8.6166667938232422,7.7173499999999997,0,10.918158999999999,32,32,30,181230,0,0,389,1,0,185,1,3.1581480000000002,0.228825,31,31,1,31,1,15,0,0,358,605,9,0,145,205074302197685,205074309916568,8.0472929999999998,7.7942739999999997,9.1000000000000003e-05,0.076832999999999707,205074302197615,205074309991778,0,0,1,0,0
517,8.6333341598510742,6.4339449999999996,0,9.8200479999999999,32,32,30,181623,0,0,393,1,0,149,1,3.3336640000000002,0.21060100000000001,31,31,1,31,1,15,0,0,358,605,9,0,145,205074313119921,205074319555549,6.7997110000000003,6.5235830000000004,8.1000000000000004e-05,0.089557000000000997,205074313119861,205074319643353,0,0,1,0,0
518,8.6500005722045898,7.7521149999999999,0,11.06991,32,32,30,182012,0,0,389,1,0,186,1,3.2652079999999999,0.20765600000000001,31,31,1,31,1,15,0,0,358,605,9,0,145,205074322944046,205074330697794,8.1356409999999997,7.8326349999999998,0.0001,0.080420000000000158,205074322943986,205074330776510,0,0,1,0,0
519,8.6666669845581055,7.8293290000000004,0,11.141022,32,32,30,182407,0,0,395,1,0,186,1,3.268974,0.20854700000000001,31,31,1,31,1,15,0,0,358,605,9,0,145,205074334019106,205074341850238,8.2177170000000004,7.910018,9.0000000000000006e-05,0.080598999999999421,205074334019026,205074341928964,0,0,1,0,0
520,8.6833333969116211,7.710178,0,10.954316,32,32,30,182796,0,0,389,1,0,183,1,3.1952780000000001,0.214058,31,31,1,31,1,15,0,0,358,605,9,0,145,205074345164937,205074352876858,8.0726569999999995,7.807518,0.0001,0.097240000000000215,205074345164867,205074352972225,0,0,1,0,0
521,8.7000007629394531,7.6519490000000001,0,11.238303,32,32,30,183189,0,0,393,1,0,184,1,3.536321,0.211974,31,31,1,31,1,15,0,0,358,605,9,0,145,205074356123631,205074363777093,8.0099250000000008,7.7483880000000003,9.0000000000000006e-05,0.096349000000000018,205074356123561,205074363871799,0,0,1,0,0
522,8.7166671752929688,6.383953,0,9.7099229999999999,32,32,30,183581,0,0,392,1,0,148,1,3.2779919999999998,0.20923900000000001,31,31,1,31,1,15,0,0,358,605,9,0,145,205074367366573,205074373752119,6.7200189999999997,6.468229,0.0001,0.084176000000000251,205074367366503,205074373834612,0,0,1,0,0
523,8.7333335876464844,6.6582030000000003,0,9.9748049999999999,32,32,30,183975,0,0,394,1,0,154,1,3.2660689999999999,0.219498,31,31,1,31,1,15,0,0,358,605,9,0,145,205074377081325,205074383741311,7.0231870000000001,6.7487199999999996,0.00011,0.090406999999999016,205074377081245,205074383829865,0,0,1,0,0
524,8.75,7.8586130000000001,0,11.309115,32,32,30,184365,0,0,390,1,0,185,1,3.400719,0.20588300000000001,31,31,1,31,1,15,0,0,358,605,9,0,145,205074387060819,205074394921205,8.2099550000000008,7.9328709999999996,9.0000000000000006e-05,0.074167999999999346,205074387060739,205074394993520,0,0,1,0,0
525,8.766667366027832,7.6605549999999996,0,11.002264,32,32,30,184759,0,0,394,1,0,183,1,3.299782,0.20483000000000001,31,31,1,31,1,15,0,0,358,605,9,0,145,205074398375304,205074406037762,8.0120199999999997,7.7363150000000003,0.00011,0.075650000000000439,205074398375224,205074406111439,0,0,1,0,0
526,8.7833337783813477,7.7441000000000004,0,10.981526000000001,32,32,30,185145,0,0,386,1,0,183,1,3.1960190000000002,0.212676,31,31,1,31,1,15,0,0,358,605,9,0,145,205074409381686,205074417127289,8.1092180000000003,7.8197510000000001,8.0000000000000007e-05,0.075571000000000055,205074409381626,205074417201287,0,0,1,0,0
527,8.8000001907348633,7.8849520000000002,0,11.157202,32,32,30,185536,0,0,391,1,0,187,1,3.2275770000000001,0.20646400000000001,31,31,1,31,1,15,0,0,358,605,9,0,145,205074420367841,205074428254386,8.2968360000000008,7.9675149999999997,0.0001,0.082462999999999731,205074420367761,205074428335176,0,0,1,0,0
528,8.8166675567626953,7.777482,0,10.560294000000001,32,32,30,185922,0,0,386,1,0,185,1,2.738289,0.20438899999999999,31,31,1,31,1,15,0,0,358,605,9,0,145,205074431529872,205074439309108,8.1152859999999993,7.8496360000000003,9.0000000000000006e-05,0.072064000000000128,205074431529802,205074439379338,0,0,1,0,0
529,8.8333339691162109,7.712682,0,10.964715,32,32,30,186315,0,0,393,1,0,184,1,3.2102349999999999,0.20495099999999999,31,31,1,31,1,15,0,0,358,605,9,0,145,205074442108720,205074449822935,8.0070440000000005,7.794454,8.0000000000000007e-05,0.08169200000000032,205074442108650,205074449903024,0,0,1,0,0
530,8.8500003814697266,7.7189430000000003,0,10.874988,32,32,30,186700,0,0,385,1,0,185,1,3.1094080000000002,0.20422999999999999,31,31,1,31,1,15,0,0,358,605,9,0,145,205074453078104,205074460798690,8.0536779999999997,7.7924800000000003,9.0000000000000006e-05,0.073446999999999818,205074453078034,205074460870424,0,0,1,0,0
531,8.8666667938232422,6.4089790000000004,0,9.6496709999999997,32,32,30,187094,0,0,394,1,0,148,1,3.2064180000000002,0.211173,31,31,1,31,1,15,0,0,358,605,9,0,145,205074463956959,205074470367431,6.775226,6.4941370000000003,8.0000000000000007e-05,0.085078000000000209,205074463956889,205074470450946,0,0,1,0,0
532,8.8833341598510742,7.6557560000000002,0,10.680465999999999,32,32,30,187483,0,0,389,1,0,184,1,2.9905870000000001,0.20636299999999999,31,31,1,31,1,15,0,0,358,605,9,0,145,205074473610788,205074481268207,8.0127640000000007,7.7077419999999996,0.00011,0.051875999999999145,205074473610718,205074481318330,0,0,1,0,0
533,8.9000005722045898,6.5430780000000004,0,9.5364310000000003,32,32,30,187874,0,0,391,1,0,151,1,2.9641280000000001,0.21354699999999999,31,31,1,31,1,15,0,0,358,605,9,0,145,205074484295763,205074490840364,6.8989219999999998,6.6016570000000003,9.0000000000000006e-05,0.058488999999999791,205074484295703,205074490897210,0,0,1,0,0
534,8.9166669845581055,6.4604249999999999,0,10.019489,32,32,30,188262,0,0,388,1,0,149,1,3.524098,0.20514099999999999,31,31,1,31,1,15,0,0,358,605,9,0,145,205074493837524,205074500299752,6.8327600000000004,6.5118210000000003,0.000101,0.051295000000000535,205074493837454,205074500349164,0,0,1,0,0
535,8.9333333969116211,7.7888640000000002,0,11.147964999999999,32,32,30,188657,0,0,395,1,0,185,1,3.3280940000000001,0.221021,31,31,1,31,1,15,0,0,358,605,9,0,145,205074503861440,205074511652097,8.1582600000000003,7.8399380000000001,0.0001,0.050974000000000075,205074503861380,205074511701208,0,0,1,0,0
536,8.9500007629394531,7.7217979999999997,0,10.886119000000001,32,32,30,189045,0,0,388,1,0,184,1,3.1321300000000001,0.203959,31,31,1,31,1,15,0,0,358,605,9,0,145,205074515013583,205074522737075,8.081785,7.7662820000000004,8.0000000000000007e-05,0.044404000000000998,205074515013523,205074522779705,0,0,1,0,0
537,8.9666671752929688,6.4756539999999996,0,9.53064,32,32,30,189437,0,0,392,1,0,151,1,3.0238290000000001,0.19903000000000001,31,31,1,31,1,15,0,0,358,605,9,0,145,205074525906415,205074532383571,6.8067739999999999,6.5213380000000001,9.0000000000000006e-05,0.045594000000000356,205074525906345,205074532427583,0,0,1,0,0
538,8.9833335876464844,7.7844949999999997,0,10.8545,32,32,30,189828,0,0,391,1,0,186,1,3.0407000000000002,0.20299700000000001,31,31,1,31,1,15,0,0,358,605,9,0,145,205074535441102,205074543227161,8.1206759999999996,7.8354699999999999,8.0000000000000007e-05,0.050895000000000579,205074535441032,205074543276432,0,0,1,0,0
539,9,6.4087180000000004,0,9.4113779999999991,32,32,30,190221,0,0,393,1,0,149,1,2.976721,0.205452,31,31,1,31,1,15,0,0,358,605,9,0,145,205074546299680,205074552709891,6.7722629999999997,6.461246,9.0000000000000006e-05,0.052437999999999541,205074546299610,205074552760756,0,0,1,0,0
540,9.016667366027832,6.4146200000000002,0,9.4421759999999999,32,32,30,190608,0,0,387,1,0,148,1,2.9952160000000001,0.198569,31,31,1,31,1,15,0,0,358,605,9,0,145,205074555714976,205074562131118,6.7906310000000003,6.4584720000000004,9.1000000000000003e-05,0.043760999999999939,205074555714915,205074562173277,0,0,1,0,0
541,9.0333337783813477,7.6938170000000001,0,10.781454,32,32,30,191004,0,0,396,1,0,185,1,3.0591050000000002,0.19888900000000001,31,31,1,31,1,15,0,0,358,605,9,0,145,205074565174123,205074572869673,8.0488199999999992,7.7386900000000001,0.00011,0.044762999999999664,205074565174043,205074572912643,0,0,1,0,0
542,9.0500001907348633,6.4802809999999997,0,9.6018720000000002,32,32,30,191392,0,0,388,1,0,151,1,3.089521,0.198599,31,31,1,31,1,15,0,0,358,605,9,0,145,205074575959735,205074582441539,6.864325,6.5233109999999996,9.0000000000000006e-05,0.042939999999999756,205074575959665,205074582482896,0,0,1,0,0
543,9.0666675567626953,7.7631459999999999,0,10.827199,32,32,30,191788,0,0,396,1,0,185,1,3.0330059999999999,0.20349800000000001,31,31,1,31,1,15,0,0,358,605,9,0,145,205074585565845,205074593330584,8.0712759999999992,7.8227159999999998,9.0000000000000006e-05,0.059479999999999755,205074585565765,205074593388371,0,0,1,0,0
544,9.0833339691162109,7.7552110000000001,0,10.723466,32,32,30,192176,0,0,388,1,0,185,1,2.9384709999999998,0.21096200000000001,31,31,1,31,1,15,0,0,358,605,9,0,145,205074596397583,205074604154527,8.1120230000000006,7.8158430000000001,0.0001,0.060532000000000252,205074596397513,205074604213256,0,0,1,0,0
545,9.1000003814697266,7.78172,0,10.835604999999999,32,32,30,192569,0,0,393,1,0,186,1,3.0225970000000002,0.20300699999999999,31,31,1,31,1,15,0,0,358,605,9,0,145,205074607125077,205074614908280,8.1253980000000006,7.8299700000000003,8.0000000000000007e-05,0.048170000000000712,205074607125007,205074614954826,0,0,1,0,0
546,9.1166667938232422,7.8635320000000002,0,10.973571,32,32,30,192958,0,0,389,1,0,185,1,3.0755849999999998,0.20210600000000001,31,31,1,31,1,15,0,0,358,605,9,0,145,205074617966593,205074625831698,8.2308749999999993,7.9143860000000004,9.0000000000000006e-05,0.050764000000000031,205074617966523,205074625880789,0,0,1,0,0
547,9.1333341598510742,7.741676,0,10.707487,32,32,30,193353,0,0,395,1,0,185,1,2.9373680000000002,0.20307700000000001,31,31,1,31,1,15,0,0,358,605,9,0,145,205074628944633,205074636687931,8.1174630000000008,7.7913880000000004,0.0001,0.049612000000000656,205074628944572,205074636735850,0,0,1,0,0
548,9.1500005722045898,7.7089949999999998,0,10.754113,32,32,30,193741,0,0,388,1,0,184,1,3.0184289999999998,0.21512999999999999,31,31,1,31,1,15,0,0,358,605,9,0,145,205074639656207,205074647366665,8.0701499999999999,7.7587070000000002,8.0000000000000007e-05,0.049632000000000787,205074639656147,205074647414774,0,0,1,0,0
549,9.1666669845581055,7.7716620000000001,0,10.763030000000001,32,32,30,194132,0,0,391,1,0,185,1,2.964909,0.20160500000000001,31,31,1,31,1,15,0,0,358,605,9,0,145,205074650414508,205074658187763,8.1117000000000008,7.8177469999999998,9.0000000000000006e-05,0.045994999999999564,205074650414438,205074658232095,0,0,1,0,0
550,9.1833333969116211,7.7655200000000004,0,10.770173,32,32,30,194523,0,0,391,1,0,185,1,2.9783849999999998,0.201104,31,31,1,31,1,15,0,0,358,605,9,0,145,205074661181736,205074668948839,8.1161390000000004,7.8112250000000003,8.0000000000000007e-05,0.045625000000000249,205074661181676,205074668992821,0,0,1,0,0
551,9.2000007629394531,7.6466390000000004,0,10.598825,32,32,30,194918,0,0,395,1,0,183,1,2.924464,0.19529299999999999,31,31,1,31,1,15,0,0,358,605,9,0,145,205074671956097,205074679604169,7.9933069999999997,7.693346,8.0000000000000007e-05,0.046626999999999974,205074671956037,205074679649283,0,0,1,0,0
552,9.2166671752929688,7.7447220000000003,0,10.382192999999999,32,32,30,195309,0,0,391,1,0,185,1,2.6086079999999998,0.19650500000000001,31,31,1,31,1,15,0,0,358,605,9,0,145,205074682559010,205074690305204,8.1200119999999991,7.7810189999999997,9.1000000000000003e-05,0.036205999999999072,205074682558940,205074690339878,0,0,1,0,0
553,9.2333335876464844,7.7507130000000002,0,11.221061000000001,32,32,30,195702,0,0,393,1,0,185,1,3.4441899999999999,0.200132,31,31,1,31,1,15,0,0,358,605,9,0,145,205074692944849,205074700696884,8.0801130000000008,7.7945140000000004,8.0000000000000007e-05,0.043721000000000565,205074692944789,205074700739213,0,0,1,0,0
554,9.2500009536743164,7.7982509999999996,0,10.849641,32,32,30,196091,0,0,389,1,0,185,1,3.022106,0.19908000000000001,31,31,1,31,1,15,0,0,358,605,9,0,145,205074704169958,205074711969721,8.1717460000000006,7.8437859999999997,8.1000000000000004e-05,0.045454000000000327,205074704169897,205074712013593,0,0,1,0,0
555,9.266667366027832,7.6977840000000004,0,10.718226,32,32,30,196487,0,0,396,1,0,185,1,2.9928520000000001,0.207566,31,31,1,31,1,15,0,0,358,605,9,0,145,205074715036360,205074722735677,8.0185220000000008,7.7415950000000002,6.9999999999999994e-05,0.043740999999999808,205074715036300,205074722777825,0,0,1,0,0
556,9.2833337783813477,7.9001400000000004,0,10.849399999999999,32,32,30,196871,0,0,384,1,0,187,1,2.9226610000000002,0.197046,31,31,1,31,1,15,0,0,358,605,9,0,145,205074725758634,205074733660267,8.3151469999999996,7.9376600000000002,8.0000000000000007e-05,0.03744000000000014,205074725758564,205074733696144,0,0,1,0,0
557,9.3000001907348633,6.5160790000000004,0,9.4949929999999991,32,32,30,197263,0,0,392,1,0,151,1,2.9529070000000002,0.196495,31,31,1,31,1,15,0,0,358,605,9,0,145,205074736611832,205074743129263,6.8815039999999996,6.5542889999999998,9.0000000000000006e-05,0.038119999999999266,205074736611762,205074743165971,0,0,1,0,0
558,9.3166675567626953,6.4770459999999996,0,9.6884340000000009,32,32,30,197652,0,0,389,1,0,150,1,3.1793480000000001,0.20566200000000001,31,31,1,31,1,15,0,0,358,605,9,0,145,205074746110583,205074752589041,6.8435160000000002,6.5214080000000001,9.0000000000000006e-05,0.044272000000000311,205074746110512,205074752631840,0,0,1,0,0
559,9.3333339691162109,7.5642560000000003,0,10.593124,32,32,30,198045,0,0,393,1,0,181,1,3.0023590000000002,0.20213600000000001,31,31,1,31,1,15,0,0,358,605,9,0,145,205074755802993,205074763368872,7.9227340000000002,7.6144489999999996,0.0001,0.050092999999999499,205074755802933,205074763417262,0,0,1,0,0
560,9.3500003814697266,7.7498610000000001,0,10.841195000000001,32,32,30,198436,0,0,391,1,0,185,1,3.0586229999999999,0.206062,31,31,1,31,1,15,0,0,358,605,9,0,145,205074766400205,205074774151739,8.1175110000000004,7.8001339999999999,0.0001,0.050173000000000023,205074766400135,205074774200169,0,0,1,0,0
561,9.3666667938232422,7.7385400000000004,0,10.845744,32,32,30,198835,0,0,399,1,0,185,1,3.0689829999999998,0.20160500000000001,31,31,1,31,1,15,0,0,358,605,9,0,145,205074777245528,205074784985591,8.0916289999999993,7.7826820000000003,8.0000000000000007e-05,0.044062000000000268,205074777245468,205074785028050,0,0,1,0,0
562,9.3833341598510742,7.1414799999999996,0,10.477320000000001,32,32,30,199225,0,0,390,1,0,168,1,3.3098109999999998,0.20696400000000001,31,31,1,31,1,15,0,0,358,605,9,0,145,205074788096492,205074795239846,7.5045140000000004,7.1894600000000004,0.000101,0.047879000000000893,205074788096411,205074795285781,0,0,1,0,0
563,9.4000005722045898,7.7528059999999996,0,11.187048000000001,32,32,30,199624,0,0,399,1,0,185,1,3.3953199999999999,0.201545,31,31,1,31,1,15,0,0,358,605,9,0,145,205074798577808,205074806332077,8.1260519999999996,7.7984809999999998,9.0000000000000006e-05,0.045584999999999987,205074798577738,205074806376139,0,0,1,0,0
564,9.4166669845581055,7.718102,0,10.902979999999999,32,32,30,200014,0,0,390,1,0,185,1,3.1557539999999999,0.203628,31,31,1,31,1,15,0,0,358,605,9,0,145,205074809771288,205074817491384,8.0645679999999995,7.7678240000000001,0.00012,0.049602000000000146,205074809771198,205074817538922,0,0,1,0,0
565,9.4333333969116211,6.514335,0,9.5691509999999997,32,32,30,200406,0,0,392,1,0,151,1,3.0235989999999999,0.21158399999999999,31,31,1,31,1,15,0,0,358,605,9,0,145,205074820678957,205074827195055,6.8877769999999998,6.5717220000000003,9.0000000000000006e-05,0.057297000000000153,205074820678887,205074827250438,0,0,1,0,0
566,9.4500007629394531,7.7856579999999997,0,10.903791,32,32,30,200796,0,0,390,1,0,186,1,3.0817269999999999,0.203068,31,31,1,31,1,15,0,0,358,605,9,0,145,205074830253659,205074838040990,8.1742679999999996,7.8355300000000003,0.0001,0.049772000000000816,205074830253589,205074838088989,0,0,1,0,0
567,9.4666671752929688,6.3881610000000002,0,9.55748,32,32,30,201188,0,0,392,1,0,149,1,3.1431110000000002,0.19819899999999999,31,31,1,31,1,15,0,0,358,605,9,0,145,205074841161598,205074847551282,6.7503780000000004,6.432563,0.0001,0.044302000000000064,205074841161528,205074847593991,0,0,1,0,0
568,9.4833335876464844,6.4162030000000003,0,9.2902330000000006,32,32,30,201573,0,0,385,1,0,149,1,2.845307,0.20444999999999999,31,31,1,31,1,15,0,0,358,605,9,0,145,205074850723456,205074857141252,6.7413809999999996,6.4612160000000003,0.0001,0.044913000000000203,205074850723386,205074857184502,0,0,1,0,0
569,9.5000009536743164,7.7727339999999998,0,10.760816,32,32,30,201965,0,0,392,1,0,186,1,2.9612129999999999,0.19683500000000001,31,31,1,31,1,15,0,0,358,605,9,0,145,205074860017457,205074867791693,8.1231779999999993,7.8166960000000003,8.1000000000000004e-05,0.043881000000000725,205074860017387,205074867834002,0,0,1,0,0
570,9.516667366027832,6.3673310000000001,0,9.3650719999999996,32,32,30,202352,0,0,387,1,0,148,1,2.9717519999999999,0.203789,31,31,1,31,1,15,0,0,358,605,9,0,145,205074870782280,205074877151004,6.7479360000000002,6.4151509999999998,8.0000000000000007e-05,0.047740000000000116,205074870782220,205074877197290,0,0,1,0,0
571,9.5333337783813477,7.7032740000000004,0,10.930572,32,32,30,202746,0,0,394,1,0,184,1,3.1991839999999998,0.20462,31,31,1,31,1,15,0,0,358,605,9,0,145,205074880151119,205074887855756,8.1384360000000004,7.7404440000000001,9.0000000000000006e-05,0.037079999999999558,205074880151059,205074887891412,0,0,1,0,0
572,9.5500001907348633,7.7952050000000002,0,10.745948,32,32,30,203136,0,0,390,1,0,186,1,2.9246349999999999,0.197187,31,31,1,31,1,15,0,0,358,605,9,0,145,205074891085738,205074898882546,8.1532680000000006,7.8454189999999997,8.0000000000000007e-05,0.050133999999999901,205074891085678,205074898931027,0,0,1,0,0
573,9.5666675567626953,7.7603309999999999,0,10.740398000000001,32,32,30,203531,0,0,395,1,0,185,1,2.952877,0.19634499999999999,31,31,1,31,1,15,0,0,358,605,9,0,145,205074901835544,205074909597337,8.1303079999999994,7.8042319999999998,9.0000000000000006e-05,0.043810999999999822,205074901835474,205074909639625,0,0,1,0,0
574,9.5833339691162109,7.7807880000000003,0,10.464626000000001,32,32,30,203923,0,0,392,1,0,185,1,2.6334029999999999,0.197297,31,31,1,31,1,15,0,0,358,605,9,0,145,205074912579869,205074920362100,8.1525359999999996,7.8253110000000001,9.0000000000000006e-05,0.044432999999999723,205074912579809,205074920405030,0,0,1,0,0
575,9.6000003814697266,7.6467299999999998,0,10.678513000000001,32,32,30,204317,0,0,394,1,0,185,1,3.0052349999999999,0.20371900000000001,31,31,1,31,1,15,0,0,358,605,9,0,145,205074923050175,205074930698618,7.974151,7.6940770000000001,0.00011,0.047236999999999973,205074923050105,205074930744052,0,0,1,0,0
576,9.6166667938232422,7.1532419999999997,0,10.115567,32,32,30,204710,0,0,393,1,0,168,1,2.9368379999999998,0.199571,31,31,1,31,1,15,0,0,358,605,9,0,145,205074933732786,205074940887541,7.5458360000000004,7.1971340000000001,8.0000000000000007e-05,0.04381200000000085,205074933732726,205074940929779,0,0,1,0,0
577,9.6333341598510742,7.8235479999999997,0,10.936392,32,32,30,205109,0,0,399,1,0,186,1,3.07802,0.221442,31,31,1,31,1,15,0,0,358,605,9,0,145,205074943852430,205074951677431,8.1807490000000005,7.8771880000000003,9.0000000000000006e-05,0.053550000000000431,205074943852360,205074951729448,0,0,1,0,0
578,9.6500005722045898,7.3238390000000004,0,10.495403,32,32,30,205498,0,0,389,1,0,174,1,3.1455150000000001,0.20666399999999999,31,31,1,31,1,15,0,0,358,605,9,0,145,205074954793091,205074962118593,7.6946849999999998,7.3647460000000002,0.00011,0.040796999999999528,205074954793010,205074962157655,0,0,1,0,0
579,9.6666669845581055,7.7255159999999998,0,11.100808000000001,32,32,30,205895,0,0,397,1,0,184,1,3.3425820000000002,0.206924,31,31,1,31,1,15,0,0,358,605,9,0,145,205074965292350,205074973019319,8.0870090000000001,7.779045,9.0000000000000006e-05,0.053439000000000014,205074965292290,205074973071245,0,0,1,0,0
580,9.6833333969116211,7.8060450000000001,0,11.313373,32,32,30,206287,0,0,392,1,0,185,1,3.4741460000000002,0.20003199999999999,31,31,1,31,1,15,0,0,358,605,9,0,145,205074976397546,205074984205105,8.1558840000000004,7.8503579999999999,6.9999999999999994e-05,0.04424299999999981,205074976397486,205074984247764,0,0,1,0,0
581,9.7000007629394531,6.5751989999999996,0,9.5758840000000003,32,32,30,206680,0,0,393,1,0,151,1,2.974367,0.20454,31,31,1,31,1,15,0,0,358,605,9,0,145,205074987715017,205074994291668,6.9726660000000003,6.6195300000000001,0.0001,0.044231000000000797,205074987714957,205074994334367,0,0,1,0,0
582,9.7166671752929688,7.9019339999999998,0,10.901007,32,32,30,207065,0,0,385,1,0,186,1,2.9694880000000001,0.203017,31,31,1,31,1,15,0,0,358,605,9,0,145,205074997310167,205075005213914,8.3041940000000007,7.9450440000000002,0.000101,0.043009000000000519,205074997310097,205075005255040,0,0,1,0,0
583,9.7333335876464844,7.9427289999999999,0,11.057217,32,32,30,207461,0,0,396,1,0,186,1,3.0867650000000002,0.196996,31,31,1,31,1,15,0,0,358,605,9,0,145,205075008215251,205075016159513,8.3476870000000005,7.980931,0.000101,0.038101000000000163,205075008215181,205075016196011,0,0,1,0,0
584,9.7500009536743164,7.8265130000000003,0,10.936522,32,32,30,207852,0,0,391,1,0,186,1,3.077779,0.20139399999999999,31,31,1,31,1,15,0,0,358,605,9,0,145,205075019276465,205075027104471,8.2093059999999998,7.8630009999999997,9.0000000000000006e-05,0.036397999999999264,205075019276405,205075027139326,0,0,1,0,0
585,9.766667366027832,6.5654500000000002,0,9.8193669999999997,32,32,30,208246,0,0,394,1,0,152,1,3.219042,0.21204400000000001,31,31,1,31,1,15,0,0,358,605,9,0,145,205075030217386,205075036784479,6.8776529999999996,6.6232579999999999,0.00011,0.057697999999999361,205075030217315,205075036840433,0,0,1,0,0
586,9.7833337783813477,7.8235469999999996,0,10.853799,32,32,30,208636,0,0,390,1,0,185,1,3.0017079999999998,0.20589299999999999,31,31,1,31,1,15,0,0,358,605,9,0,145,205075040040820,205075047865970,8.2087459999999997,7.8712169999999997,9.1000000000000003e-05,0.047578999999999816,205075040040749,205075047911876,0,0,1,0,0
587,9.8000001907348633,6.4365699999999997,0,9.6804179999999995,32,32,30,209034,0,0,398,1,0,148,1,3.2069200000000002,0.21457899999999999,31,31,1,31,1,15,0,0,358,605,9,0,145,205075050898616,205075057336839,6.7734709999999998,6.4985150000000003,9.0000000000000006e-05,0.061855000000000437,205075050898556,205075057396931,0,0,1,0,0
588,9.8166675567626953,7.7389599999999996,0,11.238854,32,32,30,209428,0,0,394,1,0,185,1,3.4649990000000002,0.20311699999999999,31,31,1,31,1,15,0,0,358,605,9,0,145,205075060584003,205075068324777,8.0896729999999994,7.783544,0.00011,0.044474000000000125,205075060583923,205075068367367,0,0,1,0,0
589,9.8333339691162109,7.7523749999999998,0,10.980224,32,32,30,209821,0,0,393,1,0,185,1,3.1990440000000002,0.195824,31,31,1,31,1,15,0,0,358,605,9,0,145,205075071827667,205075079581765,8.0790410000000001,7.7906570000000004,0.0001,0.038182000000000826,205075071827586,205075079618153,0,0,1,0,0
590,9.8500003814697266,6.5589979999999999,0,9.3677170000000007,32,32,30,210212,0,0,391,1,0,151,1,2.767693,0.20325799999999999,31,31,1,31,1,15,0,0,358,605,9,0,145,205075082811948,205075089372389,6.9097549999999996,6.6043919999999998,8.0000000000000007e-05,0.045314000000000298,205075082811878,205075089416190,0,0,1,0,0
591,9.8666667938232422,7.9272200000000002,0,11.141102999999999,32,32,30,210609,0,0,397,1,0,187,1,3.171834,0.20654400000000001,31,31,1,31,1,15,0,0,358,605,9,0,145,205075092183081,205075100111715,8.3014759999999992,8.0100949999999997,8.0000000000000007e-05,0.082794999999999064,205075092183021,205075100193046,0,0,1,0,0
592,9.8833341598510742,6.5477470000000002,0,9.8525779999999994,32,32,30,211000,0,0,391,1,0,151,1,3.2607390000000001,0.20890800000000001,31,31,1,31,1,15,0,0,358,605,9,0,145,205075103328372,205075109877692,6.9141349999999999,6.6300800000000004,0.0001,0.082233000000000445,205075103328312,205075109958312,0,0,1,0,0
593,9.9000005722045898,6.5198159999999996,0,9.9463830000000009,32,32,30,211400,0,0,400,1,0,152,1,3.379089,0.21677299999999999,31,31,1,31,1,15,0,0,358,605,9,0,145,205075113185338,205075119706977,6.9087509999999996,6.6005750000000001,9.0000000000000006e-05,0.080669000000000324,205075113185268,205075119785773,0,0,1,0,0
594,9.9166669845581055,7.8140400000000003,0,11.104194,32,32,30,211792,0,0,392,1,0,186,1,3.2433869999999998,0.21523,31,31,1,31,1,15,0,0,358,605,9,0,145,205075123136560,205075130952423,8.1324500000000004,7.9125230000000002,9.0000000000000006e-05,0.098392999999999731,205075123136480,205075131048873,0,0,1,0,0
595,9.9333333969116211,7.1685610000000004,0,10.426686,32,32,30,212187,0,0,395,1,0,167,1,3.216367,0.21493000000000001,31,31,1,31,1,15,0,0,358,605,9,0,145,205075134245503,205075141415606,7.5346570000000002,7.2603520000000001,9.1000000000000003e-05,0.091699999999999449,205075134245443,205075141505684,0,0,1,0,0
596,9.9500007629394531,7.8810250000000002,0,11.075210999999999,32,32,30,212578,0,0,391,1,0,187,1,3.1422789999999998,0.211533,31,31,1,31,1,15,0,0,358,605,9,0,145,205075144676346,205075152558903,8.2423970000000004,7.9682370000000002,9.0000000000000006e-05,0.087121999999999922,205075144676285,205075152644412,0,0,1,0,0
597,9.9666671752929688,7.7923299999999998,0,10.877564,32,32,30,212975,0,0,397,1,0,187,1,3.0574720000000002,0.19802800000000001,31,31,1,31,1,15,0,0,358,605,9,0,145,205075155756305,205075163550478,8.1503259999999997,7.8546760000000004,0.000101,0.062245000000000772,205075155756225,205075163610800,0,0,1,0,0
598,9.9833335876464844,6.3858459999999999,0,9.3495740000000005,32,32,30,213365,0,0,390,1,0,149,1,2.9362059999999999,0.20563200000000001,31,31,1,31,1,15,0,0,358,605,9,0,145,205075166638546,205075173026146,6.6982670000000004,6.4290570000000002,0.0001,0.043111000000000566,205075166638476,205075173067423,0,0,1,0,0
599,10.000000953674316,7.9140560000000004,0,10.940018999999999,32,32,30,213763,0,0,398,1,0,187,1,2.9988929999999998,0.202767,31,31,1,31,1,15,0,0,358,605,9,0,145,205075175991977,205075183907486,8.3214659999999991,7.9596210000000003,8.0000000000000007e-05,0.04548500000000022,205075175991907,205075183951428,0,0,1,0,0
