========= COMPUTE-SANITIZER
========= Barrier error detected. Divergent thread(s) in warp.
=========     at void cub::CUB_200700_890_NS::DeviceSelectSweepKernel<cub::CUB_200700_890_NS::detail::device_select_policy_hub<unsigned int, unsigned int, int, (bool)0, (bool)0>::Policy900, cub::CUB_200700_890_NS::CountingInputIterator<unsigned int, long>, unsigned int *, unsigned int *, unsigned int *, cub::CUB_200700_890_NS::ScanTileState<int, (bool)1>, cub::CUB_200700_890_NS::NullType, cub::CUB_200700_890_NS::NullType, int, (bool)0, (bool)0>(T2, T3, T4, T5, T6, T7, T8, T9, int, cub::CUB_200700_890_NS::detail::vsmem_t)+0x2230
=========     by thread (64,0,0) in block (0,0,0)
=========     Saved host backtrace up to driver entry point at kernel launch time
=========         Host Frame: cuGraphLaunch [0x369c99] in libcuda.so.1
=========         Host Frame:  [0x2094a] in libcudart.so.12
=========         Host Frame: cudaGraphLaunch [0x7bf95] in libcudart.so.12
=========         Host Frame: Nv::Blast::(anonymous namespace)::DeviceStressTopology::init(CUstream_st*) [0x506ab] in gpu_resident_stress_test
=========         Host Frame: Nv::Blast::(anonymous namespace)::ExtStressGpuSolverImpl::enableDeviceTopology() [0x50ca7] in gpu_resident_stress_test
=========         Host Frame: (anonymous namespace)::columns(unsigned int, bool) [0x8a59] in gpu_resident_stress_test
=========         Host Frame: main [0x71da] in gpu_resident_stress_test
========= 
========= Barrier error detected. Divergent thread(s) in warp.
=========     at void cub::CUB_200700_890_NS::DeviceSelectSweepKernel<cub::CUB_200700_890_NS::detail::device_select_policy_hub<unsigned int, unsigned int, int, (bool)0, (bool)0>::Policy900, cub::CUB_200700_890_NS::CountingInputIterator<unsigned int, long>, unsigned int *, unsigned int *, unsigned int *, cub::CUB_200700_890_NS::ScanTileState<int, (bool)1>, cub::CUB_200700_890_NS::NullType, cub::CUB_200700_890_NS::NullType, int, (bool)0, (bool)0>(T2, T3, T4, T5, T6, T7, T8, T9, int, cub::CUB_200700_890_NS::detail::vsmem_t)+0x2230
=========     by thread (65,0,0) in block (0,0,0)
=========     Saved host backtrace up to driver entry point at kernel launch time
=========         Host Frame: cuGraphLaunch [0x369c99] in libcuda.so.1
=========         Host Frame:  [0x2094a] in libcudart.so.12
=========         Host Frame: cudaGraphLaunch [0x7bf95] in libcudart.so.12
=========         Host Frame: Nv::Blast::(anonymous namespace)::DeviceStressTopology::init(CUstream_st*) [0x506ab] in gpu_resident_stress_test
=========         Host Frame: Nv::Blast::(anonymous namespace)::ExtStressGpuSolverImpl::enableDeviceTopology() [0x50ca7] in gpu_resident_stress_test
=========         Host Frame: (anonymous namespace)::columns(unsigned int, bool) [0x8a59] in gpu_resident_stress_test
=========         Host Frame: main [0x71da] in gpu_resident_stress_test
========= 
========= Barrier error detected. Divergent thread(s) in warp.
=========     at void cub::CUB_200700_890_NS::DeviceSelectSweepKernel<cub::CUB_200700_890_NS::detail::device_select_policy_hub<unsigned int, unsigned int, int, (bool)0, (bool)0>::Policy900, cub::CUB_200700_890_NS::CountingInputIterator<unsigned int, long>, unsigned int *, unsigned int *, unsigned int *, cub::CUB_200700_890_NS::ScanTileState<int, (bool)1>, cub::CUB_200700_890_NS::NullType, cub::CUB_200700_890_NS::NullType, int, (bool)0, (bool)0>(T2, T3, T4, T5, T6, T7, T8, T9, int, cub::CUB_200700_890_NS::detail::vsmem_t)+0x2230
=========     by thread (66,0,0) in block (0,0,0)
=========     Saved host backtrace up to driver entry point at kernel launch time
=========         Host Frame: cuGraphLaunch [0x369c99] in libcuda.so.1
=========         Host Frame:  [0x2094a] in libcudart.so.12
=========         Host Frame: cudaGraphLaunch [0x7bf95] in libcudart.so.12
=========         Host Frame: Nv::Blast::(anonymous namespace)::DeviceStressTopology::init(CUstream_st*) [0x506ab] in gpu_resident_stress_test
=========         Host Frame: Nv::Blast::(anonymous namespace)::ExtStressGpuSolverImpl::enableDeviceTopology() [0x50ca7] in gpu_resident_stress_test
=========         Host Frame: (anonymous namespace)::columns(unsigned int, bool) [0x8a59] in gpu_resident_stress_test
=========         Host Frame: main [0x71da] in gpu_resident_stress_test
========= 
========= Barrier error detected. Divergent thread(s) in warp.
=========     at void cub::CUB_200700_890_NS::DeviceSelectSweepKernel<cub::CUB_200700_890_NS::detail::device_select_policy_hub<unsigned int, unsigned int, int, (bool)0, (bool)0>::Policy900, cub::CUB_200700_890_NS::CountingInputIterator<unsigned int, long>, unsigned int *, unsigned int *, unsigned int *, cub::CUB_200700_890_NS::ScanTileState<int, (bool)1>, cub::CUB_200700_890_NS::NullType, cub::CUB_200700_890_NS::NullType, int, (bool)0, (bool)0>(T2, T3, T4, T5, T6, T7, T8, T9, int, cub::CUB_200700_890_NS::detail::vsmem_t)+0x2230
=========     by thread (67,0,0) in block (0,0,0)
=========     Saved host backtrace up to driver entry point at kernel launch time
=========         Host Frame: cuGraphLaunch [0x369c99] in libcuda.so.1
=========         Host Frame:  [0x2094a] in libcudart.so.12
=========         Host Frame: cudaGraphLaunch [0x7bf95] in libcudart.so.12
=========         Host Frame: Nv::Blast::(anonymous namespace)::DeviceStressTopology::init(CUstream_st*) [0x506ab] in gpu_resident_stress_test
=========         Host Frame: Nv::Blast::(anonymous namespace)::ExtStressGpuSolverImpl::enableDeviceTopology() [0x50ca7] in gpu_resident_stress_test
=========         Host Frame: (anonymous namespace)::columns(unsigned int, bool) [0x8a59] in gpu_resident_stress_test
=========         Host Frame: main [0x71da] in gpu_resident_stress_test
========= 
========= Barrier error detected. Divergent thread(s) in warp.
=========     at void cub::CUB_200700_890_NS::DeviceSelectSweepKernel<cub::CUB_200700_890_NS::detail::device_select_policy_hub<unsigned int, unsigned int, int, (bool)0, (bool)0>::Policy900, cub::CUB_200700_890_NS::CountingInputIterator<unsigned int, long>, unsigned int *, unsigned int *, unsigned int *, cub::CUB_200700_890_NS::ScanTileState<int, (bool)1>, cub::CUB_200700_890_NS::NullType, cub::CUB_200700_890_NS::NullType, int, (bool)0, (bool)0>(T2, T3, T4, T5, T6, T7, T8, T9, int, cub::CUB_200700_890_NS::detail::vsmem_t)+0x2230
=========     by thread (68,0,0) in block (0,0,0)
=========     Saved host backtrace up to driver entry point at kernel launch time
=========         Host Frame: cuGraphLaunch [0x369c99] in libcuda.so.1
=========         Host Frame:  [0x2094a] in libcudart.so.12
=========         Host Frame: cudaGraphLaunch [0x7bf95] in libcudart.so.12
=========         Host Frame: Nv::Blast::(anonymous namespace)::DeviceStressTopology::init(CUstream_st*) [0x506ab] in gpu_resident_stress_test
=========         Host Frame: Nv::Blast::(anonymous namespace)::ExtStressGpuSolverImpl::enableDeviceTopology() [0x50ca7] in gpu_resident_stress_test
=========         Host Frame: (anonymous namespace)::columns(unsigned int, bool) [0x8a59] in gpu_resident_stress_test
=========         Host Frame: main [0x71da] in gpu_resident_stress_test
========= 
========= Barrier error detected. Divergent thread(s) in warp.
=========     at void cub::CUB_200700_890_NS::DeviceSelectSweepKernel<cub::CUB_200700_890_NS::detail::device_select_policy_hub<unsigned int, unsigned int, int, (bool)0, (bool)0>::Policy900, cub::CUB_200700_890_NS::CountingInputIterator<unsigned int, long>, unsigned int *, unsigned int *, unsigned int *, cub::CUB_200700_890_NS::ScanTileState<int, (bool)1>, cub::CUB_200700_890_NS::NullType, cub::CUB_200700_890_NS::NullType, int, (bool)0, (bool)0>(T2, T3, T4, T5, T6, T7, T8, T9, int, cub::CUB_200700_890_NS::detail::vsmem_t)+0x2230
=========     by thread (69,0,0) in block (0,0,0)
=========     Saved host backtrace up to driver entry point at kernel launch time
=========         Host Frame: cuGraphLaunch [0x369c99] in libcuda.so.1
=========         Host Frame:  [0x2094a] in libcudart.so.12
=========         Host Frame: cudaGraphLaunch [0x7bf95] in libcudart.so.12
=========         Host Frame: Nv::Blast::(anonymous namespace)::DeviceStressTopology::init(CUstream_st*) [0x506ab] in gpu_resident_stress_test
=========         Host Frame: Nv::Blast::(anonymous namespace)::ExtStressGpuSolverImpl::enableDeviceTopology() [0x50ca7] in gpu_resident_stress_test
=========         Host Frame: (anonymous namespace)::columns(unsigned int, bool) [0x8a59] in gpu_resident_stress_test
=========         Host Frame: main [0x71da] in gpu_resident_stress_test
========= 
========= Barrier error detected. Divergent thread(s) in warp.
=========     at void cub::CUB_200700_890_NS::DeviceSelectSweepKernel<cub::CUB_200700_890_NS::detail::device_select_policy_hub<unsigned int, unsigned int, int, (bool)0, (bool)0>::Policy900, cub::CUB_200700_890_NS::CountingInputIterator<unsigned int, long>, unsigned int *, unsigned int *, unsigned int *, cub::CUB_200700_890_NS::ScanTileState<int, (bool)1>, cub::CUB_200700_890_NS::NullType, cub::CUB_200700_890_NS::NullType, int, (bool)0, (bool)0>(T2, T3, T4, T5, T6, T7, T8, T9, int, cub::CUB_200700_890_NS::detail::vsmem_t)+0x2230
=========     by thread (70,0,0) in block (0,0,0)
=========     Saved host backtrace up to driver entry point at kernel launch time
=========         Host Frame: cuGraphLaunch [0x369c99] in libcuda.so.1
=========         Host Frame:  [0x2094a] in libcudart.so.12
=========         Host Frame: cudaGraphLaunch [0x7bf95] in libcudart.so.12
=========         Host Frame: Nv::Blast::(anonymous namespace)::DeviceStressTopology::init(CUstream_st*) [0x506ab] in gpu_resident_stress_test
=========         Host Frame: Nv::Blast::(anonymous namespace)::ExtStressGpuSolverImpl::enableDeviceTopology() [0x50ca7] in gpu_resident_stress_test
=========         Host Frame: (anonymous namespace)::columns(unsigned int, bool) [0x8a59] in gpu_resident_stress_test
=========         Host Frame: main [0x71da] in gpu_resident_stress_test
========= 
========= Barrier error detected. Divergent thread(s) in warp.
=========     at void cub::CUB_200700_890_NS::DeviceSelectSweepKernel<cub::CUB_200700_890_NS::detail::device_select_policy_hub<unsigned int, unsigned int, int, (bool)0, (bool)0>::Policy900, cub::CUB_200700_890_NS::CountingInputIterator<unsigned int, long>, unsigned int *, unsigned int *, unsigned int *, cub::CUB_200700_890_NS::ScanTileState<int, (bool)1>, cub::CUB_200700_890_NS::NullType, cub::CUB_200700_890_NS::NullType, int, (bool)0, (bool)0>(T2, T3, T4, T5, T6, T7, T8, T9, int, cub::CUB_200700_890_NS::detail::vsmem_t)+0x2230
=========     by thread (71,0,0) in block (0,0,0)
=========     Saved host backtrace up to driver entry point at kernel launch time
=========         Host Frame: cuGraphLaunch [0x369c99] in libcuda.so.1
=========         Host Frame:  [0x2094a] in libcudart.so.12
=========         Host Frame: cudaGraphLaunch [0x7bf95] in libcudart.so.12
=========         Host Frame: Nv::Blast::(anonymous namespace)::DeviceStressTopology::init(CUstream_st*) [0x506ab] in gpu_resident_stress_test
=========         Host Frame: Nv::Blast::(anonymous namespace)::ExtStressGpuSolverImpl::enableDeviceTopology() [0x50ca7] in gpu_resident_stress_test
=========         Host Frame: (anonymous namespace)::columns(unsigned int, bool) [0x8a59] in gpu_resident_stress_test
=========         Host Frame: main [0x71da] in gpu_resident_stress_test
========= 
========= Barrier error detected. Divergent thread(s) in warp.
=========     at void cub::CUB_200700_890_NS::DeviceSelectSweepKernel<cub::CUB_200700_890_NS::detail::device_select_policy_hub<unsigned int, unsigned int, int, (bool)0, (bool)0>::Policy900, cub::CUB_200700_890_NS::CountingInputIterator<unsigned int, long>, unsigned int *, unsigned int *, unsigned int *, cub::CUB_200700_890_NS::ScanTileState<int, (bool)1>, cub::CUB_200700_890_NS::NullType, cub::CUB_200700_890_NS::NullType, int, (bool)0, (bool)0>(T2, T3, T4, T5, T6, T7, T8, T9, int, cub::CUB_200700_890_NS::detail::vsmem_t)+0x2230
=========     by thread (72,0,0) in block (0,0,0)
=========     Saved host backtrace up to driver entry point at kernel launch time
=========         Host Frame: cuGraphLaunch [0x369c99] in libcuda.so.1
=========         Host Frame:  [0x2094a] in libcudart.so.12
=========         Host Frame: cudaGraphLaunch [0x7bf95] in libcudart.so.12
=========         Host Frame: Nv::Blast::(anonymous namespace)::DeviceStressTopology::init(CUstream_st*) [0x506ab] in gpu_resident_stress_test
=========         Host Frame: Nv::Blast::(anonymous namespace)::ExtStressGpuSolverImpl::enableDeviceTopology() [0x50ca7] in gpu_resident_stress_test
=========         Host Frame: (anonymous namespace)::columns(unsigned int, bool) [0x8a59] in gpu_resident_stress_test
=========         Host Frame: main [0x71da] in gpu_resident_stress_test
========= 
========= Barrier error detected. Divergent thread(s) in warp.
=========     at void cub::CUB_200700_890_NS::DeviceSelectSweepKernel<cub::CUB_200700_890_NS::detail::device_select_policy_hub<unsigned int, unsigned int, int, (bool)0, (bool)0>::Policy900, cub::CUB_200700_890_NS::CountingInputIterator<unsigned int, long>, unsigned int *, unsigned int *, unsigned int *, cub::CUB_200700_890_NS::ScanTileState<int, (bool)1>, cub::CUB_200700_890_NS::NullType, cub::CUB_200700_890_NS::NullType, int, (bool)0, (bool)0>(T2, T3, T4, T5, T6, T7, T8, T9, int, cub::CUB_200700_890_NS::detail::vsmem_t)+0x2230
=========     by thread (73,0,0) in block (0,0,0)
=========     Saved host backtrace up to driver entry point at kernel launch time
=========         Host Frame: cuGraphLaunch [0x369c99] in libcuda.so.1
=========         Host Frame:  [0x2094a] in libcudart.so.12
=========         Host Frame: cudaGraphLaunch [0x7bf95] in libcudart.so.12
=========         Host Frame: Nv::Blast::(anonymous namespace)::DeviceStressTopology::init(CUstream_st*) [0x506ab] in gpu_resident_stress_test
=========         Host Frame: Nv::Blast::(anonymous namespace)::ExtStressGpuSolverImpl::enableDeviceTopology() [0x50ca7] in gpu_resident_stress_test
=========         Host Frame: (anonymous namespace)::columns(unsigned int, bool) [0x8a59] in gpu_resident_stress_test
=========         Host Frame: main [0x71da] in gpu_resident_stress_test
========= 
========= Barrier error detected. Divergent thread(s) in warp.
=========     at void cub::CUB_200700_890_NS::DeviceSelectSweepKernel<cub::CUB_200700_890_NS::detail::device_select_policy_hub<unsigned int, unsigned int, int, (bool)0, (bool)0>::Policy900, cub::CUB_200700_890_NS::CountingInputIterator<unsigned int, long>, unsigned int *, unsigned int *, unsigned int *, cub::CUB_200700_890_NS::ScanTileState<int, (bool)1>, cub::CUB_200700_890_NS::NullType, cub::CUB_200700_890_NS::NullType, int, (bool)0, (bool)0>(T2, T3, T4, T5, T6, T7, T8, T9, int, cub::CUB_200700_890_NS::detail::vsmem_t)+0x2230
=========     by thread (74,0,0) in block (0,0,0)
=========     Saved host backtrace up to driver entry point at kernel launch time
=========         Host Frame: cuGraphLaunch [0x369c99] in libcuda.so.1
=========         Host Frame:  [0x2094a] in libcudart.so.12
=========         Host Frame: cudaGraphLaunch [0x7bf95] in libcudart.so.12
=========         Host Frame: Nv::Blast::(anonymous namespace)::DeviceStressTopology::init(CUstream_st*) [0x506ab] in gpu_resident_stress_test
=========         Host Frame: Nv::Blast::(anonymous namespace)::ExtStressGpuSolverImpl::enableDeviceTopology() [0x50ca7] in gpu_resident_stress_test
=========         Host Frame: (anonymous namespace)::columns(unsigned int, bool) [0x8a59] in gpu_resident_stress_test
=========         Host Frame: main [0x71da] in gpu_resident_stress_test
========= 
========= Barrier error detected. Divergent thread(s) in warp.
=========     at void cub::CUB_200700_890_NS::DeviceSelectSweepKernel<cub::CUB_200700_890_NS::detail::device_select_policy_hub<unsigned int, unsigned int, int, (bool)0, (bool)0>::Policy900, cub::CUB_200700_890_NS::CountingInputIterator<unsigned int, long>, unsigned int *, unsigned int *, unsigned int *, cub::CUB_200700_890_NS::ScanTileState<int, (bool)1>, cub::CUB_200700_890_NS::NullType, cub::CUB_200700_890_NS::NullType, int, (bool)0, (bool)0>(T2, T3, T4, T5, T6, T7, T8, T9, int, cub::CUB_200700_890_NS::detail::vsmem_t)+0x2230
=========     by thread (75,0,0) in block (0,0,0)
=========     Saved host backtrace up to driver entry point at kernel launch time
=========         Host Frame: cuGraphLaunch [0x369c99] in libcuda.so.1
=========         Host Frame:  [0x2094a] in libcudart.so.12
=========         Host Frame: cudaGraphLaunch [0x7bf95] in libcudart.so.12
=========         Host Frame: Nv::Blast::(anonymous namespace)::DeviceStressTopology::init(CUstream_st*) [0x506ab] in gpu_resident_stress_test
=========         Host Frame: Nv::Blast::(anonymous namespace)::ExtStressGpuSolverImpl::enableDeviceTopology() [0x50ca7] in gpu_resident_stress_test
=========         Host Frame: (anonymous namespace)::columns(unsigned int, bool) [0x8a59] in gpu_resident_stress_test
=========         Host Frame: main [0x71da] in gpu_resident_stress_test
========= 
========= Barrier error detected. Divergent thread(s) in warp.
=========     at void cub::CUB_200700_890_NS::DeviceSelectSweepKernel<cub::CUB_200700_890_NS::detail::device_select_policy_hub<unsigned int, unsigned int, int, (bool)0, (bool)0>::Policy900, cub::CUB_200700_890_NS::CountingInputIterator<unsigned int, long>, unsigned int *, unsigned int *, unsigned int *, cub::CUB_200700_890_NS::ScanTileState<int, (bool)1>, cub::CUB_200700_890_NS::NullType, cub::CUB_200700_890_NS::NullType, int, (bool)0, (bool)0>(T2, T3, T4, T5, T6, T7, T8, T9, int, cub::CUB_200700_890_NS::detail::vsmem_t)+0x2230
=========     by thread (76,0,0) in block (0,0,0)
=========     Saved host backtrace up to driver entry point at kernel launch time
=========         Host Frame: cuGraphLaunch [0x369c99] in libcuda.so.1
=========         Host Frame:  [0x2094a] in libcudart.so.12
=========         Host Frame: cudaGraphLaunch [0x7bf95] in libcudart.so.12
=========         Host Frame: Nv::Blast::(anonymous namespace)::DeviceStressTopology::init(CUstream_st*) [0x506ab] in gpu_resident_stress_test
=========         Host Frame: Nv::Blast::(anonymous namespace)::ExtStressGpuSolverImpl::enableDeviceTopology() [0x50ca7] in gpu_resident_stress_test
=========         Host Frame: (anonymous namespace)::columns(unsigned int, bool) [0x8a59] in gpu_resident_stress_test
=========         Host Frame: main [0x71da] in gpu_resident_stress_test
========= 
========= Barrier error detected. Divergent thread(s) in warp.
=========     at void cub::CUB_200700_890_NS::DeviceSelectSweepKernel<cub::CUB_200700_890_NS::detail::device_select_policy_hub<unsigned int, unsigned int, int, (bool)0, (bool)0>::Policy900, cub::CUB_200700_890_NS::CountingInputIterator<unsigned int, long>, unsigned int *, unsigned int *, unsigned int *, cub::CUB_200700_890_NS::ScanTileState<int, (bool)1>, cub::CUB_200700_890_NS::NullType, cub::CUB_200700_890_NS::NullType, int, (bool)0, (bool)0>(T2, T3, T4, T5, T6, T7, T8, T9, int, cub::CUB_200700_890_NS::detail::vsmem_t)+0x2230
=========     by thread (77,0,0) in block (0,0,0)
=========     Saved host backtrace up to driver entry point at kernel launch time
=========         Host Frame: cuGraphLaunch [0x369c99] in libcuda.so.1
=========         Host Frame:  [0x2094a] in libcudart.so.12
=========         Host Frame: cudaGraphLaunch [0x7bf95] in libcudart.so.12
=========         Host Frame: Nv::Blast::(anonymous namespace)::DeviceStressTopology::init(CUstream_st*) [0x506ab] in gpu_resident_stress_test
=========         Host Frame: Nv::Blast::(anonymous namespace)::ExtStressGpuSolverImpl::enableDeviceTopology() [0x50ca7] in gpu_resident_stress_test
=========         Host Frame: (anonymous namespace)::columns(unsigned int, bool) [0x8a59] in gpu_resident_stress_test
=========         Host Frame: main [0x71da] in gpu_resident_stress_test
========= 
========= Barrier error detected. Divergent thread(s) in warp.
=========     at void cub::CUB_200700_890_NS::DeviceSelectSweepKernel<cub::CUB_200700_890_NS::detail::device_select_policy_hub<unsigned int, unsigned int, int, (bool)0, (bool)0>::Policy900, cub::CUB_200700_890_NS::CountingInputIterator<unsigned int, long>, unsigned int *, unsigned int *, unsigned int *, cub::CUB_200700_890_NS::ScanTileState<int, (bool)1>, cub::CUB_200700_890_NS::NullType, cub::CUB_200700_890_NS::NullType, int, (bool)0, (bool)0>(T2, T3, T4, T5, T6, T7, T8, T9, int, cub::CUB_200700_890_NS::detail::vsmem_t)+0x2230
=========     by thread (78,0,0) in block (0,0,0)
=========     Saved host backtrace up to driver entry point at kernel launch time
=========         Host Frame: cuGraphLaunch [0x369c99] in libcuda.so.1
=========         Host Frame:  [0x2094a] in libcudart.so.12
=========         Host Frame: cudaGraphLaunch [0x7bf95] in libcudart.so.12
=========         Host Frame: Nv::Blast::(anonymous namespace)::DeviceStressTopology::init(CUstream_st*) [0x506ab] in gpu_resident_stress_test
=========         Host Frame: Nv::Blast::(anonymous namespace)::ExtStressGpuSolverImpl::enableDeviceTopology() [0x50ca7] in gpu_resident_stress_test
=========         Host Frame: (anonymous namespace)::columns(unsigned int, bool) [0x8a59] in gpu_resident_stress_test
=========         Host Frame: main [0x71da] in gpu_resident_stress_test
========= 
========= Barrier error detected. Divergent thread(s) in warp.
=========     at void cub::CUB_200700_890_NS::DeviceSelectSweepKernel<cub::CUB_200700_890_NS::detail::device_select_policy_hub<unsigned int, unsigned int, int, (bool)0, (bool)0>::Policy900, cub::CUB_200700_890_NS::CountingInputIterator<unsigned int, long>, unsigned int *, unsigned int *, unsigned int *, cub::CUB_200700_890_NS::ScanTileState<int, (bool)1>, cub::CUB_200700_890_NS::NullType, cub::CUB_200700_890_NS::NullType, int, (bool)0, (bool)0>(T2, T3, T4, T5, T6, T7, T8, T9, int, cub::CUB_200700_890_NS::detail::vsmem_t)+0x2230
=========     by thread (79,0,0) in block (0,0,0)
=========     Saved host backtrace up to driver entry point at kernel launch time
=========         Host Frame: cuGraphLaunch [0x369c99] in libcuda.so.1
=========         Host Frame:  [0x2094a] in libcudart.so.12
=========         Host Frame: cudaGraphLaunch [0x7bf95] in libcudart.so.12
=========         Host Frame: Nv::Blast::(anonymous namespace)::DeviceStressTopology::init(CUstream_st*) [0x506ab] in gpu_resident_stress_test
=========         Host Frame: Nv::Blast::(anonymous namespace)::ExtStressGpuSolverImpl::enableDeviceTopology() [0x50ca7] in gpu_resident_stress_test
=========         Host Frame: (anonymous namespace)::columns(unsigned int, bool) [0x8a59] in gpu_resident_stress_test
=========         Host Frame: main [0x71da] in gpu_resident_stress_test
========= 
========= Barrier error detected. Divergent thread(s) in warp.
=========     at void cub::CUB_200700_890_NS::DeviceSelectSweepKernel<cub::CUB_200700_890_NS::detail::device_select_policy_hub<unsigned int, unsigned int, int, (bool)0, (bool)0>::Policy900, cub::CUB_200700_890_NS::CountingInputIterator<unsigned int, long>, unsigned int *, unsigned int *, unsigned int *, cub::CUB_200700_890_NS::ScanTileState<int, (bool)1>, cub::CUB_200700_890_NS::NullType, cub::CUB_200700_890_NS::NullType, int, (bool)0, (bool)0>(T2, T3, T4, T5, T6, T7, T8, T9, int, cub::CUB_200700_890_NS::detail::vsmem_t)+0x2230
=========     by thread (80,0,0) in block (0,0,0)
=========     Saved host backtrace up to driver entry point at kernel launch time
=========         Host Frame: cuGraphLaunch [0x369c99] in libcuda.so.1
=========         Host Frame:  [0x2094a] in libcudart.so.12
=========         Host Frame: cudaGraphLaunch [0x7bf95] in libcudart.so.12
=========         Host Frame: Nv::Blast::(anonymous namespace)::DeviceStressTopology::init(CUstream_st*) [0x506ab] in gpu_resident_stress_test
=========         Host Frame: Nv::Blast::(anonymous namespace)::ExtStressGpuSolverImpl::enableDeviceTopology() [0x50ca7] in gpu_resident_stress_test
=========         Host Frame: (anonymous namespace)::columns(unsigned int, bool) [0x8a59] in gpu_resident_stress_test
=========         Host Frame: main [0x71da] in gpu_resident_stress_test
========= 
========= Barrier error detected. Divergent thread(s) in warp.
=========     at void cub::CUB_200700_890_NS::DeviceSelectSweepKernel<cub::CUB_200700_890_NS::detail::device_select_policy_hub<unsigned int, unsigned int, int, (bool)0, (bool)0>::Policy900, cub::CUB_200700_890_NS::CountingInputIterator<unsigned int, long>, unsigned int *, unsigned int *, unsigned int *, cub::CUB_200700_890_NS::ScanTileState<int, (bool)1>, cub::CUB_200700_890_NS::NullType, cub::CUB_200700_890_NS::NullType, int, (bool)0, (bool)0>(T2, T3, T4, T5, T6, T7, T8, T9, int, cub::CUB_200700_890_NS::detail::vsmem_t)+0x2230
=========     by thread (81,0,0) in block (0,0,0)
=========     Saved host backtrace up to driver entry point at kernel launch time
=========         Host Frame: cuGraphLaunch [0x369c99] in libcuda.so.1
=========         Host Frame:  [0x2094a] in libcudart.so.12
=========         Host Frame: cudaGraphLaunch [0x7bf95] in libcudart.so.12
=========         Host Frame: Nv::Blast::(anonymous namespace)::DeviceStressTopology::init(CUstream_st*) [0x506ab] in gpu_resident_stress_test
=========         Host Frame: Nv::Blast::(anonymous namespace)::ExtStressGpuSolverImpl::enableDeviceTopology() [0x50ca7] in gpu_resident_stress_test
=========         Host Frame: (anonymous namespace)::columns(unsigned int, bool) [0x8a59] in gpu_resident_stress_test
=========         Host Frame: main [0x71da] in gpu_resident_stress_test
========= 
========= Barrier error detected. Divergent thread(s) in warp.
=========     at void cub::CUB_200700_890_NS::DeviceSelectSweepKernel<cub::CUB_200700_890_NS::detail::device_select_policy_hub<unsigned int, unsigned int, int, (bool)0, (bool)0>::Policy900, cub::CUB_200700_890_NS::CountingInputIterator<unsigned int, long>, unsigned int *, unsigned int *, unsigned int *, cub::CUB_200700_890_NS::ScanTileState<int, (bool)1>, cub::CUB_200700_890_NS::NullType, cub::CUB_200700_890_NS::NullType, int, (bool)0, (bool)0>(T2, T3, T4, T5, T6, T7, T8, T9, int, cub::CUB_200700_890_NS::detail::vsmem_t)+0x2230
=========     by thread (82,0,0) in block (0,0,0)
=========     Saved host backtrace up to driver entry point at kernel launch time
=========         Host Frame: cuGraphLaunch [0x369c99] in libcuda.so.1
=========         Host Frame:  [0x2094a] in libcudart.so.12
=========         Host Frame: cudaGraphLaunch [0x7bf95] in libcudart.so.12
=========         Host Frame: Nv::Blast::(anonymous namespace)::DeviceStressTopology::init(CUstream_st*) [0x506ab] in gpu_resident_stress_test
=========         Host Frame: Nv::Blast::(anonymous namespace)::ExtStressGpuSolverImpl::enableDeviceTopology() [0x50ca7] in gpu_resident_stress_test
=========         Host Frame: (anonymous namespace)::columns(unsigned int, bool) [0x8a59] in gpu_resident_stress_test
=========         Host Frame: main [0x71da] in gpu_resident_stress_test
========= 
========= Barrier error detected. Divergent thread(s) in warp.
=========     at void cub::CUB_200700_890_NS::DeviceSelectSweepKernel<cub::CUB_200700_890_NS::detail::device_select_policy_hub<unsigned int, unsigned int, int, (bool)0, (bool)0>::Policy900, cub::CUB_200700_890_NS::CountingInputIterator<unsigned int, long>, unsigned int *, unsigned int *, unsigned int *, cub::CUB_200700_890_NS::ScanTileState<int, (bool)1>, cub::CUB_200700_890_NS::NullType, cub::CUB_200700_890_NS::NullType, int, (bool)0, (bool)0>(T2, T3, T4, T5, T6, T7, T8, T9, int, cub::CUB_200700_890_NS::detail::vsmem_t)+0x2230
=========     by thread (83,0,0) in block (0,0,0)
=========     Saved host backtrace up to driver entry point at kernel launch time
=========         Host Frame: cuGraphLaunch [0x369c99] in libcuda.so.1
=========         Host Frame:  [0x2094a] in libcudart.so.12
=========         Host Frame: cudaGraphLaunch [0x7bf95] in libcudart.so.12
=========         Host Frame: Nv::Blast::(anonymous namespace)::DeviceStressTopology::init(CUstream_st*) [0x506ab] in gpu_resident_stress_test
=========         Host Frame: Nv::Blast::(anonymous namespace)::ExtStressGpuSolverImpl::enableDeviceTopology() [0x50ca7] in gpu_resident_stress_test
=========         Host Frame: (anonymous namespace)::columns(unsigned int, bool) [0x8a59] in gpu_resident_stress_test
=========         Host Frame: main [0x71da] in gpu_resident_stress_test
========= 
========= Barrier error detected. Divergent thread(s) in warp.
=========     at void cub::CUB_200700_890_NS::DeviceSelectSweepKernel<cub::CUB_200700_890_NS::detail::device_select_policy_hub<unsigned int, unsigned int, int, (bool)0, (bool)0>::Policy900, cub::CUB_200700_890_NS::CountingInputIterator<unsigned int, long>, unsigned int *, unsigned int *, unsigned int *, cub::CUB_200700_890_NS::ScanTileState<int, (bool)1>, cub::CUB_200700_890_NS::NullType, cub::CUB_200700_890_NS::NullType, int, (bool)0, (bool)0>(T2, T3, T4, T5, T6, T7, T8, T9, int, cub::CUB_200700_890_NS::detail::vsmem_t)+0x2230
=========     by thread (84,0,0) in block (0,0,0)
=========     Saved host backtrace up to driver entry point at kernel launch time
=========         Host Frame: cuGraphLaunch [0x369c99] in libcuda.so.1
=========         Host Frame:  [0x2094a] in libcudart.so.12
=========         Host Frame: cudaGraphLaunch [0x7bf95] in libcudart.so.12
=========         Host Frame: Nv::Blast::(anonymous namespace)::DeviceStressTopology::init(CUstream_st*) [0x506ab] in gpu_resident_stress_test
=========         Host Frame: Nv::Blast::(anonymous namespace)::ExtStressGpuSolverImpl::enableDeviceTopology() [0x50ca7] in gpu_resident_stress_test
=========         Host Frame: (anonymous namespace)::columns(unsigned int, bool) [0x8a59] in gpu_resident_stress_test
=========         Host Frame: main [0x71da] in gpu_resident_stress_test
========= 
========= Barrier error detected. Divergent thread(s) in warp.
=========     at void cub::CUB_200700_890_NS::DeviceSelectSweepKernel<cub::CUB_200700_890_NS::detail::device_select_policy_hub<unsigned int, unsigned int, int, (bool)0, (bool)0>::Policy900, cub::CUB_200700_890_NS::CountingInputIterator<unsigned int, long>, unsigned int *, unsigned int *, unsigned int *, cub::CUB_200700_890_NS::ScanTileState<int, (bool)1>, cub::CUB_200700_890_NS::NullType, cub::CUB_200700_890_NS::NullType, int, (bool)0, (bool)0>(T2, T3, T4, T5, T6, T7, T8, T9, int, cub::CUB_200700_890_NS::detail::vsmem_t)+0x2230
=========     by thread (85,0,0) in block (0,0,0)
=========     Saved host backtrace up to driver entry point at kernel launch time
=========         Host Frame: cuGraphLaunch [0x369c99] in libcuda.so.1
=========         Host Frame:  [0x2094a] in libcudart.so.12
=========         Host Frame: cudaGraphLaunch [0x7bf95] in libcudart.so.12
=========         Host Frame: Nv::Blast::(anonymous namespace)::DeviceStressTopology::init(CUstream_st*) [0x506ab] in gpu_resident_stress_test
=========         Host Frame: Nv::Blast::(anonymous namespace)::ExtStressGpuSolverImpl::enableDeviceTopology() [0x50ca7] in gpu_resident_stress_test
=========         Host Frame: (anonymous namespace)::columns(unsigned int, bool) [0x8a59] in gpu_resident_stress_test
=========         Host Frame: main [0x71da] in gpu_resident_stress_test
========= 
========= Barrier error detected. Divergent thread(s) in warp.
=========     at void cub::CUB_200700_890_NS::DeviceSelectSweepKernel<cub::CUB_200700_890_NS::detail::device_select_policy_hub<unsigned int, unsigned int, int, (bool)0, (bool)0>::Policy900, cub::CUB_200700_890_NS::CountingInputIterator<unsigned int, long>, unsigned int *, unsigned int *, unsigned int *, cub::CUB_200700_890_NS::ScanTileState<int, (bool)1>, cub::CUB_200700_890_NS::NullType, cub::CUB_200700_890_NS::NullType, int, (bool)0, (bool)0>(T2, T3, T4, T5, T6, T7, T8, T9, int, cub::CUB_200700_890_NS::detail::vsmem_t)+0x2230
=========     by thread (86,0,0) in block (0,0,0)
=========     Saved host backtrace up to driver entry point at kernel launch time
=========         Host Frame: cuGraphLaunch [0x369c99] in libcuda.so.1
=========         Host Frame:  [0x2094a] in libcudart.so.12
=========         Host Frame: cudaGraphLaunch [0x7bf95] in libcudart.so.12
=========         Host Frame: Nv::Blast::(anonymous namespace)::DeviceStressTopology::init(CUstream_st*) [0x506ab] in gpu_resident_stress_test
=========         Host Frame: Nv::Blast::(anonymous namespace)::ExtStressGpuSolverImpl::enableDeviceTopology() [0x50ca7] in gpu_resident_stress_test
=========         Host Frame: (anonymous namespace)::columns(unsigned int, bool) [0x8a59] in gpu_resident_stress_test
=========         Host Frame: main [0x71da] in gpu_resident_stress_test
========= 
========= Barrier error detected. Divergent thread(s) in warp.
=========     at void cub::CUB_200700_890_NS::DeviceSelectSweepKernel<cub::CUB_200700_890_NS::detail::device_select_policy_hub<unsigned int, unsigned int, int, (bool)0, (bool)0>::Policy900, cub::CUB_200700_890_NS::CountingInputIterator<unsigned int, long>, unsigned int *, unsigned int *, unsigned int *, cub::CUB_200700_890_NS::ScanTileState<int, (bool)1>, cub::CUB_200700_890_NS::NullType, cub::CUB_200700_890_NS::NullType, int, (bool)0, (bool)0>(T2, T3, T4, T5, T6, T7, T8, T9, int, cub::CUB_200700_890_NS::detail::vsmem_t)+0x2230
=========     by thread (87,0,0) in block (0,0,0)
=========     Saved host backtrace up to driver entry point at kernel launch time
=========         Host Frame: cuGraphLaunch [0x369c99] in libcuda.so.1
=========         Host Frame:  [0x2094a] in libcudart.so.12
=========         Host Frame: cudaGraphLaunch [0x7bf95] in libcudart.so.12
=========         Host Frame: Nv::Blast::(anonymous namespace)::DeviceStressTopology::init(CUstream_st*) [0x506ab] in gpu_resident_stress_test
=========         Host Frame: Nv::Blast::(anonymous namespace)::ExtStressGpuSolverImpl::enableDeviceTopology() [0x50ca7] in gpu_resident_stress_test
=========         Host Frame: (anonymous namespace)::columns(unsigned int, bool) [0x8a59] in gpu_resident_stress_test
=========         Host Frame: main [0x71da] in gpu_resident_stress_test
========= 
========= Barrier error detected. Divergent thread(s) in warp.
=========     at void cub::CUB_200700_890_NS::DeviceSelectSweepKernel<cub::CUB_200700_890_NS::detail::device_select_policy_hub<unsigned int, unsigned int, int, (bool)0, (bool)0>::Policy900, cub::CUB_200700_890_NS::CountingInputIterator<unsigned int, long>, unsigned int *, unsigned int *, unsigned int *, cub::CUB_200700_890_NS::ScanTileState<int, (bool)1>, cub::CUB_200700_890_NS::NullType, cub::CUB_200700_890_NS::NullType, int, (bool)0, (bool)0>(T2, T3, T4, T5, T6, T7, T8, T9, int, cub::CUB_200700_890_NS::detail::vsmem_t)+0x2230
=========     by thread (88,0,0) in block (0,0,0)
=========     Saved host backtrace up to driver entry point at kernel launch time
=========         Host Frame: cuGraphLaunch [0x369c99] in libcuda.so.1
=========         Host Frame:  [0x2094a] in libcudart.so.12
=========         Host Frame: cudaGraphLaunch [0x7bf95] in libcudart.so.12
=========         Host Frame: Nv::Blast::(anonymous namespace)::DeviceStressTopology::init(CUstream_st*) [0x506ab] in gpu_resident_stress_test
=========         Host Frame: Nv::Blast::(anonymous namespace)::ExtStressGpuSolverImpl::enableDeviceTopology() [0x50ca7] in gpu_resident_stress_test
=========         Host Frame: (anonymous namespace)::columns(unsigned int, bool) [0x8a59] in gpu_resident_stress_test
=========         Host Frame: main [0x71da] in gpu_resident_stress_test
========= 
========= Barrier error detected. Divergent thread(s) in warp.
=========     at void cub::CUB_200700_890_NS::DeviceSelectSweepKernel<cub::CUB_200700_890_NS::detail::device_select_policy_hub<unsigned int, unsigned int, int, (bool)0, (bool)0>::Policy900, cub::CUB_200700_890_NS::CountingInputIterator<unsigned int, long>, unsigned int *, unsigned int *, unsigned int *, cub::CUB_200700_890_NS::ScanTileState<int, (bool)1>, cub::CUB_200700_890_NS::NullType, cub::CUB_200700_890_NS::NullType, int, (bool)0, (bool)0>(T2, T3, T4, T5, T6, T7, T8, T9, int, cub::CUB_200700_890_NS::detail::vsmem_t)+0x2230
=========     by thread (89,0,0) in block (0,0,0)
=========     Saved host backtrace up to driver entry point at kernel launch time
=========         Host Frame: cuGraphLaunch [0x369c99] in libcuda.so.1
=========         Host Frame:  [0x2094a] in libcudart.so.12
=========         Host Frame: cudaGraphLaunch [0x7bf95] in libcudart.so.12
=========         Host Frame: Nv::Blast::(anonymous namespace)::DeviceStressTopology::init(CUstream_st*) [0x506ab] in gpu_resident_stress_test
=========         Host Frame: Nv::Blast::(anonymous namespace)::ExtStressGpuSolverImpl::enableDeviceTopology() [0x50ca7] in gpu_resident_stress_test
=========         Host Frame: (anonymous namespace)::columns(unsigned int, bool) [0x8a59] in gpu_resident_stress_test
=========         Host Frame: main [0x71da] in gpu_resident_stress_test
========= 
========= Barrier error detected. Divergent thread(s) in warp.
=========     at void cub::CUB_200700_890_NS::DeviceSelectSweepKernel<cub::CUB_200700_890_NS::detail::device_select_policy_hub<unsigned int, unsigned int, int, (bool)0, (bool)0>::Policy900, cub::CUB_200700_890_NS::CountingInputIterator<unsigned int, long>, unsigned int *, unsigned int *, unsigned int *, cub::CUB_200700_890_NS::ScanTileState<int, (bool)1>, cub::CUB_200700_890_NS::NullType, cub::CUB_200700_890_NS::NullType, int, (bool)0, (bool)0>(T2, T3, T4, T5, T6, T7, T8, T9, int, cub::CUB_200700_890_NS::detail::vsmem_t)+0x2230
=========     by thread (90,0,0) in block (0,0,0)
=========     Saved host backtrace up to driver entry point at kernel launch time
=========         Host Frame: cuGraphLaunch [0x369c99] in libcuda.so.1
=========         Host Frame:  [0x2094a] in libcudart.so.12
=========         Host Frame: cudaGraphLaunch [0x7bf95] in libcudart.so.12
=========         Host Frame: Nv::Blast::(anonymous namespace)::DeviceStressTopology::init(CUstream_st*) [0x506ab] in gpu_resident_stress_test
=========         Host Frame: Nv::Blast::(anonymous namespace)::ExtStressGpuSolverImpl::enableDeviceTopology() [0x50ca7] in gpu_resident_stress_test
=========         Host Frame: (anonymous namespace)::columns(unsigned int, bool) [0x8a59] in gpu_resident_stress_test
=========         Host Frame: main [0x71da] in gpu_resident_stress_test
========= 
========= Barrier error detected. Divergent thread(s) in warp.
=========     at void cub::CUB_200700_890_NS::DeviceSelectSweepKernel<cub::CUB_200700_890_NS::detail::device_select_policy_hub<unsigned int, unsigned int, int, (bool)0, (bool)0>::Policy900, cub::CUB_200700_890_NS::CountingInputIterator<unsigned int, long>, unsigned int *, unsigned int *, unsigned int *, cub::CUB_200700_890_NS::ScanTileState<int, (bool)1>, cub::CUB_200700_890_NS::NullType, cub::CUB_200700_890_NS::NullType, int, (bool)0, (bool)0>(T2, T3, T4, T5, T6, T7, T8, T9, int, cub::CUB_200700_890_NS::detail::vsmem_t)+0x2230
=========     by thread (91,0,0) in block (0,0,0)
=========     Saved host backtrace up to driver entry point at kernel launch time
=========         Host Frame: cuGraphLaunch [0x369c99] in libcuda.so.1
=========         Host Frame:  [0x2094a] in libcudart.so.12
=========         Host Frame: cudaGraphLaunch [0x7bf95] in libcudart.so.12
=========         Host Frame: Nv::Blast::(anonymous namespace)::DeviceStressTopology::init(CUstream_st*) [0x506ab] in gpu_resident_stress_test
=========         Host Frame: Nv::Blast::(anonymous namespace)::ExtStressGpuSolverImpl::enableDeviceTopology() [0x50ca7] in gpu_resident_stress_test
=========         Host Frame: (anonymous namespace)::columns(unsigned int, bool) [0x8a59] in gpu_resident_stress_test
=========         Host Frame: main [0x71da] in gpu_resident_stress_test
========= 
========= Barrier error detected. Divergent thread(s) in warp.
=========     at void cub::CUB_200700_890_NS::DeviceSelectSweepKernel<cub::CUB_200700_890_NS::detail::device_select_policy_hub<unsigned int, unsigned int, int, (bool)0, (bool)0>::Policy900, cub::CUB_200700_890_NS::CountingInputIterator<unsigned int, long>, unsigned int *, unsigned int *, unsigned int *, cub::CUB_200700_890_NS::ScanTileState<int, (bool)1>, cub::CUB_200700_890_NS::NullType, cub::CUB_200700_890_NS::NullType, int, (bool)0, (bool)0>(T2, T3, T4, T5, T6, T7, T8, T9, int, cub::CUB_200700_890_NS::detail::vsmem_t)+0x2230
=========     by thread (92,0,0) in block (0,0,0)
=========     Saved host backtrace up to driver entry point at kernel launch time
=========         Host Frame: cuGraphLaunch [0x369c99] in libcuda.so.1
=========         Host Frame:  [0x2094a] in libcudart.so.12
=========         Host Frame: cudaGraphLaunch [0x7bf95] in libcudart.so.12
=========         Host Frame: Nv::Blast::(anonymous namespace)::DeviceStressTopology::init(CUstream_st*) [0x506ab] in gpu_resident_stress_test
=========         Host Frame: Nv::Blast::(anonymous namespace)::ExtStressGpuSolverImpl::enableDeviceTopology() [0x50ca7] in gpu_resident_stress_test
=========         Host Frame: (anonymous namespace)::columns(unsigned int, bool) [0x8a59] in gpu_resident_stress_test
=========         Host Frame: main [0x71da] in gpu_resident_stress_test
========= 
========= Barrier error detected. Divergent thread(s) in warp.
=========     at void cub::CUB_200700_890_NS::DeviceSelectSweepKernel<cub::CUB_200700_890_NS::detail::device_select_policy_hub<unsigned int, unsigned int, int, (bool)0, (bool)0>::Policy900, cub::CUB_200700_890_NS::CountingInputIterator<unsigned int, long>, unsigned int *, unsigned int *, unsigned int *, cub::CUB_200700_890_NS::ScanTileState<int, (bool)1>, cub::CUB_200700_890_NS::NullType, cub::CUB_200700_890_NS::NullType, int, (bool)0, (bool)0>(T2, T3, T4, T5, T6, T7, T8, T9, int, cub::CUB_200700_890_NS::detail::vsmem_t)+0x2230
=========     by thread (93,0,0) in block (0,0,0)
=========     Saved host backtrace up to driver entry point at kernel launch time
=========         Host Frame: cuGraphLaunch [0x369c99] in libcuda.so.1
=========         Host Frame:  [0x2094a] in libcudart.so.12
=========         Host Frame: cudaGraphLaunch [0x7bf95] in libcudart.so.12
=========         Host Frame: Nv::Blast::(anonymous namespace)::DeviceStressTopology::init(CUstream_st*) [0x506ab] in gpu_resident_stress_test
=========         Host Frame: Nv::Blast::(anonymous namespace)::ExtStressGpuSolverImpl::enableDeviceTopology() [0x50ca7] in gpu_resident_stress_test
=========         Host Frame: (anonymous namespace)::columns(unsigned int, bool) [0x8a59] in gpu_resident_stress_test
=========         Host Frame: main [0x71da] in gpu_resident_stress_test
========= 
========= Barrier error detected. Divergent thread(s) in warp.
=========     at void cub::CUB_200700_890_NS::DeviceSelectSweepKernel<cub::CUB_200700_890_NS::detail::device_select_policy_hub<unsigned int, unsigned int, int, (bool)0, (bool)0>::Policy900, cub::CUB_200700_890_NS::CountingInputIterator<unsigned int, long>, unsigned int *, unsigned int *, unsigned int *, cub::CUB_200700_890_NS::ScanTileState<int, (bool)1>, cub::CUB_200700_890_NS::NullType, cub::CUB_200700_890_NS::NullType, int, (bool)0, (bool)0>(T2, T3, T4, T5, T6, T7, T8, T9, int, cub::CUB_200700_890_NS::detail::vsmem_t)+0x2230
=========     by thread (94,0,0) in block (0,0,0)
=========     Saved host backtrace up to driver entry point at kernel launch time
=========         Host Frame: cuGraphLaunch [0x369c99] in libcuda.so.1
=========         Host Frame:  [0x2094a] in libcudart.so.12
=========         Host Frame: cudaGraphLaunch [0x7bf95] in libcudart.so.12
=========         Host Frame: Nv::Blast::(anonymous namespace)::DeviceStressTopology::init(CUstream_st*) [0x506ab] in gpu_resident_stress_test
=========         Host Frame: Nv::Blast::(anonymous namespace)::ExtStressGpuSolverImpl::enableDeviceTopology() [0x50ca7] in gpu_resident_stress_test
=========         Host Frame: (anonymous namespace)::columns(unsigned int, bool) [0x8a59] in gpu_resident_stress_test
=========         Host Frame: main [0x71da] in gpu_resident_stress_test
========= 
========= Barrier error detected. Divergent thread(s) in warp.
=========     at void cub::CUB_200700_890_NS::DeviceSelectSweepKernel<cub::CUB_200700_890_NS::detail::device_select_policy_hub<unsigned int, unsigned int, int, (bool)0, (bool)0>::Policy900, cub::CUB_200700_890_NS::CountingInputIterator<unsigned int, long>, unsigned int *, unsigned int *, unsigned int *, cub::CUB_200700_890_NS::ScanTileState<int, (bool)1>, cub::CUB_200700_890_NS::NullType, cub::CUB_200700_890_NS::NullType, int, (bool)0, (bool)0>(T2, T3, T4, T5, T6, T7, T8, T9, int, cub::CUB_200700_890_NS::detail::vsmem_t)+0x2230
=========     by thread (95,0,0) in block (0,0,0)
=========     Saved host backtrace up to driver entry point at kernel launch time
=========         Host Frame: cuGraphLaunch [0x369c99] in libcuda.so.1
=========         Host Frame:  [0x2094a] in libcudart.so.12
=========         Host Frame: cudaGraphLaunch [0x7bf95] in libcudart.so.12
=========         Host Frame: Nv::Blast::(anonymous namespace)::DeviceStressTopology::init(CUstream_st*) [0x506ab] in gpu_resident_stress_test
=========         Host Frame: Nv::Blast::(anonymous namespace)::ExtStressGpuSolverImpl::enableDeviceTopology() [0x50ca7] in gpu_resident_stress_test
=========         Host Frame: (anonymous namespace)::columns(unsigned int, bool) [0x8a59] in gpu_resident_stress_test
=========         Host Frame: main [0x71da] in gpu_resident_stress_test
========= 
========= Barrier error detected. Divergent thread(s) in warp.
=========     at void cub::CUB_200700_890_NS::DeviceSelectSweepKernel<cub::CUB_200700_890_NS::detail::device_select_policy_hub<unsigned int, unsigned int, int, (bool)0, (bool)0>::Policy900, cub::CUB_200700_890_NS::CountingInputIterator<unsigned int, long>, unsigned int *, unsigned int *, unsigned int *, cub::CUB_200700_890_NS::ScanTileState<int, (bool)1>, cub::CUB_200700_890_NS::NullType, cub::CUB_200700_890_NS::NullType, int, (bool)0, (bool)0>(T2, T3, T4, T5, T6, T7, T8, T9, int, cub::CUB_200700_890_NS::detail::vsmem_t)+0x2230
=========     by thread (96,0,0) in block (0,0,0)
=========     Saved host backtrace up to driver entry point at kernel launch time
=========         Host Frame: cuGraphLaunch [0x369c99] in libcuda.so.1
=========         Host Frame:  [0x2094a] in libcudart.so.12
=========         Host Frame: cudaGraphLaunch [0x7bf95] in libcudart.so.12
=========         Host Frame: Nv::Blast::(anonymous namespace)::DeviceStressTopology::init(CUstream_st*) [0x506ab] in gpu_resident_stress_test
=========         Host Frame: Nv::Blast::(anonymous namespace)::ExtStressGpuSolverImpl::enableDeviceTopology() [0x50ca7] in gpu_resident_stress_test
=========         Host Frame: (anonymous namespace)::columns(unsigned int, bool) [0x8a59] in gpu_resident_stress_test
=========         Host Frame: main [0x71da] in gpu_resident_stress_test
========= 
========= Barrier error detected. Divergent thread(s) in warp.
=========     at void cub::CUB_200700_890_NS::DeviceSelectSweepKernel<cub::CUB_200700_890_NS::detail::device_select_policy_hub<unsigned int, unsigned int, int, (bool)0, (bool)0>::Policy900, cub::CUB_200700_890_NS::CountingInputIterator<unsigned int, long>, unsigned int *, unsigned int *, unsigned int *, cub::CUB_200700_890_NS::ScanTileState<int, (bool)1>, cub::CUB_200700_890_NS::NullType, cub::CUB_200700_890_NS::NullType, int, (bool)0, (bool)0>(T2, T3, T4, T5, T6, T7, T8, T9, int, cub::CUB_200700_890_NS::detail::vsmem_t)+0x2230
=========     by thread (97,0,0) in block (0,0,0)
=========     Saved host backtrace up to driver entry point at kernel launch time
=========         Host Frame: cuGraphLaunch [0x369c99] in libcuda.so.1
=========         Host Frame:  [0x2094a] in libcudart.so.12
=========         Host Frame: cudaGraphLaunch [0x7bf95] in libcudart.so.12
=========         Host Frame: Nv::Blast::(anonymous namespace)::DeviceStressTopology::init(CUstream_st*) [0x506ab] in gpu_resident_stress_test
=========         Host Frame: Nv::Blast::(anonymous namespace)::ExtStressGpuSolverImpl::enableDeviceTopology() [0x50ca7] in gpu_resident_stress_test
=========         Host Frame: (anonymous namespace)::columns(unsigned int, bool) [0x8a59] in gpu_resident_stress_test
=========         Host Frame: main [0x71da] in gpu_resident_stress_test
========= 
========= Barrier error detected. Divergent thread(s) in warp.
=========     at void cub::CUB_200700_890_NS::DeviceSelectSweepKernel<cub::CUB_200700_890_NS::detail::device_select_policy_hub<unsigned int, unsigned int, int, (bool)0, (bool)0>::Policy900, cub::CUB_200700_890_NS::CountingInputIterator<unsigned int, long>, unsigned int *, unsigned int *, unsigned int *, cub::CUB_200700_890_NS::ScanTileState<int, (bool)1>, cub::CUB_200700_890_NS::NullType, cub::CUB_200700_890_NS::NullType, int, (bool)0, (bool)0>(T2, T3, T4, T5, T6, T7, T8, T9, int, cub::CUB_200700_890_NS::detail::vsmem_t)+0x2230
=========     by thread (98,0,0) in block (0,0,0)
=========     Saved host backtrace up to driver entry point at kernel launch time
=========         Host Frame: cuGraphLaunch [0x369c99] in libcuda.so.1
=========         Host Frame:  [0x2094a] in libcudart.so.12
=========         Host Frame: cudaGraphLaunch [0x7bf95] in libcudart.so.12
=========         Host Frame: Nv::Blast::(anonymous namespace)::DeviceStressTopology::init(CUstream_st*) [0x506ab] in gpu_resident_stress_test
=========         Host Frame: Nv::Blast::(anonymous namespace)::ExtStressGpuSolverImpl::enableDeviceTopology() [0x50ca7] in gpu_resident_stress_test
=========         Host Frame: (anonymous namespace)::columns(unsigned int, bool) [0x8a59] in gpu_resident_stress_test
=========         Host Frame: main [0x71da] in gpu_resident_stress_test
========= 
========= Barrier error detected. Divergent thread(s) in warp.
=========     at void cub::CUB_200700_890_NS::DeviceSelectSweepKernel<cub::CUB_200700_890_NS::detail::device_select_policy_hub<unsigned int, unsigned int, int, (bool)0, (bool)0>::Policy900, cub::CUB_200700_890_NS::CountingInputIterator<unsigned int, long>, unsigned int *, unsigned int *, unsigned int *, cub::CUB_200700_890_NS::ScanTileState<int, (bool)1>, cub::CUB_200700_890_NS::NullType, cub::CUB_200700_890_NS::NullType, int, (bool)0, (bool)0>(T2, T3, T4, T5, T6, T7, T8, T9, int, cub::CUB_200700_890_NS::detail::vsmem_t)+0x2230
=========     by thread (99,0,0) in block (0,0,0)
=========     Saved host backtrace up to driver entry point at kernel launch time
=========         Host Frame: cuGraphLaunch [0x369c99] in libcuda.so.1
=========         Host Frame:  [0x2094a] in libcudart.so.12
=========         Host Frame: cudaGraphLaunch [0x7bf95] in libcudart.so.12
=========         Host Frame: Nv::Blast::(anonymous namespace)::DeviceStressTopology::init(CUstream_st*) [0x506ab] in gpu_resident_stress_test
=========         Host Frame: Nv::Blast::(anonymous namespace)::ExtStressGpuSolverImpl::enableDeviceTopology() [0x50ca7] in gpu_resident_stress_test
=========         Host Frame: (anonymous namespace)::columns(unsigned int, bool) [0x8a59] in gpu_resident_stress_test
=========         Host Frame: main [0x71da] in gpu_resident_stress_test
========= 
========= Barrier error detected. Divergent thread(s) in warp.
=========     at void cub::CUB_200700_890_NS::DeviceSelectSweepKernel<cub::CUB_200700_890_NS::detail::device_select_policy_hub<unsigned int, unsigned int, int, (bool)0, (bool)0>::Policy900, cub::CUB_200700_890_NS::CountingInputIterator<unsigned int, long>, unsigned int *, unsigned int *, unsigned int *, cub::CUB_200700_890_NS::ScanTileState<int, (bool)1>, cub::CUB_200700_890_NS::NullType, cub::CUB_200700_890_NS::NullType, int, (bool)0, (bool)0>(T2, T3, T4, T5, T6, T7, T8, T9, int, cub::CUB_200700_890_NS::detail::vsmem_t)+0x2230
=========     by thread (100,0,0) in block (0,0,0)
=========     Saved host backtrace up to driver entry point at kernel launch time
=========         Host Frame: cuGraphLaunch [0x369c99] in libcuda.so.1
=========         Host Frame:  [0x2094a] in libcudart.so.12
=========         Host Frame: cudaGraphLaunch [0x7bf95] in libcudart.so.12
=========         Host Frame: Nv::Blast::(anonymous namespace)::DeviceStressTopology::init(CUstream_st*) [0x506ab] in gpu_resident_stress_test
=========         Host Frame: Nv::Blast::(anonymous namespace)::ExtStressGpuSolverImpl::enableDeviceTopology() [0x50ca7] in gpu_resident_stress_test
=========         Host Frame: (anonymous namespace)::columns(unsigned int, bool) [0x8a59] in gpu_resident_stress_test
=========         Host Frame: main [0x71da] in gpu_resident_stress_test
========= 
========= Barrier error detected. Divergent thread(s) in warp.
=========     at void cub::CUB_200700_890_NS::DeviceSelectSweepKernel<cub::CUB_200700_890_NS::detail::device_select_policy_hub<unsigned int, unsigned int, int, (bool)0, (bool)0>::Policy900, cub::CUB_200700_890_NS::CountingInputIterator<unsigned int, long>, unsigned int *, unsigned int *, unsigned int *, cub::CUB_200700_890_NS::ScanTileState<int, (bool)1>, cub::CUB_200700_890_NS::NullType, cub::CUB_200700_890_NS::NullType, int, (bool)0, (bool)0>(T2, T3, T4, T5, T6, T7, T8, T9, int, cub::CUB_200700_890_NS::detail::vsmem_t)+0x2230
=========     by thread (101,0,0) in block (0,0,0)
=========     Saved host backtrace up to driver entry point at kernel launch time
=========         Host Frame: cuGraphLaunch [0x369c99] in libcuda.so.1
=========         Host Frame:  [0x2094a] in libcudart.so.12
=========         Host Frame: cudaGraphLaunch [0x7bf95] in libcudart.so.12
=========         Host Frame: Nv::Blast::(anonymous namespace)::DeviceStressTopology::init(CUstream_st*) [0x506ab] in gpu_resident_stress_test
=========         Host Frame: Nv::Blast::(anonymous namespace)::ExtStressGpuSolverImpl::enableDeviceTopology() [0x50ca7] in gpu_resident_stress_test
=========         Host Frame: (anonymous namespace)::columns(unsigned int, bool) [0x8a59] in gpu_resident_stress_test
=========         Host Frame: main [0x71da] in gpu_resident_stress_test
========= 
========= Barrier error detected. Divergent thread(s) in warp.
=========     at void cub::CUB_200700_890_NS::DeviceSelectSweepKernel<cub::CUB_200700_890_NS::detail::device_select_policy_hub<unsigned int, unsigned int, int, (bool)0, (bool)0>::Policy900, cub::CUB_200700_890_NS::CountingInputIterator<unsigned int, long>, unsigned int *, unsigned int *, unsigned int *, cub::CUB_200700_890_NS::ScanTileState<int, (bool)1>, cub::CUB_200700_890_NS::NullType, cub::CUB_200700_890_NS::NullType, int, (bool)0, (bool)0>(T2, T3, T4, T5, T6, T7, T8, T9, int, cub::CUB_200700_890_NS::detail::vsmem_t)+0x2230
=========     by thread (102,0,0) in block (0,0,0)
=========     Saved host backtrace up to driver entry point at kernel launch time
=========         Host Frame: cuGraphLaunch [0x369c99] in libcuda.so.1
=========         Host Frame:  [0x2094a] in libcudart.so.12
=========         Host Frame: cudaGraphLaunch [0x7bf95] in libcudart.so.12
=========         Host Frame: Nv::Blast::(anonymous namespace)::DeviceStressTopology::init(CUstream_st*) [0x506ab] in gpu_resident_stress_test
=========         Host Frame: Nv::Blast::(anonymous namespace)::ExtStressGpuSolverImpl::enableDeviceTopology() [0x50ca7] in gpu_resident_stress_test
=========         Host Frame: (anonymous namespace)::columns(unsigned int, bool) [0x8a59] in gpu_resident_stress_test
=========         Host Frame: main [0x71da] in gpu_resident_stress_test
========= 
========= Barrier error detected. Divergent thread(s) in warp.
=========     at void cub::CUB_200700_890_NS::DeviceSelectSweepKernel<cub::CUB_200700_890_NS::detail::device_select_policy_hub<unsigned int, unsigned int, int, (bool)0, (bool)0>::Policy900, cub::CUB_200700_890_NS::CountingInputIterator<unsigned int, long>, unsigned int *, unsigned int *, unsigned int *, cub::CUB_200700_890_NS::ScanTileState<int, (bool)1>, cub::CUB_200700_890_NS::NullType, cub::CUB_200700_890_NS::NullType, int, (bool)0, (bool)0>(T2, T3, T4, T5, T6, T7, T8, T9, int, cub::CUB_200700_890_NS::detail::vsmem_t)+0x2230
=========     by thread (103,0,0) in block (0,0,0)
=========     Saved host backtrace up to driver entry point at kernel launch time
=========         Host Frame: cuGraphLaunch [0x369c99] in libcuda.so.1
=========         Host Frame:  [0x2094a] in libcudart.so.12
=========         Host Frame: cudaGraphLaunch [0x7bf95] in libcudart.so.12
=========         Host Frame: Nv::Blast::(anonymous namespace)::DeviceStressTopology::init(CUstream_st*) [0x506ab] in gpu_resident_stress_test
=========         Host Frame: Nv::Blast::(anonymous namespace)::ExtStressGpuSolverImpl::enableDeviceTopology() [0x50ca7] in gpu_resident_stress_test
=========         Host Frame: (anonymous namespace)::columns(unsigned int, bool) [0x8a59] in gpu_resident_stress_test
=========         Host Frame: main [0x71da] in gpu_resident_stress_test
========= 
========= Barrier error detected. Divergent thread(s) in warp.
=========     at void cub::CUB_200700_890_NS::DeviceSelectSweepKernel<cub::CUB_200700_890_NS::detail::device_select_policy_hub<unsigned int, unsigned int, int, (bool)0, (bool)0>::Policy900, cub::CUB_200700_890_NS::CountingInputIterator<unsigned int, long>, unsigned int *, unsigned int *, unsigned int *, cub::CUB_200700_890_NS::ScanTileState<int, (bool)1>, cub::CUB_200700_890_NS::NullType, cub::CUB_200700_890_NS::NullType, int, (bool)0, (bool)0>(T2, T3, T4, T5, T6, T7, T8, T9, int, cub::CUB_200700_890_NS::detail::vsmem_t)+0x2230
=========     by thread (104,0,0) in block (0,0,0)
=========     Saved host backtrace up to driver entry point at kernel launch time
=========         Host Frame: cuGraphLaunch [0x369c99] in libcuda.so.1
=========         Host Frame:  [0x2094a] in libcudart.so.12
=========         Host Frame: cudaGraphLaunch [0x7bf95] in libcudart.so.12
=========         Host Frame: Nv::Blast::(anonymous namespace)::DeviceStressTopology::init(CUstream_st*) [0x506ab] in gpu_resident_stress_test
=========         Host Frame: Nv::Blast::(anonymous namespace)::ExtStressGpuSolverImpl::enableDeviceTopology() [0x50ca7] in gpu_resident_stress_test
=========         Host Frame: (anonymous namespace)::columns(unsigned int, bool) [0x8a59] in gpu_resident_stress_test
=========         Host Frame: main [0x71da] in gpu_resident_stress_test
========= 
========= Barrier error detected. Divergent thread(s) in warp.
=========     at void cub::CUB_200700_890_NS::DeviceSelectSweepKernel<cub::CUB_200700_890_NS::detail::device_select_policy_hub<unsigned int, unsigned int, int, (bool)0, (bool)0>::Policy900, cub::CUB_200700_890_NS::CountingInputIterator<unsigned int, long>, unsigned int *, unsigned int *, unsigned int *, cub::CUB_200700_890_NS::ScanTileState<int, (bool)1>, cub::CUB_200700_890_NS::NullType, cub::CUB_200700_890_NS::NullType, int, (bool)0, (bool)0>(T2, T3, T4, T5, T6, T7, T8, T9, int, cub::CUB_200700_890_NS::detail::vsmem_t)+0x2230
=========     by thread (105,0,0) in block (0,0,0)
=========     Saved host backtrace up to driver entry point at kernel launch time
=========         Host Frame: cuGraphLaunch [0x369c99] in libcuda.so.1
=========         Host Frame:  [0x2094a] in libcudart.so.12
=========         Host Frame: cudaGraphLaunch [0x7bf95] in libcudart.so.12
=========         Host Frame: Nv::Blast::(anonymous namespace)::DeviceStressTopology::init(CUstream_st*) [0x506ab] in gpu_resident_stress_test
=========         Host Frame: Nv::Blast::(anonymous namespace)::ExtStressGpuSolverImpl::enableDeviceTopology() [0x50ca7] in gpu_resident_stress_test
=========         Host Frame: (anonymous namespace)::columns(unsigned int, bool) [0x8a59] in gpu_resident_stress_test
=========         Host Frame: main [0x71da] in gpu_resident_stress_test
========= 
========= Barrier error detected. Divergent thread(s) in warp.
=========     at void cub::CUB_200700_890_NS::DeviceSelectSweepKernel<cub::CUB_200700_890_NS::detail::device_select_policy_hub<unsigned int, unsigned int, int, (bool)0, (bool)0>::Policy900, cub::CUB_200700_890_NS::CountingInputIterator<unsigned int, long>, unsigned int *, unsigned int *, unsigned int *, cub::CUB_200700_890_NS::ScanTileState<int, (bool)1>, cub::CUB_200700_890_NS::NullType, cub::CUB_200700_890_NS::NullType, int, (bool)0, (bool)0>(T2, T3, T4, T5, T6, T7, T8, T9, int, cub::CUB_200700_890_NS::detail::vsmem_t)+0x2230
=========     by thread (106,0,0) in block (0,0,0)
=========     Saved host backtrace up to driver entry point at kernel launch time
=========         Host Frame: cuGraphLaunch [0x369c99] in libcuda.so.1
=========         Host Frame:  [0x2094a] in libcudart.so.12
=========         Host Frame: cudaGraphLaunch [0x7bf95] in libcudart.so.12
=========         Host Frame: Nv::Blast::(anonymous namespace)::DeviceStressTopology::init(CUstream_st*) [0x506ab] in gpu_resident_stress_test
=========         Host Frame: Nv::Blast::(anonymous namespace)::ExtStressGpuSolverImpl::enableDeviceTopology() [0x50ca7] in gpu_resident_stress_test
=========         Host Frame: (anonymous namespace)::columns(unsigned int, bool) [0x8a59] in gpu_resident_stress_test
=========         Host Frame: main [0x71da] in gpu_resident_stress_test
========= 
========= Barrier error detected. Divergent thread(s) in warp.
=========     at void cub::CUB_200700_890_NS::DeviceSelectSweepKernel<cub::CUB_200700_890_NS::detail::device_select_policy_hub<unsigned int, unsigned int, int, (bool)0, (bool)0>::Policy900, cub::CUB_200700_890_NS::CountingInputIterator<unsigned int, long>, unsigned int *, unsigned int *, unsigned int *, cub::CUB_200700_890_NS::ScanTileState<int, (bool)1>, cub::CUB_200700_890_NS::NullType, cub::CUB_200700_890_NS::NullType, int, (bool)0, (bool)0>(T2, T3, T4, T5, T6, T7, T8, T9, int, cub::CUB_200700_890_NS::detail::vsmem_t)+0x2230
=========     by thread (107,0,0) in block (0,0,0)
=========     Saved host backtrace up to driver entry point at kernel launch time
=========         Host Frame: cuGraphLaunch [0x369c99] in libcuda.so.1
=========         Host Frame:  [0x2094a] in libcudart.so.12
=========         Host Frame: cudaGraphLaunch [0x7bf95] in libcudart.so.12
=========         Host Frame: Nv::Blast::(anonymous namespace)::DeviceStressTopology::init(CUstream_st*) [0x506ab] in gpu_resident_stress_test
=========         Host Frame: Nv::Blast::(anonymous namespace)::ExtStressGpuSolverImpl::enableDeviceTopology() [0x50ca7] in gpu_resident_stress_test
=========         Host Frame: (anonymous namespace)::columns(unsigned int, bool) [0x8a59] in gpu_resident_stress_test
=========         Host Frame: main [0x71da] in gpu_resident_stress_test
========= 
========= Barrier error detected. Divergent thread(s) in warp.
=========     at void cub::CUB_200700_890_NS::DeviceSelectSweepKernel<cub::CUB_200700_890_NS::detail::device_select_policy_hub<unsigned int, unsigned int, int, (bool)0, (bool)0>::Policy900, cub::CUB_200700_890_NS::CountingInputIterator<unsigned int, long>, unsigned int *, unsigned int *, unsigned int *, cub::CUB_200700_890_NS::ScanTileState<int, (bool)1>, cub::CUB_200700_890_NS::NullType, cub::CUB_200700_890_NS::NullType, int, (bool)0, (bool)0>(T2, T3, T4, T5, T6, T7, T8, T9, int, cub::CUB_200700_890_NS::detail::vsmem_t)+0x2230
=========     by thread (108,0,0) in block (0,0,0)
=========     Saved host backtrace up to driver entry point at kernel launch time
=========         Host Frame: cuGraphLaunch [0x369c99] in libcuda.so.1
=========         Host Frame:  [0x2094a] in libcudart.so.12
=========         Host Frame: cudaGraphLaunch [0x7bf95] in libcudart.so.12
=========         Host Frame: Nv::Blast::(anonymous namespace)::DeviceStressTopology::init(CUstream_st*) [0x506ab] in gpu_resident_stress_test
=========         Host Frame: Nv::Blast::(anonymous namespace)::ExtStressGpuSolverImpl::enableDeviceTopology() [0x50ca7] in gpu_resident_stress_test
=========         Host Frame: (anonymous namespace)::columns(unsigned int, bool) [0x8a59] in gpu_resident_stress_test
=========         Host Frame: main [0x71da] in gpu_resident_stress_test
========= 
========= Barrier error detected. Divergent thread(s) in warp.
=========     at void cub::CUB_200700_890_NS::DeviceSelectSweepKernel<cub::CUB_200700_890_NS::detail::device_select_policy_hub<unsigned int, unsigned int, int, (bool)0, (bool)0>::Policy900, cub::CUB_200700_890_NS::CountingInputIterator<unsigned int, long>, unsigned int *, unsigned int *, unsigned int *, cub::CUB_200700_890_NS::ScanTileState<int, (bool)1>, cub::CUB_200700_890_NS::NullType, cub::CUB_200700_890_NS::NullType, int, (bool)0, (bool)0>(T2, T3, T4, T5, T6, T7, T8, T9, int, cub::CUB_200700_890_NS::detail::vsmem_t)+0x2230
=========     by thread (109,0,0) in block (0,0,0)
=========     Saved host backtrace up to driver entry point at kernel launch time
=========         Host Frame: cuGraphLaunch [0x369c99] in libcuda.so.1
=========         Host Frame:  [0x2094a] in libcudart.so.12
=========         Host Frame: cudaGraphLaunch [0x7bf95] in libcudart.so.12
=========         Host Frame: Nv::Blast::(anonymous namespace)::DeviceStressTopology::init(CUstream_st*) [0x506ab] in gpu_resident_stress_test
=========         Host Frame: Nv::Blast::(anonymous namespace)::ExtStressGpuSolverImpl::enableDeviceTopology() [0x50ca7] in gpu_resident_stress_test
=========         Host Frame: (anonymous namespace)::columns(unsigned int, bool) [0x8a59] in gpu_resident_stress_test
=========         Host Frame: main [0x71da] in gpu_resident_stress_test
========= 
========= Barrier error detected. Divergent thread(s) in warp.
=========     at void cub::CUB_200700_890_NS::DeviceSelectSweepKernel<cub::CUB_200700_890_NS::detail::device_select_policy_hub<unsigned int, unsigned int, int, (bool)0, (bool)0>::Policy900, cub::CUB_200700_890_NS::CountingInputIterator<unsigned int, long>, unsigned int *, unsigned int *, unsigned int *, cub::CUB_200700_890_NS::ScanTileState<int, (bool)1>, cub::CUB_200700_890_NS::NullType, cub::CUB_200700_890_NS::NullType, int, (bool)0, (bool)0>(T2, T3, T4, T5, T6, T7, T8, T9, int, cub::CUB_200700_890_NS::detail::vsmem_t)+0x2230
=========     by thread (110,0,0) in block (0,0,0)
=========     Saved host backtrace up to driver entry point at kernel launch time
=========         Host Frame: cuGraphLaunch [0x369c99] in libcuda.so.1
=========         Host Frame:  [0x2094a] in libcudart.so.12
=========         Host Frame: cudaGraphLaunch [0x7bf95] in libcudart.so.12
=========         Host Frame: Nv::Blast::(anonymous namespace)::DeviceStressTopology::init(CUstream_st*) [0x506ab] in gpu_resident_stress_test
=========         Host Frame: Nv::Blast::(anonymous namespace)::ExtStressGpuSolverImpl::enableDeviceTopology() [0x50ca7] in gpu_resident_stress_test
=========         Host Frame: (anonymous namespace)::columns(unsigned int, bool) [0x8a59] in gpu_resident_stress_test
=========         Host Frame: main [0x71da] in gpu_resident_stress_test
========= 
========= Barrier error detected. Divergent thread(s) in warp.
=========     at void cub::CUB_200700_890_NS::DeviceSelectSweepKernel<cub::CUB_200700_890_NS::detail::device_select_policy_hub<unsigned int, unsigned int, int, (bool)0, (bool)0>::Policy900, cub::CUB_200700_890_NS::CountingInputIterator<unsigned int, long>, unsigned int *, unsigned int *, unsigned int *, cub::CUB_200700_890_NS::ScanTileState<int, (bool)1>, cub::CUB_200700_890_NS::NullType, cub::CUB_200700_890_NS::NullType, int, (bool)0, (bool)0>(T2, T3, T4, T5, T6, T7, T8, T9, int, cub::CUB_200700_890_NS::detail::vsmem_t)+0x2230
=========     by thread (111,0,0) in block (0,0,0)
=========     Saved host backtrace up to driver entry point at kernel launch time
=========         Host Frame: cuGraphLaunch [0x369c99] in libcuda.so.1
=========         Host Frame:  [0x2094a] in libcudart.so.12
=========         Host Frame: cudaGraphLaunch [0x7bf95] in libcudart.so.12
=========         Host Frame: Nv::Blast::(anonymous namespace)::DeviceStressTopology::init(CUstream_st*) [0x506ab] in gpu_resident_stress_test
=========         Host Frame: Nv::Blast::(anonymous namespace)::ExtStressGpuSolverImpl::enableDeviceTopology() [0x50ca7] in gpu_resident_stress_test
=========         Host Frame: (anonymous namespace)::columns(unsigned int, bool) [0x8a59] in gpu_resident_stress_test
=========         Host Frame: main [0x71da] in gpu_resident_stress_test
========= 
========= Barrier error detected. Divergent thread(s) in warp.
=========     at void cub::CUB_200700_890_NS::DeviceSelectSweepKernel<cub::CUB_200700_890_NS::detail::device_select_policy_hub<unsigned int, unsigned int, int, (bool)0, (bool)0>::Policy900, cub::CUB_200700_890_NS::CountingInputIterator<unsigned int, long>, unsigned int *, unsigned int *, unsigned int *, cub::CUB_200700_890_NS::ScanTileState<int, (bool)1>, cub::CUB_200700_890_NS::NullType, cub::CUB_200700_890_NS::NullType, int, (bool)0, (bool)0>(T2, T3, T4, T5, T6, T7, T8, T9, int, cub::CUB_200700_890_NS::detail::vsmem_t)+0x2230
=========     by thread (112,0,0) in block (0,0,0)
=========     Saved host backtrace up to driver entry point at kernel launch time
=========         Host Frame: cuGraphLaunch [0x369c99] in libcuda.so.1
=========         Host Frame:  [0x2094a] in libcudart.so.12
=========         Host Frame: cudaGraphLaunch [0x7bf95] in libcudart.so.12
=========         Host Frame: Nv::Blast::(anonymous namespace)::DeviceStressTopology::init(CUstream_st*) [0x506ab] in gpu_resident_stress_test
=========         Host Frame: Nv::Blast::(anonymous namespace)::ExtStressGpuSolverImpl::enableDeviceTopology() [0x50ca7] in gpu_resident_stress_test
=========         Host Frame: (anonymous namespace)::columns(unsigned int, bool) [0x8a59] in gpu_resident_stress_test
=========         Host Frame: main [0x71da] in gpu_resident_stress_test
========= 
========= Barrier error detected. Divergent thread(s) in warp.
=========     at void cub::CUB_200700_890_NS::DeviceSelectSweepKernel<cub::CUB_200700_890_NS::detail::device_select_policy_hub<unsigned int, unsigned int, int, (bool)0, (bool)0>::Policy900, cub::CUB_200700_890_NS::CountingInputIterator<unsigned int, long>, unsigned int *, unsigned int *, unsigned int *, cub::CUB_200700_890_NS::ScanTileState<int, (bool)1>, cub::CUB_200700_890_NS::NullType, cub::CUB_200700_890_NS::NullType, int, (bool)0, (bool)0>(T2, T3, T4, T5, T6, T7, T8, T9, int, cub::CUB_200700_890_NS::detail::vsmem_t)+0x2230
=========     by thread (113,0,0) in block (0,0,0)
=========     Saved host backtrace up to driver entry point at kernel launch time
=========         Host Frame: cuGraphLaunch [0x369c99] in libcuda.so.1
=========         Host Frame:  [0x2094a] in libcudart.so.12
=========         Host Frame: cudaGraphLaunch [0x7bf95] in libcudart.so.12
=========         Host Frame: Nv::Blast::(anonymous namespace)::DeviceStressTopology::init(CUstream_st*) [0x506ab] in gpu_resident_stress_test
=========         Host Frame: Nv::Blast::(anonymous namespace)::ExtStressGpuSolverImpl::enableDeviceTopology() [0x50ca7] in gpu_resident_stress_test
=========         Host Frame: (anonymous namespace)::columns(unsigned int, bool) [0x8a59] in gpu_resident_stress_test
=========         Host Frame: main [0x71da] in gpu_resident_stress_test
========= 
========= Barrier error detected. Divergent thread(s) in warp.
=========     at void cub::CUB_200700_890_NS::DeviceSelectSweepKernel<cub::CUB_200700_890_NS::detail::device_select_policy_hub<unsigned int, unsigned int, int, (bool)0, (bool)0>::Policy900, cub::CUB_200700_890_NS::CountingInputIterator<unsigned int, long>, unsigned int *, unsigned int *, unsigned int *, cub::CUB_200700_890_NS::ScanTileState<int, (bool)1>, cub::CUB_200700_890_NS::NullType, cub::CUB_200700_890_NS::NullType, int, (bool)0, (bool)0>(T2, T3, T4, T5, T6, T7, T8, T9, int, cub::CUB_200700_890_NS::detail::vsmem_t)+0x2230
=========     by thread (114,0,0) in block (0,0,0)
=========     Saved host backtrace up to driver entry point at kernel launch time
=========         Host Frame: cuGraphLaunch [0x369c99] in libcuda.so.1
=========         Host Frame:  [0x2094a] in libcudart.so.12
=========         Host Frame: cudaGraphLaunch [0x7bf95] in libcudart.so.12
=========         Host Frame: Nv::Blast::(anonymous namespace)::DeviceStressTopology::init(CUstream_st*) [0x506ab] in gpu_resident_stress_test
=========         Host Frame: Nv::Blast::(anonymous namespace)::ExtStressGpuSolverImpl::enableDeviceTopology() [0x50ca7] in gpu_resident_stress_test
=========         Host Frame: (anonymous namespace)::columns(unsigned int, bool) [0x8a59] in gpu_resident_stress_test
=========         Host Frame: main [0x71da] in gpu_resident_stress_test
========= 
========= Barrier error detected. Divergent thread(s) in warp.
=========     at void cub::CUB_200700_890_NS::DeviceSelectSweepKernel<cub::CUB_200700_890_NS::detail::device_select_policy_hub<unsigned int, unsigned int, int, (bool)0, (bool)0>::Policy900, cub::CUB_200700_890_NS::CountingInputIterator<unsigned int, long>, unsigned int *, unsigned int *, unsigned int *, cub::CUB_200700_890_NS::ScanTileState<int, (bool)1>, cub::CUB_200700_890_NS::NullType, cub::CUB_200700_890_NS::NullType, int, (bool)0, (bool)0>(T2, T3, T4, T5, T6, T7, T8, T9, int, cub::CUB_200700_890_NS::detail::vsmem_t)+0x2230
=========     by thread (115,0,0) in block (0,0,0)
=========     Saved host backtrace up to driver entry point at kernel launch time
=========         Host Frame: cuGraphLaunch [0x369c99] in libcuda.so.1
=========         Host Frame:  [0x2094a] in libcudart.so.12
=========         Host Frame: cudaGraphLaunch [0x7bf95] in libcudart.so.12
=========         Host Frame: Nv::Blast::(anonymous namespace)::DeviceStressTopology::init(CUstream_st*) [0x506ab] in gpu_resident_stress_test
=========         Host Frame: Nv::Blast::(anonymous namespace)::ExtStressGpuSolverImpl::enableDeviceTopology() [0x50ca7] in gpu_resident_stress_test
=========         Host Frame: (anonymous namespace)::columns(unsigned int, bool) [0x8a59] in gpu_resident_stress_test
=========         Host Frame: main [0x71da] in gpu_resident_stress_test
========= 
========= Barrier error detected. Divergent thread(s) in warp.
=========     at void cub::CUB_200700_890_NS::DeviceSelectSweepKernel<cub::CUB_200700_890_NS::detail::device_select_policy_hub<unsigned int, unsigned int, int, (bool)0, (bool)0>::Policy900, cub::CUB_200700_890_NS::CountingInputIterator<unsigned int, long>, unsigned int *, unsigned int *, unsigned int *, cub::CUB_200700_890_NS::ScanTileState<int, (bool)1>, cub::CUB_200700_890_NS::NullType, cub::CUB_200700_890_NS::NullType, int, (bool)0, (bool)0>(T2, T3, T4, T5, T6, T7, T8, T9, int, cub::CUB_200700_890_NS::detail::vsmem_t)+0x2230
=========     by thread (116,0,0) in block (0,0,0)
=========     Saved host backtrace up to driver entry point at kernel launch time
=========         Host Frame: cuGraphLaunch [0x369c99] in libcuda.so.1
=========         Host Frame:  [0x2094a] in libcudart.so.12
=========         Host Frame: cudaGraphLaunch [0x7bf95] in libcudart.so.12
=========         Host Frame: Nv::Blast::(anonymous namespace)::DeviceStressTopology::init(CUstream_st*) [0x506ab] in gpu_resident_stress_test
=========         Host Frame: Nv::Blast::(anonymous namespace)::ExtStressGpuSolverImpl::enableDeviceTopology() [0x50ca7] in gpu_resident_stress_test
=========         Host Frame: (anonymous namespace)::columns(unsigned int, bool) [0x8a59] in gpu_resident_stress_test
=========         Host Frame: main [0x71da] in gpu_resident_stress_test
========= 
========= Barrier error detected. Divergent thread(s) in warp.
=========     at void cub::CUB_200700_890_NS::DeviceSelectSweepKernel<cub::CUB_200700_890_NS::detail::device_select_policy_hub<unsigned int, unsigned int, int, (bool)0, (bool)0>::Policy900, cub::CUB_200700_890_NS::CountingInputIterator<unsigned int, long>, unsigned int *, unsigned int *, unsigned int *, cub::CUB_200700_890_NS::ScanTileState<int, (bool)1>, cub::CUB_200700_890_NS::NullType, cub::CUB_200700_890_NS::NullType, int, (bool)0, (bool)0>(T2, T3, T4, T5, T6, T7, T8, T9, int, cub::CUB_200700_890_NS::detail::vsmem_t)+0x2230
=========     by thread (117,0,0) in block (0,0,0)
=========     Saved host backtrace up to driver entry point at kernel launch time
=========         Host Frame: cuGraphLaunch [0x369c99] in libcuda.so.1
=========         Host Frame:  [0x2094a] in libcudart.so.12
=========         Host Frame: cudaGraphLaunch [0x7bf95] in libcudart.so.12
=========         Host Frame: Nv::Blast::(anonymous namespace)::DeviceStressTopology::init(CUstream_st*) [0x506ab] in gpu_resident_stress_test
=========         Host Frame: Nv::Blast::(anonymous namespace)::ExtStressGpuSolverImpl::enableDeviceTopology() [0x50ca7] in gpu_resident_stress_test
=========         Host Frame: (anonymous namespace)::columns(unsigned int, bool) [0x8a59] in gpu_resident_stress_test
=========         Host Frame: main [0x71da] in gpu_resident_stress_test
========= 
========= Barrier error detected. Divergent thread(s) in warp.
=========     at void cub::CUB_200700_890_NS::DeviceSelectSweepKernel<cub::CUB_200700_890_NS::detail::device_select_policy_hub<unsigned int, unsigned int, int, (bool)0, (bool)0>::Policy900, cub::CUB_200700_890_NS::CountingInputIterator<unsigned int, long>, unsigned int *, unsigned int *, unsigned int *, cub::CUB_200700_890_NS::ScanTileState<int, (bool)1>, cub::CUB_200700_890_NS::NullType, cub::CUB_200700_890_NS::NullType, int, (bool)0, (bool)0>(T2, T3, T4, T5, T6, T7, T8, T9, int, cub::CUB_200700_890_NS::detail::vsmem_t)+0x2230
=========     by thread (118,0,0) in block (0,0,0)
=========     Saved host backtrace up to driver entry point at kernel launch time
=========         Host Frame: cuGraphLaunch [0x369c99] in libcuda.so.1
=========         Host Frame:  [0x2094a] in libcudart.so.12
=========         Host Frame: cudaGraphLaunch [0x7bf95] in libcudart.so.12
=========         Host Frame: Nv::Blast::(anonymous namespace)::DeviceStressTopology::init(CUstream_st*) [0x506ab] in gpu_resident_stress_test
=========         Host Frame: Nv::Blast::(anonymous namespace)::ExtStressGpuSolverImpl::enableDeviceTopology() [0x50ca7] in gpu_resident_stress_test
=========         Host Frame: (anonymous namespace)::columns(unsigned int, bool) [0x8a59] in gpu_resident_stress_test
=========         Host Frame: main [0x71da] in gpu_resident_stress_test
========= 
========= Barrier error detected. Divergent thread(s) in warp.
=========     at void cub::CUB_200700_890_NS::DeviceSelectSweepKernel<cub::CUB_200700_890_NS::detail::device_select_policy_hub<unsigned int, unsigned int, int, (bool)0, (bool)0>::Policy900, cub::CUB_200700_890_NS::CountingInputIterator<unsigned int, long>, unsigned int *, unsigned int *, unsigned int *, cub::CUB_200700_890_NS::ScanTileState<int, (bool)1>, cub::CUB_200700_890_NS::NullType, cub::CUB_200700_890_NS::NullType, int, (bool)0, (bool)0>(T2, T3, T4, T5, T6, T7, T8, T9, int, cub::CUB_200700_890_NS::detail::vsmem_t)+0x2230
=========     by thread (119,0,0) in block (0,0,0)
=========     Saved host backtrace up to driver entry point at kernel launch time
=========         Host Frame: cuGraphLaunch [0x369c99] in libcuda.so.1
=========         Host Frame:  [0x2094a] in libcudart.so.12
=========         Host Frame: cudaGraphLaunch [0x7bf95] in libcudart.so.12
=========         Host Frame: Nv::Blast::(anonymous namespace)::DeviceStressTopology::init(CUstream_st*) [0x506ab] in gpu_resident_stress_test
=========         Host Frame: Nv::Blast::(anonymous namespace)::ExtStressGpuSolverImpl::enableDeviceTopology() [0x50ca7] in gpu_resident_stress_test
=========         Host Frame: (anonymous namespace)::columns(unsigned int, bool) [0x8a59] in gpu_resident_stress_test
=========         Host Frame: main [0x71da] in gpu_resident_stress_test
========= 
========= Barrier error detected. Divergent thread(s) in warp.
=========     at void cub::CUB_200700_890_NS::DeviceSelectSweepKernel<cub::CUB_200700_890_NS::detail::device_select_policy_hub<unsigned int, unsigned int, int, (bool)0, (bool)0>::Policy900, cub::CUB_200700_890_NS::CountingInputIterator<unsigned int, long>, unsigned int *, unsigned int *, unsigned int *, cub::CUB_200700_890_NS::ScanTileState<int, (bool)1>, cub::CUB_200700_890_NS::NullType, cub::CUB_200700_890_NS::NullType, int, (bool)0, (bool)0>(T2, T3, T4, T5, T6, T7, T8, T9, int, cub::CUB_200700_890_NS::detail::vsmem_t)+0x2230
=========     by thread (120,0,0) in block (0,0,0)
=========     Saved host backtrace up to driver entry point at kernel launch time
=========         Host Frame: cuGraphLaunch [0x369c99] in libcuda.so.1
=========         Host Frame:  [0x2094a] in libcudart.so.12
=========         Host Frame: cudaGraphLaunch [0x7bf95] in libcudart.so.12
=========         Host Frame: Nv::Blast::(anonymous namespace)::DeviceStressTopology::init(CUstream_st*) [0x506ab] in gpu_resident_stress_test
=========         Host Frame: Nv::Blast::(anonymous namespace)::ExtStressGpuSolverImpl::enableDeviceTopology() [0x50ca7] in gpu_resident_stress_test
=========         Host Frame: (anonymous namespace)::columns(unsigned int, bool) [0x8a59] in gpu_resident_stress_test
=========         Host Frame: main [0x71da] in gpu_resident_stress_test
========= 
========= Barrier error detected. Divergent thread(s) in warp.
=========     at void cub::CUB_200700_890_NS::DeviceSelectSweepKernel<cub::CUB_200700_890_NS::detail::device_select_policy_hub<unsigned int, unsigned int, int, (bool)0, (bool)0>::Policy900, cub::CUB_200700_890_NS::CountingInputIterator<unsigned int, long>, unsigned int *, unsigned int *, unsigned int *, cub::CUB_200700_890_NS::ScanTileState<int, (bool)1>, cub::CUB_200700_890_NS::NullType, cub::CUB_200700_890_NS::NullType, int, (bool)0, (bool)0>(T2, T3, T4, T5, T6, T7, T8, T9, int, cub::CUB_200700_890_NS::detail::vsmem_t)+0x2230
=========     by thread (121,0,0) in block (0,0,0)
=========     Saved host backtrace up to driver entry point at kernel launch time
=========         Host Frame: cuGraphLaunch [0x369c99] in libcuda.so.1
=========         Host Frame:  [0x2094a] in libcudart.so.12
=========         Host Frame: cudaGraphLaunch [0x7bf95] in libcudart.so.12
=========         Host Frame: Nv::Blast::(anonymous namespace)::DeviceStressTopology::init(CUstream_st*) [0x506ab] in gpu_resident_stress_test
=========         Host Frame: Nv::Blast::(anonymous namespace)::ExtStressGpuSolverImpl::enableDeviceTopology() [0x50ca7] in gpu_resident_stress_test
=========         Host Frame: (anonymous namespace)::columns(unsigned int, bool) [0x8a59] in gpu_resident_stress_test
=========         Host Frame: main [0x71da] in gpu_resident_stress_test
========= 
========= Barrier error detected. Divergent thread(s) in warp.
=========     at void cub::CUB_200700_890_NS::DeviceSelectSweepKernel<cub::CUB_200700_890_NS::detail::device_select_policy_hub<unsigned int, unsigned int, int, (bool)0, (bool)0>::Policy900, cub::CUB_200700_890_NS::CountingInputIterator<unsigned int, long>, unsigned int *, unsigned int *, unsigned int *, cub::CUB_200700_890_NS::ScanTileState<int, (bool)1>, cub::CUB_200700_890_NS::NullType, cub::CUB_200700_890_NS::NullType, int, (bool)0, (bool)0>(T2, T3, T4, T5, T6, T7, T8, T9, int, cub::CUB_200700_890_NS::detail::vsmem_t)+0x2230
=========     by thread (122,0,0) in block (0,0,0)
=========     Saved host backtrace up to driver entry point at kernel launch time
=========         Host Frame: cuGraphLaunch [0x369c99] in libcuda.so.1
=========         Host Frame:  [0x2094a] in libcudart.so.12
=========         Host Frame: cudaGraphLaunch [0x7bf95] in libcudart.so.12
=========         Host Frame: Nv::Blast::(anonymous namespace)::DeviceStressTopology::init(CUstream_st*) [0x506ab] in gpu_resident_stress_test
=========         Host Frame: Nv::Blast::(anonymous namespace)::ExtStressGpuSolverImpl::enableDeviceTopology() [0x50ca7] in gpu_resident_stress_test
=========         Host Frame: (anonymous namespace)::columns(unsigned int, bool) [0x8a59] in gpu_resident_stress_test
=========         Host Frame: main [0x71da] in gpu_resident_stress_test
========= 
========= Barrier error detected. Divergent thread(s) in warp.
=========     at void cub::CUB_200700_890_NS::DeviceSelectSweepKernel<cub::CUB_200700_890_NS::detail::device_select_policy_hub<unsigned int, unsigned int, int, (bool)0, (bool)0>::Policy900, cub::CUB_200700_890_NS::CountingInputIterator<unsigned int, long>, unsigned int *, unsigned int *, unsigned int *, cub::CUB_200700_890_NS::ScanTileState<int, (bool)1>, cub::CUB_200700_890_NS::NullType, cub::CUB_200700_890_NS::NullType, int, (bool)0, (bool)0>(T2, T3, T4, T5, T6, T7, T8, T9, int, cub::CUB_200700_890_NS::detail::vsmem_t)+0x2230
=========     by thread (123,0,0) in block (0,0,0)
=========     Saved host backtrace up to driver entry point at kernel launch time
=========         Host Frame: cuGraphLaunch [0x369c99] in libcuda.so.1
=========         Host Frame:  [0x2094a] in libcudart.so.12
=========         Host Frame: cudaGraphLaunch [0x7bf95] in libcudart.so.12
=========         Host Frame: Nv::Blast::(anonymous namespace)::DeviceStressTopology::init(CUstream_st*) [0x506ab] in gpu_resident_stress_test
=========         Host Frame: Nv::Blast::(anonymous namespace)::ExtStressGpuSolverImpl::enableDeviceTopology() [0x50ca7] in gpu_resident_stress_test
=========         Host Frame: (anonymous namespace)::columns(unsigned int, bool) [0x8a59] in gpu_resident_stress_test
=========         Host Frame: main [0x71da] in gpu_resident_stress_test
========= 
========= Barrier error detected. Divergent thread(s) in warp.
=========     at void cub::CUB_200700_890_NS::DeviceSelectSweepKernel<cub::CUB_200700_890_NS::detail::device_select_policy_hub<unsigned int, unsigned int, int, (bool)0, (bool)0>::Policy900, cub::CUB_200700_890_NS::CountingInputIterator<unsigned int, long>, unsigned int *, unsigned int *, unsigned int *, cub::CUB_200700_890_NS::ScanTileState<int, (bool)1>, cub::CUB_200700_890_NS::NullType, cub::CUB_200700_890_NS::NullType, int, (bool)0, (bool)0>(T2, T3, T4, T5, T6, T7, T8, T9, int, cub::CUB_200700_890_NS::detail::vsmem_t)+0x2230
=========     by thread (124,0,0) in block (0,0,0)
=========     Saved host backtrace up to driver entry point at kernel launch time
=========         Host Frame: cuGraphLaunch [0x369c99] in libcuda.so.1
=========         Host Frame:  [0x2094a] in libcudart.so.12
=========         Host Frame: cudaGraphLaunch [0x7bf95] in libcudart.so.12
=========         Host Frame: Nv::Blast::(anonymous namespace)::DeviceStressTopology::init(CUstream_st*) [0x506ab] in gpu_resident_stress_test
=========         Host Frame: Nv::Blast::(anonymous namespace)::ExtStressGpuSolverImpl::enableDeviceTopology() [0x50ca7] in gpu_resident_stress_test
=========         Host Frame: (anonymous namespace)::columns(unsigned int, bool) [0x8a59] in gpu_resident_stress_test
=========         Host Frame: main [0x71da] in gpu_resident_stress_test
========= 
========= Barrier error detected. Divergent thread(s) in warp.
=========     at void cub::CUB_200700_890_NS::DeviceSelectSweepKernel<cub::CUB_200700_890_NS::detail::device_select_policy_hub<unsigned int, unsigned int, int, (bool)0, (bool)0>::Policy900, cub::CUB_200700_890_NS::CountingInputIterator<unsigned int, long>, unsigned int *, unsigned int *, unsigned int *, cub::CUB_200700_890_NS::ScanTileState<int, (bool)1>, cub::CUB_200700_890_NS::NullType, cub::CUB_200700_890_NS::NullType, int, (bool)0, (bool)0>(T2, T3, T4, T5, T6, T7, T8, T9, int, cub::CUB_200700_890_NS::detail::vsmem_t)+0x2230
=========     by thread (125,0,0) in block (0,0,0)
=========     Saved host backtrace up to driver entry point at kernel launch time
=========         Host Frame: cuGraphLaunch [0x369c99] in libcuda.so.1
=========         Host Frame:  [0x2094a] in libcudart.so.12
=========         Host Frame: cudaGraphLaunch [0x7bf95] in libcudart.so.12
=========         Host Frame: Nv::Blast::(anonymous namespace)::DeviceStressTopology::init(CUstream_st*) [0x506ab] in gpu_resident_stress_test
=========         Host Frame: Nv::Blast::(anonymous namespace)::ExtStressGpuSolverImpl::enableDeviceTopology() [0x50ca7] in gpu_resident_stress_test
=========         Host Frame: (anonymous namespace)::columns(unsigned int, bool) [0x8a59] in gpu_resident_stress_test
=========         Host Frame: main [0x71da] in gpu_resident_stress_test
========= 
========= Barrier error detected. Divergent thread(s) in warp.
=========     at void cub::CUB_200700_890_NS::DeviceSelectSweepKernel<cub::CUB_200700_890_NS::detail::device_select_policy_hub<unsigned int, unsigned int, int, (bool)0, (bool)0>::Policy900, cub::CUB_200700_890_NS::CountingInputIterator<unsigned int, long>, unsigned int *, unsigned int *, unsigned int *, cub::CUB_200700_890_NS::ScanTileState<int, (bool)1>, cub::CUB_200700_890_NS::NullType, cub::CUB_200700_890_NS::NullType, int, (bool)0, (bool)0>(T2, T3, T4, T5, T6, T7, T8, T9, int, cub::CUB_200700_890_NS::detail::vsmem_t)+0x2230
=========     by thread (126,0,0) in block (0,0,0)
=========     Saved host backtrace up to driver entry point at kernel launch time
=========         Host Frame: cuGraphLaunch [0x369c99] in libcuda.so.1
=========         Host Frame:  [0x2094a] in libcudart.so.12
=========         Host Frame: cudaGraphLaunch [0x7bf95] in libcudart.so.12
=========         Host Frame: Nv::Blast::(anonymous namespace)::DeviceStressTopology::init(CUstream_st*) [0x506ab] in gpu_resident_stress_test
=========         Host Frame: Nv::Blast::(anonymous namespace)::ExtStressGpuSolverImpl::enableDeviceTopology() [0x50ca7] in gpu_resident_stress_test
=========         Host Frame: (anonymous namespace)::columns(unsigned int, bool) [0x8a59] in gpu_resident_stress_test
=========         Host Frame: main [0x71da] in gpu_resident_stress_test
========= 
========= Barrier error detected. Divergent thread(s) in warp.
=========     at void cub::CUB_200700_890_NS::DeviceSelectSweepKernel<cub::CUB_200700_890_NS::detail::device_select_policy_hub<unsigned int, unsigned int, int, (bool)0, (bool)0>::Policy900, cub::CUB_200700_890_NS::CountingInputIterator<unsigned int, long>, unsigned int *, unsigned int *, unsigned int *, cub::CUB_200700_890_NS::ScanTileState<int, (bool)1>, cub::CUB_200700_890_NS::NullType, cub::CUB_200700_890_NS::NullType, int, (bool)0, (bool)0>(T2, T3, T4, T5, T6, T7, T8, T9, int, cub::CUB_200700_890_NS::detail::vsmem_t)+0x2230
=========     by thread (127,0,0) in block (0,0,0)
=========     Saved host backtrace up to driver entry point at kernel launch time
=========         Host Frame: cuGraphLaunch [0x369c99] in libcuda.so.1
=========         Host Frame:  [0x2094a] in libcudart.so.12
=========         Host Frame: cudaGraphLaunch [0x7bf95] in libcudart.so.12
=========         Host Frame: Nv::Blast::(anonymous namespace)::DeviceStressTopology::init(CUstream_st*) [0x506ab] in gpu_resident_stress_test
=========         Host Frame: Nv::Blast::(anonymous namespace)::ExtStressGpuSolverImpl::enableDeviceTopology() [0x50ca7] in gpu_resident_stress_test
=========         Host Frame: (anonymous namespace)::columns(unsigned int, bool) [0x8a59] in gpu_resident_stress_test
=========         Host Frame: main [0x71da] in gpu_resident_stress_test
========= 
========= Barrier error detected. Divergent thread(s) in warp.
=========     at void cub::CUB_200700_890_NS::DeviceSelectSweepKernel<cub::CUB_200700_890_NS::detail::device_select_policy_hub<unsigned int, unsigned int, int, (bool)0, (bool)0>::Policy900, cub::CUB_200700_890_NS::CountingInputIterator<unsigned int, long>, unsigned int *, unsigned int *, unsigned int *, cub::CUB_200700_890_NS::ScanTileState<int, (bool)1>, cub::CUB_200700_890_NS::NullType, cub::CUB_200700_890_NS::NullType, int, (bool)0, (bool)0>(T2, T3, T4, T5, T6, T7, T8, T9, int, cub::CUB_200700_890_NS::detail::vsmem_t)+0x2230
=========     by thread (0,0,0) in block (0,0,0)
=========     Saved host backtrace up to driver entry point at kernel launch time
=========         Host Frame: cuGraphLaunch [0x369c99] in libcuda.so.1
=========         Host Frame:  [0x2094a] in libcudart.so.12
=========         Host Frame: cudaGraphLaunch [0x7bf95] in libcudart.so.12
=========         Host Frame: Nv::Blast::(anonymous namespace)::DeviceStressTopology::init(CUstream_st*) [0x506ab] in gpu_resident_stress_test
=========         Host Frame: Nv::Blast::(anonymous namespace)::ExtStressGpuSolverImpl::enableDeviceTopology() [0x50ca7] in gpu_resident_stress_test
=========         Host Frame: (anonymous namespace)::columns(unsigned int, bool) [0x8a59] in gpu_resident_stress_test
=========         Host Frame: main [0x71da] in gpu_resident_stress_test
========= 
========= Barrier error detected. Divergent thread(s) in warp.
=========     at void cub::CUB_200700_890_NS::DeviceSelectSweepKernel<cub::CUB_200700_890_NS::detail::device_select_policy_hub<unsigned int, unsigned int, int, (bool)0, (bool)0>::Policy900, cub::CUB_200700_890_NS::CountingInputIterator<unsigned int, long>, unsigned int *, unsigned int *, unsigned int *, cub::CUB_200700_890_NS::ScanTileState<int, (bool)1>, cub::CUB_200700_890_NS::NullType, cub::CUB_200700_890_NS::NullType, int, (bool)0, (bool)0>(T2, T3, T4, T5, T6, T7, T8, T9, int, cub::CUB_200700_890_NS::detail::vsmem_t)+0x2230
=========     by thread (1,0,0) in block (0,0,0)
=========     Saved host backtrace up to driver entry point at kernel launch time
=========         Host Frame: cuGraphLaunch [0x369c99] in libcuda.so.1
=========         Host Frame:  [0x2094a] in libcudart.so.12
=========         Host Frame: cudaGraphLaunch [0x7bf95] in libcudart.so.12
=========         Host Frame: Nv::Blast::(anonymous namespace)::DeviceStressTopology::init(CUstream_st*) [0x506ab] in gpu_resident_stress_test
=========         Host Frame: Nv::Blast::(anonymous namespace)::ExtStressGpuSolverImpl::enableDeviceTopology() [0x50ca7] in gpu_resident_stress_test
=========         Host Frame: (anonymous namespace)::columns(unsigned int, bool) [0x8a59] in gpu_resident_stress_test
=========         Host Frame: main [0x71da] in gpu_resident_stress_test
========= 
========= Barrier error detected. Divergent thread(s) in warp.
=========     at void cub::CUB_200700_890_NS::DeviceSelectSweepKernel<cub::CUB_200700_890_NS::detail::device_select_policy_hub<unsigned int, unsigned int, int, (bool)0, (bool)0>::Policy900, cub::CUB_200700_890_NS::CountingInputIterator<unsigned int, long>, unsigned int *, unsigned int *, unsigned int *, cub::CUB_200700_890_NS::ScanTileState<int, (bool)1>, cub::CUB_200700_890_NS::NullType, cub::CUB_200700_890_NS::NullType, int, (bool)0, (bool)0>(T2, T3, T4, T5, T6, T7, T8, T9, int, cub::CUB_200700_890_NS::detail::vsmem_t)+0x2230
=========     by thread (2,0,0) in block (0,0,0)
=========     Saved host backtrace up to driver entry point at kernel launch time
=========         Host Frame: cuGraphLaunch [0x369c99] in libcuda.so.1
=========         Host Frame:  [0x2094a] in libcudart.so.12
=========         Host Frame: cudaGraphLaunch [0x7bf95] in libcudart.so.12
=========         Host Frame: Nv::Blast::(anonymous namespace)::DeviceStressTopology::init(CUstream_st*) [0x506ab] in gpu_resident_stress_test
=========         Host Frame: Nv::Blast::(anonymous namespace)::ExtStressGpuSolverImpl::enableDeviceTopology() [0x50ca7] in gpu_resident_stress_test
=========         Host Frame: (anonymous namespace)::columns(unsigned int, bool) [0x8a59] in gpu_resident_stress_test
=========         Host Frame: main [0x71da] in gpu_resident_stress_test
========= 
========= Barrier error detected. Divergent thread(s) in warp.
=========     at void cub::CUB_200700_890_NS::DeviceSelectSweepKernel<cub::CUB_200700_890_NS::detail::device_select_policy_hub<unsigned int, unsigned int, int, (bool)0, (bool)0>::Policy900, cub::CUB_200700_890_NS::CountingInputIterator<unsigned int, long>, unsigned int *, unsigned int *, unsigned int *, cub::CUB_200700_890_NS::ScanTileState<int, (bool)1>, cub::CUB_200700_890_NS::NullType, cub::CUB_200700_890_NS::NullType, int, (bool)0, (bool)0>(T2, T3, T4, T5, T6, T7, T8, T9, int, cub::CUB_200700_890_NS::detail::vsmem_t)+0x2230
=========     by thread (3,0,0) in block (0,0,0)
=========     Saved host backtrace up to driver entry point at kernel launch time
=========         Host Frame: cuGraphLaunch [0x369c99] in libcuda.so.1
=========         Host Frame:  [0x2094a] in libcudart.so.12
=========         Host Frame: cudaGraphLaunch [0x7bf95] in libcudart.so.12
=========         Host Frame: Nv::Blast::(anonymous namespace)::DeviceStressTopology::init(CUstream_st*) [0x506ab] in gpu_resident_stress_test
=========         Host Frame: Nv::Blast::(anonymous namespace)::ExtStressGpuSolverImpl::enableDeviceTopology() [0x50ca7] in gpu_resident_stress_test
=========         Host Frame: (anonymous namespace)::columns(unsigned int, bool) [0x8a59] in gpu_resident_stress_test
=========         Host Frame: main [0x71da] in gpu_resident_stress_test
========= 
========= Barrier error detected. Divergent thread(s) in warp.
=========     at void cub::CUB_200700_890_NS::DeviceSelectSweepKernel<cub::CUB_200700_890_NS::detail::device_select_policy_hub<unsigned int, unsigned int, int, (bool)0, (bool)0>::Policy900, cub::CUB_200700_890_NS::CountingInputIterator<unsigned int, long>, unsigned int *, unsigned int *, unsigned int *, cub::CUB_200700_890_NS::ScanTileState<int, (bool)1>, cub::CUB_200700_890_NS::NullType, cub::CUB_200700_890_NS::NullType, int, (bool)0, (bool)0>(T2, T3, T4, T5, T6, T7, T8, T9, int, cub::CUB_200700_890_NS::detail::vsmem_t)+0x2230
=========     by thread (4,0,0) in block (0,0,0)
=========     Saved host backtrace up to driver entry point at kernel launch time
=========         Host Frame: cuGraphLaunch [0x369c99] in libcuda.so.1
=========         Host Frame:  [0x2094a] in libcudart.so.12
=========         Host Frame: cudaGraphLaunch [0x7bf95] in libcudart.so.12
=========         Host Frame: Nv::Blast::(anonymous namespace)::DeviceStressTopology::init(CUstream_st*) [0x506ab] in gpu_resident_stress_test
=========         Host Frame: Nv::Blast::(anonymous namespace)::ExtStressGpuSolverImpl::enableDeviceTopology() [0x50ca7] in gpu_resident_stress_test
=========         Host Frame: (anonymous namespace)::columns(unsigned int, bool) [0x8a59] in gpu_resident_stress_test
=========         Host Frame: main [0x71da] in gpu_resident_stress_test
========= 
========= Barrier error detected. Divergent thread(s) in warp.
=========     at void cub::CUB_200700_890_NS::DeviceSelectSweepKernel<cub::CUB_200700_890_NS::detail::device_select_policy_hub<unsigned int, unsigned int, int, (bool)0, (bool)0>::Policy900, cub::CUB_200700_890_NS::CountingInputIterator<unsigned int, long>, unsigned int *, unsigned int *, unsigned int *, cub::CUB_200700_890_NS::ScanTileState<int, (bool)1>, cub::CUB_200700_890_NS::NullType, cub::CUB_200700_890_NS::NullType, int, (bool)0, (bool)0>(T2, T3, T4, T5, T6, T7, T8, T9, int, cub::CUB_200700_890_NS::detail::vsmem_t)+0x2230
=========     by thread (5,0,0) in block (0,0,0)
=========     Saved host backtrace up to driver entry point at kernel launch time
=========         Host Frame: cuGraphLaunch [0x369c99] in libcuda.so.1
=========         Host Frame:  [0x2094a] in libcudart.so.12
=========         Host Frame: cudaGraphLaunch [0x7bf95] in libcudart.so.12
=========         Host Frame: Nv::Blast::(anonymous namespace)::DeviceStressTopology::init(CUstream_st*) [0x506ab] in gpu_resident_stress_test
=========         Host Frame: Nv::Blast::(anonymous namespace)::ExtStressGpuSolverImpl::enableDeviceTopology() [0x50ca7] in gpu_resident_stress_test
=========         Host Frame: (anonymous namespace)::columns(unsigned int, bool) [0x8a59] in gpu_resident_stress_test
=========         Host Frame: main [0x71da] in gpu_resident_stress_test
========= 
========= Barrier error detected. Divergent thread(s) in warp.
=========     at void cub::CUB_200700_890_NS::DeviceSelectSweepKernel<cub::CUB_200700_890_NS::detail::device_select_policy_hub<unsigned int, unsigned int, int, (bool)0, (bool)0>::Policy900, cub::CUB_200700_890_NS::CountingInputIterator<unsigned int, long>, unsigned int *, unsigned int *, unsigned int *, cub::CUB_200700_890_NS::ScanTileState<int, (bool)1>, cub::CUB_200700_890_NS::NullType, cub::CUB_200700_890_NS::NullType, int, (bool)0, (bool)0>(T2, T3, T4, T5, T6, T7, T8, T9, int, cub::CUB_200700_890_NS::detail::vsmem_t)+0x2230
=========     by thread (6,0,0) in block (0,0,0)
=========     Saved host backtrace up to driver entry point at kernel launch time
=========         Host Frame: cuGraphLaunch [0x369c99] in libcuda.so.1
=========         Host Frame:  [0x2094a] in libcudart.so.12
=========         Host Frame: cudaGraphLaunch [0x7bf95] in libcudart.so.12
=========         Host Frame: Nv::Blast::(anonymous namespace)::DeviceStressTopology::init(CUstream_st*) [0x506ab] in gpu_resident_stress_test
=========         Host Frame: Nv::Blast::(anonymous namespace)::ExtStressGpuSolverImpl::enableDeviceTopology() [0x50ca7] in gpu_resident_stress_test
=========         Host Frame: (anonymous namespace)::columns(unsigned int, bool) [0x8a59] in gpu_resident_stress_test
=========         Host Frame: main [0x71da] in gpu_resident_stress_test
========= 
========= Barrier error detected. Divergent thread(s) in warp.
=========     at void cub::CUB_200700_890_NS::DeviceSelectSweepKernel<cub::CUB_200700_890_NS::detail::device_select_policy_hub<unsigned int, unsigned int, int, (bool)0, (bool)0>::Policy900, cub::CUB_200700_890_NS::CountingInputIterator<unsigned int, long>, unsigned int *, unsigned int *, unsigned int *, cub::CUB_200700_890_NS::ScanTileState<int, (bool)1>, cub::CUB_200700_890_NS::NullType, cub::CUB_200700_890_NS::NullType, int, (bool)0, (bool)0>(T2, T3, T4, T5, T6, T7, T8, T9, int, cub::CUB_200700_890_NS::detail::vsmem_t)+0x2230
=========     by thread (7,0,0) in block (0,0,0)
=========     Saved host backtrace up to driver entry point at kernel launch time
=========         Host Frame: cuGraphLaunch [0x369c99] in libcuda.so.1
=========         Host Frame:  [0x2094a] in libcudart.so.12
=========         Host Frame: cudaGraphLaunch [0x7bf95] in libcudart.so.12
=========         Host Frame: Nv::Blast::(anonymous namespace)::DeviceStressTopology::init(CUstream_st*) [0x506ab] in gpu_resident_stress_test
=========         Host Frame: Nv::Blast::(anonymous namespace)::ExtStressGpuSolverImpl::enableDeviceTopology() [0x50ca7] in gpu_resident_stress_test
=========         Host Frame: (anonymous namespace)::columns(unsigned int, bool) [0x8a59] in gpu_resident_stress_test
=========         Host Frame: main [0x71da] in gpu_resident_stress_test
========= 
========= Barrier error detected. Divergent thread(s) in warp.
=========     at void cub::CUB_200700_890_NS::DeviceSelectSweepKernel<cub::CUB_200700_890_NS::detail::device_select_policy_hub<unsigned int, unsigned int, int, (bool)0, (bool)0>::Policy900, cub::CUB_200700_890_NS::CountingInputIterator<unsigned int, long>, unsigned int *, unsigned int *, unsigned int *, cub::CUB_200700_890_NS::ScanTileState<int, (bool)1>, cub::CUB_200700_890_NS::NullType, cub::CUB_200700_890_NS::NullType, int, (bool)0, (bool)0>(T2, T3, T4, T5, T6, T7, T8, T9, int, cub::CUB_200700_890_NS::detail::vsmem_t)+0x2230
=========     by thread (8,0,0) in block (0,0,0)
=========     Saved host backtrace up to driver entry point at kernel launch time
=========         Host Frame: cuGraphLaunch [0x369c99] in libcuda.so.1
=========         Host Frame:  [0x2094a] in libcudart.so.12
=========         Host Frame: cudaGraphLaunch [0x7bf95] in libcudart.so.12
=========         Host Frame: Nv::Blast::(anonymous namespace)::DeviceStressTopology::init(CUstream_st*) [0x506ab] in gpu_resident_stress_test
=========         Host Frame: Nv::Blast::(anonymous namespace)::ExtStressGpuSolverImpl::enableDeviceTopology() [0x50ca7] in gpu_resident_stress_test
=========         Host Frame: (anonymous namespace)::columns(unsigned int, bool) [0x8a59] in gpu_resident_stress_test
=========         Host Frame: main [0x71da] in gpu_resident_stress_test
========= 
========= Barrier error detected. Divergent thread(s) in warp.
=========     at void cub::CUB_200700_890_NS::DeviceSelectSweepKernel<cub::CUB_200700_890_NS::detail::device_select_policy_hub<unsigned int, unsigned int, int, (bool)0, (bool)0>::Policy900, cub::CUB_200700_890_NS::CountingInputIterator<unsigned int, long>, unsigned int *, unsigned int *, unsigned int *, cub::CUB_200700_890_NS::ScanTileState<int, (bool)1>, cub::CUB_200700_890_NS::NullType, cub::CUB_200700_890_NS::NullType, int, (bool)0, (bool)0>(T2, T3, T4, T5, T6, T7, T8, T9, int, cub::CUB_200700_890_NS::detail::vsmem_t)+0x2230
=========     by thread (9,0,0) in block (0,0,0)
=========     Saved host backtrace up to driver entry point at kernel launch time
=========         Host Frame: cuGraphLaunch [0x369c99] in libcuda.so.1
=========         Host Frame:  [0x2094a] in libcudart.so.12
=========         Host Frame: cudaGraphLaunch [0x7bf95] in libcudart.so.12
=========         Host Frame: Nv::Blast::(anonymous namespace)::DeviceStressTopology::init(CUstream_st*) [0x506ab] in gpu_resident_stress_test
=========         Host Frame: Nv::Blast::(anonymous namespace)::ExtStressGpuSolverImpl::enableDeviceTopology() [0x50ca7] in gpu_resident_stress_test
=========         Host Frame: (anonymous namespace)::columns(unsigned int, bool) [0x8a59] in gpu_resident_stress_test
=========         Host Frame: main [0x71da] in gpu_resident_stress_test
========= 
========= Barrier error detected. Divergent thread(s) in warp.
=========     at void cub::CUB_200700_890_NS::DeviceSelectSweepKernel<cub::CUB_200700_890_NS::detail::device_select_policy_hub<unsigned int, unsigned int, int, (bool)0, (bool)0>::Policy900, cub::CUB_200700_890_NS::CountingInputIterator<unsigned int, long>, unsigned int *, unsigned int *, unsigned int *, cub::CUB_200700_890_NS::ScanTileState<int, (bool)1>, cub::CUB_200700_890_NS::NullType, cub::CUB_200700_890_NS::NullType, int, (bool)0, (bool)0>(T2, T3, T4, T5, T6, T7, T8, T9, int, cub::CUB_200700_890_NS::detail::vsmem_t)+0x2230
=========     by thread (10,0,0) in block (0,0,0)
=========     Saved host backtrace up to driver entry point at kernel launch time
=========         Host Frame: cuGraphLaunch [0x369c99] in libcuda.so.1
=========         Host Frame:  [0x2094a] in libcudart.so.12
=========         Host Frame: cudaGraphLaunch [0x7bf95] in libcudart.so.12
=========         Host Frame: Nv::Blast::(anonymous namespace)::DeviceStressTopology::init(CUstream_st*) [0x506ab] in gpu_resident_stress_test
=========         Host Frame: Nv::Blast::(anonymous namespace)::ExtStressGpuSolverImpl::enableDeviceTopology() [0x50ca7] in gpu_resident_stress_test
=========         Host Frame: (anonymous namespace)::columns(unsigned int, bool) [0x8a59] in gpu_resident_stress_test
=========         Host Frame: main [0x71da] in gpu_resident_stress_test
========= 
========= Barrier error detected. Divergent thread(s) in warp.
=========     at void cub::CUB_200700_890_NS::DeviceSelectSweepKernel<cub::CUB_200700_890_NS::detail::device_select_policy_hub<unsigned int, unsigned int, int, (bool)0, (bool)0>::Policy900, cub::CUB_200700_890_NS::CountingInputIterator<unsigned int, long>, unsigned int *, unsigned int *, unsigned int *, cub::CUB_200700_890_NS::ScanTileState<int, (bool)1>, cub::CUB_200700_890_NS::NullType, cub::CUB_200700_890_NS::NullType, int, (bool)0, (bool)0>(T2, T3, T4, T5, T6, T7, T8, T9, int, cub::CUB_200700_890_NS::detail::vsmem_t)+0x2230
=========     by thread (11,0,0) in block (0,0,0)
=========     Saved host backtrace up to driver entry point at kernel launch time
=========         Host Frame: cuGraphLaunch [0x369c99] in libcuda.so.1
=========         Host Frame:  [0x2094a] in libcudart.so.12
=========         Host Frame: cudaGraphLaunch [0x7bf95] in libcudart.so.12
=========         Host Frame: Nv::Blast::(anonymous namespace)::DeviceStressTopology::init(CUstream_st*) [0x506ab] in gpu_resident_stress_test
=========         Host Frame: Nv::Blast::(anonymous namespace)::ExtStressGpuSolverImpl::enableDeviceTopology() [0x50ca7] in gpu_resident_stress_test
=========         Host Frame: (anonymous namespace)::columns(unsigned int, bool) [0x8a59] in gpu_resident_stress_test
=========         Host Frame: main [0x71da] in gpu_resident_stress_test
========= 
========= Barrier error detected. Divergent thread(s) in warp.
=========     at void cub::CUB_200700_890_NS::DeviceSelectSweepKernel<cub::CUB_200700_890_NS::detail::device_select_policy_hub<unsigned int, unsigned int, int, (bool)0, (bool)0>::Policy900, cub::CUB_200700_890_NS::CountingInputIterator<unsigned int, long>, unsigned int *, unsigned int *, unsigned int *, cub::CUB_200700_890_NS::ScanTileState<int, (bool)1>, cub::CUB_200700_890_NS::NullType, cub::CUB_200700_890_NS::NullType, int, (bool)0, (bool)0>(T2, T3, T4, T5, T6, T7, T8, T9, int, cub::CUB_200700_890_NS::detail::vsmem_t)+0x2230
=========     by thread (12,0,0) in block (0,0,0)
=========     Saved host backtrace up to driver entry point at kernel launch time
=========         Host Frame: cuGraphLaunch [0x369c99] in libcuda.so.1
=========         Host Frame:  [0x2094a] in libcudart.so.12
=========         Host Frame: cudaGraphLaunch [0x7bf95] in libcudart.so.12
=========         Host Frame: Nv::Blast::(anonymous namespace)::DeviceStressTopology::init(CUstream_st*) [0x506ab] in gpu_resident_stress_test
=========         Host Frame: Nv::Blast::(anonymous namespace)::ExtStressGpuSolverImpl::enableDeviceTopology() [0x50ca7] in gpu_resident_stress_test
=========         Host Frame: (anonymous namespace)::columns(unsigned int, bool) [0x8a59] in gpu_resident_stress_test
=========         Host Frame: main [0x71da] in gpu_resident_stress_test
========= 
========= Barrier error detected. Divergent thread(s) in warp.
=========     at void cub::CUB_200700_890_NS::DeviceSelectSweepKernel<cub::CUB_200700_890_NS::detail::device_select_policy_hub<unsigned int, unsigned int, int, (bool)0, (bool)0>::Policy900, cub::CUB_200700_890_NS::CountingInputIterator<unsigned int, long>, unsigned int *, unsigned int *, unsigned int *, cub::CUB_200700_890_NS::ScanTileState<int, (bool)1>, cub::CUB_200700_890_NS::NullType, cub::CUB_200700_890_NS::NullType, int, (bool)0, (bool)0>(T2, T3, T4, T5, T6, T7, T8, T9, int, cub::CUB_200700_890_NS::detail::vsmem_t)+0x2230
=========     by thread (13,0,0) in block (0,0,0)
=========     Saved host backtrace up to driver entry point at kernel launch time
=========         Host Frame: cuGraphLaunch [0x369c99] in libcuda.so.1
=========         Host Frame:  [0x2094a] in libcudart.so.12
=========         Host Frame: cudaGraphLaunch [0x7bf95] in libcudart.so.12
=========         Host Frame: Nv::Blast::(anonymous namespace)::DeviceStressTopology::init(CUstream_st*) [0x506ab] in gpu_resident_stress_test
=========         Host Frame: Nv::Blast::(anonymous namespace)::ExtStressGpuSolverImpl::enableDeviceTopology() [0x50ca7] in gpu_resident_stress_test
=========         Host Frame: (anonymous namespace)::columns(unsigned int, bool) [0x8a59] in gpu_resident_stress_test
=========         Host Frame: main [0x71da] in gpu_resident_stress_test
========= 
========= Barrier error detected. Divergent thread(s) in warp.
=========     at void cub::CUB_200700_890_NS::DeviceSelectSweepKernel<cub::CUB_200700_890_NS::detail::device_select_policy_hub<unsigned int, unsigned int, int, (bool)0, (bool)0>::Policy900, cub::CUB_200700_890_NS::CountingInputIterator<unsigned int, long>, unsigned int *, unsigned int *, unsigned int *, cub::CUB_200700_890_NS::ScanTileState<int, (bool)1>, cub::CUB_200700_890_NS::NullType, cub::CUB_200700_890_NS::NullType, int, (bool)0, (bool)0>(T2, T3, T4, T5, T6, T7, T8, T9, int, cub::CUB_200700_890_NS::detail::vsmem_t)+0x2230
=========     by thread (14,0,0) in block (0,0,0)
=========     Saved host backtrace up to driver entry point at kernel launch time
=========         Host Frame: cuGraphLaunch [0x369c99] in libcuda.so.1
=========         Host Frame:  [0x2094a] in libcudart.so.12
=========         Host Frame: cudaGraphLaunch [0x7bf95] in libcudart.so.12
=========         Host Frame: Nv::Blast::(anonymous namespace)::DeviceStressTopology::init(CUstream_st*) [0x506ab] in gpu_resident_stress_test
=========         Host Frame: Nv::Blast::(anonymous namespace)::ExtStressGpuSolverImpl::enableDeviceTopology() [0x50ca7] in gpu_resident_stress_test
=========         Host Frame: (anonymous namespace)::columns(unsigned int, bool) [0x8a59] in gpu_resident_stress_test
=========         Host Frame: main [0x71da] in gpu_resident_stress_test
========= 
========= Barrier error detected. Divergent thread(s) in warp.
=========     at void cub::CUB_200700_890_NS::DeviceSelectSweepKernel<cub::CUB_200700_890_NS::detail::device_select_policy_hub<unsigned int, unsigned int, int, (bool)0, (bool)0>::Policy900, cub::CUB_200700_890_NS::CountingInputIterator<unsigned int, long>, unsigned int *, unsigned int *, unsigned int *, cub::CUB_200700_890_NS::ScanTileState<int, (bool)1>, cub::CUB_200700_890_NS::NullType, cub::CUB_200700_890_NS::NullType, int, (bool)0, (bool)0>(T2, T3, T4, T5, T6, T7, T8, T9, int, cub::CUB_200700_890_NS::detail::vsmem_t)+0x2230
=========     by thread (15,0,0) in block (0,0,0)
=========     Saved host backtrace up to driver entry point at kernel launch time
=========         Host Frame: cuGraphLaunch [0x369c99] in libcuda.so.1
=========         Host Frame:  [0x2094a] in libcudart.so.12
=========         Host Frame: cudaGraphLaunch [0x7bf95] in libcudart.so.12
=========         Host Frame: Nv::Blast::(anonymous namespace)::DeviceStressTopology::init(CUstream_st*) [0x506ab] in gpu_resident_stress_test
=========         Host Frame: Nv::Blast::(anonymous namespace)::ExtStressGpuSolverImpl::enableDeviceTopology() [0x50ca7] in gpu_resident_stress_test
=========         Host Frame: (anonymous namespace)::columns(unsigned int, bool) [0x8a59] in gpu_resident_stress_test
=========         Host Frame: main [0x71da] in gpu_resident_stress_test
========= 
========= Barrier error detected. Divergent thread(s) in warp.
=========     at void cub::CUB_200700_890_NS::DeviceSelectSweepKernel<cub::CUB_200700_890_NS::detail::device_select_policy_hub<unsigned int, unsigned int, int, (bool)0, (bool)0>::Policy900, cub::CUB_200700_890_NS::CountingInputIterator<unsigned int, long>, unsigned int *, unsigned int *, unsigned int *, cub::CUB_200700_890_NS::ScanTileState<int, (bool)1>, cub::CUB_200700_890_NS::NullType, cub::CUB_200700_890_NS::NullType, int, (bool)0, (bool)0>(T2, T3, T4, T5, T6, T7, T8, T9, int, cub::CUB_200700_890_NS::detail::vsmem_t)+0x2230
=========     by thread (16,0,0) in block (0,0,0)
=========     Saved host backtrace up to driver entry point at kernel launch time
=========         Host Frame: cuGraphLaunch [0x369c99] in libcuda.so.1
=========         Host Frame:  [0x2094a] in libcudart.so.12
=========         Host Frame: cudaGraphLaunch [0x7bf95] in libcudart.so.12
=========         Host Frame: Nv::Blast::(anonymous namespace)::DeviceStressTopology::init(CUstream_st*) [0x506ab] in gpu_resident_stress_test
=========         Host Frame: Nv::Blast::(anonymous namespace)::ExtStressGpuSolverImpl::enableDeviceTopology() [0x50ca7] in gpu_resident_stress_test
=========         Host Frame: (anonymous namespace)::columns(unsigned int, bool) [0x8a59] in gpu_resident_stress_test
=========         Host Frame: main [0x71da] in gpu_resident_stress_test
========= 
========= Barrier error detected. Divergent thread(s) in warp.
=========     at void cub::CUB_200700_890_NS::DeviceSelectSweepKernel<cub::CUB_200700_890_NS::detail::device_select_policy_hub<unsigned int, unsigned int, int, (bool)0, (bool)0>::Policy900, cub::CUB_200700_890_NS::CountingInputIterator<unsigned int, long>, unsigned int *, unsigned int *, unsigned int *, cub::CUB_200700_890_NS::ScanTileState<int, (bool)1>, cub::CUB_200700_890_NS::NullType, cub::CUB_200700_890_NS::NullType, int, (bool)0, (bool)0>(T2, T3, T4, T5, T6, T7, T8, T9, int, cub::CUB_200700_890_NS::detail::vsmem_t)+0x2230
=========     by thread (17,0,0) in block (0,0,0)
=========     Saved host backtrace up to driver entry point at kernel launch time
=========         Host Frame: cuGraphLaunch [0x369c99] in libcuda.so.1
=========         Host Frame:  [0x2094a] in libcudart.so.12
=========         Host Frame: cudaGraphLaunch [0x7bf95] in libcudart.so.12
=========         Host Frame: Nv::Blast::(anonymous namespace)::DeviceStressTopology::init(CUstream_st*) [0x506ab] in gpu_resident_stress_test
=========         Host Frame: Nv::Blast::(anonymous namespace)::ExtStressGpuSolverImpl::enableDeviceTopology() [0x50ca7] in gpu_resident_stress_test
=========         Host Frame: (anonymous namespace)::columns(unsigned int, bool) [0x8a59] in gpu_resident_stress_test
=========         Host Frame: main [0x71da] in gpu_resident_stress_test
========= 
========= Barrier error detected. Divergent thread(s) in warp.
=========     at void cub::CUB_200700_890_NS::DeviceSelectSweepKernel<cub::CUB_200700_890_NS::detail::device_select_policy_hub<unsigned int, unsigned int, int, (bool)0, (bool)0>::Policy900, cub::CUB_200700_890_NS::CountingInputIterator<unsigned int, long>, unsigned int *, unsigned int *, unsigned int *, cub::CUB_200700_890_NS::ScanTileState<int, (bool)1>, cub::CUB_200700_890_NS::NullType, cub::CUB_200700_890_NS::NullType, int, (bool)0, (bool)0>(T2, T3, T4, T5, T6, T7, T8, T9, int, cub::CUB_200700_890_NS::detail::vsmem_t)+0x2230
=========     by thread (18,0,0) in block (0,0,0)
=========     Saved host backtrace up to driver entry point at kernel launch time
=========         Host Frame: cuGraphLaunch [0x369c99] in libcuda.so.1
=========         Host Frame:  [0x2094a] in libcudart.so.12
=========         Host Frame: cudaGraphLaunch [0x7bf95] in libcudart.so.12
=========         Host Frame: Nv::Blast::(anonymous namespace)::DeviceStressTopology::init(CUstream_st*) [0x506ab] in gpu_resident_stress_test
=========         Host Frame: Nv::Blast::(anonymous namespace)::ExtStressGpuSolverImpl::enableDeviceTopology() [0x50ca7] in gpu_resident_stress_test
=========         Host Frame: (anonymous namespace)::columns(unsigned int, bool) [0x8a59] in gpu_resident_stress_test
=========         Host Frame: main [0x71da] in gpu_resident_stress_test
========= 
========= Barrier error detected. Divergent thread(s) in warp.
=========     at void cub::CUB_200700_890_NS::DeviceSelectSweepKernel<cub::CUB_200700_890_NS::detail::device_select_policy_hub<unsigned int, unsigned int, int, (bool)0, (bool)0>::Policy900, cub::CUB_200700_890_NS::CountingInputIterator<unsigned int, long>, unsigned int *, unsigned int *, unsigned int *, cub::CUB_200700_890_NS::ScanTileState<int, (bool)1>, cub::CUB_200700_890_NS::NullType, cub::CUB_200700_890_NS::NullType, int, (bool)0, (bool)0>(T2, T3, T4, T5, T6, T7, T8, T9, int, cub::CUB_200700_890_NS::detail::vsmem_t)+0x2230
=========     by thread (19,0,0) in block (0,0,0)
=========     Saved host backtrace up to driver entry point at kernel launch time
=========         Host Frame: cuGraphLaunch [0x369c99] in libcuda.so.1
=========         Host Frame:  [0x2094a] in libcudart.so.12
=========         Host Frame: cudaGraphLaunch [0x7bf95] in libcudart.so.12
=========         Host Frame: Nv::Blast::(anonymous namespace)::DeviceStressTopology::init(CUstream_st*) [0x506ab] in gpu_resident_stress_test
=========         Host Frame: Nv::Blast::(anonymous namespace)::ExtStressGpuSolverImpl::enableDeviceTopology() [0x50ca7] in gpu_resident_stress_test
=========         Host Frame: (anonymous namespace)::columns(unsigned int, bool) [0x8a59] in gpu_resident_stress_test
=========         Host Frame: main [0x71da] in gpu_resident_stress_test
========= 
========= Barrier error detected. Divergent thread(s) in warp.
=========     at void cub::CUB_200700_890_NS::DeviceSelectSweepKernel<cub::CUB_200700_890_NS::detail::device_select_policy_hub<unsigned int, unsigned int, int, (bool)0, (bool)0>::Policy900, cub::CUB_200700_890_NS::CountingInputIterator<unsigned int, long>, unsigned int *, unsigned int *, unsigned int *, cub::CUB_200700_890_NS::ScanTileState<int, (bool)1>, cub::CUB_200700_890_NS::NullType, cub::CUB_200700_890_NS::NullType, int, (bool)0, (bool)0>(T2, T3, T4, T5, T6, T7, T8, T9, int, cub::CUB_200700_890_NS::detail::vsmem_t)+0x2230
=========     by thread (20,0,0) in block (0,0,0)
=========     Saved host backtrace up to driver entry point at kernel launch time
=========         Host Frame: cuGraphLaunch [0x369c99] in libcuda.so.1
=========         Host Frame:  [0x2094a] in libcudart.so.12
=========         Host Frame: cudaGraphLaunch [0x7bf95] in libcudart.so.12
=========         Host Frame: Nv::Blast::(anonymous namespace)::DeviceStressTopology::init(CUstream_st*) [0x506ab] in gpu_resident_stress_test
=========         Host Frame: Nv::Blast::(anonymous namespace)::ExtStressGpuSolverImpl::enableDeviceTopology() [0x50ca7] in gpu_resident_stress_test
=========         Host Frame: (anonymous namespace)::columns(unsigned int, bool) [0x8a59] in gpu_resident_stress_test
=========         Host Frame: main [0x71da] in gpu_resident_stress_test
========= 
========= Barrier error detected. Divergent thread(s) in warp.
=========     at void cub::CUB_200700_890_NS::DeviceSelectSweepKernel<cub::CUB_200700_890_NS::detail::device_select_policy_hub<unsigned int, unsigned int, int, (bool)0, (bool)0>::Policy900, cub::CUB_200700_890_NS::CountingInputIterator<unsigned int, long>, unsigned int *, unsigned int *, unsigned int *, cub::CUB_200700_890_NS::ScanTileState<int, (bool)1>, cub::CUB_200700_890_NS::NullType, cub::CUB_200700_890_NS::NullType, int, (bool)0, (bool)0>(T2, T3, T4, T5, T6, T7, T8, T9, int, cub::CUB_200700_890_NS::detail::vsmem_t)+0x2230
=========     by thread (21,0,0) in block (0,0,0)
=========     Saved host backtrace up to driver entry point at kernel launch time
=========         Host Frame: cuGraphLaunch [0x369c99] in libcuda.so.1
=========         Host Frame:  [0x2094a] in libcudart.so.12
=========         Host Frame: cudaGraphLaunch [0x7bf95] in libcudart.so.12
=========         Host Frame: Nv::Blast::(anonymous namespace)::DeviceStressTopology::init(CUstream_st*) [0x506ab] in gpu_resident_stress_test
=========         Host Frame: Nv::Blast::(anonymous namespace)::ExtStressGpuSolverImpl::enableDeviceTopology() [0x50ca7] in gpu_resident_stress_test
=========         Host Frame: (anonymous namespace)::columns(unsigned int, bool) [0x8a59] in gpu_resident_stress_test
=========         Host Frame: main [0x71da] in gpu_resident_stress_test
========= 
========= Barrier error detected. Divergent thread(s) in warp.
=========     at void cub::CUB_200700_890_NS::DeviceSelectSweepKernel<cub::CUB_200700_890_NS::detail::device_select_policy_hub<unsigned int, unsigned int, int, (bool)0, (bool)0>::Policy900, cub::CUB_200700_890_NS::CountingInputIterator<unsigned int, long>, unsigned int *, unsigned int *, unsigned int *, cub::CUB_200700_890_NS::ScanTileState<int, (bool)1>, cub::CUB_200700_890_NS::NullType, cub::CUB_200700_890_NS::NullType, int, (bool)0, (bool)0>(T2, T3, T4, T5, T6, T7, T8, T9, int, cub::CUB_200700_890_NS::detail::vsmem_t)+0x2230
=========     by thread (22,0,0) in block (0,0,0)
=========     Saved host backtrace up to driver entry point at kernel launch time
=========         Host Frame: cuGraphLaunch [0x369c99] in libcuda.so.1
=========         Host Frame:  [0x2094a] in libcudart.so.12
=========         Host Frame: cudaGraphLaunch [0x7bf95] in libcudart.so.12
=========         Host Frame: Nv::Blast::(anonymous namespace)::DeviceStressTopology::init(CUstream_st*) [0x506ab] in gpu_resident_stress_test
=========         Host Frame: Nv::Blast::(anonymous namespace)::ExtStressGpuSolverImpl::enableDeviceTopology() [0x50ca7] in gpu_resident_stress_test
=========         Host Frame: (anonymous namespace)::columns(unsigned int, bool) [0x8a59] in gpu_resident_stress_test
=========         Host Frame: main [0x71da] in gpu_resident_stress_test
========= 
========= Barrier error detected. Divergent thread(s) in warp.
=========     at void cub::CUB_200700_890_NS::DeviceSelectSweepKernel<cub::CUB_200700_890_NS::detail::device_select_policy_hub<unsigned int, unsigned int, int, (bool)0, (bool)0>::Policy900, cub::CUB_200700_890_NS::CountingInputIterator<unsigned int, long>, unsigned int *, unsigned int *, unsigned int *, cub::CUB_200700_890_NS::ScanTileState<int, (bool)1>, cub::CUB_200700_890_NS::NullType, cub::CUB_200700_890_NS::NullType, int, (bool)0, (bool)0>(T2, T3, T4, T5, T6, T7, T8, T9, int, cub::CUB_200700_890_NS::detail::vsmem_t)+0x2230
=========     by thread (23,0,0) in block (0,0,0)
=========     Saved host backtrace up to driver entry point at kernel launch time
=========         Host Frame: cuGraphLaunch [0x369c99] in libcuda.so.1
=========         Host Frame:  [0x2094a] in libcudart.so.12
=========         Host Frame: cudaGraphLaunch [0x7bf95] in libcudart.so.12
=========         Host Frame: Nv::Blast::(anonymous namespace)::DeviceStressTopology::init(CUstream_st*) [0x506ab] in gpu_resident_stress_test
=========         Host Frame: Nv::Blast::(anonymous namespace)::ExtStressGpuSolverImpl::enableDeviceTopology() [0x50ca7] in gpu_resident_stress_test
=========         Host Frame: (anonymous namespace)::columns(unsigned int, bool) [0x8a59] in gpu_resident_stress_test
=========         Host Frame: main [0x71da] in gpu_resident_stress_test
========= 
========= Barrier error detected. Divergent thread(s) in warp.
=========     at void cub::CUB_200700_890_NS::DeviceSelectSweepKernel<cub::CUB_200700_890_NS::detail::device_select_policy_hub<unsigned int, unsigned int, int, (bool)0, (bool)0>::Policy900, cub::CUB_200700_890_NS::CountingInputIterator<unsigned int, long>, unsigned int *, unsigned int *, unsigned int *, cub::CUB_200700_890_NS::ScanTileState<int, (bool)1>, cub::CUB_200700_890_NS::NullType, cub::CUB_200700_890_NS::NullType, int, (bool)0, (bool)0>(T2, T3, T4, T5, T6, T7, T8, T9, int, cub::CUB_200700_890_NS::detail::vsmem_t)+0x2230
=========     by thread (24,0,0) in block (0,0,0)
=========     Saved host backtrace up to driver entry point at kernel launch time
=========         Host Frame: cuGraphLaunch [0x369c99] in libcuda.so.1
=========         Host Frame:  [0x2094a] in libcudart.so.12
=========         Host Frame: cudaGraphLaunch [0x7bf95] in libcudart.so.12
=========         Host Frame: Nv::Blast::(anonymous namespace)::DeviceStressTopology::init(CUstream_st*) [0x506ab] in gpu_resident_stress_test
=========         Host Frame: Nv::Blast::(anonymous namespace)::ExtStressGpuSolverImpl::enableDeviceTopology() [0x50ca7] in gpu_resident_stress_test
=========         Host Frame: (anonymous namespace)::columns(unsigned int, bool) [0x8a59] in gpu_resident_stress_test
=========         Host Frame: main [0x71da] in gpu_resident_stress_test
========= 
========= Barrier error detected. Divergent thread(s) in warp.
=========     at void cub::CUB_200700_890_NS::DeviceSelectSweepKernel<cub::CUB_200700_890_NS::detail::device_select_policy_hub<unsigned int, unsigned int, int, (bool)0, (bool)0>::Policy900, cub::CUB_200700_890_NS::CountingInputIterator<unsigned int, long>, unsigned int *, unsigned int *, unsigned int *, cub::CUB_200700_890_NS::ScanTileState<int, (bool)1>, cub::CUB_200700_890_NS::NullType, cub::CUB_200700_890_NS::NullType, int, (bool)0, (bool)0>(T2, T3, T4, T5, T6, T7, T8, T9, int, cub::CUB_200700_890_NS::detail::vsmem_t)+0x2230
=========     by thread (25,0,0) in block (0,0,0)
=========     Saved host backtrace up to driver entry point at kernel launch time
=========         Host Frame: cuGraphLaunch [0x369c99] in libcuda.so.1
=========         Host Frame:  [0x2094a] in libcudart.so.12
=========         Host Frame: cudaGraphLaunch [0x7bf95] in libcudart.so.12
=========         Host Frame: Nv::Blast::(anonymous namespace)::DeviceStressTopology::init(CUstream_st*) [0x506ab] in gpu_resident_stress_test
=========         Host Frame: Nv::Blast::(anonymous namespace)::ExtStressGpuSolverImpl::enableDeviceTopology() [0x50ca7] in gpu_resident_stress_test
=========         Host Frame: (anonymous namespace)::columns(unsigned int, bool) [0x8a59] in gpu_resident_stress_test
=========         Host Frame: main [0x71da] in gpu_resident_stress_test
========= 
========= Barrier error detected. Divergent thread(s) in warp.
=========     at void cub::CUB_200700_890_NS::DeviceSelectSweepKernel<cub::CUB_200700_890_NS::detail::device_select_policy_hub<unsigned int, unsigned int, int, (bool)0, (bool)0>::Policy900, cub::CUB_200700_890_NS::CountingInputIterator<unsigned int, long>, unsigned int *, unsigned int *, unsigned int *, cub::CUB_200700_890_NS::ScanTileState<int, (bool)1>, cub::CUB_200700_890_NS::NullType, cub::CUB_200700_890_NS::NullType, int, (bool)0, (bool)0>(T2, T3, T4, T5, T6, T7, T8, T9, int, cub::CUB_200700_890_NS::detail::vsmem_t)+0x2230
=========     by thread (26,0,0) in block (0,0,0)
=========     Saved host backtrace up to driver entry point at kernel launch time
=========         Host Frame: cuGraphLaunch [0x369c99] in libcuda.so.1
=========         Host Frame:  [0x2094a] in libcudart.so.12
=========         Host Frame: cudaGraphLaunch [0x7bf95] in libcudart.so.12
=========         Host Frame: Nv::Blast::(anonymous namespace)::DeviceStressTopology::init(CUstream_st*) [0x506ab] in gpu_resident_stress_test
=========         Host Frame: Nv::Blast::(anonymous namespace)::ExtStressGpuSolverImpl::enableDeviceTopology() [0x50ca7] in gpu_resident_stress_test
=========         Host Frame: (anonymous namespace)::columns(unsigned int, bool) [0x8a59] in gpu_resident_stress_test
=========         Host Frame: main [0x71da] in gpu_resident_stress_test
========= 
========= Barrier error detected. Divergent thread(s) in warp.
=========     at void cub::CUB_200700_890_NS::DeviceSelectSweepKernel<cub::CUB_200700_890_NS::detail::device_select_policy_hub<unsigned int, unsigned int, int, (bool)0, (bool)0>::Policy900, cub::CUB_200700_890_NS::CountingInputIterator<unsigned int, long>, unsigned int *, unsigned int *, unsigned int *, cub::CUB_200700_890_NS::ScanTileState<int, (bool)1>, cub::CUB_200700_890_NS::NullType, cub::CUB_200700_890_NS::NullType, int, (bool)0, (bool)0>(T2, T3, T4, T5, T6, T7, T8, T9, int, cub::CUB_200700_890_NS::detail::vsmem_t)+0x2230
=========     by thread (27,0,0) in block (0,0,0)
=========     Saved host backtrace up to driver entry point at kernel launch time
=========         Host Frame: cuGraphLaunch [0x369c99] in libcuda.so.1
=========         Host Frame:  [0x2094a] in libcudart.so.12
=========         Host Frame: cudaGraphLaunch [0x7bf95] in libcudart.so.12
=========         Host Frame: Nv::Blast::(anonymous namespace)::DeviceStressTopology::init(CUstream_st*) [0x506ab] in gpu_resident_stress_test
=========         Host Frame: Nv::Blast::(anonymous namespace)::ExtStressGpuSolverImpl::enableDeviceTopology() [0x50ca7] in gpu_resident_stress_test
=========         Host Frame: (anonymous namespace)::columns(unsigned int, bool) [0x8a59] in gpu_resident_stress_test
=========         Host Frame: main [0x71da] in gpu_resident_stress_test
========= 
========= Barrier error detected. Divergent thread(s) in warp.
=========     at void cub::CUB_200700_890_NS::DeviceSelectSweepKernel<cub::CUB_200700_890_NS::detail::device_select_policy_hub<unsigned int, unsigned int, int, (bool)0, (bool)0>::Policy900, cub::CUB_200700_890_NS::CountingInputIterator<unsigned int, long>, unsigned int *, unsigned int *, unsigned int *, cub::CUB_200700_890_NS::ScanTileState<int, (bool)1>, cub::CUB_200700_890_NS::NullType, cub::CUB_200700_890_NS::NullType, int, (bool)0, (bool)0>(T2, T3, T4, T5, T6, T7, T8, T9, int, cub::CUB_200700_890_NS::detail::vsmem_t)+0x2230
=========     by thread (28,0,0) in block (0,0,0)
=========     Saved host backtrace up to driver entry point at kernel launch time
=========         Host Frame: cuGraphLaunch [0x369c99] in libcuda.so.1
=========         Host Frame:  [0x2094a] in libcudart.so.12
=========         Host Frame: cudaGraphLaunch [0x7bf95] in libcudart.so.12
=========         Host Frame: Nv::Blast::(anonymous namespace)::DeviceStressTopology::init(CUstream_st*) [0x506ab] in gpu_resident_stress_test
=========         Host Frame: Nv::Blast::(anonymous namespace)::ExtStressGpuSolverImpl::enableDeviceTopology() [0x50ca7] in gpu_resident_stress_test
=========         Host Frame: (anonymous namespace)::columns(unsigned int, bool) [0x8a59] in gpu_resident_stress_test
=========         Host Frame: main [0x71da] in gpu_resident_stress_test
========= 
========= Barrier error detected. Divergent thread(s) in warp.
=========     at void cub::CUB_200700_890_NS::DeviceSelectSweepKernel<cub::CUB_200700_890_NS::detail::device_select_policy_hub<unsigned int, unsigned int, int, (bool)0, (bool)0>::Policy900, cub::CUB_200700_890_NS::CountingInputIterator<unsigned int, long>, unsigned int *, unsigned int *, unsigned int *, cub::CUB_200700_890_NS::ScanTileState<int, (bool)1>, cub::CUB_200700_890_NS::NullType, cub::CUB_200700_890_NS::NullType, int, (bool)0, (bool)0>(T2, T3, T4, T5, T6, T7, T8, T9, int, cub::CUB_200700_890_NS::detail::vsmem_t)+0x2230
=========     by thread (29,0,0) in block (0,0,0)
=========     Saved host backtrace up to driver entry point at kernel launch time
=========         Host Frame: cuGraphLaunch [0x369c99] in libcuda.so.1
=========         Host Frame:  [0x2094a] in libcudart.so.12
=========         Host Frame: cudaGraphLaunch [0x7bf95] in libcudart.so.12
=========         Host Frame: Nv::Blast::(anonymous namespace)::DeviceStressTopology::init(CUstream_st*) [0x506ab] in gpu_resident_stress_test
=========         Host Frame: Nv::Blast::(anonymous namespace)::ExtStressGpuSolverImpl::enableDeviceTopology() [0x50ca7] in gpu_resident_stress_test
=========         Host Frame: (anonymous namespace)::columns(unsigned int, bool) [0x8a59] in gpu_resident_stress_test
=========         Host Frame: main [0x71da] in gpu_resident_stress_test
========= 
========= Barrier error detected. Divergent thread(s) in warp.
=========     at void cub::CUB_200700_890_NS::DeviceSelectSweepKernel<cub::CUB_200700_890_NS::detail::device_select_policy_hub<unsigned int, unsigned int, int, (bool)0, (bool)0>::Policy900, cub::CUB_200700_890_NS::CountingInputIterator<unsigned int, long>, unsigned int *, unsigned int *, unsigned int *, cub::CUB_200700_890_NS::ScanTileState<int, (bool)1>, cub::CUB_200700_890_NS::NullType, cub::CUB_200700_890_NS::NullType, int, (bool)0, (bool)0>(T2, T3, T4, T5, T6, T7, T8, T9, int, cub::CUB_200700_890_NS::detail::vsmem_t)+0x2230
=========     by thread (30,0,0) in block (0,0,0)
=========     Saved host backtrace up to driver entry point at kernel launch time
=========         Host Frame: cuGraphLaunch [0x369c99] in libcuda.so.1
=========         Host Frame:  [0x2094a] in libcudart.so.12
=========         Host Frame: cudaGraphLaunch [0x7bf95] in libcudart.so.12
=========         Host Frame: Nv::Blast::(anonymous namespace)::DeviceStressTopology::init(CUstream_st*) [0x506ab] in gpu_resident_stress_test
=========         Host Frame: Nv::Blast::(anonymous namespace)::ExtStressGpuSolverImpl::enableDeviceTopology() [0x50ca7] in gpu_resident_stress_test
=========         Host Frame: (anonymous namespace)::columns(unsigned int, bool) [0x8a59] in gpu_resident_stress_test
=========         Host Frame: main [0x71da] in gpu_resident_stress_test
========= 
========= Barrier error detected. Divergent thread(s) in warp.
=========     at void cub::CUB_200700_890_NS::DeviceSelectSweepKernel<cub::CUB_200700_890_NS::detail::device_select_policy_hub<unsigned int, unsigned int, int, (bool)0, (bool)0>::Policy900, cub::CUB_200700_890_NS::CountingInputIterator<unsigned int, long>, unsigned int *, unsigned int *, unsigned int *, cub::CUB_200700_890_NS::ScanTileState<int, (bool)1>, cub::CUB_200700_890_NS::NullType, cub::CUB_200700_890_NS::NullType, int, (bool)0, (bool)0>(T2, T3, T4, T5, T6, T7, T8, T9, int, cub::CUB_200700_890_NS::detail::vsmem_t)+0x2230
=========     by thread (31,0,0) in block (0,0,0)
=========     Saved host backtrace up to driver entry point at kernel launch time
=========         Host Frame: cuGraphLaunch [0x369c99] in libcuda.so.1
=========         Host Frame:  [0x2094a] in libcudart.so.12
=========         Host Frame: cudaGraphLaunch [0x7bf95] in libcudart.so.12
=========         Host Frame: Nv::Blast::(anonymous namespace)::DeviceStressTopology::init(CUstream_st*) [0x506ab] in gpu_resident_stress_test
=========         Host Frame: Nv::Blast::(anonymous namespace)::ExtStressGpuSolverImpl::enableDeviceTopology() [0x50ca7] in gpu_resident_stress_test
=========         Host Frame: (anonymous namespace)::columns(unsigned int, bool) [0x8a59] in gpu_resident_stress_test
=========         Host Frame: main [0x71da] in gpu_resident_stress_test
========= 
========= Barrier error detected. Divergent thread(s) in warp.
=========     at void cub::CUB_200700_890_NS::DeviceSelectSweepKernel<cub::CUB_200700_890_NS::detail::device_select_policy_hub<unsigned int, unsigned int, int, (bool)0, (bool)0>::Policy900, cub::CUB_200700_890_NS::CountingInputIterator<unsigned int, long>, unsigned int *, unsigned int *, unsigned int *, cub::CUB_200700_890_NS::ScanTileState<int, (bool)1>, cub::CUB_200700_890_NS::NullType, cub::CUB_200700_890_NS::NullType, int, (bool)0, (bool)0>(T2, T3, T4, T5, T6, T7, T8, T9, int, cub::CUB_200700_890_NS::detail::vsmem_t)+0x2230
=========     by thread (32,0,0) in block (0,0,0)
=========     Saved host backtrace up to driver entry point at kernel launch time
=========         Host Frame: cuGraphLaunch [0x369c99] in libcuda.so.1
=========         Host Frame:  [0x2094a] in libcudart.so.12
=========         Host Frame: cudaGraphLaunch [0x7bf95] in libcudart.so.12
=========         Host Frame: Nv::Blast::(anonymous namespace)::DeviceStressTopology::init(CUstream_st*) [0x506ab] in gpu_resident_stress_test
=========         Host Frame: Nv::Blast::(anonymous namespace)::ExtStressGpuSolverImpl::enableDeviceTopology() [0x50ca7] in gpu_resident_stress_test
=========         Host Frame: (anonymous namespace)::columns(unsigned int, bool) [0x8a59] in gpu_resident_stress_test
=========         Host Frame: main [0x71da] in gpu_resident_stress_test
========= 
========= Barrier error detected. Divergent thread(s) in warp.
=========     at void cub::CUB_200700_890_NS::DeviceSelectSweepKernel<cub::CUB_200700_890_NS::detail::device_select_policy_hub<unsigned int, unsigned int, int, (bool)0, (bool)0>::Policy900, cub::CUB_200700_890_NS::CountingInputIterator<unsigned int, long>, unsigned int *, unsigned int *, unsigned int *, cub::CUB_200700_890_NS::ScanTileState<int, (bool)1>, cub::CUB_200700_890_NS::NullType, cub::CUB_200700_890_NS::NullType, int, (bool)0, (bool)0>(T2, T3, T4, T5, T6, T7, T8, T9, int, cub::CUB_200700_890_NS::detail::vsmem_t)+0x2230
=========     by thread (33,0,0) in block (0,0,0)
=========     Saved host backtrace up to driver entry point at kernel launch time
=========         Host Frame: cuGraphLaunch [0x369c99] in libcuda.so.1
=========         Host Frame:  [0x2094a] in libcudart.so.12
=========         Host Frame: cudaGraphLaunch [0x7bf95] in libcudart.so.12
=========         Host Frame: Nv::Blast::(anonymous namespace)::DeviceStressTopology::init(CUstream_st*) [0x506ab] in gpu_resident_stress_test
=========         Host Frame: Nv::Blast::(anonymous namespace)::ExtStressGpuSolverImpl::enableDeviceTopology() [0x50ca7] in gpu_resident_stress_test
=========         Host Frame: (anonymous namespace)::columns(unsigned int, bool) [0x8a59] in gpu_resident_stress_test
=========         Host Frame: main [0x71da] in gpu_resident_stress_test
========= 
========= Barrier error detected. Divergent thread(s) in warp.
=========     at void cub::CUB_200700_890_NS::DeviceSelectSweepKernel<cub::CUB_200700_890_NS::detail::device_select_policy_hub<unsigned int, unsigned int, int, (bool)0, (bool)0>::Policy900, cub::CUB_200700_890_NS::CountingInputIterator<unsigned int, long>, unsigned int *, unsigned int *, unsigned int *, cub::CUB_200700_890_NS::ScanTileState<int, (bool)1>, cub::CUB_200700_890_NS::NullType, cub::CUB_200700_890_NS::NullType, int, (bool)0, (bool)0>(T2, T3, T4, T5, T6, T7, T8, T9, int, cub::CUB_200700_890_NS::detail::vsmem_t)+0x2230
=========     by thread (34,0,0) in block (0,0,0)
=========     Saved host backtrace up to driver entry point at kernel launch time
=========         Host Frame: cuGraphLaunch [0x369c99] in libcuda.so.1
=========         Host Frame:  [0x2094a] in libcudart.so.12
=========         Host Frame: cudaGraphLaunch [0x7bf95] in libcudart.so.12
=========         Host Frame: Nv::Blast::(anonymous namespace)::DeviceStressTopology::init(CUstream_st*) [0x506ab] in gpu_resident_stress_test
=========         Host Frame: Nv::Blast::(anonymous namespace)::ExtStressGpuSolverImpl::enableDeviceTopology() [0x50ca7] in gpu_resident_stress_test
=========         Host Frame: (anonymous namespace)::columns(unsigned int, bool) [0x8a59] in gpu_resident_stress_test
=========         Host Frame: main [0x71da] in gpu_resident_stress_test
========= 
========= Barrier error detected. Divergent thread(s) in warp.
=========     at void cub::CUB_200700_890_NS::DeviceSelectSweepKernel<cub::CUB_200700_890_NS::detail::device_select_policy_hub<unsigned int, unsigned int, int, (bool)0, (bool)0>::Policy900, cub::CUB_200700_890_NS::CountingInputIterator<unsigned int, long>, unsigned int *, unsigned int *, unsigned int *, cub::CUB_200700_890_NS::ScanTileState<int, (bool)1>, cub::CUB_200700_890_NS::NullType, cub::CUB_200700_890_NS::NullType, int, (bool)0, (bool)0>(T2, T3, T4, T5, T6, T7, T8, T9, int, cub::CUB_200700_890_NS::detail::vsmem_t)+0x2230
=========     by thread (35,0,0) in block (0,0,0)
=========     Saved host backtrace up to driver entry point at kernel launch time
=========         Host Frame: cuGraphLaunch [0x369c99] in libcuda.so.1
=========         Host Frame:  [0x2094a] in libcudart.so.12
=========         Host Frame: cudaGraphLaunch [0x7bf95] in libcudart.so.12
=========         Host Frame: Nv::Blast::(anonymous namespace)::DeviceStressTopology::init(CUstream_st*) [0x506ab] in gpu_resident_stress_test
=========         Host Frame: Nv::Blast::(anonymous namespace)::ExtStressGpuSolverImpl::enableDeviceTopology() [0x50ca7] in gpu_resident_stress_test
=========         Host Frame: (anonymous namespace)::columns(unsigned int, bool) [0x8a59] in gpu_resident_stress_test
=========         Host Frame: main [0x71da] in gpu_resident_stress_test
========= 
GPU topology preparation failed
resident columns: topology=asset nodes=12 bonds=9 worst relative error=0
resident columns: topology=asset nodes=1536 bonds=1152 worst relative error=0
resident columns: topology=asset nodes=131072 bonds=98304 worst relative error=0
========= Target application returned an error
========= ERROR SUMMARY: 128 errors
========= ERROR SUMMARY: 28 errors were not printed. Use --print-limit option to adjust the number of printed errors
