
> blast-stress-solver@0.3.1 test
> npm run build && vitest run


> blast-stress-solver@0.3.1 prebuild
> node ./scripts/prebuild-runtime.js


> blast-js-stress-example@0.1.0 build
> node ./scripts/build.js

Building with assertions
shared:INFO: (Emscripten: Running sanity checks)
cache:INFO: generating system asset: symbol_lists/58ef3dabe3bdac01e4690c93a95752d184183991.json... (this will be cached in "/root/workspace/physx-2/.toolchains/emsdk/upstream/emscripten/cache/symbol_lists/58ef3dabe3bdac01e4690c93a95752d184183991.json" for subsequent builds)
cache:INFO:  - ok
warning: invalid item in EXPORTED_RUNTIME_METHODS: HEAP8
warning: invalid item in EXPORTED_RUNTIME_METHODS: HEAPU8
warning: invalid item in EXPORTED_RUNTIME_METHODS: HEAP16
warning: invalid item in EXPORTED_RUNTIME_METHODS: HEAPU16
warning: invalid item in EXPORTED_RUNTIME_METHODS: HEAP32
warning: invalid item in EXPORTED_RUNTIME_METHODS: HEAPU32
warning: invalid item in EXPORTED_RUNTIME_METHODS: HEAPF32
warning: invalid item in EXPORTED_RUNTIME_METHODS: HEAPF64
emcc: warning: warnings in JS library compilation [-Wjs-compiler]
cache:INFO: generating system asset: symbol_lists/4c85d59730ad4d63c31ac61c0db1e68c37d1cdc7.json... (this will be cached in "/root/workspace/physx-2/.toolchains/emsdk/upstream/emscripten/cache/symbol_lists/4c85d59730ad4d63c31ac61c0db1e68c37d1cdc7.json" for subsequent builds)
cache:INFO:  - ok
warning: invalid item in EXPORTED_RUNTIME_METHODS: HEAP8
warning: invalid item in EXPORTED_RUNTIME_METHODS: HEAPU8
warning: invalid item in EXPORTED_RUNTIME_METHODS: HEAP16
warning: invalid item in EXPORTED_RUNTIME_METHODS: HEAPU16
warning: invalid item in EXPORTED_RUNTIME_METHODS: HEAP32
warning: invalid item in EXPORTED_RUNTIME_METHODS: HEAPU32
warning: invalid item in EXPORTED_RUNTIME_METHODS: HEAPF32
warning: invalid item in EXPORTED_RUNTIME_METHODS: HEAPF64
emcc: warning: warnings in JS library compilation [-Wjs-compiler]

> blast-stress-solver@0.3.1 build
> npm run build:ts && node ./scripts/copy-dist.js


> blast-stress-solver@0.3.1 build:ts
> tsup --config tsup.config.ts

CLI Building entry: {"index":"src/index.ts","rapier":"src/rapier.ts","three":"src/three.ts","scenarios":"src/scenarios/index.ts"}
CLI Using tsconfig: tsconfig.json
CLI tsup v8.5.0
CLI Using tsup config: /root/workspace/physx-2/blast/blast-stress-solver/tsup.config.ts
CLI Target: es2020
CLI Cleaning output folder
ESM Build start
CJS Build start

 WARN  [33m▲ [43;33m[[43;30mWARNING[43;33m][0m [1m"import.meta" is not available with the "cjs" output format and will be empty[0m [empty-import-meta]

    src/stress.ts:238:47:
[37m      238 │ ...    return new URL('./stress_solver.wasm', [32mimport.meta[37m.url).href;
          ╵                                               [32m~~~~~~~~~~~[0m

  You need to set the output format to "esm" for "import.meta" to work correctly.




 WARN  [33m▲ [43;33m[[43;30mWARNING[43;33m][0m [1m"import.meta" is not available with the "cjs" output format and will be empty[0m [empty-import-meta]

    src/stress.ts:246:50:
[37m      246 │     const wasmUrl = new URL('stress_solver.wasm', [32mimport.meta[37m.url);
          ╵                                                   [32m~~~~~~~~~~~[0m

  You need to set the output format to "esm" for "import.meta" to work correctly.



ESM dist/index.js         28.29 KB
ESM dist/rapier.js        120.62 KB
ESM dist/three.js         60.37 KB
ESM dist/scenarios.js     65.94 KB
ESM dist/index.js.map     96.69 KB
ESM dist/three.js.map     262.59 KB
ESM dist/scenarios.js.map 318.96 KB
ESM dist/rapier.js.map    551.56 KB
ESM ⚡️ Build success in 78ms
CJS dist/index.cjs         29.09 KB
CJS dist/rapier.cjs        122.37 KB
CJS dist/three.cjs         61.78 KB
CJS dist/scenarios.cjs     67.04 KB
CJS dist/index.cjs.map     97.48 KB
CJS dist/three.cjs.map     264.36 KB
CJS dist/scenarios.cjs.map 322.12 KB
CJS dist/rapier.cjs.map    554.02 KB
CJS ⚡️ Build success in 79ms
DTS Build start
DTS ⚡️ Build success in 3324ms
DTS dist/index.d.ts                      5.06 KB
DTS dist/rapier.d.ts                     54.12 KB
DTS dist/three.d.ts                      18.53 KB
DTS dist/scenarios.d.ts                  25.43 KB
DTS dist/fixedStepLoop-BmJ0tdzP.d.ts     5.38 KB
DTS dist/fractureBuilders-D-GqD7dc.d.ts  20.82 KB
DTS dist/types-mha14NEX.d.ts             17.87 KB
DTS dist/types-Bxbmb5Rv.d.ts             33.56 KB
DTS dist/index.d.cts                     5.06 KB
DTS dist/rapier.d.cts                    54.12 KB
DTS dist/three.d.cts                     18.53 KB
DTS dist/scenarios.d.cts                 25.43 KB
DTS dist/fixedStepLoop-DR9_q-Yt.d.cts    5.38 KB
DTS dist/fractureBuilders-DLIfJzH9.d.cts 20.82 KB
DTS dist/types-C19DAfxg.d.cts            17.87 KB
DTS dist/types-Bxbmb5Rv.d.cts            33.56 KB

> blast-stress-solver@0.3.1 postbuild:ts
> npm run generate:high-rise


> blast-stress-solver@0.3.1 generate:high-rise
> node ./scripts/export-high-rise.mjs

wrote /root/workspace/physx-2/blast/blast-stress-demo-rs/assets/scenes/high-rise.json and /root/workspace/physx-2/blast/blast-stress-solver/dist/high-rise.json
nodes=930 bonds=3261 supports=12 totalMass=1574057kg
nodes by type: {"foundation":12,"column":108,"slab":270,"infill":540}
bonds by pair: {"column~infill":360,"column~slab":306,"column~foundation":12,"infill~infill":990,"foundation~infill":44,"infill~slab":748,"slab~slab":801}

 RUN  v3.2.4 /root/workspace/physx-2/blast/blast-stress-solver

stderr | src/tests/rapier.splitVelocity.mechanism.test.ts
using deprecated parameters for the initialization function; pass a single object instead

 ✓ src/tests/rapier.splitVelocity.mechanism.test.ts (5 tests) 31ms
 ✓ src/tests/rapier.contactBuffer.test.ts (14 tests) 9ms
 ✓ src/tests/rapier.damage.test.ts (10 tests) 8ms
 ✓ src/tests/rapier.frameProfiler.test.ts (15 tests) 16ms
 ✓ src/tests/rapier.frameProfilerOverlay.test.ts (7 tests) 10ms
 ✓ src/tests/rapier.contactHelpers.test.ts (21 tests) 6ms
 ✓ src/tests/fixedStepLoop.test.ts (13 tests) 9ms
 ✓ src/tests/rapier.sessionRecorder.test.ts (12 tests) 29ms
 ✓ src/tests/recordingAnalysis.test.ts (12 tests) 17ms
 ✓ src/tests/three.fracture.test.ts (16 tests) 9ms
stderr | src/tests/rapier.splitVelocity.noHover.test.ts
using deprecated parameters for the initialization function; pass a single object instead

 ✓ src/tests/rapier.splitMigrator.equivalence.test.ts (10 tests) 246ms
stderr | src/tests/rapier.integration.test.ts > buildDestructibleCore integration (requires WASM build) > creates a core with correct chunk count and API surface
using deprecated parameters for the initialization function; pass a single object instead

stderr | src/tests/rapier.collider-alignment.test.ts > Collider/mesh alignment after fracture (requires WASM build) > localOffset equals baseLocalOffset after second-level fracture
using deprecated parameters for the initialization function; pass a single object instead

stderr | src/tests/rapier.split-regression.test.ts > Split regression tests (requires WASM build) > Performance: batched split planning > step time remains bounded when a grid collapses (many simultaneous splits)
using deprecated parameters for the initialization function; pass a single object instead

stdout | src/tests/rapier.splitVelocity.noHover.test.ts > split velocity continuity — real pipeline (requires WASM) > keeps the REUSED fragment point-velocity continuous across a rotating split
[Core] Built chunk colliders { nodeCount: 3, bondCount: 2, mappingSize: 3 }

stdout | src/tests/rapier.collider-alignment.test.ts > Collider/mesh alignment after fracture (requires WASM build) > localOffset equals baseLocalOffset after second-level fracture
[Core] Built chunk colliders { nodeCount: 9, bondCount: 12, mappingSize: 9 }

stdout | src/tests/rapier.integration.test.ts > buildDestructibleCore integration (requires WASM build) > creates a core with correct chunk count and API surface
[Core] Built chunk colliders { nodeCount: 5, bondCount: 4, mappingSize: 5 }

 ❯ src/tests/rapier.island-skip.test.ts (3 tests | 3 failed) 427ms
   × Settled-island skipping (requires WASM build) > engages on a stable multi-island scene (all islands skipped once settled) 383ms
     → expected 8 to be +0 // Object.is equality
   × Settled-island skipping (requires WASM build) > is observationally identical to not skipping, across settle → wake → fracture 36ms
     → expected 0 to be greater than 0
   × Settled-island skipping (requires WASM build) > re-solves a settled island the SAME frame its load changes (paused, never frozen) 6ms
     → expected 8 to be +0 // Object.is equality
 ✓ src/tests/rapier.island-solve-parity.test.ts (3 tests) 431ms
   ✓ Island-aware solve parity (requires WASM build) > single island: island-aware is bit-identical to legacy (transparent fallback)  399ms
stdout | src/tests/rapier.integration.test.ts > buildDestructibleCore integration (requires WASM build) > runs physics steps without crashing
[Core] Built chunk colliders { nodeCount: 4, bondCount: 3, mappingSize: 4 }

 ❯ src/tests/rapier.island-perf.test.ts (2 tests | 2 failed) 449ms
   × Island-aware solve performance > large world + localized activity: island+skip beats the legacy whole-graph solve 391ms
     → Failed to create ExtStressSolver
   × Island-aware solve performance > benefit scales with the settled fraction 57ms
     → Failed to create ExtStressSolver
stdout | src/tests/rapier.split-regression.test.ts > Split regression tests (requires WASM build) > Performance: batched split planning > step time remains bounded when a grid collapses (many simultaneous splits)
[Core] Built chunk colliders { nodeCount: 36, bondCount: 60, mappingSize: 36 }

stdout | src/tests/rapier.splitVelocity.noHover.test.ts > split velocity continuity — real pipeline (requires WASM) > never produces NaN/Inf body velocities through a full cascade
[Core] Built chunk colliders { nodeCount: 12, bondCount: 17, mappingSize: 12 }

stdout | src/tests/rapier.integration.test.ts > buildDestructibleCore integration (requires WASM build) > fractures bonds under sufficient gravity stress
[Core] Built chunk colliders { nodeCount: 8, bondCount: 7, mappingSize: 8 }

stdout | src/tests/recording.minicity.regression.test.ts > mini-city recording — bottleneck regression > prints the full bottleneck report (visible with --reporter=verbose)

══════════════════════════════════════════════════════════════════════════════
  SESSION RECORDING ANALYSIS  —  mini-city
══════════════════════════════════════════════════════════════════════════════
  Frames: 709   Duration: 18.0s   Capture FPS: 39.4
  Scene: bodies 0→1329 (rigid 2→1355), bonds 15983→19406, islands 25→320

  Frame time: mean 19.48ms  p95 42.47ms  max 183.63ms
  Budget (16.67ms): 51% miss 60 FPS, 24% miss 30 FPS
  Worst frame #90: 183.6ms (colliderRebuildMs, 49 bodies, 1 resim)

  PHASE BREAKDOWN (mean ms, share of frame)                 
  phase                       mean     p95      max    share
  ────────────────────────────────────────────────────────
  initialPassMs           10.709  20.180    22.44    55.0%
  rapierStepMs             8.884  21.890    25.35    45.6%
  solverUpdateMs           5.500  11.615    13.27    28.2%
  resimMs                  5.428  18.025    24.61    27.9%
   └ solverSolveMs           3.662   6.975     7.64    18.8%
   └ solverContactInjectMs   1.453   4.260     5.07     7.5%
  contactDrainMs           0.964   2.550     5.70     4.9%
  snapshotCaptureMs        0.767   1.840     3.01     3.9%
   └ contactInjectSubmitMs   0.626   1.895     2.28     3.2%
   └ contactInjectResolveMs   0.547   1.495     2.31     2.8%
  colliderRebuildMs        0.485   1.020   149.49     2.5%
   └ solverGravityInjectMs   0.374   1.030     2.01     1.9%
  rebuildColliderMapMs     0.349   1.115     2.18     1.8%
  fractureMs               0.315   0.725     2.44     1.6%
   └ contactInjectSplashMs   0.279   0.830     1.43     1.4%
  snapshotRestoreMs        0.221   0.720     6.78     1.1%
   └ fractureGenerateMs      0.213   0.395     0.46     1.1%
  preStepSweepMs           0.085   0.175     0.49     0.4%
  splitPlannerMs           0.034   0.130     0.98     0.2%
  bodyCreateMs             0.030   0.095     1.46     0.2%
   └ fractureApplyMs         0.025   0.070     0.36     0.1%
  cleanupDisabledMs        0.009   0.030     0.18     0.0%
  projectileCleanupMs      0.002   0.005     0.01     0.0%
  externalForceMs          0.002   0.005     0.01     0.0%
  spawnMs                  0.001   0.005     0.15     0.0%
  ────────────────────────────────────────────────────────
  leaf sum (attributed)   17.644        (unaccounted 1.84ms)

  BODY-COUNT SCALING (ms added per 100 rigid bodies)
  totalMs              2.477 ms/100  (intercept 2.94ms, R²=0.59)
  rapierStepMs         1.394 ms/100  (intercept -0.42ms, R²=0.81)
  solverUpdateMs       0.708 ms/100  (intercept 0.77ms, R²=0.70)
  solverSolveMs        0.379 ms/100  (intercept 1.13ms, R²=0.55)

  RESIMULATION (rollback + re-step on fracture)
  284/709 frames ran a resim pass (40%)
  resim wall-clock share: 27.9%   mean resim pass: 13.55ms
  body-matched: a resim frame costs +15.43ms (2.27× a comparable non-resim frame)

  ONE-TIME HITCHES (spike ≫ field p95)
  frame #  90  totalMs              183.6ms  (4× its 42.47ms p95)
  frame #  90  colliderRebuildMs    149.5ms  (147× its 1.02ms p95)
══════════════════════════════════════════════════════════════════════════════

 ✓ src/tests/recording.minicity.regression.test.ts (8 tests) 6ms
stdout | src/tests/rapier.collider-alignment.test.ts > Collider/mesh alignment after fracture (requires WASM build) > collider world position matches mesh world position after fracture
[Core] Built chunk colliders { nodeCount: 9, bondCount: 12, mappingSize: 9 }

 ✓ src/tests/three.adapter.test.ts (18 tests) 24ms
 ✓ src/tests/authoring.edgecases.test.ts (17 tests) 513ms
   ✓ createBondsFromTriangles edge cases > exact mode > returns 0 bonds when chunks have micro-gaps (floating point precision)  335ms
stderr | src/tests/rapier.collisionGroups.test.ts
using deprecated parameters for the initialization function; pass a single object instead

stdout | src/tests/rapier.collider-alignment.test.ts > Collider/mesh alignment after fracture (requires WASM build) > worldPosition matches mesh formula after cascading fracture
[Core] Built chunk colliders { nodeCount: 9, bondCount: 12, mappingSize: 9 }

stdout | src/tests/rapier.integration.test.ts > buildDestructibleCore integration (requires WASM build) > cutBond removes a specific bond
[Core] Built chunk colliders { nodeCount: 4, bondCount: 3, mappingSize: 4 }

stdout | src/tests/rapier.integration.test.ts > buildDestructibleCore integration (requires WASM build) > damage system destroys chunks
[Core] Built chunk colliders { nodeCount: 5, bondCount: 4, mappingSize: 5 }

stderr | src/tests/rapier.resim-continuity.test.ts > Resim continuity after fracture (requires WASM build) > defaults to the per-body rollback path
using deprecated parameters for the initialization function; pass a single object instead

stderr | src/tests/rapier.resim-perf.test.ts > Resim / rapier perf levers (requires WASM build) > A. Output-equivalence harness — trusted safety net > positive control: identical scenario + inputs → ZERO divergence (determinism)
using deprecated parameters for the initialization function; pass a single object instead

 ✓ src/tests/rapier.collisionGroups.test.ts (7 tests) 83ms
stdout | src/tests/rapier.splitVelocity.noHover.test.ts > split velocity continuity — real pipeline (requires WASM) > conserves total dynamic mass across the whole cascade
[Core] Built chunk colliders { nodeCount: 12, bondCount: 17, mappingSize: 12 }

stderr | src/tests/rapier.perf.test.ts > Destruction performance benchmarks (requires WASM build) > A. Scale: Tower size progression > small tower 3x4 (~48 nodes)
using deprecated parameters for the initialization function; pass a single object instead

stderr | src/tests/tier1-defaults.test.ts > Island-aware solve default > is ON (with settled-skip) by default, and the option opts out
using deprecated parameters for the initialization function; pass a single object instead

stderr | src/tests/rapier.vibe-city-ports.test.ts > Vibe-city ported features (requires WASM build) > Collision group filtering > setDebrisCollisionMode can be called without error
using deprecated parameters for the initialization function; pass a single object instead

 ✓ src/tests/scenePack.conformance.test.ts (6 tests) 18ms
stderr | src/tests/rapier.lazy-colliders.test.ts > Lazy intact colliders > idle: buildings start dormant, intact city is bit-identical to the eager world
using deprecated parameters for the initialization function; pass a single object instead

stdout | src/tests/rapier.integration.test.ts > buildDestructibleCore integration (requires WASM build) > projectiles are spawned and cleaned up
[Core] Built chunk colliders { nodeCount: 4, bondCount: 3, mappingSize: 4 }

 ✓ src/tests/rapier.recordingOverlay.test.ts (3 tests) 20ms
stderr | src/tests/rapier.idle-city-perf.test.ts > Idle scene chunk-transform skip > an idle, settled multi-island city reuses chunk transforms (recompute skipped) and idle-skips the solver
using deprecated parameters for the initialization function; pass a single object instead

 ✓ src/tests/rapier.collider-alignment.test.ts (3 tests) 671ms
   ✓ Collider/mesh alignment after fracture (requires WASM build) > localOffset equals baseLocalOffset after second-level fracture  486ms
stdout | src/tests/rapier.split-regression.test.ts > Split regression tests (requires WASM build) > Performance: batched split planning > profiler shows bounded bodyCreateMs after mass fracture
[Core] Built chunk colliders { nodeCount: 16, bondCount: 24, mappingSize: 16 }

stdout | src/tests/rapier.integration.test.ts > buildDestructibleCore integration (requires WASM build) > profiler collects timing data
[Core] Built chunk colliders { nodeCount: 4, bondCount: 3, mappingSize: 4 }

stdout | src/tests/rapier.split-regression.test.ts > Split regression tests (requires WASM build) > Immovable chunks: detached chunks must be dynamic > non-support chunks are on dynamic bodies after fracture
[Core] Built chunk colliders { nodeCount: 5, bondCount: 4, mappingSize: 5 }

stdout | src/tests/rapier.integration.test.ts > buildDestructibleCore integration (requires WASM build) > strong bridge survives moderate load
[Core] Built chunk colliders { nodeCount: 5, bondCount: 4, mappingSize: 5 }

stdout | src/tests/rapier.perf.test.ts > Destruction performance benchmarks (requires WASM build) > A. Scale: Tower size progression > small tower 3x4 (~48 nodes)
[Core] Built chunk colliders { nodeCount: 45, bondCount: 192, mappingSize: 45 }

 ✓ src/tests/three.fractureBuilders.test.ts (10 tests) 739ms
stdout | src/tests/rapier.resim-continuity.test.ts > Resim continuity after fracture (requires WASM build) > defaults to the per-body rollback path
[Core] Built chunk colliders { nodeCount: 12, bondCount: 17, mappingSize: 12 }

stdout | src/tests/tier1-defaults.test.ts > Island-aware solve default > is ON (with settled-skip) by default, and the option opts out
[Core] Built chunk colliders { nodeCount: 144, bondCount: 728, mappingSize: 144 }

stdout | src/tests/rapier.splitVelocity.noHover.test.ts > split velocity continuity — real pipeline (requires WASM) > the largest airborne fragment keeps descending (no gross hover)
[Core] Built chunk colliders { nodeCount: 12, bondCount: 17, mappingSize: 12 }

stdout | src/tests/rapier.split-regression.test.ts > Split regression tests (requires WASM build) > Immovable chunks: detached chunks must be dynamic > split children from the same event end up on separate bodies
[Core] Built chunk colliders { nodeCount: 4, bondCount: 3, mappingSize: 4 }

stdout | src/tests/rapier.resim-perf.test.ts > Resim / rapier perf levers (requires WASM build) > A. Output-equivalence harness — trusted safety net > positive control: identical scenario + inputs → ZERO divergence (determinism)
[Core] Built chunk colliders { nodeCount: 275, bondCount: 1490, mappingSize: 275 }

stdout | src/tests/tier1-defaults.test.ts > Island-aware solve default > is ON (with settled-skip) by default, and the option opts out
[Core] Built chunk colliders { nodeCount: 144, bondCount: 728, mappingSize: 144 }

 ✓ src/tests/house.scenario.test.ts (14 tests) 12ms
 ❯ src/tests/rapier.integration.test.ts (9 tests | 1 failed) 848ms
   ✓ buildDestructibleCore integration (requires WASM build) > creates a core with correct chunk count and API surface  432ms
   ✓ buildDestructibleCore integration (requires WASM build) > runs physics steps without crashing 58ms
   ✓ buildDestructibleCore integration (requires WASM build) > fractures bonds under sufficient gravity stress 64ms
   ✓ buildDestructibleCore integration (requires WASM build) > cutBond removes a specific bond 48ms
   ✓ buildDestructibleCore integration (requires WASM build) > damage system destroys chunks 39ms
   ✓ buildDestructibleCore integration (requires WASM build) > projectiles are spawned and cleaned up 44ms
   ✓ buildDestructibleCore integration (requires WASM build) > profiler collects timing data 41ms
   × buildDestructibleCore integration (requires WASM build) > strong bridge survives moderate load 120ms
     → expected 3 to be 4 // Object.is equality
   ✓ bridge scenario helpers (always run) > createBridgeScenario produces correct node/bond structure 1ms
stdout | src/tests/rapier.idle-city-perf.test.ts > Idle scene chunk-transform skip > an idle, settled multi-island city reuses chunk transforms (recompute skipped) and idle-skips the solver
[Core] Built chunk colliders { nodeCount: 280, bondCount: 240, mappingSize: 280 }

stdout | src/tests/tier1-defaults.test.ts > Island-aware solve default > is ON (with settled-skip) by default, and the option opts out
[Core] Built chunk colliders { nodeCount: 144, bondCount: 728, mappingSize: 144 }

stdout | src/tests/rapier.split-regression.test.ts > Split regression tests (requires WASM build) > Immovable chunks: detached chunks must be dynamic > chunks do not stay on the fixed rootBody after fracture
[Core] Built chunk colliders { nodeCount: 4, bondCount: 3, mappingSize: 4 }

stderr | src/tests/rapier.splashAdjacency.test.ts > splash adjacency precompute (requires WASM build) > matches an independent brute-force spatial computation
using deprecated parameters for the initialization function; pass a single object instead

 ✓ src/tests/rapier.splitVelocity.noHover.test.ts (4 tests) 710ms
stdout | src/tests/rapier.lazy-colliders.test.ts > Lazy intact colliders > idle: buildings start dormant, intact city is bit-identical to the eager world
[Core] Built chunk colliders { nodeCount: 288, bondCount: 1456, mappingSize: 288 }

stdout | src/tests/tier1-defaults.test.ts > Island-aware solve default > an idle two-tower city under the default is bit-identical to the whole-graph solve
[Core] Built chunk colliders { nodeCount: 288, bondCount: 1456, mappingSize: 288 }

stdout | src/tests/rapier.split-regression.test.ts > Split regression tests (requires WASM build) > skipSingleBodies: single nodes are destroyed, not stuck > single-node chunks are deactivated when skipSingleBodies is enabled
[Core] Built chunk colliders { nodeCount: 5, bondCount: 4, mappingSize: 5 }

 ✓ src/tests/rapier.split-regression.test.ts (6 tests) 1000ms
   ✓ Split regression tests (requires WASM build) > Performance: batched split planning > step time remains bounded when a grid collapses (many simultaneous splits)  640ms
stdout | src/tests/tier1-defaults.test.ts > Island-aware solve default > an idle two-tower city under the default is bit-identical to the whole-graph solve
[Core] Built chunk colliders { nodeCount: 288, bondCount: 1456, mappingSize: 288 }

stdout | src/tests/rapier.lazy-colliders.test.ts > Lazy intact colliders > idle: buildings start dormant, intact city is bit-identical to the eager world
[Core] Built chunk colliders { nodeCount: 288, bondCount: 1456, mappingSize: 288 }

 ✓ src/tests/kernels.proptest.test.ts (2 tests) 256ms
 ❯ src/tests/solver-mechanisms.test.ts (3 tests | 3 failed) 300ms
   × Solver mechanisms (requires WASM build) > addGravity is direction sensitive (bending vs axial) 217ms
     → expected 5 to be greater than 5
   × Solver mechanisms (requires WASM build) > addActorGravity is direction sensitive (the API the JS pipeline uses for rotation) 37ms
     → expected 5 to be greater than 5
   × Solver mechanisms (requires WASM build) > getExcessForces reports the released load after a bond fractures 41ms
     → expected 2 to be greater than 100
stdout | src/tests/rapier.resim-continuity.test.ts > Resim continuity after fracture (requires WASM build) > defaults to the per-body rollback path
[Core] Built chunk colliders { nodeCount: 12, bondCount: 17, mappingSize: 12 }

stdout | src/tests/rapier.splashAdjacency.test.ts > splash adjacency precompute (requires WASM build) > matches an independent brute-force spatial computation
[Core] Built chunk colliders { nodeCount: 4, bondCount: 3, mappingSize: 4 }

stderr | src/tests/highRise.damage.rapier.test.ts > high-rise contact damage (Rapier) > gravity is stable with the damage layer enabled (no spurious destruction)
using deprecated parameters for the initialization function; pass a single object instead

stdout | src/tests/rapier.splashAdjacency.test.ts > splash adjacency precompute (requires WASM build) > applies quadratic falloff and excludes self + nodes at/beyond the radius
[Core] Built chunk colliders { nodeCount: 4, bondCount: 3, mappingSize: 4 }

stdout | src/tests/rapier.splashAdjacency.test.ts > splash adjacency precompute (requires WASM build) > produces symmetric weights between mutual neighbours
[Core] Built chunk colliders { nodeCount: 4, bondCount: 3, mappingSize: 4 }

stderr | src/tests/centrifugal.showcase.test.ts > centrifugal-spinner showcase: behavior (requires WASM build) > does NOT fracture the spinning beams when centrifugal is OFF
using deprecated parameters for the initialization function; pass a single object instead

 ✓ src/tests/three.scenarioFromFragments.test.ts (10 tests) 36ms
 ✓ src/tests/rapier.splashAdjacency.test.ts (3 tests) 477ms
   ✓ splash adjacency precompute (requires WASM build) > matches an independent brute-force spatial computation  383ms
 ❯ src/tests/rapier.vibe-city-ports.test.ts (12 tests | 12 failed) 1213ms
   × Vibe-city ported features (requires WASM build) > Collision group filtering > setDebrisCollisionMode can be called without error 884ms
     → Failed to create ExtStressSolver
   × Vibe-city ported features (requires WASM build) > Collision group filtering > setSingleCollisionMode (legacy) can be called without error 25ms
     → Failed to create ExtStressSolver
   × Vibe-city ported features (requires WASM build) > Collision group filtering > setMaxCollidersForDebris triggers group recalculation 39ms
     → Failed to create ExtStressSolver
   × Vibe-city ported features (requires WASM build) > Collision group filtering > simulation still runs correctly with debris mode active 45ms
     → Failed to create ExtStressSolver
   × Vibe-city ported features (requires WASM build) > Speed-scaled damage > damage system receives speed-scaled contacts (no crash) 19ms
     → Failed to create ExtStressSolver
   × Vibe-city ported features (requires WASM build) > Contact replay buffer (rollback correctness) > resimulation with damage works without double-counting 30ms
     → Failed to create ExtStressSolver
   × Vibe-city ported features (requires WASM build) > Contact replay buffer (rollback correctness) > determinism: two identical runs with resim produce same bond counts 38ms
     → Failed to create ExtStressSolver
   × Vibe-city ported features (requires WASM build) > Double-apply prevention (critical rollback correctness) > no-rollback path applies damage exactly once 22ms
     → Failed to create ExtStressSolver
   × Vibe-city ported features (requires WASM build) > Double-apply prevention (critical rollback correctness) > rollback path: health with resim >= health without resim 22ms
     → Failed to create ExtStressSolver
   × Vibe-city ported features (requires WASM build) > Contact buffer frame isolation > contacts from previous frame do not leak into next frame 18ms
     → Failed to create ExtStressSolver
   × Vibe-city ported features (requires WASM build) > Resimulation buffer population > resim pass re-drains contacts into buffer 43ms
     → Failed to create ExtStressSolver
   × Vibe-city ported features (requires WASM build) > Profiler with new features > profiler still collects timing data correctly 24ms
     → Failed to create ExtStressSolver
stdout | src/tests/rapier.resim-continuity.test.ts > Resim continuity after fracture (requires WASM build) > keeps second-level fracture bodies continuous in a deterministic cascade
[Core] Built chunk colliders { nodeCount: 12, bondCount: 17, mappingSize: 12 }

 ✓ src/tests/stress.batchedForces.test.ts (3 tests) 269ms
stderr | src/tests/rapier.headless-scenarios.test.ts > Headless scenario tests (requires WASM build) > A. Gravity stability — structures survive under gravity > wall remains intact under gravity for 2 seconds
using deprecated parameters for the initialization function; pass a single object instead

stdout | src/tests/rapier.resim-continuity.test.ts > Resim continuity after fracture (requires WASM build) > keeps wall fragments continuous through projectile-driven resim
[Core] Built chunk colliders { nodeCount: 30, bondCount: 49, mappingSize: 30 }

stdout | src/tests/highRise.damage.rapier.test.ts > high-rise contact damage (Rapier) > gravity is stable with the damage layer enabled (no spurious destruction)
[Core] Built chunk colliders { nodeCount: 422, bondCount: 1528, mappingSize: 422 }

stderr | src/tests/rapier.contactStability.mechanism.test.ts
using deprecated parameters for the initialization function; pass a single object instead

stdout | src/tests/centrifugal.showcase.test.ts > centrifugal-spinner showcase: behavior (requires WASM build) > does NOT fracture the spinning beams when centrifugal is OFF
[Core] Built chunk colliders { nodeCount: 21, bondCount: 18, mappingSize: 21 }

stderr | src/tests/centrifugal.showcase.test.ts > centrifugal-spinner showcase: behavior (requires WASM build) > does NOT fracture the spinning beams when centrifugal is OFF
[Core] no supports (nodes with mass=0) found in scenario {
  nodes: [
    { centroid: [Object], mass: 1, volume: 0.216 },
    { centroid: [Object], mass: 1, volume: 0.216 },
    { centroid: [Object], mass: 1, volume: 0.216 },
    { centroid: [Object], mass: 1, volume: 0.216 },
    { centroid: [Object], mass: 1, volume: 0.216 },
    { centroid: [Object], mass: 1, volume: 0.216 },
    { centroid: [Object], mass: 1, volume: 0.216 },
    { centroid: [Object], mass: 1, volume: 0.216 },
    { centroid: [Object], mass: 1, volume: 0.216 },
    { centroid: [Object], mass: 1, volume: 0.216 },
    { centroid: [Object], mass: 1, volume: 0.216 },
    { centroid: [Object], mass: 1, volume: 0.216 },
    { centroid: [Object], mass: 1, volume: 0.216 },
    { centroid: [Object], mass: 1, volume: 0.216 },
    { centroid: [Object], mass: 1, volume: 0.216 },
    { centroid: [Object], mass: 1, volume: 0.216 },
    { centroid: [Object], mass: 1, volume: 0.216 },
    { centroid: [Object], mass: 1, volume: 0.216 },
    { centroid: [Object], mass: 1, volume: 0.216 },
    { centroid: [Object], mass: 1, volume: 0.216 },
    { centroid: [Object], mass: 1, volume: 0.216 }
  ],
  bonds: [
    {
      node0: 0,
      node1: 1,
      centroid: [Object],
      normal: [Object],
      area: 0.36
    },
    {
      node0: 1,
      node1: 2,
      centroid: [Object],
      normal: [Object],
      area: 0.36
    },
    {
      node0: 2,
      node1: 3,
      centroid: [Object],
      normal: [Object],
      area: 0.36
    },
    {
      node0: 3,
      node1: 4,
      centroid: [Object],
      normal: [Object],
      area: 0.36
    },
    {
      node0: 4,
      node1: 5,
      centroid: [Object],
      normal: [Object],
      area: 0.36
    },
    {
      node0: 5,
      node1: 6,
      centroid: [Object],
      normal: [Object],
      area: 0.36
    },
    {
      node0: 7,
      node1: 8,
      centroid: [Object],
      normal: [Object],
      area: 0.36
    },
    {
      node0: 8,
      node1: 9,
      centroid: [Object],
      normal: [Object],
      area: 0.36
    },
    {
      node0: 9,
      node1: 10,
      centroid: [Object],
      normal: [Object],
      area: 0.36
    },
    {
      node0: 10,
      node1: 11,
      centroid: [Object],
      normal: [Object],
      area: 0.36
    },
    {
      node0: 11,
      node1: 12,
      centroid: [Object],
      normal: [Object],
      area: 0.36
    },
    {
      node0: 12,
      node1: 13,
      centroid: [Object],
      normal: [Object],
      area: 0.36
    },
    {
      node0: 14,
      node1: 15,
      centroid: [Object],
      normal: [Object],
      area: 0.36
    },
    {
      node0: 15,
      node1: 16,
      centroid: [Object],
      normal: [Object],
      area: 0.36
    },
    {
      node0: 16,
      node1: 17,
      centroid: [Object],
      normal: [Object],
      area: 0.36
    },
    {
      node0: 17,
      node1: 18,
      centroid: [Object],
      normal: [Object],
      area: 0.36
    },
    {
      node0: 18,
      node1: 19,
      centroid: [Object],
      normal: [Object],
      area: 0.36
    },
    {
      node0: 19,
      node1: 20,
      centroid: [Object],
      normal: [Object],
      area: 0.36
    }
  ],
  spacing: { x: 0.6, y: 0.6, z: 0.6 }
}

stdout | src/tests/rapier.perf.test.ts > Destruction performance benchmarks (requires WASM build) > A. Scale: Tower size progression > small tower 3x4 (~48 nodes)

========================================================================
  SCENARIO: Small tower 3x4
  Nodes: 45 | Bonds: 192 -> 191 | Setup: 184ms
  Max rigid bodies: 39 | Total frames: 360
========================================================================

  [Warmup (steady state)] 60 frames
  Phase                        Mean      P50      P95      P99      Max
  ---------------------------------------------------------------------
  totalMs                      4.90     3.21    11.35    52.48    52.48
  rapierStepMs                 1.46     0.55     5.11    19.63    19.63
  contactDrainMs               0.54     0.27     2.08     8.45     8.45
  solverUpdateMs               1.16     0.61     3.83     7.92     7.92
  fractureMs                   0.19     0.01     0.02     7.84     7.84
  fractureGenerateMs           0.02     0.00     0.00     1.44     1.44
  fractureApplyMs              0.02     0.00     0.00     1.14     1.14
  bodyCreateMs                 0.05     0.00     0.01     2.62     2.62
  colliderRebuildMs            0.09     0.00     0.01     5.09     5.09
  preStepSweepMs               0.03     0.02     0.11     0.19     0.19
  cleanupDisabledMs            0.00     0.00     0.01     0.02     0.02
  spawnMs                      0.00     0.00     0.00     0.01     0.01
  snapshotCaptureMs            0.54     0.26     3.30     4.77     4.77
  snapshotRestoreMs            0.04     0.00     0.00     2.44     2.44
  initialPassMs                3.26     1.76    10.06    22.14    22.14
  resimMs                      0.33     0.00     0.00    19.74    19.74

  [Impact (destruction)] 120 frames
  Phase                        Mean      P50      P95      P99      Max
  ---------------------------------------------------------------------
  totalMs                      1.18     0.73     4.88     8.06     9.67
  rapierStepMs                 0.32     0.17     0.84     4.02     5.14
  contactDrainMs               0.14     0.07     0.30     2.03     2.33
  solverUpdateMs               0.21     0.11     0.35     0.84     8.79
  fractureMs                   0.00     0.00     0.01     0.02     0.05
  bodyCreateMs                 0.00     0.00     0.00     0.00     0.00
  colliderRebuildMs            0.00     0.00     0.01     0.01     0.01
  preStepSweepMs               0.02     0.01     0.04     0.04     0.08
  cleanupDisabledMs            0.00     0.00     0.00     0.00     0.00
  spawnMs                      0.00     0.00     0.00     0.03     0.47
  snapshotCaptureMs            0.29     0.16     0.58     4.42     4.49
  initialPassMs                0.69     0.36     2.25     7.51     9.04

  [Post-impact (settling)] 180 frames
  Phase                        Mean      P50      P95      P99      Max
  ---------------------------------------------------------------------
  totalMs                      1.02     0.57     3.87     8.33    17.06
  rapierStepMs                 0.20     0.13     0.25     3.18     3.23
  contactDrainMs               0.09     0.05     0.11     0.82     3.61
  solverUpdateMs               0.15     0.09     0.18     3.19     3.85
  fractureMs                   0.02     0.00     0.00     0.03     2.91
  bodyCreateMs                 0.00     0.00     0.00     0.00     0.00
  colliderRebuildMs            0.00     0.00     0.00     0.01     0.01
  preStepSweepMs               0.01     0.00     0.02     0.03     0.08
  cleanupDisabledMs            0.00     0.00     0.00     0.00     0.01
  spawnMs                      0.00     0.00     0.00     0.00     0.00
  snapshotCaptureMs            0.25     0.15     0.28     3.33     7.57
  initialPassMs                0.46     0.30     2.51     3.95     4.08

  Resimulation: 1 frames had resim passes (mean 1.0, max 1)

  Body distribution (final frame): 37 bodies
    Chunks/body: min=1 max=9 avg=1.2 median=1 p95=1
    Peak: 37 bodies, largest group: 9 chunks

stdout | src/tests/rapier.idle-city-perf.test.ts > Idle scene chunk-transform skip > a moving (free-falling, dynamic) body still recomputes its chunk transform every frame
[Core] Built chunk colliders { nodeCount: 2, bondCount: 1, mappingSize: 2 }

stderr | src/tests/rapier.idle-city-perf.test.ts > Idle scene chunk-transform skip > a moving (free-falling, dynamic) body still recomputes its chunk transform every frame
[Core] no supports (nodes with mass=0) found in scenario {
  nodes: [
    { centroid: [Object], mass: 1, volume: 1 },
    { centroid: [Object], mass: 1, volume: 1 }
  ],
  bonds: [
    {
      node0: 0,
      node1: 1,
      centroid: [Object],
      normal: [Object],
      area: 1
    }
  ],
  parameters: {}
}

 ✓ src/tests/authoring.triangles.test.ts (8 tests) 349ms
 ❯ src/tests/rapier.idle-city-perf.test.ts (2 tests | 1 failed) 907ms
   × Idle scene chunk-transform skip > an idle, settled multi-island city reuses chunk transforms (recompute skipped) and idle-skips the solver 837ms
     → expected 40 to be 280 // Object.is equality
   ✓ Idle scene chunk-transform skip > a moving (free-falling, dynamic) body still recomputes its chunk transform every frame 67ms
 ✓ src/tests/rapier.contactStability.mechanism.test.ts (3 tests) 169ms
stderr | src/tests/rapier.smallBodyDamping.fall.test.ts
using deprecated parameters for the initialization function; pass a single object instead

stdout | src/tests/rapier.perf.test.ts > Destruction performance benchmarks (requires WASM build) > A. Scale: Tower size progression > medium tower 6x12 (~432 nodes)
[Core] Built chunk colliders { nodeCount: 468, bondCount: 2652, mappingSize: 468 }

stderr | src/tests/rapier.island-solver-integration.test.ts > Island solver integration (requires WASM build) > is ON by default (with settled-skip); islandSolver:false opts out completely
using deprecated parameters for the initialization function; pass a single object instead

stderr | src/tests/scenarios.fractured.test.ts > Fractured scenarios (requires three-pinata) > buildFracturedTowerScenario > produces valid scenario with small config
[AutoBonding] Failed to generate bonds Error: Cannot find module './stress_solver.cjs' imported from '/root/workspace/physx-2/blast/blast-stress-solver/src/stress.ts'
    at VitestExecutor._fetchModule (file:///root/workspace/physx-2/blast/blast-stress-solver/node_modules/vite-node/dist/client.mjs:247:19)
    at processTicksAndRejections (node:internal/process/task_queues:103:5)
    at VitestExecutor.directRequest (file:///root/workspace/physx-2/blast/blast-stress-solver/node_modules/vite-node/dist/client.mjs:268:44)
    at VitestExecutor.cachedRequest (file:///root/workspace/physx-2/blast/blast-stress-solver/node_modules/vite-node/dist/client.mjs:189:11)
    at VitestExecutor.dependencyRequest (file:///root/workspace/physx-2/blast/blast-stress-solver/node_modules/vite-node/dist/client.mjs:239:10)
    at /root/workspace/physx-2/blast/blast-stress-solver/src/stress.ts:61:36
    at loadStressSolver (/root/workspace/physx-2/blast/blast-stress-solver/src/stress.ts:228:19)
    at generateAutoBondsFromChunks (/root/workspace/physx-2/blast/blast-stress-solver/src/three/autoBonding.ts:41:21)
    at applyAutoBondingToScenario (/root/workspace/physx-2/blast/blast-stress-solver/src/three/autoBonding.ts:94:21)
    at buildScenarioFromFragmentsAsync (/root/workspace/physx-2/blast/blast-stress-solver/src/three/scenarioFromFragments.ts:161:24) {
  code: 'ERR_MODULE_NOT_FOUND',
  [cause]: Error: Failed to load url ./stress_solver.cjs (resolved id: ./stress_solver.cjs) in /root/workspace/physx-2/blast/blast-stress-solver/src/stress.ts. Does the file exist?
      at loadAndTransform (file:///root/workspace/physx-2/blast/blast-stress-solver/node_modules/vite/dist/node/chunks/config.js:23280:33)
}

stdout | src/tests/centrifugal.showcase.test.ts > centrifugal-spinner showcase: behavior (requires WASM build) > DOES fracture the spinning beams when centrifugal is ON
[Core] Built chunk colliders { nodeCount: 21, bondCount: 18, mappingSize: 21 }

stderr | src/tests/centrifugal.showcase.test.ts > centrifugal-spinner showcase: behavior (requires WASM build) > DOES fracture the spinning beams when centrifugal is ON
[Core] no supports (nodes with mass=0) found in scenario {
  nodes: [
    { centroid: [Object], mass: 1, volume: 0.216 },
    { centroid: [Object], mass: 1, volume: 0.216 },
    { centroid: [Object], mass: 1, volume: 0.216 },
    { centroid: [Object], mass: 1, volume: 0.216 },
    { centroid: [Object], mass: 1, volume: 0.216 },
    { centroid: [Object], mass: 1, volume: 0.216 },
    { centroid: [Object], mass: 1, volume: 0.216 },
    { centroid: [Object], mass: 1, volume: 0.216 },
    { centroid: [Object], mass: 1, volume: 0.216 },
    { centroid: [Object], mass: 1, volume: 0.216 },
    { centroid: [Object], mass: 1, volume: 0.216 },
    { centroid: [Object], mass: 1, volume: 0.216 },
    { centroid: [Object], mass: 1, volume: 0.216 },
    { centroid: [Object], mass: 1, volume: 0.216 },
    { centroid: [Object], mass: 1, volume: 0.216 },
    { centroid: [Object], mass: 1, volume: 0.216 },
    { centroid: [Object], mass: 1, volume: 0.216 },
    { centroid: [Object], mass: 1, volume: 0.216 },
    { centroid: [Object], mass: 1, volume: 0.216 },
    { centroid: [Object], mass: 1, volume: 0.216 },
    { centroid: [Object], mass: 1, volume: 0.216 }
  ],
  bonds: [
    {
      node0: 0,
      node1: 1,
      centroid: [Object],
      normal: [Object],
      area: 0.36
    },
    {
      node0: 1,
      node1: 2,
      centroid: [Object],
      normal: [Object],
      area: 0.36
    },
    {
      node0: 2,
      node1: 3,
      centroid: [Object],
      normal: [Object],
      area: 0.36
    },
    {
      node0: 3,
      node1: 4,
      centroid: [Object],
      normal: [Object],
      area: 0.36
    },
    {
      node0: 4,
      node1: 5,
      centroid: [Object],
      normal: [Object],
      area: 0.36
    },
    {
      node0: 5,
      node1: 6,
      centroid: [Object],
      normal: [Object],
      area: 0.36
    },
    {
      node0: 7,
      node1: 8,
      centroid: [Object],
      normal: [Object],
      area: 0.36
    },
    {
      node0: 8,
      node1: 9,
      centroid: [Object],
      normal: [Object],
      area: 0.36
    },
    {
      node0: 9,
      node1: 10,
      centroid: [Object],
      normal: [Object],
      area: 0.36
    },
    {
      node0: 10,
      node1: 11,
      centroid: [Object],
      normal: [Object],
      area: 0.36
    },
    {
      node0: 11,
      node1: 12,
      centroid: [Object],
      normal: [Object],
      area: 0.36
    },
    {
      node0: 12,
      node1: 13,
      centroid: [Object],
      normal: [Object],
      area: 0.36
    },
    {
      node0: 14,
      node1: 15,
      centroid: [Object],
      normal: [Object],
      area: 0.36
    },
    {
      node0: 15,
      node1: 16,
      centroid: [Object],
      normal: [Object],
      area: 0.36
    },
    {
      node0: 16,
      node1: 17,
      centroid: [Object],
      normal: [Object],
      area: 0.36
    },
    {
      node0: 17,
      node1: 18,
      centroid: [Object],
      normal: [Object],
      area: 0.36
    },
    {
      node0: 18,
      node1: 19,
      centroid: [Object],
      normal: [Object],
      area: 0.36
    },
    {
      node0: 19,
      node1: 20,
      centroid: [Object],
      normal: [Object],
      area: 0.36
    }
  ],
  spacing: { x: 0.6, y: 0.6, z: 0.6 }
}

stderr | src/tests/rapier.ccd.test.ts
using deprecated parameters for the initialization function; pass a single object instead

stdout | src/tests/rapier.headless-scenarios.test.ts > Headless scenario tests (requires WASM build) > A. Gravity stability — structures survive under gravity > wall remains intact under gravity for 2 seconds
[Core] Built chunk colliders { nodeCount: 24, bondCount: 38, mappingSize: 24 }

 ❯ src/tests/rapier.resim-continuity.test.ts (4 tests | 1 failed) 1637ms
   ✓ Resim continuity after fracture (requires WASM build) > defaults to the per-body rollback path  1166ms
   ✓ Resim continuity after fracture (requires WASM build) > keeps second-level fracture bodies continuous in a deterministic cascade 137ms
   ✓ Resim continuity after fracture (requires WASM build) > keeps wall fragments continuous through projectile-driven resim  308ms
   × Resim continuity after fracture (requires WASM build) > keeps bridge fragments continuous through side-impact resim 24ms
     → Failed to create ExtStressSolver
 ✓ src/tests/intact-proxy.test.ts (8 tests) 30ms
stdout | src/tests/rapier.island-solver-integration.test.ts > Island solver integration (requires WASM build) > is ON by default (with settled-skip); islandSolver:false opts out completely
[Core] Built chunk colliders { nodeCount: 10, bondCount: 8, mappingSize: 10 }

stdout | src/tests/rapier.island-solver-integration.test.ts > Island solver integration (requires WASM build) > is ON by default (with settled-skip); islandSolver:false opts out completely
[Core] Built chunk colliders { nodeCount: 10, bondCount: 8, mappingSize: 10 }

stderr | src/tests/rapier.invariants.test.ts > Kinematic invariants after fracture (requires WASM build) > preserves point-velocity continuity across a cascading split
using deprecated parameters for the initialization function; pass a single object instead

stderr | src/tests/rapier.fixed-step.integration.test.ts > Fixed-step loop × destructible core > driver ticks are bit-identical to direct stepping, including through an impact
using deprecated parameters for the initialization function; pass a single object instead

 ✓ src/tests/three.geometryUtils.test.ts (8 tests) 11ms
stdout | src/tests/rapier.smallBodyDamping.fall.test.ts > small-body damping vs falling debris > 'always' damps airborne debris — it floats down at ~g/damping instead of accelerating
[Core] Built chunk colliders { nodeCount: 2, bondCount: 1, mappingSize: 2 }

 ✓ src/tests/rapier.island-identity.test.ts (2 tests) 218ms
stderr | src/tests/rapier.city-stress.test.ts > City destruction stress (requires WASM build) > runs manyIslands through the pipeline and profiles it
using deprecated parameters for the initialization function; pass a single object instead

 ✓ src/tests/rapier.splitMigrator.test.ts (5 tests) 14ms
stdout | src/tests/centrifugal.showcase.test.ts > centrifugal-spinner showcase: behavior (requires WASM build) > fractures with centrifugal ON but stays intact with it OFF (same scene, same spin)
[Core] Built chunk colliders { nodeCount: 21, bondCount: 18, mappingSize: 21 }

stderr | src/tests/centrifugal.showcase.test.ts > centrifugal-spinner showcase: behavior (requires WASM build) > fractures with centrifugal ON but stays intact with it OFF (same scene, same spin)
[Core] no supports (nodes with mass=0) found in scenario {
  nodes: [
    { centroid: [Object], mass: 1, volume: 0.216 },
    { centroid: [Object], mass: 1, volume: 0.216 },
    { centroid: [Object], mass: 1, volume: 0.216 },
    { centroid: [Object], mass: 1, volume: 0.216 },
    { centroid: [Object], mass: 1, volume: 0.216 },
    { centroid: [Object], mass: 1, volume: 0.216 },
    { centroid: [Object], mass: 1, volume: 0.216 },
    { centroid: [Object], mass: 1, volume: 0.216 },
    { centroid: [Object], mass: 1, volume: 0.216 },
    { centroid: [Object], mass: 1, volume: 0.216 },
    { centroid: [Object], mass: 1, volume: 0.216 },
    { centroid: [Object], mass: 1, volume: 0.216 },
    { centroid: [Object], mass: 1, volume: 0.216 },
    { centroid: [Object], mass: 1, volume: 0.216 },
    { centroid: [Object], mass: 1, volume: 0.216 },
    { centroid: [Object], mass: 1, volume: 0.216 },
    { centroid: [Object], mass: 1, volume: 0.216 },
    { centroid: [Object], mass: 1, volume: 0.216 },
    { centroid: [Object], mass: 1, volume: 0.216 },
    { centroid: [Object], mass: 1, volume: 0.216 },
    { centroid: [Object], mass: 1, volume: 0.216 }
  ],
  bonds: [
    {
      node0: 0,
      node1: 1,
      centroid: [Object],
      normal: [Object],
      area: 0.36
    },
    {
      node0: 1,
      node1: 2,
      centroid: [Object],
      normal: [Object],
      area: 0.36
    },
    {
      node0: 2,
      node1: 3,
      centroid: [Object],
      normal: [Object],
      area: 0.36
    },
    {
      node0: 3,
      node1: 4,
      centroid: [Object],
      normal: [Object],
      area: 0.36
    },
    {
      node0: 4,
      node1: 5,
      centroid: [Object],
      normal: [Object],
      area: 0.36
    },
    {
      node0: 5,
      node1: 6,
      centroid: [Object],
      normal: [Object],
      area: 0.36
    },
    {
      node0: 7,
      node1: 8,
      centroid: [Object],
      normal: [Object],
      area: 0.36
    },
    {
      node0: 8,
      node1: 9,
      centroid: [Object],
      normal: [Object],
      area: 0.36
    },
    {
      node0: 9,
      node1: 10,
      centroid: [Object],
      normal: [Object],
      area: 0.36
    },
    {
      node0: 10,
      node1: 11,
      centroid: [Object],
      normal: [Object],
      area: 0.36
    },
    {
      node0: 11,
      node1: 12,
      centroid: [Object],
      normal: [Object],
      area: 0.36
    },
    {
      node0: 12,
      node1: 13,
      centroid: [Object],
      normal: [Object],
      area: 0.36
    },
    {
      node0: 14,
      node1: 15,
      centroid: [Object],
      normal: [Object],
      area: 0.36
    },
    {
      node0: 15,
      node1: 16,
      centroid: [Object],
      normal: [Object],
      area: 0.36
    },
    {
      node0: 16,
      node1: 17,
      centroid: [Object],
      normal: [Object],
      area: 0.36
    },
    {
      node0: 17,
      node1: 18,
      centroid: [Object],
      normal: [Object],
      area: 0.36
    },
    {
      node0: 18,
      node1: 19,
      centroid: [Object],
      normal: [Object],
      area: 0.36
    },
    {
      node0: 19,
      node1: 20,
      centroid: [Object],
      normal: [Object],
      area: 0.36
    }
  ],
  spacing: { x: 0.6, y: 0.6, z: 0.6 }
}

stdout | src/tests/rapier.island-solver-integration.test.ts > Island solver integration (requires WASM build) > skips settled islands in the full pipeline, with the same outcome as disabled
[Core] Built chunk colliders { nodeCount: 10, bondCount: 8, mappingSize: 10 }

stderr | src/tests/centrifugal.showcase.test.ts > centrifugal-spinner showcase: behavior (requires WASM build) > fractures with centrifugal ON but stays intact with it OFF (same scene, same spin)
[Core] no supports (nodes with mass=0) found in scenario {
  nodes: [
    { centroid: [Object], mass: 1, volume: 0.216 },
    { centroid: [Object], mass: 1, volume: 0.216 },
    { centroid: [Object], mass: 1, volume: 0.216 },
    { centroid: [Object], mass: 1, volume: 0.216 },
    { centroid: [Object], mass: 1, volume: 0.216 },
    { centroid: [Object], mass: 1, volume: 0.216 },
    { centroid: [Object], mass: 1, volume: 0.216 },
    { centroid: [Object], mass: 1, volume: 0.216 },
    { centroid: [Object], mass: 1, volume: 0.216 },
    { centroid: [Object], mass: 1, volume: 0.216 },
    { centroid: [Object], mass: 1, volume: 0.216 },
    { centroid: [Object], mass: 1, volume: 0.216 },
    { centroid: [Object], mass: 1, volume: 0.216 },
    { centroid: [Object], mass: 1, volume: 0.216 },
    { centroid: [Object], mass: 1, volume: 0.216 },
    { centroid: [Object], mass: 1, volume: 0.216 },
    { centroid: [Object], mass: 1, volume: 0.216 },
    { centroid: [Object], mass: 1, volume: 0.216 },
    { centroid: [Object], mass: 1, volume: 0.216 },
    { centroid: [Object], mass: 1, volume: 0.216 },
    { centroid: [Object], mass: 1, volume: 0.216 }
  ],
  bonds: [
    {
      node0: 0,
      node1: 1,
      centroid: [Object],
      normal: [Object],
      area: 0.36
    },
    {
      node0: 1,
      node1: 2,
      centroid: [Object],
      normal: [Object],
      area: 0.36
    },
    {
      node0: 2,
      node1: 3,
      centroid: [Object],
      normal: [Object],
      area: 0.36
    },
    {
      node0: 3,
      node1: 4,
      centroid: [Object],
      normal: [Object],
      area: 0.36
    },
    {
      node0: 4,
      node1: 5,
      centroid: [Object],
      normal: [Object],
      area: 0.36
    },
    {
      node0: 5,
      node1: 6,
      centroid: [Object],
      normal: [Object],
      area: 0.36
    },
    {
      node0: 7,
      node1: 8,
      centroid: [Object],
      normal: [Object],
      area: 0.36
    },
    {
      node0: 8,
      node1: 9,
      centroid: [Object],
      normal: [Object],
      area: 0.36
    },
    {
      node0: 9,
      node1: 10,
      centroid: [Object],
      normal: [Object],
      area: 0.36
    },
    {
      node0: 10,
      node1: 11,
      centroid: [Object],
      normal: [Object],
      area: 0.36
    },
    {
      node0: 11,
      node1: 12,
      centroid: [Object],
      normal: [Object],
      area: 0.36
    },
    {
      node0: 12,
      node1: 13,
      centroid: [Object],
      normal: [Object],
      area: 0.36
    },
    {
      node0: 14,
      node1: 15,
      centroid: [Object],
      normal: [Object],
      area: 0.36
    },
    {
      node0: 15,
      node1: 16,
      centroid: [Object],
      normal: [Object],
      area: 0.36
    },
    {
      node0: 16,
      node1: 17,
      centroid: [Object],
      normal: [Object],
      area: 0.36
    },
    {
      node0: 17,
      node1: 18,
      centroid: [Object],
      normal: [Object],
      area: 0.36
    },
    {
      node0: 18,
      node1: 19,
      centroid: [Object],
      normal: [Object],
      area: 0.36
    },
    {
      node0: 19,
      node1: 20,
      centroid: [Object],
      normal: [Object],
      area: 0.36
    }
  ],
  spacing: { x: 0.6, y: 0.6, z: 0.6 }
}

stdout | src/tests/centrifugal.showcase.test.ts > centrifugal-spinner showcase: behavior (requires WASM build) > fractures with centrifugal ON but stays intact with it OFF (same scene, same spin)
[Core] Built chunk colliders { nodeCount: 21, bondCount: 18, mappingSize: 21 }

stderr | src/tests/scenarios.fractured.test.ts > Fractured scenarios (requires three-pinata) > buildFracturedTowerScenario > emits a semantic collisionTree (building → floor → element → fragments) that partitions every node exactly once
[AutoBonding] Failed to generate bonds Error: Cannot find module './stress_solver.cjs' imported from '/root/workspace/physx-2/blast/blast-stress-solver/src/stress.ts'
    at VitestExecutor._fetchModule (file:///root/workspace/physx-2/blast/blast-stress-solver/node_modules/vite-node/dist/client.mjs:247:19)
    at processTicksAndRejections (node:internal/process/task_queues:103:5)
    at VitestExecutor.directRequest (file:///root/workspace/physx-2/blast/blast-stress-solver/node_modules/vite-node/dist/client.mjs:268:44)
    at VitestExecutor.cachedRequest (file:///root/workspace/physx-2/blast/blast-stress-solver/node_modules/vite-node/dist/client.mjs:189:11)
    at VitestExecutor.dependencyRequest (file:///root/workspace/physx-2/blast/blast-stress-solver/node_modules/vite-node/dist/client.mjs:239:10)
    at /root/workspace/physx-2/blast/blast-stress-solver/src/stress.ts:61:36
    at loadStressSolver (/root/workspace/physx-2/blast/blast-stress-solver/src/stress.ts:228:19)
    at generateAutoBondsFromChunks (/root/workspace/physx-2/blast/blast-stress-solver/src/three/autoBonding.ts:41:21)
    at applyAutoBondingToScenario (/root/workspace/physx-2/blast/blast-stress-solver/src/three/autoBonding.ts:94:21)
    at buildScenarioFromFragmentsAsync (/root/workspace/physx-2/blast/blast-stress-solver/src/three/scenarioFromFragments.ts:161:24) {
  code: 'ERR_MODULE_NOT_FOUND',
  [cause]: Error: Failed to load url ./stress_solver.cjs (resolved id: ./stress_solver.cjs) in /root/workspace/physx-2/blast/blast-stress-solver/src/stress.ts. Does the file exist?
      at loadAndTransform (file:///root/workspace/physx-2/blast/blast-stress-solver/node_modules/vite/dist/node/chunks/config.js:23280:33)
}

stdout | src/tests/rapier.ccd.test.ts > CCD policy (projectile-only by default) > by default: projectile has CCD, fragments do NOT
[Core] Built chunk colliders { nodeCount: 12, bondCount: 17, mappingSize: 12 }

stdout | src/tests/rapier.invariants.test.ts > Kinematic invariants after fracture (requires WASM build) > preserves point-velocity continuity across a cascading split
[Core] Built chunk colliders { nodeCount: 12, bondCount: 17, mappingSize: 12 }

stderr | src/tests/scenarios.fractured.test.ts > Fractured scenarios (requires three-pinata) > buildFracturedTowerScenario > fragment geometries are stored in parameters
[AutoBonding] Failed to generate bonds Error: Cannot find module './stress_solver.cjs' imported from '/root/workspace/physx-2/blast/blast-stress-solver/src/stress.ts'
    at VitestExecutor._fetchModule (file:///root/workspace/physx-2/blast/blast-stress-solver/node_modules/vite-node/dist/client.mjs:247:19)
    at processTicksAndRejections (node:internal/process/task_queues:103:5)
    at VitestExecutor.directRequest (file:///root/workspace/physx-2/blast/blast-stress-solver/node_modules/vite-node/dist/client.mjs:268:44)
    at VitestExecutor.cachedRequest (file:///root/workspace/physx-2/blast/blast-stress-solver/node_modules/vite-node/dist/client.mjs:189:11)
    at VitestExecutor.dependencyRequest (file:///root/workspace/physx-2/blast/blast-stress-solver/node_modules/vite-node/dist/client.mjs:239:10)
    at /root/workspace/physx-2/blast/blast-stress-solver/src/stress.ts:61:36
    at loadStressSolver (/root/workspace/physx-2/blast/blast-stress-solver/src/stress.ts:228:19)
    at generateAutoBondsFromChunks (/root/workspace/physx-2/blast/blast-stress-solver/src/three/autoBonding.ts:41:21)
    at applyAutoBondingToScenario (/root/workspace/physx-2/blast/blast-stress-solver/src/three/autoBonding.ts:94:21)
    at buildScenarioFromFragmentsAsync (/root/workspace/physx-2/blast/blast-stress-solver/src/three/scenarioFromFragments.ts:161:24) {
  code: 'ERR_MODULE_NOT_FOUND',
  [cause]: Error: Failed to load url ./stress_solver.cjs (resolved id: ./stress_solver.cjs) in /root/workspace/physx-2/blast/blast-stress-solver/src/stress.ts. Does the file exist?
      at loadAndTransform (file:///root/workspace/physx-2/blast/blast-stress-solver/node_modules/vite/dist/node/chunks/config.js:23280:33)
}

stdout | src/tests/rapier.fixed-step.integration.test.ts > Fixed-step loop × destructible core > driver ticks are bit-identical to direct stepping, including through an impact
[Core] Built chunk colliders { nodeCount: 144, bondCount: 728, mappingSize: 144 }

stdout | src/tests/rapier.smallBodyDamping.fall.test.ts > small-body damping vs falling debris > 'afterGroundCollision' leaves airborne debris UNdamped — it free-falls at full speed
[Core] Built chunk colliders { nodeCount: 2, bondCount: 1, mappingSize: 2 }

 ✓ src/tests/three.foundation.test.ts (9 tests) 19ms
stderr | src/tests/scenarios.fractured.test.ts > Fractured scenarios (requires three-pinata) > buildFracturedTowerScenario > bonds have type-based strength multipliers applied
[AutoBonding] Failed to generate bonds Error: Cannot find module './stress_solver.cjs' imported from '/root/workspace/physx-2/blast/blast-stress-solver/src/stress.ts'
    at VitestExecutor._fetchModule (file:///root/workspace/physx-2/blast/blast-stress-solver/node_modules/vite-node/dist/client.mjs:247:19)
    at processTicksAndRejections (node:internal/process/task_queues:103:5)
    at VitestExecutor.directRequest (file:///root/workspace/physx-2/blast/blast-stress-solver/node_modules/vite-node/dist/client.mjs:268:44)
    at VitestExecutor.cachedRequest (file:///root/workspace/physx-2/blast/blast-stress-solver/node_modules/vite-node/dist/client.mjs:189:11)
    at VitestExecutor.dependencyRequest (file:///root/workspace/physx-2/blast/blast-stress-solver/node_modules/vite-node/dist/client.mjs:239:10)
    at /root/workspace/physx-2/blast/blast-stress-solver/src/stress.ts:61:36
    at loadStressSolver (/root/workspace/physx-2/blast/blast-stress-solver/src/stress.ts:228:19)
    at generateAutoBondsFromChunks (/root/workspace/physx-2/blast/blast-stress-solver/src/three/autoBonding.ts:41:21)
    at applyAutoBondingToScenario (/root/workspace/physx-2/blast/blast-stress-solver/src/three/autoBonding.ts:94:21)
    at buildScenarioFromFragmentsAsync (/root/workspace/physx-2/blast/blast-stress-solver/src/three/scenarioFromFragments.ts:161:24) {
  code: 'ERR_MODULE_NOT_FOUND',
  [cause]: Error: Failed to load url ./stress_solver.cjs (resolved id: ./stress_solver.cjs) in /root/workspace/physx-2/blast/blast-stress-solver/src/stress.ts. Does the file exist?
      at loadAndTransform (file:///root/workspace/physx-2/blast/blast-stress-solver/node_modules/vite/dist/node/chunks/config.js:23280:33)
}

stdout | src/tests/rapier.island-solver-integration.test.ts > Island solver integration (requires WASM build) > skips settled islands in the full pipeline, with the same outcome as disabled
[Core] Built chunk colliders { nodeCount: 10, bondCount: 8, mappingSize: 10 }

stderr | src/tests/house.collapse.test.ts > house structural realism (physics) > stands under gravity: the intact roof does not collapse on its own
using deprecated parameters for the initialization function; pass a single object instead

stderr | src/tests/scenarios.fractured.test.ts > Fractured scenarios (requires three-pinata) > buildFracturedBridgeScenario > produces valid scenario with default config
[AutoBonding] Failed to generate bonds Error: Cannot find module './stress_solver.cjs' imported from '/root/workspace/physx-2/blast/blast-stress-solver/src/stress.ts'
    at VitestExecutor._fetchModule (file:///root/workspace/physx-2/blast/blast-stress-solver/node_modules/vite-node/dist/client.mjs:247:19)
    at processTicksAndRejections (node:internal/process/task_queues:103:5)
    at VitestExecutor.directRequest (file:///root/workspace/physx-2/blast/blast-stress-solver/node_modules/vite-node/dist/client.mjs:268:44)
    at VitestExecutor.cachedRequest (file:///root/workspace/physx-2/blast/blast-stress-solver/node_modules/vite-node/dist/client.mjs:189:11)
    at VitestExecutor.dependencyRequest (file:///root/workspace/physx-2/blast/blast-stress-solver/node_modules/vite-node/dist/client.mjs:239:10)
    at /root/workspace/physx-2/blast/blast-stress-solver/src/stress.ts:61:36
    at loadStressSolver (/root/workspace/physx-2/blast/blast-stress-solver/src/stress.ts:228:19)
    at generateAutoBondsFromChunks (/root/workspace/physx-2/blast/blast-stress-solver/src/three/autoBonding.ts:41:21)
    at applyAutoBondingToScenario (/root/workspace/physx-2/blast/blast-stress-solver/src/three/autoBonding.ts:94:21)
    at buildScenarioFromFragmentsAsync (/root/workspace/physx-2/blast/blast-stress-solver/src/three/scenarioFromFragments.ts:161:24) {
  code: 'ERR_MODULE_NOT_FOUND',
  [cause]: Error: Failed to load url ./stress_solver.cjs (resolved id: ./stress_solver.cjs) in /root/workspace/physx-2/blast/blast-stress-solver/src/stress.ts. Does the file exist?
      at loadAndTransform (file:///root/workspace/physx-2/blast/blast-stress-solver/node_modules/vite/dist/node/chunks/config.js:23280:33)
}

stderr | src/tests/scenarios.fractured.test.ts > Fractured scenarios (requires three-pinata) > buildFracturedBridgeScenario > deck fragments are positioned above posts
[AutoBonding] Failed to generate bonds Error: Cannot find module './stress_solver.cjs' imported from '/root/workspace/physx-2/blast/blast-stress-solver/src/stress.ts'
    at VitestExecutor._fetchModule (file:///root/workspace/physx-2/blast/blast-stress-solver/node_modules/vite-node/dist/client.mjs:247:19)
    at processTicksAndRejections (node:internal/process/task_queues:103:5)
    at VitestExecutor.directRequest (file:///root/workspace/physx-2/blast/blast-stress-solver/node_modules/vite-node/dist/client.mjs:268:44)
    at VitestExecutor.cachedRequest (file:///root/workspace/physx-2/blast/blast-stress-solver/node_modules/vite-node/dist/client.mjs:189:11)
    at VitestExecutor.dependencyRequest (file:///root/workspace/physx-2/blast/blast-stress-solver/node_modules/vite-node/dist/client.mjs:239:10)
    at /root/workspace/physx-2/blast/blast-stress-solver/src/stress.ts:61:36
    at loadStressSolver (/root/workspace/physx-2/blast/blast-stress-solver/src/stress.ts:228:19)
    at generateAutoBondsFromChunks (/root/workspace/physx-2/blast/blast-stress-solver/src/three/autoBonding.ts:41:21)
    at applyAutoBondingToScenario (/root/workspace/physx-2/blast/blast-stress-solver/src/three/autoBonding.ts:94:21)
    at buildScenarioFromFragmentsAsync (/root/workspace/physx-2/blast/blast-stress-solver/src/three/scenarioFromFragments.ts:161:24) {
  code: 'ERR_MODULE_NOT_FOUND',
  [cause]: Error: Failed to load url ./stress_solver.cjs (resolved id: ./stress_solver.cjs) in /root/workspace/physx-2/blast/blast-stress-solver/src/stress.ts. Does the file exist?
      at loadAndTransform (file:///root/workspace/physx-2/blast/blast-stress-solver/node_modules/vite/dist/node/chunks/config.js:23280:33)
}

stderr | src/tests/scenarios.fractured.test.ts > Fractured scenarios (requires three-pinata) > buildFracturedBridgeScenario > fragment geometries are stored in parameters
[AutoBonding] Failed to generate bonds Error: Cannot find module './stress_solver.cjs' imported from '/root/workspace/physx-2/blast/blast-stress-solver/src/stress.ts'
    at VitestExecutor._fetchModule (file:///root/workspace/physx-2/blast/blast-stress-solver/node_modules/vite-node/dist/client.mjs:247:19)
    at processTicksAndRejections (node:internal/process/task_queues:103:5)
    at VitestExecutor.directRequest (file:///root/workspace/physx-2/blast/blast-stress-solver/node_modules/vite-node/dist/client.mjs:268:44)
    at VitestExecutor.cachedRequest (file:///root/workspace/physx-2/blast/blast-stress-solver/node_modules/vite-node/dist/client.mjs:189:11)
    at VitestExecutor.dependencyRequest (file:///root/workspace/physx-2/blast/blast-stress-solver/node_modules/vite-node/dist/client.mjs:239:10)
    at /root/workspace/physx-2/blast/blast-stress-solver/src/stress.ts:61:36
    at loadStressSolver (/root/workspace/physx-2/blast/blast-stress-solver/src/stress.ts:228:19)
    at generateAutoBondsFromChunks (/root/workspace/physx-2/blast/blast-stress-solver/src/three/autoBonding.ts:41:21)
    at applyAutoBondingToScenario (/root/workspace/physx-2/blast/blast-stress-solver/src/three/autoBonding.ts:94:21)
    at buildScenarioFromFragmentsAsync (/root/workspace/physx-2/blast/blast-stress-solver/src/three/scenarioFromFragments.ts:161:24) {
  code: 'ERR_MODULE_NOT_FOUND',
  [cause]: Error: Failed to load url ./stress_solver.cjs (resolved id: ./stress_solver.cjs) in /root/workspace/physx-2/blast/blast-stress-solver/src/stress.ts. Does the file exist?
      at loadAndTransform (file:///root/workspace/physx-2/blast/blast-stress-solver/node_modules/vite/dist/node/chunks/config.js:23280:33)
}

stdout | src/tests/rapier.smallBodyDamping.fall.test.ts > small-body damping vs falling debris > 'afterGroundCollision' DOES damp the body once it lands (settles on the ground)
[Core] Built chunk colliders { nodeCount: 2, bondCount: 1, mappingSize: 2 }

 ✓ src/tests/scenarios.fractured.test.ts (7 tests) 2093ms
   ✓ Fractured scenarios (requires three-pinata) > buildFracturedTowerScenario > produces valid scenario with small config  1036ms
   ✓ Fractured scenarios (requires three-pinata) > buildFracturedTowerScenario > emits a semantic collisionTree (building → floor → element → fragments) that partitions every node exactly once  342ms
 ✓ src/tests/rapier.smallBodyDamping.fall.test.ts (3 tests) 586ms
 ✓ src/tests/damage.invariants.test.ts (6 tests) 7ms
 ✓ src/tests/authoring.three.test.ts (4 tests) 265ms
stdout | src/tests/rapier.fixed-step.integration.test.ts > Fixed-step loop × destructible core > driver ticks are bit-identical to direct stepping, including through an impact
[Core] Built chunk colliders { nodeCount: 144, bondCount: 728, mappingSize: 144 }

stdout | src/tests/rapier.island-solver-integration.test.ts > Island solver integration (requires WASM build) > setIslandSolver drives the underlying solver flags (skip is gated by enabled)
[Core] Built chunk colliders { nodeCount: 10, bondCount: 8, mappingSize: 10 }

stdout | src/tests/rapier.headless-scenarios.test.ts > Headless scenario tests (requires WASM build) > A. Gravity stability — structures survive under gravity > tower remains intact under gravity for 2 seconds
[Core] Built chunk colliders { nodeCount: 45, bondCount: 192, mappingSize: 45 }

 ❯ src/tests/rapier.island-solver-integration.test.ts (3 tests | 1 failed) 775ms
   ✓ Island solver integration (requires WASM build) > is ON by default (with settled-skip); islandSolver:false opts out completely  493ms
   × Island solver integration (requires WASM build) > skips settled islands in the full pipeline, with the same outcome as disabled 241ms
     → expected 0 to be greater than 0
   ✓ Island solver integration (requires WASM build) > setIslandSolver drives the underlying solver flags (skip is gated by enabled) 39ms
 ✓ src/tests/centrifugal.showcase.test.ts (4 tests) 1186ms
   ✓ centrifugal-spinner showcase: behavior (requires WASM build) > does NOT fracture the spinning beams when centrifugal is OFF  332ms
   ✓ centrifugal-spinner showcase: behavior (requires WASM build) > DOES fracture the spinning beams when centrifugal is ON  305ms
   ✓ centrifugal-spinner showcase: behavior (requires WASM build) > fractures with centrifugal ON but stays intact with it OFF (same scene, same spin)  372ms
 ✓ src/tests/stress.gravity.test.ts (2 tests) 534ms
   ✓ ExtStressSolver addActorGravity > distinguishes gravity directions based on actor rotation  415ms
stdout | src/tests/rapier.resim-perf.test.ts > Resim / rapier perf levers (requires WASM build) > A. Output-equivalence harness — trusted safety net > positive control: identical scenario + inputs → ZERO divergence (determinism)
[Core] Built chunk colliders { nodeCount: 275, bondCount: 1490, mappingSize: 275 }

 ✓ src/tests/highRise.scenario.test.ts (7 tests) 27ms
stdout | src/tests/rapier.ccd.test.ts > CCD policy (projectile-only by default) > opt-in: fractureBodyCcdEnabled:true re-enables CCD on fragments
[Core] Built chunk colliders { nodeCount: 12, bondCount: 17, mappingSize: 12 }

 ✓ src/tests/stressLimits.boundary.test.ts (4 tests) 10ms
stdout | src/tests/rapier.ccd.test.ts > CCD policy (projectile-only by default) > projectile CCD can be turned off independently
[Core] Built chunk colliders { nodeCount: 12, bondCount: 17, mappingSize: 12 }

stdout | src/tests/rapier.city-stress.test.ts > City destruction stress (requires WASM build) > runs manyIslands through the pipeline and profiles it
[Core] Built chunk colliders { nodeCount: 1944, bondCount: 8532, mappingSize: 1944 }

 ✓ src/tests/bondStress.parity.test.ts (9 tests) 95ms
 ❯ src/tests/rapier.invariants.test.ts (2 tests | 1 failed) 968ms
   ✓ Kinematic invariants after fracture (requires WASM build) > preserves point-velocity continuity across a cascading split  928ms
   × Kinematic invariants after fracture (requires WASM build) > never produces NaN/Inf continuity samples under a wall collapse 39ms
     → Failed to create ExtStressSolver
 ✓ src/tests/buildingIntact.test.ts (5 tests) 13ms
stdout | src/tests/house.overlap.test.ts > house geometry has no overlapping chunks > reports any interpenetrating chunk pairs
[overlaps] 0 pairs > 0.03 m. By type: {}

 ✓ src/tests/house.overlap.test.ts (1 test) 9ms
stdout | src/tests/rapier.headless-scenarios.test.ts > Headless scenario tests (requires WASM build) > B. Weak material collapses under gravity > wall with very weak bonds fractures under gravity
[Core] Built chunk colliders { nodeCount: 24, bondCount: 38, mappingSize: 24 }

 ✓ src/tests/rapier.ccd.test.ts (3 tests) 820ms
   ✓ CCD policy (projectile-only by default) > by default: projectile has CCD, fragments do NOT  474ms
 ✓ src/tests/three.pinataFracture.test.ts (5 tests | 1 skipped) 467ms
 ✓ src/tests/rapier.scenario.test.ts (3 tests) 7ms
 ❯ src/tests/house.collapse.test.ts (2 tests | 2 failed) 1565ms
   × house structural realism (physics) > stands under gravity: the intact roof does not collapse on its own 717ms
     → Failed to create ExtStressSolver
   × house structural realism (physics) > collapses when the structural supports are shot out (vs. drywall left intact) 374ms
     → Failed to create ExtStressSolver
 ✓ src/tests/three.bundle.test.ts (4 tests) 7ms
stderr | src/tests/highRise.rapier.test.ts > high-rise (Rapier) > stays stable under gravity (no fracture, no slide)
using deprecated parameters for the initialization function; pass a single object instead

stdout | src/tests/rapier.headless-scenarios.test.ts > Headless scenario tests (requires WASM build) > B. Weak material collapses under gravity > tower with very weak bonds fractures under gravity
[Core] Built chunk colliders { nodeCount: 45, bondCount: 192, mappingSize: 45 }

stdout | src/tests/rapier.lazy-colliders.test.ts > Lazy intact colliders > an impact explodes only the approached building; far buildings stay dormant; topology matches eager
[Core] Built chunk colliders { nodeCount: 432, bondCount: 2184, mappingSize: 432 }

stdout | src/tests/highRise.rapier.test.ts > high-rise (Rapier) > stays stable under gravity (no fracture, no slide)
[Core] Built chunk colliders { nodeCount: 422, bondCount: 1528, mappingSize: 422 }

stdout | src/tests/rapier.lazy-colliders.test.ts > Lazy intact colliders > an impact explodes only the approached building; far buildings stay dormant; topology matches eager
[Core] Built chunk colliders { nodeCount: 432, bondCount: 2184, mappingSize: 432 }

stdout | src/tests/rapier.headless-scenarios.test.ts > Headless scenario tests (requires WASM build) > B. Weak material collapses under gravity > detached blocks collide with each other (no interpenetration)
[Core] Built chunk colliders { nodeCount: 16, bondCount: 24, mappingSize: 16 }

stdout | src/tests/rapier.headless-scenarios.test.ts > Headless scenario tests (requires WASM build) > B. Weak material collapses under gravity > projectile-fractured blocks collide with each other (no interpenetration)
[Core] Built chunk colliders { nodeCount: 24, bondCount: 38, mappingSize: 24 }

stdout | src/tests/tier1-defaults.test.ts > Island-aware solve default > fracturing still works under the default (impact breaks bodies off)
[Core] Built chunk colliders { nodeCount: 144, bondCount: 728, mappingSize: 144 }

stdout | src/tests/rapier.headless-scenarios.test.ts > Headless scenario tests (requires WASM build) > B. Weak material collapses under gravity > projectile-fractured blocks collide with each other (no interpenetration)
After projectile: 18 distinct bodies, 18 dynamic chunks, 37/38 bonds
Total overlapping pairs: 0

stdout | src/tests/rapier.headless-scenarios.test.ts > Headless scenario tests (requires WASM build) > C. Projectile collision and bond breaking > projectile breaks wall bonds on impact
[Core] Built chunk colliders { nodeCount: 24, bondCount: 38, mappingSize: 24 }

stdout | src/tests/rapier.resim-perf.test.ts > Resim / rapier perf levers (requires WASM build) > A. Output-equivalence harness — trusted safety net > negative control: a different impact → LARGE divergence (harness is sensitive)
[Core] Built chunk colliders { nodeCount: 275, bondCount: 1490, mappingSize: 275 }

stdout | src/tests/rapier.headless-scenarios.test.ts > Headless scenario tests (requires WASM build) > C. Projectile collision and bond breaking > projectile breaks tower bonds on impact
[Core] Built chunk colliders { nodeCount: 45, bondCount: 192, mappingSize: 45 }

stdout | src/tests/rapier.fixed-step.integration.test.ts > Fixed-step loop × destructible core > the interpolated view stays between the last two physics states (no overshoot)
[Core] Built chunk colliders { nodeCount: 144, bondCount: 728, mappingSize: 144 }

stdout | src/tests/tier1-defaults.test.ts > Lazy intact colliders safety rails > is forced OFF for a free-floating scenario (dynamic root), even when requested
[Core] Built chunk colliders { nodeCount: 2, bondCount: 1, mappingSize: 2 }

stderr | src/tests/tier1-defaults.test.ts > Lazy intact colliders safety rails > is forced OFF for a free-floating scenario (dynamic root), even when requested
[Core] no supports (nodes with mass=0) found in scenario {
  nodes: [
    { centroid: [Object], mass: 10, volume: 1 },
    { centroid: [Object], mass: 10, volume: 1 }
  ],
  bonds: [
    {
      node0: 0,
      node1: 1,
      centroid: [Object],
      normal: [Object],
      area: 1
    }
  ],
  parameters: {}
}
[Core] lazyIntactColliders requires an anchored scenario (supports); using eager colliders

stderr | src/tests/tier1-defaults.test.ts > Lazy intact colliders safety rails > is forced OFF for a free-floating scenario (dynamic root), even when requested
[Core] lazyIntactColliders requires an anchored scenario (supports); ignoring enable

stdout | src/tests/tier1-defaults.test.ts > Lazy intact colliders safety rails > an EXTERNAL body (e.g. a vehicle) wakes a dormant building and collides identically to eager
[Core] Built chunk colliders { nodeCount: 288, bondCount: 1456, mappingSize: 288 }

stdout | src/tests/tier1-defaults.test.ts > Lazy intact colliders safety rails > an EXTERNAL body (e.g. a vehicle) wakes a dormant building and collides identically to eager
[Core] Built chunk colliders { nodeCount: 288, bondCount: 1456, mappingSize: 288 }

 ✓ src/tests/rapier.fixed-step.integration.test.ts (2 tests) 1814ms
   ✓ Fixed-step loop × destructible core > driver ticks are bit-identical to direct stepping, including through an impact  1691ms
stdout | src/tests/rapier.headless-scenarios.test.ts > Headless scenario tests (requires WASM build) > C. Projectile collision and bond breaking > projectile is spawned and enqueued correctly
[Core] Built chunk colliders { nodeCount: 24, bondCount: 38, mappingSize: 24 }

stdout | src/tests/rapier.headless-scenarios.test.ts > Headless scenario tests (requires WASM build) > D. Material strength determines breakage > stronger material loses fewer bonds than weaker material
[Core] Built chunk colliders { nodeCount: 24, bondCount: 38, mappingSize: 24 }

 ✓ src/tests/rapier.splitPlanner.perf.test.ts (3 tests) 884ms
   ✓ split planner: performance regression guard > shatter 1×N scales ~linearly, not cubically (the cascade cliff is gone)  361ms
   ✓ split planner: performance regression guard > is dramatically faster than the dense reference, with an identical optimum  403ms
stdout | src/tests/rapier.headless-scenarios.test.ts > Headless scenario tests (requires WASM build) > D. Material strength determines breakage > stronger material loses fewer bonds than weaker material
[Core] Built chunk colliders { nodeCount: 24, bondCount: 38, mappingSize: 24 }

stdout | src/tests/rapier.headless-scenarios.test.ts > Headless scenario tests (requires WASM build) > D. Material strength determines breakage > very strong material resists projectile impact
[Core] Built chunk colliders { nodeCount: 24, bondCount: 38, mappingSize: 24 }

stdout | src/tests/rapier.resim-perf.test.ts > Resim / rapier perf levers (requires WASM build) > A. Output-equivalence harness — trusted safety net > negative control: a different impact → LARGE divergence (harness is sensitive)
[Core] Built chunk colliders { nodeCount: 275, bondCount: 1490, mappingSize: 275 }

stdout | src/tests/rapier.headless-scenarios.test.ts > Headless scenario tests (requires WASM build) > D. Material strength determines breakage > monotonically: weaker material = more breakage
[Core] Built chunk colliders { nodeCount: 24, bondCount: 38, mappingSize: 24 }

stdout | src/tests/rapier.headless-scenarios.test.ts > Headless scenario tests (requires WASM build) > D. Material strength determines breakage > monotonically: weaker material = more breakage
[Core] Built chunk colliders { nodeCount: 24, bondCount: 38, mappingSize: 24 }

stdout | src/tests/rapier.headless-scenarios.test.ts > Headless scenario tests (requires WASM build) > D. Material strength determines breakage > monotonically: weaker material = more breakage
[Core] Built chunk colliders { nodeCount: 24, bondCount: 38, mappingSize: 24 }

stdout | src/tests/house.fracture.perf.test.ts > fractured house performance > keeps the piece count sane and the step time reasonable
[pieces] plain=788 nodes/3216 bonds · fractured=793 nodes/2154 bonds (1.0x)

stderr | src/tests/house.fracture.perf.test.ts > fractured house performance > keeps the piece count sane and the step time reasonable
using deprecated parameters for the initialization function; pass a single object instead

 ❯ src/tests/house.fracture.perf.test.ts (1 test | 1 failed) 1829ms
   × fractured house performance > keeps the piece count sane and the step time reasonable 1538ms
     → Failed to create ExtStressSolver
stdout | src/tests/rapier.headless-scenarios.test.ts > Headless scenario tests (requires WASM build) > E. Catastrophic vs partial damage > light projectile causes partial damage (>50% bonds survive)
[Core] Built chunk colliders { nodeCount: 24, bondCount: 38, mappingSize: 24 }

stdout | src/tests/rapier.headless-scenarios.test.ts > Headless scenario tests (requires WASM build) > E. Catastrophic vs partial damage > heavy damage causes catastrophic bond loss (<50% bonds survive)
[Core] Built chunk colliders { nodeCount: 24, bondCount: 38, mappingSize: 24 }

stdout | src/tests/rapier.headless-scenarios.test.ts > Headless scenario tests (requires WASM build) > F. Damage system toggle > with damage enabled, onNodeDestroyed fires on heavy impact
[Core] Built chunk colliders { nodeCount: 24, bondCount: 38, mappingSize: 24 }

stdout | src/tests/rapier.headless-scenarios.test.ts > Headless scenario tests (requires WASM build) > F. Damage system toggle > with damage disabled, onNodeDestroyed never fires
[Core] Built chunk colliders { nodeCount: 24, bondCount: 38, mappingSize: 24 }

stdout | src/tests/rapier.headless-scenarios.test.ts > Headless scenario tests (requires WASM build) > F. Damage system toggle > getNodeHealth returns health data when damage is enabled
[Core] Built chunk colliders { nodeCount: 24, bondCount: 38, mappingSize: 24 }

stdout | src/tests/rapier.headless-scenarios.test.ts > Headless scenario tests (requires WASM build) > F. Damage system toggle > applyNodeDamage destroys a node
[Core] Built chunk colliders { nodeCount: 24, bondCount: 38, mappingSize: 24 }

stdout | src/tests/rapier.resim-perf.test.ts > Resim / rapier perf levers (requires WASM build) > A. Output-equivalence harness — trusted safety net > profiler attachment does not perturb the simulation output
[Core] Built chunk colliders { nodeCount: 275, bondCount: 1490, mappingSize: 275 }

stdout | src/tests/rapier.headless-scenarios.test.ts > Headless scenario tests (requires WASM build) > G. Projectile parameter sweep > heavier/faster projectiles break more bonds
[Core] Built chunk colliders { nodeCount: 24, bondCount: 38, mappingSize: 24 }

stdout | src/tests/rapier.lazy-colliders.test.ts > Lazy intact colliders > a rigid-material impact (production regime) is bit-identical to the eager world
[Core] Built chunk colliders { nodeCount: 288, bondCount: 1456, mappingSize: 288 }

stdout | src/tests/rapier.lazy-colliders.test.ts > Lazy intact colliders > a rigid-material impact (production regime) is bit-identical to the eager world
[Core] Built chunk colliders { nodeCount: 288, bondCount: 1456, mappingSize: 288 }

stdout | src/tests/rapier.headless-scenarios.test.ts > Headless scenario tests (requires WASM build) > G. Projectile parameter sweep > heavier/faster projectiles break more bonds
[Core] Built chunk colliders { nodeCount: 24, bondCount: 38, mappingSize: 24 }

stdout | src/tests/rapier.headless-scenarios.test.ts > Headless scenario tests (requires WASM build) > G. Projectile parameter sweep > heavier/faster projectiles break more bonds
[Core] Built chunk colliders { nodeCount: 24, bondCount: 38, mappingSize: 24 }

stdout | src/tests/rapier.headless-scenarios.test.ts > Headless scenario tests (requires WASM build) > G. Projectile parameter sweep > heavier/faster projectiles break more bonds
[Core] Built chunk colliders { nodeCount: 24, bondCount: 38, mappingSize: 24 }

stdout | src/tests/rapier.headless-scenarios.test.ts > Headless scenario tests (requires WASM build) > H. Bond inspection and manual cut > getNodeBonds returns correct bonds for interior node
[Core] Built chunk colliders { nodeCount: 12, bondCount: 17, mappingSize: 12 }

stdout | src/tests/rapier.headless-scenarios.test.ts > Headless scenario tests (requires WASM build) > H. Bond inspection and manual cut > cutBond removes exactly one bond
[Core] Built chunk colliders { nodeCount: 24, bondCount: 38, mappingSize: 24 }

stdout | src/tests/rapier.headless-scenarios.test.ts > Headless scenario tests (requires WASM build) > H. Bond inspection and manual cut > cutNodeBonds removes all bonds for a node
[Core] Built chunk colliders { nodeCount: 24, bondCount: 38, mappingSize: 24 }

stdout | src/tests/rapier.headless-scenarios.test.ts > Headless scenario tests (requires WASM build) > I. Structure-specific behavior > bridge: cutting midspan bonds severs the structure
[Core] Built chunk colliders { nodeCount: 60, bondCount: 99, mappingSize: 60 }

stdout | src/tests/rapier.resim-perf.test.ts > Resim / rapier perf levers (requires WASM build) > A. Output-equivalence harness — trusted safety net > profiler attachment does not perturb the simulation output
[Core] Built chunk colliders { nodeCount: 275, bondCount: 1490, mappingSize: 275 }

stdout | src/tests/rapier.headless-scenarios.test.ts > Headless scenario tests (requires WASM build) > I. Structure-specific behavior > tower: projectile at base causes more damage than at top
[Core] Built chunk colliders { nodeCount: 45, bondCount: 192, mappingSize: 45 }

 ❯ src/tests/tier1-defaults.test.ts (5 tests | 2 failed) 3976ms
   ✓ Island-aware solve default > is ON (with settled-skip) by default, and the option opts out  838ms
   × Island-aware solve default > an idle two-tower city under the default is bit-identical to the whole-graph solve 1928ms
     → expected 0.28151628591407835 to be +0 // Object.is equality
   ✓ Island-aware solve default > fracturing still works under the default (impact breaks bodies off) 214ms
   ✓ Lazy intact colliders safety rails > is forced OFF for a free-floating scenario (dynamic root), even when requested 17ms
   × Lazy intact colliders safety rails > an EXTERNAL body (e.g. a vehicle) wakes a dormant building and collides identically to eager 978ms
     → expected 0.22595417499542236 to be less than 0.000001
stdout | src/tests/highRise.damage.rapier.test.ts > high-rise contact damage (Rapier) > a wrecking ball punches a LOCAL hole and the building stays standing
[Core] Built chunk colliders { nodeCount: 422, bondCount: 1528, mappingSize: 422 }

stdout | src/tests/rapier.headless-scenarios.test.ts > Headless scenario tests (requires WASM build) > I. Structure-specific behavior > tower: projectile at base causes more damage than at top
[Core] Built chunk colliders { nodeCount: 45, bondCount: 192, mappingSize: 45 }

 ❯ src/tests/highRise.rapier.test.ts (1 test | 1 failed) 1861ms
   × high-rise (Rapier) > stays stable under gravity (no fracture, no slide) 1860ms
     → expected 5.849721650807368 to be less than 0.5
stdout | src/tests/rapier.headless-scenarios.test.ts > Headless scenario tests (requires WASM build) > I. Structure-specific behavior > wall: cutting central bonds creates localized hole
[Core] Built chunk colliders { nodeCount: 40, bondCount: 67, mappingSize: 40 }

stdout | src/tests/rapier.resim-perf.test.ts > Resim / rapier perf levers (requires WASM build) > A. Output-equivalence harness — trusted safety net > deferRedundantResimSnapshot optimization is output-neutral AND cheaper
[Core] Built chunk colliders { nodeCount: 468, bondCount: 2652, mappingSize: 468 }

stdout | src/tests/rapier.headless-scenarios.test.ts > Headless scenario tests (requires WASM build) > J. Determinism > two identical runs produce identical bond counts
[Core] Built chunk colliders { nodeCount: 24, bondCount: 38, mappingSize: 24 }

stdout | src/tests/rapier.headless-scenarios.test.ts > Headless scenario tests (requires WASM build) > J. Determinism > two identical runs produce identical bond counts
[Core] Built chunk colliders { nodeCount: 24, bondCount: 38, mappingSize: 24 }

stdout | src/tests/rapier.headless-scenarios.test.ts > Headless scenario tests (requires WASM build) > L. API surface and lifecycle > core has expected API methods
[Core] Built chunk colliders { nodeCount: 24, bondCount: 38, mappingSize: 24 }

stdout | src/tests/rapier.headless-scenarios.test.ts > Headless scenario tests (requires WASM build) > L. API surface and lifecycle > profiler collects timing data
[Core] Built chunk colliders { nodeCount: 24, bondCount: 38, mappingSize: 24 }

stdout | src/tests/rapier.lazy-colliders.test.ts > Lazy intact colliders > toggling the flag off materializes every building (and on disables them again)
[Core] Built chunk colliders { nodeCount: 288, bondCount: 1456, mappingSize: 288 }

stdout | src/tests/rapier.headless-scenarios.test.ts > Headless scenario tests (requires WASM build) > L. API surface and lifecycle > getRigidBodyCount reports the intact root-body setup
[Core] Built chunk colliders { nodeCount: 24, bondCount: 38, mappingSize: 24 }

stdout | src/tests/rapier.headless-scenarios.test.ts > Headless scenario tests (requires WASM build) > L. API surface and lifecycle > setGravity changes gravity mid-simulation
[Core] Built chunk colliders { nodeCount: 24, bondCount: 38, mappingSize: 24 }

stdout | src/tests/rapier.headless-scenarios.test.ts > Headless scenario tests (requires WASM build) > M. Correctness invariants (destruction pipeline) > destroyed nodes have their bonds removed from the solver
[Core] Built chunk colliders { nodeCount: 45, bondCount: 192, mappingSize: 45 }

stdout | src/tests/rapier.headless-scenarios.test.ts > Headless scenario tests (requires WASM build) > M. Correctness invariants (destruction pipeline) > bodies with zero colliders are removed after splits
[Core] Built chunk colliders { nodeCount: 45, bondCount: 192, mappingSize: 45 }

stdout | src/tests/rapier.headless-scenarios.test.ts > Headless scenario tests (requires WASM build) > M. Correctness invariants (destruction pipeline) > debris cleanup marks nodes as destroyed with bonds cut
[Core] Built chunk colliders { nodeCount: 45, bondCount: 192, mappingSize: 45 }

stdout | src/tests/rapier.lazy-colliders.test.ts > Hierarchical collision LOD (collisionTree) > a localized hit on a tall structure activates only the struck region (not the whole building)
[Core] Built chunk colliders { nodeCount: 930, bondCount: 3261, mappingSize: 930 }

stdout | src/tests/rapier.headless-scenarios.test.ts > Headless scenario tests (requires WASM build) > M. Correctness invariants (destruction pipeline) > default fracture policy produces same results as no policy
[Core] Built chunk colliders { nodeCount: 45, bondCount: 192, mappingSize: 45 }

stdout | src/tests/rapier.headless-scenarios.test.ts > Headless scenario tests (requires WASM build) > M. Correctness invariants (destruction pipeline) > default fracture policy produces same results as no policy
[Core] Built chunk colliders { nodeCount: 45, bondCount: 192, mappingSize: 45 }

stdout | src/tests/rapier.headless-scenarios.test.ts > Headless scenario tests (requires WASM build) > M. Correctness invariants (destruction pipeline) > maxDynamicBodies caps rigid body count
[Core] Built chunk colliders { nodeCount: 45, bondCount: 192, mappingSize: 45 }

 ❯ src/tests/rapier.headless-scenarios.test.ts (49 tests | 8 failed) 3807ms
   × Headless scenario tests (requires WASM build) > A. Gravity stability — structures survive under gravity > wall remains intact under gravity for 2 seconds 1112ms
     → expected 37 to be 38 // Object.is equality
   × Headless scenario tests (requires WASM build) > A. Gravity stability — structures survive under gravity > tower remains intact under gravity for 2 seconds 230ms
     → expected 191 to be 192 // Object.is equality
   × Headless scenario tests (requires WASM build) > A. Gravity stability — structures survive under gravity > bridge remains intact under gravity for 2 seconds 30ms
     → Failed to create ExtStressSolver
   ✓ Headless scenario tests (requires WASM build) > B. Weak material collapses under gravity > wall with very weak bonds fractures under gravity 133ms
   ✓ Headless scenario tests (requires WASM build) > B. Weak material collapses under gravity > tower with very weak bonds fractures under gravity 173ms
   × Headless scenario tests (requires WASM build) > B. Weak material collapses under gravity > bridge with very weak bonds fractures under gravity 15ms
     → Failed to create ExtStressSolver
   ✓ Headless scenario tests (requires WASM build) > B. Weak material collapses under gravity > detached blocks collide with each other (no interpenetration) 49ms
   ✓ Headless scenario tests (requires WASM build) > B. Weak material collapses under gravity > projectile-fractured blocks collide with each other (no interpenetration) 140ms
   × Headless scenario tests (requires WASM build) > C. Projectile collision and bond breaking > projectile breaks wall bonds on impact 96ms
     → expected 37 to be less than 37
   ✓ Headless scenario tests (requires WASM build) > C. Projectile collision and bond breaking > projectile breaks tower bonds on impact 172ms
   × Headless scenario tests (requires WASM build) > C. Projectile collision and bond breaking > projectile breaks bridge bonds on impact 15ms
     → Failed to create ExtStressSolver
   ✓ Headless scenario tests (requires WASM build) > C. Projectile collision and bond breaking > projectile is spawned and enqueued correctly 21ms
   ✓ Headless scenario tests (requires WASM build) > D. Material strength determines breakage > stronger material loses fewer bonds than weaker material 96ms
   ✓ Headless scenario tests (requires WASM build) > D. Material strength determines breakage > very strong material resists projectile impact 58ms
   ✓ Headless scenario tests (requires WASM build) > D. Material strength determines breakage > monotonically: weaker material = more breakage 156ms
   ✓ Headless scenario tests (requires WASM build) > E. Catastrophic vs partial damage > light projectile causes partial damage (>50% bonds survive) 60ms
   ✓ Headless scenario tests (requires WASM build) > E. Catastrophic vs partial damage > heavy damage causes catastrophic bond loss (<50% bonds survive) 30ms
   ✓ Headless scenario tests (requires WASM build) > F. Damage system toggle > with damage enabled, onNodeDestroyed fires on heavy impact 26ms
   ✓ Headless scenario tests (requires WASM build) > F. Damage system toggle > with damage disabled, onNodeDestroyed never fires 40ms
   ✓ Headless scenario tests (requires WASM build) > F. Damage system toggle > getNodeHealth returns health data when damage is enabled 11ms
   ✓ Headless scenario tests (requires WASM build) > F. Damage system toggle > applyNodeDamage destroys a node 11ms
   ✓ Headless scenario tests (requires WASM build) > G. Projectile parameter sweep > heavier/faster projectiles break more bonds 189ms
   ✓ Headless scenario tests (requires WASM build) > H. Bond inspection and manual cut > getNodeBonds returns correct bonds for interior node 15ms
   ✓ Headless scenario tests (requires WASM build) > H. Bond inspection and manual cut > cutBond removes exactly one bond 19ms
   ✓ Headless scenario tests (requires WASM build) > H. Bond inspection and manual cut > cutNodeBonds removes all bonds for a node 16ms
   ✓ Headless scenario tests (requires WASM build) > I. Structure-specific behavior > bridge: cutting midspan bonds severs the structure 53ms
   ✓ Headless scenario tests (requires WASM build) > I. Structure-specific behavior > tower: projectile at base causes more damage than at top 154ms
   ✓ Headless scenario tests (requires WASM build) > I. Structure-specific behavior > wall: cutting central bonds creates localized hole 38ms
   ✓ Headless scenario tests (requires WASM build) > J. Determinism > two identical runs produce identical bond counts 56ms
   ✓ Headless scenario tests (requires WASM build) > L. API surface and lifecycle > core has expected API methods 9ms
   ✓ Headless scenario tests (requires WASM build) > L. API surface and lifecycle > profiler collects timing data 13ms
   × Headless scenario tests (requires WASM build) > L. API surface and lifecycle > getRigidBodyCount reports the intact root-body setup 21ms
     → expected 20 to be 2 // Object.is equality
   ✓ Headless scenario tests (requires WASM build) > L. API surface and lifecycle > setGravity changes gravity mid-simulation 42ms
   × Headless scenario tests (requires WASM build) > L. API surface and lifecycle > keeps chunks on the root body until an impact-driven split occurs 13ms
     → Failed to create ExtStressSolver
   ✓ Headless scenario tests (requires WASM build) > M. Correctness invariants (destruction pipeline) > destroyed nodes have their bonds removed from the solver 68ms
   ✓ Headless scenario tests (requires WASM build) > M. Correctness invariants (destruction pipeline) > bodies with zero colliders are removed after splits 73ms
   ✓ Headless scenario tests (requires WASM build) > M. Correctness invariants (destruction pipeline) > debris cleanup marks nodes as destroyed with bonds cut 139ms
   ✓ Headless scenario tests (requires WASM build) > M. Correctness invariants (destruction pipeline) > default fracture policy produces same results as no policy 114ms
   ✓ Headless scenario tests (requires WASM build) > M. Correctness invariants (destruction pipeline) > maxDynamicBodies caps rigid body count 75ms
   ✓ Scenario builder correctness (always run) > wall scenario has correct node and bond counts 1ms
   ✓ Scenario builder correctness (always run) > tower scenario has supports at bottom 1ms
   ✓ Scenario builder correctness (always run) > bridge scenario has footing supports (mass=0) 1ms
   ✓ Scenario builder correctness (always run) > bond areas are positive for all scenarios 6ms
   ✓ Scenario builder correctness (always run) > bond normals are unit vectors 7ms
   ✓ Scenario builder correctness (always run) > wall area normalization is isotropic — same per-bond area in X and Y 1ms
   ✓ Scenario builder correctness (always run) > tower area normalization is isotropic — uniform spacing gives equal areas 1ms
   ✓ Scenario builder correctness (always run) > wall without normalization has raw areaScale-based areas 0ms
   ✓ Scenario builder correctness (always run) > tower with diagonals has more bonds than without 0ms
   ✓ Scenario builder correctness (always run) > bridge deck nodes are above post nodes 1ms
stdout | src/tests/rapier.resim-perf.test.ts > Resim / rapier perf levers (requires WASM build) > A. Output-equivalence harness — trusted safety net > deferRedundantResimSnapshot optimization is output-neutral AND cheaper
[Core] Built chunk colliders { nodeCount: 468, bondCount: 2652, mappingSize: 468 }

stdout | src/tests/rapier.perf.test.ts > Destruction performance benchmarks (requires WASM build) > A. Scale: Tower size progression > medium tower 6x12 (~432 nodes)

========================================================================
  SCENARIO: Medium tower 6x12
  Nodes: 468 | Bonds: 2652 -> 2651 | Setup: 106ms
  Max rigid bodies: 435 | Total frames: 360
========================================================================

  [Warmup (steady state)] 60 frames
  Phase                        Mean      P50      P95      P99      Max
  ---------------------------------------------------------------------
  totalMs                     23.58    16.31    62.95   275.77   275.77
  rapierStepMs                10.90     6.84    49.30    65.33    65.33
  contactDrainMs               2.18     1.54     4.86    17.91    17.91
  solverUpdateMs               4.85     2.54    10.39    96.62    96.62
  fractureMs                   0.28     0.01     0.01    16.67    16.67
  fractureGenerateMs           0.02     0.00     0.00     1.08     1.08
  fractureApplyMs              0.07     0.00     0.00     4.46     4.46
  bodyCreateMs                 0.24     0.00     0.01    14.07    14.07
  colliderRebuildMs            0.92     0.01     0.01    54.47    54.47
  preStepSweepMs               0.05     0.03     0.19     0.67     0.67
  cleanupDisabledMs            0.00     0.00     0.01     0.01     0.01
  spawnMs                      0.00     0.00     0.00     0.01     0.01
  snapshotCaptureMs            2.33     1.98     6.88    14.52    14.52
  snapshotRestoreMs            0.27     0.00     0.00    16.47    16.47
  initialPassMs               15.78    12.08    36.73    93.34    93.34
  resimMs                      2.74     0.00     0.00   164.26   164.26

  [Impact (destruction)] 120 frames
  Phase                        Mean      P50      P95      P99      Max
  ---------------------------------------------------------------------
  totalMs                      7.36     6.68    11.64    17.90    20.06
  rapierStepMs                 3.29     2.94     5.54     7.97    11.54
  contactDrainMs               0.85     0.65     2.26     3.09     3.40
  solverUpdateMs               1.50     1.31     3.08     3.68     4.90
  fractureMs                   0.00     0.00     0.01     0.01     0.01
  bodyCreateMs                 0.00     0.00     0.00     0.00     0.01
  colliderRebuildMs            0.01     0.00     0.01     0.02     0.04
  preStepSweepMs               0.01     0.01     0.03     0.03     0.04
  cleanupDisabledMs            0.00     0.00     0.01     0.01     0.01
  spawnMs                      0.00     0.00     0.00     0.00     0.23
  snapshotCaptureMs            1.07     0.98     1.83     3.20     3.35
  initialPassMs                5.65     5.01     9.27    15.61    17.28

  [Post-impact (settling)] 180 frames
  Phase                        Mean      P50      P95      P99      Max
  ---------------------------------------------------------------------
  totalMs                      6.43     6.14     8.98    10.91    13.48
  rapierStepMs                 2.75     2.72     3.58     4.27     5.03
  contactDrainMs               0.84     0.69     2.36     3.06     3.66
  solverUpdateMs               1.51     1.40     2.24     4.14     4.20
  fractureMs                   0.00     0.00     0.00     0.01     0.01
  bodyCreateMs                 0.00     0.00     0.00     0.00     0.00
  colliderRebuildMs            0.00     0.00     0.01     0.01     0.01
  preStepSweepMs               0.01     0.01     0.02     0.03     0.03
  cleanupDisabledMs            0.00     0.00     0.00     0.01     0.01
  spawnMs                      0.00     0.00     0.00     0.00     0.00
  snapshotCaptureMs            0.83     0.67     1.70     3.11     4.50
  initialPassMs                5.12     4.88     7.03     8.57     8.68

  Resimulation: 1 frames had resim passes (mean 1.0, max 1)

  Body distribution (final frame): 433 bodies
    Chunks/body: min=1 max=36 avg=1.1 median=1 p95=1
    Peak: 433 bodies, largest group: 36 chunks

stdout | src/tests/rapier.lazy-colliders.test.ts > Hierarchical collision LOD (collisionTree) > with a tree, a hit on one building leaves the others fully dormant, and is bit-identical to eager (rigid)
[Core] Built chunk colliders { nodeCount: 432, bondCount: 2184, mappingSize: 432 }

stdout | src/tests/rapier.lazy-colliders.test.ts > Hierarchical collision LOD (collisionTree) > with a tree, a hit on one building leaves the others fully dormant, and is bit-identical to eager (rigid)
[Core] Built chunk colliders { nodeCount: 432, bondCount: 2184, mappingSize: 432 }

stdout | src/tests/rapier.perf.test.ts > Destruction performance benchmarks (requires WASM build) > A. Scale: Tower size progression > large tower 8x20 (~1280 nodes)
[Core] Built chunk colliders { nodeCount: 1344, bondCount: 8112, mappingSize: 1344 }

stdout | src/tests/rapier.resim-perf.test.ts > Resim / rapier perf levers (requires WASM build) > A. Output-equivalence harness — trusted safety net > deferRedundantResimSnapshot optimization is output-neutral AND cheaper

  [Lever #2: defer redundant resim snapshot]
    resim frames: 1   trajectory divergence: 0 m (identical)
    snapshotCapture on resim frames: optimized 0.01ms vs legacy 1.02ms (99% less)

stdout | src/tests/rapier.resim-perf.test.ts > Resim / rapier perf levers (requires WASM build) > C. rapierStep dominates and scales with debris count > rapierStep grows with accumulated rigid bodies and leads the phase ranking

  [rapierStep scaling] steady-state after impact

stdout | src/tests/rapier.resim-perf.test.ts > Resim / rapier perf levers (requires WASM build) > C. rapierStep dominates and scales with debris count > rapierStep grows with accumulated rigid bodies and leads the phase ranking
[Core] Built chunk colliders { nodeCount: 144, bondCount: 728, mappingSize: 144 }

 ❯ src/tests/highRise.damage.rapier.test.ts (2 tests | 2 failed) 4840ms
   × high-rise contact damage (Rapier) > gravity is stable with the damage layer enabled (no spurious destruction) 3178ms
     → expected 171 to be +0 // Object.is equality
   × high-rise contact damage (Rapier) > a wrecking ball punches a LOCAL hole and the building stays standing 1661ms
     → expected 172 to be less than 60
stdout | src/tests/rapier.resim-perf.test.ts > Resim / rapier perf levers (requires WASM build) > C. rapierStep dominates and scales with debris count > rapierStep grows with accumulated rigid bodies and leads the phase ranking
    small  4x8 : ~131 bodies  rapierStep 0.28ms  solver 0.13ms

stdout | src/tests/rapier.resim-perf.test.ts > Resim / rapier perf levers (requires WASM build) > C. rapierStep dominates and scales with debris count > rapierStep grows with accumulated rigid bodies and leads the phase ranking
[Core] Built chunk colliders { nodeCount: 468, bondCount: 2652, mappingSize: 468 }

stdout | src/tests/rapier.lazy-colliders.test.ts > Hierarchical collision LOD (collisionTree) > honors an explicit hand-authored collisionTree (descends only the overlapped leaf)
[Core] Built chunk colliders { nodeCount: 288, bondCount: 1456, mappingSize: 288 }

 ❯ src/tests/rapier.lazy-colliders.test.ts (7 tests | 5 failed) 5992ms
   × Lazy intact colliders > idle: buildings start dormant, intact city is bit-identical to the eager world 2616ms
     → expected 0.15572985736229006 to be +0 // Object.is equality
   ✓ Lazy intact colliders > an impact explodes only the approached building; far buildings stay dormant; topology matches eager  1091ms
   × Lazy intact colliders > a rigid-material impact (production regime) is bit-identical to the eager world 536ms
     → expected 0.15895094947210575 to be less than 0.000001
   × Lazy intact colliders > toggling the flag off materializes every building (and on disables them again) 38ms
     → expected +0 to be 2 // Object.is equality
   × Hierarchical collision LOD (collisionTree) > a localized hit on a tall structure activates only the struck region (not the whole building) 714ms
     → expected 290 to be +0 // Object.is equality
   × Hierarchical collision LOD (collisionTree) > with a tree, a hit on one building leaves the others fully dormant, and is bit-identical to eager (rigid) 780ms
     → expected 144 to be less than 144
   ✓ Hierarchical collision LOD (collisionTree) > honors an explicit hand-authored collisionTree (descends only the overlapped leaf) 215ms
stdout | src/tests/rapier.resim-perf.test.ts > Resim / rapier perf levers (requires WASM build) > C. rapierStep dominates and scales with debris count > rapierStep grows with accumulated rigid bodies and leads the phase ranking
    medium 6x12: ~435 bodies  rapierStep 1.98ms  solver 1.08ms

stdout | src/tests/rapier.resim-perf.test.ts > Resim / rapier perf levers (requires WASM build) > C. rapierStep dominates and scales with debris count > rapierStep grows with accumulated rigid bodies and leads the phase ranking
[Core] Built chunk colliders { nodeCount: 1088, bondCount: 6512, mappingSize: 1088 }

stdout | src/tests/rapier.city-stress.test.ts > City destruction stress (requires WASM build) > runs highRiseDistrict through the pipeline and profiles it
[Core] Built chunk colliders { nodeCount: 536, bondCount: 1840, mappingSize: 536 }

stdout | src/tests/rapier.resim-perf.test.ts > Resim / rapier perf levers (requires WASM build) > C. rapierStep dominates and scales with debris count > rapierStep grows with accumulated rigid bodies and leads the phase ranking
    large  8x16: ~1027 bodies  rapierStep 8.03ms  solver 3.71ms

 ❯ src/tests/rapier.resim-perf.test.ts (6 tests | 1 failed) 9007ms
   ✓ Resim / rapier perf levers (requires WASM build) > A. Output-equivalence harness — trusted safety net > positive control: identical scenario + inputs → ZERO divergence (determinism)  2863ms
   ✓ Resim / rapier perf levers (requires WASM build) > A. Output-equivalence harness — trusted safety net > negative control: a different impact → LARGE divergence (harness is sensitive)  763ms
   ✓ Resim / rapier perf levers (requires WASM build) > A. Output-equivalence harness — trusted safety net > profiler attachment does not perturb the simulation output  453ms
   ✓ Resim / rapier perf levers (requires WASM build) > A. Output-equivalence harness — trusted safety net > deferRedundantResimSnapshot optimization is output-neutral AND cheaper  1380ms
   × Resim / rapier perf levers (requires WASM build) > B. Resimulation cost — the systemic second-physics-pass lever > quantifies resim cost intrinsically (resimMs + rollback) under sustained fracturing 14ms
     → Failed to create ExtStressSolver
   ✓ Resim / rapier perf levers (requires WASM build) > C. rapierStep dominates and scales with debris count > rapierStep grows with accumulated rigid bodies and leads the phase ranking  3532ms
stdout | src/tests/rapier.city-stress.test.ts > City destruction stress (requires WASM build) > island-aware skip-settled solve preserves destruction and cuts solve time on manyIslands
[Core] Built chunk colliders { nodeCount: 1944, bondCount: 8532, mappingSize: 1944 }

stdout | src/tests/rapier.perf.test.ts > Destruction performance benchmarks (requires WASM build) > A. Scale: Tower size progression > large tower 8x20 (~1280 nodes)

========================================================================
  SCENARIO: Large tower 8x20
  Nodes: 1344 | Bonds: 8112 -> 8111 | Setup: 73ms
  Max rigid bodies: 1283 | Total frames: 420
========================================================================

  [Warmup (steady state)] 60 frames
  Phase                        Mean      P50      P95      P99      Max
  ---------------------------------------------------------------------
  totalMs                     28.86    21.05    67.60   231.77   231.77
  rapierStepMs                15.36    11.32    35.73    79.24    79.24
  contactDrainMs               2.68     1.71    10.54    17.64    17.64
  solverUpdateMs               6.36     4.28    16.60    72.94    72.94
  fractureMs                   0.09     0.00     0.00     5.50     5.50
  fractureGenerateMs           0.02     0.00     0.00     1.44     1.44
  fractureApplyMs              0.03     0.00     0.00     1.93     1.93
  bodyCreateMs                 0.22     0.00     0.00    13.05    13.05
  colliderRebuildMs            0.37     0.00     0.01    21.90    21.90
  preStepSweepMs               0.02     0.02     0.03     0.04     0.04
  cleanupDisabledMs            0.00     0.00     0.00     0.00     0.00
  spawnMs                      0.00     0.00     0.00     0.00     0.00
  snapshotCaptureMs            2.03     1.71     3.88     5.41     5.41
  snapshotRestoreMs            0.30     0.00     0.00    18.27    18.27
  initialPassMs               21.84    17.92    57.23    72.56    72.56
  resimMs                      2.97     0.00     0.00   178.13   178.13

  [Impact (destruction)] 120 frames
  Phase                        Mean      P50      P95      P99      Max
  ---------------------------------------------------------------------
  totalMs                     19.46    19.11    24.86    26.92    28.94
  rapierStepMs                 9.89     9.56    14.00    14.90    14.92
  contactDrainMs               1.93     1.67     4.07     5.19     5.48
  solverUpdateMs               4.28     4.16     6.27     6.56     7.07
  fractureMs                   0.00     0.00     0.00     0.01     0.01
  bodyCreateMs                 0.00     0.00     0.00     0.00     0.01
  colliderRebuildMs            0.00     0.00     0.01     0.01     0.02
  preStepSweepMs               0.07     0.02     0.04     2.05     2.47
  cleanupDisabledMs            0.00     0.00     0.00     0.01     0.01
  spawnMs                      0.00     0.00     0.00     0.00     0.18
  snapshotCaptureMs            2.02     1.78     3.83     4.18     4.33
  initialPassMs               16.10    15.63    21.70    23.64    26.12

  [Post-impact (settling)] 240 frames
  Phase                        Mean      P50      P95      P99      Max
  ---------------------------------------------------------------------
  totalMs                     20.53    20.25    23.19    26.74    29.34
  rapierStepMs                 9.13     8.96    10.75    11.47    12.57
  contactDrainMs               2.67     2.38     4.37     5.20     6.86
  solverUpdateMs               5.47     5.53     6.46     7.81     8.16
  fractureMs                   0.00     0.00     0.00     0.00     0.01
  bodyCreateMs                 0.00     0.00     0.00     0.00     0.00
  colliderRebuildMs            0.00     0.00     0.01     0.01     0.01
  preStepSweepMs               0.03     0.02     0.02     0.13     2.28
  cleanupDisabledMs            0.00     0.00     0.00     0.01     0.01
  spawnMs                      0.00     0.00     0.00     0.00     0.00
  snapshotCaptureMs            1.95     1.72     3.64     4.30     4.80
  initialPassMs               17.28    16.99    19.75    21.83    23.05

  Resimulation: 1 frames had resim passes (mean 1.0, max 1)

  Body distribution (final frame): 1281 bodies
    Chunks/body: min=1 max=64 avg=1.0 median=1 p95=1
    Peak: 1281 bodies, largest group: 64 chunks

stdout | src/tests/rapier.perf.test.ts > Destruction performance benchmarks (requires WASM build) > B. Structure variety > wide wall 24x12
[Core] Built chunk colliders { nodeCount: 288, bondCount: 540, mappingSize: 288 }

stdout | src/tests/rapier.perf.test.ts > Destruction performance benchmarks (requires WASM build) > B. Structure variety > wide wall 24x12

========================================================================
  SCENARIO: Wide wall 24x12
  Nodes: 288 | Bonds: 540 -> 539 | Setup: 19ms
  Max rigid bodies: 267 | Total frames: 360
========================================================================

  [Warmup (steady state)] 60 frames
  Phase                        Mean      P50      P95      P99      Max
  ---------------------------------------------------------------------
  totalMs                      4.09     3.63     6.68    21.58    21.58
  rapierStepMs                 1.82     1.73     2.73     3.22     3.22
  contactDrainMs               0.40     0.34     0.70     1.41     1.41
  solverUpdateMs               1.04     0.87     2.18     6.69     6.69
  fractureMs                   0.03     0.00     0.00     1.90     1.90
  fractureGenerateMs           0.01     0.00     0.00     0.30     0.30
  fractureApplyMs              0.01     0.00     0.00     0.30     0.30
  bodyCreateMs                 0.03     0.00     0.00     2.02     2.02
  colliderRebuildMs            0.10     0.00     0.00     6.17     6.17
  preStepSweepMs               0.00     0.00     0.01     0.01     0.01
  cleanupDisabledMs            0.00     0.00     0.00     0.00     0.00
  spawnMs                      0.00     0.00     0.00     0.00     0.00
  snapshotCaptureMs            0.32     0.32     0.36     0.64     0.64
  snapshotRestoreMs            0.01     0.00     0.00     0.52     0.52
  initialPassMs                3.12     2.94     5.08     6.03     6.03
  resimMs                      0.19     0.00     0.00    11.31    11.31

  [Impact (destruction)] 120 frames
  Phase                        Mean      P50      P95      P99      Max
  ---------------------------------------------------------------------
  totalMs                      2.78     2.56     4.30     4.52     5.01
  rapierStepMs                 1.21     1.09     2.13     2.29     2.52
  contactDrainMs               0.31     0.27     0.49     1.13     1.19
  solverUpdateMs               0.70     0.66     1.10     1.26     1.53
  fractureMs                   0.00     0.00     0.00     0.00     0.00
  bodyCreateMs                 0.00     0.00     0.00     0.00     0.00
  colliderRebuildMs            0.00     0.00     0.00     0.00     0.00
  preStepSweepMs               0.00     0.00     0.00     0.01     0.01
  cleanupDisabledMs            0.00     0.00     0.00     0.00     0.00
  spawnMs                      0.00     0.00     0.00     0.00     0.18
  snapshotCaptureMs            0.35     0.31     0.46     1.66     1.70
  initialPassMs                2.22     2.05     3.60     4.02     4.10

  [Post-impact (settling)] 180 frames
  Phase                        Mean      P50      P95      P99      Max
  ---------------------------------------------------------------------
  totalMs                      2.81     2.72     3.56     3.98     3.98
  rapierStepMs                 1.09     1.09     1.24     1.31     1.32
  contactDrainMs               0.38     0.34     0.66     1.42     1.61
  solverUpdateMs               0.80     0.78     0.91     1.63     1.76
  fractureMs                   0.00     0.00     0.00     0.00     0.01
  bodyCreateMs                 0.00     0.00     0.00     0.00     0.00
  colliderRebuildMs            0.00     0.00     0.00     0.00     0.00
  preStepSweepMs               0.00     0.00     0.01     0.01     0.01
  cleanupDisabledMs            0.00     0.00     0.00     0.00     0.00
  spawnMs                      0.00     0.00     0.00     0.00     0.00
  snapshotCaptureMs            0.34     0.31     0.40     1.23     1.26
  initialPassMs                2.27     2.21     2.92     3.44     3.46

  Resimulation: 1 frames had resim passes (mean 1.0, max 1)

  Body distribution (final frame): 265 bodies
    Chunks/body: min=1 max=24 avg=1.1 median=1 p95=1
    Peak: 265 bodies, largest group: 24 chunks

stdout | src/tests/rapier.perf.test.ts > Destruction performance benchmarks (requires WASM build) > B. Structure variety > thick wall 12x8x4 layers
[Core] Built chunk colliders { nodeCount: 384, bondCount: 976, mappingSize: 384 }

stdout | src/tests/rapier.city-stress.test.ts > City destruction stress (requires WASM build) > island-aware skip-settled solve preserves destruction and cuts solve time on manyIslands
[Core] Built chunk colliders { nodeCount: 1944, bondCount: 8532, mappingSize: 1944 }

stdout | src/tests/rapier.perf.test.ts > Destruction performance benchmarks (requires WASM build) > B. Structure variety > thick wall 12x8x4 layers

========================================================================
  SCENARIO: Thick wall 12x8x4
  Nodes: 384 | Bonds: 976 -> 975 | Setup: 13ms
  Max rigid bodies: 339 | Total frames: 360
========================================================================

  [Warmup (steady state)] 60 frames
  Phase                        Mean      P50      P95      P99      Max
  ---------------------------------------------------------------------
  totalMs                      9.16     8.12    16.01    41.92    41.92
  rapierStepMs                 5.06     4.74     8.07    10.70    10.70
  contactDrainMs               0.71     0.59     1.82     2.73     2.73
  solverUpdateMs               2.12     1.63     3.38    19.43    19.43
  fractureMs                   0.03     0.00     0.00     1.83     1.83
  fractureGenerateMs           0.00     0.00     0.00     0.27     0.27
  fractureApplyMs              0.01     0.00     0.00     0.41     0.41
  bodyCreateMs                 0.06     0.00     0.00     3.70     3.70
  colliderRebuildMs            0.11     0.00     0.01     6.15     6.15
  preStepSweepMs               0.01     0.01     0.01     0.02     0.02
  cleanupDisabledMs            0.00     0.00     0.00     0.00     0.00
  spawnMs                      0.00     0.00     0.00     0.00     0.00
  snapshotCaptureMs            0.57     0.47     1.81     2.16     2.16
  snapshotRestoreMs            0.01     0.00     0.00     0.65     0.65
  initialPassMs                7.46     7.10     9.97    20.45    20.45
  resimMs                      0.48     0.00     0.00    28.93    28.93

  [Impact (destruction)] 120 frames
  Phase                        Mean      P50      P95      P99      Max
  ---------------------------------------------------------------------
  totalMs                      3.99     3.38     8.44    10.24    12.77
  rapierStepMs                 1.83     1.45     4.72     5.73     6.59
  contactDrainMs               0.37     0.32     0.81     1.28     1.64
  solverUpdateMs               0.96     0.85     1.76     2.69     3.24
  fractureMs                   0.00     0.00     0.00     0.00     0.00
  bodyCreateMs                 0.00     0.00     0.00     0.00     0.00
  colliderRebuildMs            0.00     0.00     0.00     0.00     0.00
  preStepSweepMs               0.01     0.00     0.01     0.01     0.03
  cleanupDisabledMs            0.00     0.00     0.00     0.00     0.01
  spawnMs                      0.00     0.00     0.00     0.00     0.08
  snapshotCaptureMs            0.51     0.41     1.95     2.08     2.08
  initialPassMs                3.17     2.69     7.16     9.44    10.35

  [Post-impact (settling)] 180 frames
  Phase                        Mean      P50      P95      P99      Max
  ---------------------------------------------------------------------
  totalMs                      3.90     3.76     5.33     6.45     8.79
  rapierStepMs                 1.42     1.42     1.74     2.00     2.04
  contactDrainMs               0.50     0.42     0.69     2.43     2.70
  solverUpdateMs               1.14     1.11     1.41     2.89     3.35
  fractureMs                   0.00     0.00     0.00     0.00     0.01
  bodyCreateMs                 0.00     0.00     0.00     0.00     0.00
  colliderRebuildMs            0.00     0.00     0.00     0.00     0.00
  preStepSweepMs               0.01     0.01     0.01     0.03     0.03
  cleanupDisabledMs            0.00     0.00     0.00     0.00     0.00
  spawnMs                      0.00     0.00     0.00     0.00     0.00
  snapshotCaptureMs            0.50     0.45     0.70     1.97     2.34
  initialPassMs                3.06     2.98     4.39     4.91     7.48

  Resimulation: 1 frames had resim passes (mean 1.0, max 1)

  Body distribution (final frame): 337 bodies
    Chunks/body: min=1 max=48 avg=1.1 median=1 p95=1
    Peak: 337 bodies, largest group: 48 chunks

stdout | src/tests/rapier.perf.test.ts > Destruction performance benchmarks (requires WASM build) > B. Structure variety > long bridge 24-span
[Core] Built chunk colliders { nodeCount: 692, bondCount: 2138, mappingSize: 692 }

stdout | src/tests/rapier.city-stress.test.ts > City destruction stress (requires WASM build) > island-aware skip-settled solve preserves destruction and cuts solve time on manyIslands

============================================================================================
  A/B COMPARISON — island-aware solve on 'manyIslands 6x6' (small)
============================================================================================
  baseline:  manyIslands 6x6 [whole-graph]  (islands total=0, meanSkipped/frame=0.0)
  treatment: manyIslands 6x6 [island+skip]  (islands total=36, meanSkipped/frame=0.0)

  phase                   baseline sum  treatment sum   speedup
  ------------------------------------------------------------
  solverSolveMs                18.47ms        18.14ms     1.02x
  rapierStepMs                996.65ms      1000.12ms     1.00x
  snapshotCaptureMs           286.34ms       281.50ms     1.02x
  snapshotRestoreMs             0.00ms         0.00ms Infinityx

  whole-frame speedup — impact: 1.00x   post-impact: 0.98x   steady-state tail: 1.04x  (treatment faster)

  PARITY (behavior must be preserved):
    final bonds:      baseline=8531  treatment=8531  MATCH ✓
    bond trajectory:  max |Δ|/frame = 0  (fractures identical ✓)
    max bodies:       baseline=1659  treatment=1658
    body trajectory:  max |Δ|/frame = 1 over 360 frames
    => DESTRUCTION IDENTICAL ✓ (same bonds break, same frames). Rigid-body count jitters by up to 1 (transient debris/sleep bookkeeping within solver tolerance) — structural outcome unchanged.
============================================================================================


stdout | src/tests/rapier.city-stress.test.ts > City destruction stress (requires WASM build)

============================================================================================
  CITY DESTRUCTION STRESS — COSTLIEST STEPS REPORT
============================================================================================

────────────────────────────────────────────────────────────────────────────────────────────
  manyIslands 6x6
  nodes=1944  bonds=8532->8531  setup=537ms  maxBodies=1658  frames=360
  islands: total=36  meanSkipped/frame=0.0  settledNodeFrac=  12.2%
  impact-window mean frame: 20.52ms over 120 frames  (dominant: rapierStepMs)
  phase                        share     sum ms      mean       p95       max
  --------------------------------------------------------------------------
  rapierStepMs                 52.0%    1149.73      9.58     13.35     14.52
  snapshotCaptureMs            14.8%     326.58      2.72      4.35      6.77
  contactDrainMs               13.7%     303.89      2.53      4.31      4.98
  contactInjectResolveMs        7.1%     157.58      1.31      2.40      7.37
  contactInjectSplashMs         6.1%     134.57      1.12      1.48      7.89
  solverGravityInjectMs         4.3%      95.60      0.80      1.26      3.72
  solverSolveMs                 0.9%      20.02      0.17      0.22      0.31
  contactInjectSubmitMs         0.9%      19.61      0.16      0.23      0.29
  preStepSweepMs                0.1%       2.58      0.02      0.04      0.10
  colliderRebuildMs             0.0%       0.65      0.01      0.01      0.01
  spawnMs                       0.0%       0.56      0.00      0.00      0.41
  cleanupDisabledMs             0.0%       0.33      0.00      0.00      0.01
  resim time share:    0.0% (initialPass sum 1885.7ms, resim sum 0.0ms)
  rapierStep context: awake bodies mean=1424 (max 1621)  colliders mean=1946
  rapierStepMs vs awake bodies: 400+:4.15ms(21f)  800+:8.13ms(11f)  1600+:11.06ms(88f)
  island solve: total=0  solved/frame=36.0  skipped/frame=0.0 (   0.0% skipped)

────────────────────────────────────────────────────────────────────────────────────────────
  highRiseDistrict 2x2
  nodes=536  bonds=1840->1839  setup=23ms  maxBodies=538  frames=420
  islands: total=8  meanSkipped/frame=0.0  settledNodeFrac=   0.0%
  impact-window mean frame: 4.78ms over 120 frames  (dominant: rapierStepMs)
  phase                        share     sum ms      mean       p95       max
  --------------------------------------------------------------------------
  rapierStepMs                 55.2%     286.03      2.38      3.02      3.34
  snapshotCaptureMs            16.3%      84.68      0.71      0.96      2.41
  contactDrainMs               14.0%      72.53      0.60      1.39      3.35
  contactInjectResolveMs        7.0%      36.20      0.30      0.43      1.91
  solverGravityInjectMs         3.9%      19.98      0.17      0.25      0.49
  contactInjectSplashMs         1.1%       5.78      0.05      0.07      0.10
  contactInjectSubmitMs         1.0%       5.42      0.05      0.07      0.13
  preStepSweepMs                0.8%       4.00      0.03      0.01      1.59
  solverSolveMs                 0.5%       2.47      0.02      0.03      0.10
  colliderRebuildMs             0.1%       0.33      0.00      0.01      0.01
  spawnMs                       0.1%       0.30      0.00      0.00      0.17
  projectileCleanupMs           0.1%       0.26      0.00      0.00      0.00
  resim time share:    0.0% (initialPass sum 430.3ms, resim sum 0.0ms)
  rapierStep context: awake bodies mean=513 (max 513)  colliders mean=538
  island solve: total=8  solved/frame=8.0  skipped/frame=0.0 (   0.0% skipped)

============================================================================================
  SUMMARY
  ------------------------------------------------------------------------------------------
  scenario                       nodes  bodies     mean      p95       max                 dominant
  manyIslands 6x6                 1944    1658    20.52    29.02     38.85             rapierStepMs
  highRiseDistrict 2x2             536     538     4.78     6.42      9.41             rapierStepMs
============================================================================================


 ❯ src/tests/rapier.city-stress.test.ts (17 tests | 5 failed) 20225ms
   ✓ scenario composer > concatenates nodes/bonds and remaps indices without cross-building bonds 58ms
   ✓ scenario composer > applies translation to centroids 10ms
   ✓ scenario composer > rotateY=90 swaps X/Z collider extents 1ms
   ✓ city builders > build deterministically for a given seed 41ms
   ✓ city builders > mulberry32 is reproducible 0ms
   ✓ city builders > preset manyIslands builds a valid, island-separated world 104ms
   ✓ city builders > preset denseMixed builds a valid, island-separated world 71ms
   ✓ city builders > preset highRiseDistrict builds a valid, island-separated world 121ms
   ✓ city builders > preset cascade builds a valid, island-separated world 28ms
   ✓ city builders > preset bridgeAndTowers builds a valid, island-separated world 23ms
   ✓ City destruction stress (requires WASM build) > runs manyIslands through the pipeline and profiles it  7259ms
   × City destruction stress (requires WASM build) > runs denseMixed through the pipeline and profiles it 30ms
     → Failed to create ExtStressSolver
   ✓ City destruction stress (requires WASM build) > runs highRiseDistrict through the pipeline and profiles it  2498ms
   × City destruction stress (requires WASM build) > runs cascade through the pipeline and profiles it 11ms
     → Failed to create ExtStressSolver
   × City destruction stress (requires WASM build) > runs bridgeAndTowers through the pipeline and profiles it 16ms
     → Failed to create ExtStressSolver
   × City destruction stress (requires WASM build) > island-aware skip-settled solve preserves destruction and cuts solve time on manyIslands 9925ms
     → expected 0 to be greater than 0
   × City destruction stress (requires WASM build) > sleep + afterGroundCollision damping settles rubble without floaty flight (cascade) 20ms
     → Failed to create ExtStressSolver
stdout | src/tests/rapier.perf.test.ts > Destruction performance benchmarks (requires WASM build) > B. Structure variety > long bridge 24-span

========================================================================
  SCENARIO: Long bridge 24-span
  Nodes: 692 | Bonds: 2138 -> 2137 | Setup: 24ms
  Max rigid bodies: 694 | Total frames: 360
========================================================================

  [Warmup (steady state)] 60 frames
  Phase                        Mean      P50      P95      P99      Max
  ---------------------------------------------------------------------
  totalMs                     13.97    12.15    22.89    46.38    46.38
  rapierStepMs                 8.52     7.65    13.82    25.64    25.64
  contactDrainMs               1.28     1.13     2.74     4.89     4.89
  solverUpdateMs               2.10     1.86     3.21    10.43    10.43
  fractureMs                   0.05     0.00     0.00     2.19     2.19
  fractureGenerateMs           0.01     0.00     0.00     0.44     0.44
  fractureApplyMs              0.01     0.00     0.00     0.52     0.52
  bodyCreateMs                 0.07     0.00     0.00     3.37     3.37
  colliderRebuildMs            0.15     0.00     0.01     7.68     7.68
  preStepSweepMs               0.01     0.01     0.02     0.02     0.02
  cleanupDisabledMs            0.00     0.00     0.00     0.00     0.00
  spawnMs                      0.00     0.00     0.00     0.00     0.00
  snapshotCaptureMs            0.86     0.81     1.67     1.91     1.91
  snapshotRestoreMs            0.10     0.00     0.00     4.46     4.46
  initialPassMs               11.23    10.39    15.87    20.84    20.84
  resimMs                      0.83     0.00     0.00    27.69    27.69

  [Impact (destruction)] 120 frames
  Phase                        Mean      P50      P95      P99      Max
  ---------------------------------------------------------------------
  totalMs                     11.88    11.81    13.58    14.91    18.96
  rapierStepMs                 6.56     6.47     7.95     8.92     9.12
  contactDrainMs               1.53     1.36     3.11     3.53     4.62
  solverUpdateMs               2.13     2.08     3.09     3.56     3.64
  fractureMs                   0.00     0.00     0.00     0.01     0.01
  bodyCreateMs                 0.00     0.00     0.00     0.00     0.01
  colliderRebuildMs            0.00     0.00     0.01     0.01     0.02
  preStepSweepMs               0.01     0.01     0.02     0.03     0.03
  cleanupDisabledMs            0.00     0.00     0.00     0.00     0.00
  spawnMs                      0.00     0.00     0.00     0.00     0.06
  snapshotCaptureMs            0.87     0.82     1.06     1.32     2.12
  initialPassMs               10.24    10.18    11.93    13.29    15.86

  [Post-impact (settling)] 180 frames
  Phase                        Mean      P50      P95      P99      Max
  ---------------------------------------------------------------------
  totalMs                     11.47    11.48    13.12    13.86    17.86
  rapierStepMs                 6.07     6.04     6.93     7.34     8.17
  contactDrainMs               1.77     1.41     3.07     3.30     4.46
  solverUpdateMs               2.11     2.11     2.48     3.00     3.57
  fractureMs                   0.00     0.00     0.00     0.00     0.00
  bodyCreateMs                 0.00     0.00     0.00     0.00     0.00
  colliderRebuildMs            0.00     0.00     0.01     0.01     0.01
  preStepSweepMs               0.01     0.01     0.02     0.03     0.04
  cleanupDisabledMs            0.00     0.00     0.00     0.00     0.00
  spawnMs                      0.00     0.00     0.00     0.00     0.00
  snapshotCaptureMs            0.86     0.83     1.01     1.91     2.36
  initialPassMs                9.97    10.01    11.48    11.99    14.80

  Resimulation: 2 frames had resim passes (mean 1.0, max 1)

  Body distribution (final frame): 692 bodies
    Chunks/body: min=1 max=1 avg=1.0 median=1 p95=1
    Peak: 692 bodies, largest group: 66 chunks

stdout | src/tests/rapier.perf.test.ts > Destruction performance benchmarks (requires WASM build) > C. Collision patterns (medium tower 6x12) > single center hit
[Core] Built chunk colliders { nodeCount: 468, bondCount: 2652, mappingSize: 468 }

stdout | src/tests/rapier.perf.test.ts > Destruction performance benchmarks (requires WASM build) > C. Collision patterns (medium tower 6x12) > single center hit

========================================================================
  SCENARIO: Collision: center hit
  Nodes: 468 | Bonds: 2652 -> 2651 | Setup: 28ms
  Max rigid bodies: 435 | Total frames: 360
========================================================================

  [Warmup (steady state)] 60 frames
  Phase                        Mean      P50      P95      P99      Max
  ---------------------------------------------------------------------
  totalMs                      6.30     5.07    13.79    38.44    38.44
  rapierStepMs                 3.23     2.46     8.81    14.42    14.42
  contactDrainMs               0.56     0.43     1.90     2.46     2.46
  solverUpdateMs               1.35     1.13     2.57     8.70     8.70
  fractureMs                   0.03     0.00     0.00     1.56     1.56
  fractureGenerateMs           0.01     0.00     0.00     0.52     0.52
  fractureApplyMs              0.01     0.00     0.00     0.47     0.47
  bodyCreateMs                 0.04     0.00     0.00     2.30     2.30
  colliderRebuildMs            0.08     0.00     0.00     4.60     4.60
  preStepSweepMs               0.01     0.01     0.01     0.01     0.01
  cleanupDisabledMs            0.00     0.00     0.00     0.01     0.01
  spawnMs                      0.00     0.00     0.00     0.00     0.00
  snapshotCaptureMs            0.53     0.50     0.74     1.53     1.53
  snapshotRestoreMs            0.06     0.00     0.00     3.87     3.87
  initialPassMs                4.79     4.15    11.49    15.66    15.66
  resimMs                      0.44     0.00     0.00    26.51    26.51

  [Impact (destruction)] 120 frames
  Phase                        Mean      P50      P95      P99      Max
  ---------------------------------------------------------------------
  totalMs                      4.13     4.00     6.51     6.71     7.51
  rapierStepMs                 1.90     1.86     3.14     3.55     3.56
  contactDrainMs               0.39     0.36     0.64     1.31     2.68
  solverUpdateMs               0.94     0.92     1.53     2.65     2.86
  fractureMs                   0.00     0.00     0.00     0.00     0.00
  bodyCreateMs                 0.00     0.00     0.00     0.00     0.00
  colliderRebuildMs            0.00     0.00     0.00     0.00     0.00
  preStepSweepMs               0.01     0.01     0.01     0.02     0.89
  cleanupDisabledMs            0.00     0.00     0.00     0.00     0.00
  spawnMs                      0.00     0.00     0.00     0.00     0.05
  snapshotCaptureMs            0.54     0.50     0.62     1.39     1.50
  initialPassMs                3.23     3.17     5.57     5.85     6.03

  [Post-impact (settling)] 180 frames
  Phase                        Mean      P50      P95      P99      Max
  ---------------------------------------------------------------------
  totalMs                      4.48     4.23     5.99     6.81     6.82
  rapierStepMs                 1.78     1.80     2.01     2.36     2.51
  contactDrainMs               0.56     0.49     0.87     2.39     2.65
  solverUpdateMs               1.15     1.11     1.61     2.74     2.77
  fractureMs                   0.00     0.00     0.00     0.00     0.00
  bodyCreateMs                 0.00     0.00     0.00     0.00     0.00
  colliderRebuildMs            0.00     0.00     0.00     0.00     0.00
  preStepSweepMs               0.01     0.01     0.01     0.02     0.02
  cleanupDisabledMs            0.00     0.00     0.00     0.00     0.00
  spawnMs                      0.00     0.00     0.00     0.00     0.00
  snapshotCaptureMs            0.59     0.51     0.70     2.27     2.51
  initialPassMs                3.50     3.39     4.83     5.47     5.57

  Resimulation: 1 frames had resim passes (mean 1.0, max 1)

  Body distribution (final frame): 433 bodies
    Chunks/body: min=1 max=36 avg=1.1 median=1 p95=1
    Peak: 433 bodies, largest group: 36 chunks

stdout | src/tests/rapier.perf.test.ts > Destruction performance benchmarks (requires WASM build) > C. Collision patterns (medium tower 6x12) > single base hit (topple)
[Core] Built chunk colliders { nodeCount: 468, bondCount: 2652, mappingSize: 468 }

stdout | src/tests/rapier.perf.test.ts > Destruction performance benchmarks (requires WASM build) > C. Collision patterns (medium tower 6x12) > single base hit (topple)

========================================================================
  SCENARIO: Collision: base hit
  Nodes: 468 | Bonds: 2652 -> 2651 | Setup: 23ms
  Max rigid bodies: 435 | Total frames: 420
========================================================================

  [Warmup (steady state)] 60 frames
  Phase                        Mean      P50      P95      P99      Max
  ---------------------------------------------------------------------
  totalMs                      6.85     5.01    16.04    54.78    54.78
  rapierStepMs                 3.25     2.29     9.45    14.10    14.10
  contactDrainMs               0.57     0.43     1.89     4.00     4.00
  solverUpdateMs               1.68     1.22     2.75    21.64    21.64
  fractureMs                   0.03     0.00     0.01     1.49     1.49
  fractureGenerateMs           0.01     0.00     0.00     0.43     0.43
  fractureApplyMs              0.01     0.00     0.00     0.44     0.44
  bodyCreateMs                 0.05     0.00     0.00     2.81     2.81
  colliderRebuildMs            0.10     0.00     0.00     5.71     5.71
  preStepSweepMs               0.02     0.01     0.06     0.10     0.10
  cleanupDisabledMs            0.00     0.00     0.00     0.00     0.00
  spawnMs                      0.00     0.00     0.00     0.00     0.00
  snapshotCaptureMs            0.57     0.53     0.77     1.81     1.81
  snapshotRestoreMs            0.05     0.00     0.00     3.19     3.19
  initialPassMs                4.92     4.02    10.27    18.60    18.60
  resimMs                      0.67     0.00     0.00    40.03    40.03

  [Impact (destruction)] 120 frames
  Phase                        Mean      P50      P95      P99      Max
  ---------------------------------------------------------------------
  totalMs                      3.92     3.80     5.39     5.96     6.50
  rapierStepMs                 1.74     1.67     2.59     2.74     2.74
  contactDrainMs               0.41     0.37     1.51     1.68     1.72
  solverUpdateMs               0.92     0.93     1.34     2.14     2.26
  fractureMs                   0.00     0.00     0.00     0.00     0.00
  bodyCreateMs                 0.00     0.00     0.00     0.00     0.00
  colliderRebuildMs            0.00     0.00     0.00     0.00     0.00
  preStepSweepMs               0.01     0.01     0.01     0.01     0.02
  cleanupDisabledMs            0.00     0.00     0.00     0.00     0.00
  spawnMs                      0.00     0.00     0.00     0.00     0.05
  snapshotCaptureMs            0.55     0.50     0.63     1.85     1.98
  initialPassMs                3.07     3.00     4.34     4.56     4.74

  [Post-impact (settling)] 240 frames
  Phase                        Mean      P50      P95      P99      Max
  ---------------------------------------------------------------------
  totalMs                      4.24     4.05     5.45     5.99     6.41
  rapierStepMs                 1.64     1.63     1.98     2.29     2.51
  contactDrainMs               0.54     0.48     0.75     1.93     2.24
  solverUpdateMs               1.17     1.15     1.27     2.57     2.85
  fractureMs                   0.00     0.00     0.00     0.00     0.00
  bodyCreateMs                 0.00     0.00     0.00     0.00     0.00
  colliderRebuildMs            0.00     0.00     0.00     0.00     0.00
  preStepSweepMs               0.01     0.00     0.01     0.02     0.02
  cleanupDisabledMs            0.00     0.00     0.00     0.00     0.00
  spawnMs                      0.00     0.00     0.00     0.00     0.01
  snapshotCaptureMs            0.55     0.50     0.77     1.82     2.21
  initialPassMs                3.35     3.24     4.48     4.90     5.35

  Resimulation: 1 frames had resim passes (mean 1.0, max 1)

  Body distribution (final frame): 433 bodies
    Chunks/body: min=1 max=36 avg=1.1 median=1 p95=1
    Peak: 433 bodies, largest group: 36 chunks

stdout | src/tests/rapier.perf.test.ts > Destruction performance benchmarks (requires WASM build) > C. Collision patterns (medium tower 6x12) > multi-simultaneous 4 projectiles
[Core] Built chunk colliders { nodeCount: 468, bondCount: 2652, mappingSize: 468 }

stdout | src/tests/rapier.perf.test.ts > Destruction performance benchmarks (requires WASM build) > C. Collision patterns (medium tower 6x12) > multi-simultaneous 4 projectiles

========================================================================
  SCENARIO: Collision: 4 simultaneous
  Nodes: 468 | Bonds: 2652 -> 2651 | Setup: 25ms
  Max rigid bodies: 438 | Total frames: 360
========================================================================

  [Warmup (steady state)] 60 frames
  Phase                        Mean      P50      P95      P99      Max
  ---------------------------------------------------------------------
  totalMs                      5.85     4.57    14.92    37.57    37.57
  rapierStepMs                 3.06     2.22     8.27    14.14    14.14
  contactDrainMs               0.52     0.41     1.22     2.69     2.69
  solverUpdateMs               1.24     1.02     3.60     8.56     8.56
  fractureMs                   0.02     0.00     0.00     1.37     1.37
  fractureGenerateMs           0.00     0.00     0.00     0.20     0.20
  fractureApplyMs              0.01     0.00     0.00     0.56     0.56
  bodyCreateMs                 0.04     0.00     0.00     2.09     2.09
  colliderRebuildMs            0.09     0.00     0.00     5.42     5.42
  preStepSweepMs               0.01     0.00     0.01     0.02     0.02
  cleanupDisabledMs            0.00     0.00     0.00     0.00     0.00
  snapshotCaptureMs            0.52     0.49     0.61     1.28     1.28
  snapshotRestoreMs            0.05     0.00     0.00     2.87     2.87
  initialPassMs                4.48     3.75    10.25    15.63    15.63
  resimMs                      0.41     0.00     0.00    24.79    24.79

  [Impact (destruction)] 120 frames
  Phase                        Mean      P50      P95      P99      Max
  ---------------------------------------------------------------------
  totalMs                      3.23     2.71     6.05     8.74    10.49
  rapierStepMs                 1.35     1.07     3.37     5.11     5.15
  contactDrainMs               0.32     0.22     1.11     2.32     2.37
  solverUpdateMs               0.60     0.50     1.26     1.71     2.01
  fractureMs                   0.00     0.00     0.00     0.01     0.01
  bodyCreateMs                 0.00     0.00     0.00     0.00     0.00
  colliderRebuildMs            0.00     0.00     0.00     0.00     0.00
  preStepSweepMs               0.00     0.00     0.01     0.01     0.01
  cleanupDisabledMs            0.00     0.00     0.00     0.00     0.00
  spawnMs                      0.00     0.00     0.00     0.00     0.16
  snapshotCaptureMs            0.61     0.51     0.97     2.64     2.79
  initialPassMs                2.28     1.78     5.15     7.91     9.45

  [Post-impact (settling)] 180 frames
  Phase                        Mean      P50      P95      P99      Max
  ---------------------------------------------------------------------
  totalMs                      3.59     3.39     5.47     6.30     6.85
  rapierStepMs                 1.32     1.32     1.70     2.02     2.04
  contactDrainMs               0.42     0.39     0.50     2.15     2.29
  solverUpdateMs               0.87     0.79     1.15     2.93     2.99
  fractureMs                   0.00     0.00     0.00     0.01     0.03
  bodyCreateMs                 0.00     0.00     0.00     0.00     0.00
  colliderRebuildMs            0.00     0.00     0.00     0.00     0.00
  preStepSweepMs               0.02     0.00     0.01     1.49     1.91
  cleanupDisabledMs            0.00     0.00     0.00     0.00     0.00
  spawnMs                      0.00     0.00     0.00     0.00     0.01
  snapshotCaptureMs            0.59     0.51     0.84     2.56     2.67
  initialPassMs                2.62     2.54     3.71     4.72     4.77

  Resimulation: 1 frames had resim passes (mean 1.0, max 1)

  Body distribution (final frame): 433 bodies
    Chunks/body: min=1 max=36 avg=1.1 median=1 p95=1
    Peak: 433 bodies, largest group: 36 chunks

stdout | src/tests/rapier.perf.test.ts > Destruction performance benchmarks (requires WASM build) > C. Collision patterns (medium tower 6x12) > progressive bombardment (10 projectiles)
[Core] Built chunk colliders { nodeCount: 468, bondCount: 2652, mappingSize: 468 }

stdout | src/tests/rapier.perf.test.ts > Destruction performance benchmarks (requires WASM build) > C. Collision patterns (medium tower 6x12) > progressive bombardment (10 projectiles)

========================================================================
  SCENARIO: Collision: progressive bombardment
  Nodes: 468 | Bonds: 2652 -> 2651 | Setup: 19ms
  Max rigid bodies: 444 | Total frames: 631
========================================================================

  [Warmup (steady state)] 60 frames
  Phase                        Mean      P50      P95      P99      Max
  ---------------------------------------------------------------------
  totalMs                      5.77     4.71    12.77    36.29    36.29
  rapierStepMs                 2.98     2.18     8.12    13.45    13.45
  contactDrainMs               0.52     0.42     1.30     2.44     2.44
  solverUpdateMs               1.23     1.04     2.54     7.86     7.86
  fractureMs                   0.02     0.00     0.00     1.13     1.13
  fractureGenerateMs           0.00     0.00     0.00     0.16     0.16
  fractureApplyMs              0.01     0.00     0.00     0.45     0.45
  bodyCreateMs                 0.03     0.00     0.00     1.63     1.63
  colliderRebuildMs            0.07     0.00     0.00     3.89     3.89
  preStepSweepMs               0.00     0.00     0.01     0.02     0.02
  cleanupDisabledMs            0.00     0.00     0.00     0.00     0.00
  spawnMs                      0.00     0.00     0.00     0.00     0.00
  snapshotCaptureMs            0.53     0.50     0.60     1.37     1.37
  snapshotRestoreMs            0.05     0.00     0.00     2.90     2.90
  initialPassMs                4.41     3.83     9.74    14.90    14.90
  resimMs                      0.40     0.00     0.00    23.80    23.80

  [Impact (destruction)] 331 frames
  Phase                        Mean      P50      P95      P99      Max
  ---------------------------------------------------------------------
  totalMs                      3.77     3.54     5.16     5.99     7.87
  rapierStepMs                 1.60     1.52     2.36     2.95     3.46
  contactDrainMs               0.43     0.40     0.60     1.30     2.75
  solverUpdateMs               0.87     0.85     1.25     1.72     2.11
  fractureMs                   0.00     0.00     0.00     0.00     0.01
  bodyCreateMs                 0.00     0.00     0.00     0.00     0.00
  colliderRebuildMs            0.00     0.00     0.00     0.00     0.01
  preStepSweepMs               0.01     0.00     0.01     0.02     1.02
  cleanupDisabledMs            0.00     0.00     0.00     0.00     0.00
  spawnMs                      0.00     0.00     0.00     0.04     0.05
  snapshotCaptureMs            0.55     0.50     0.73     1.40     1.46
  initialPassMs                2.90     2.73     4.03     4.93     5.93

  [Post-impact (settling)] 240 frames
  Phase                        Mean      P50      P95      P99      Max
  ---------------------------------------------------------------------
  totalMs                      2.24     2.73     4.33     5.12     6.80
  rapierStepMs                 0.61     0.95     1.18     1.43     1.49
  contactDrainMs               0.21     0.29     0.38     1.92     2.99
  solverUpdateMs               0.49     0.67     0.88     0.98     2.31
  fractureMs                   0.00     0.00     0.00     0.00     0.00
  bodyCreateMs                 0.00     0.00     0.00     0.00     0.00
  colliderRebuildMs            0.00     0.00     0.00     0.00     0.00
  preStepSweepMs               0.00     0.00     0.01     0.02     0.03
  cleanupDisabledMs            0.00     0.00     0.00     0.00     0.00
  spawnMs                      0.00     0.00     0.00     0.00     0.00
  snapshotCaptureMs            0.61     0.52     1.15     2.48     2.57
  initialPassMs                1.31     1.92     2.48     3.63     5.46

  Resimulation: 1 frames had resim passes (mean 1.0, max 1)

  Body distribution (final frame): 433 bodies
    Chunks/body: min=1 max=36 avg=1.1 median=1 p95=1
    Peak: 433 bodies, largest group: 36 chunks

stdout | src/tests/rapier.perf.test.ts > Destruction performance benchmarks (requires WASM build) > C. Collision patterns (medium tower 6x12) > catastrophic impact
[Core] Built chunk colliders { nodeCount: 468, bondCount: 2652, mappingSize: 468 }

stdout | src/tests/rapier.perf.test.ts > Destruction performance benchmarks (requires WASM build) > C. Collision patterns (medium tower 6x12) > catastrophic impact

========================================================================
  SCENARIO: Collision: catastrophic
  Nodes: 468 | Bonds: 2652 -> 2651 | Setup: 28ms
  Max rigid bodies: 435 | Total frames: 480
========================================================================

  [Warmup (steady state)] 60 frames
  Phase                        Mean      P50      P95      P99      Max
  ---------------------------------------------------------------------
  totalMs                      6.15     5.03    13.65    35.52    35.52
  rapierStepMs                 3.18     2.36     8.93    15.04    15.04
  contactDrainMs               0.55     0.43     1.44     3.81     3.81
  solverUpdateMs               1.35     1.20     2.56     7.87     7.87
  fractureMs                   0.02     0.00     0.00     1.10     1.10
  fractureGenerateMs           0.00     0.00     0.00     0.15     0.15
  fractureApplyMs              0.01     0.00     0.00     0.46     0.46
  bodyCreateMs                 0.03     0.00     0.00     1.53     1.53
  colliderRebuildMs            0.06     0.00     0.00     3.26     3.26
  preStepSweepMs               0.01     0.01     0.01     0.02     0.02
  cleanupDisabledMs            0.00     0.00     0.00     0.00     0.00
  spawnMs                      0.00     0.00     0.00     0.00     0.00
  snapshotCaptureMs            0.56     0.51     1.47     1.64     1.64
  snapshotRestoreMs            0.04     0.00     0.00     2.42     2.42
  initialPassMs                4.70     4.06    10.61    15.35    15.35
  resimMs                      0.44     0.00     0.00    26.23    26.23

  [Impact (destruction)] 120 frames
  Phase                        Mean      P50      P95      P99      Max
  ---------------------------------------------------------------------
  totalMs                      3.42     3.28     6.52     7.61     7.90
  rapierStepMs                 1.47     1.41     3.20     4.07     4.19
  contactDrainMs               0.32     0.25     0.77     1.95     2.10
  solverUpdateMs               0.70     0.62     1.60     2.23     2.39
  fractureMs                   0.00     0.00     0.00     0.00     0.00
  bodyCreateMs                 0.00     0.00     0.00     0.00     0.00
  colliderRebuildMs            0.00     0.00     0.00     0.00     0.00
  preStepSweepMs               0.00     0.00     0.01     0.02     0.02
  cleanupDisabledMs            0.00     0.00     0.00     0.00     0.00
  spawnMs                      0.00     0.00     0.00     0.00     0.16
  snapshotCaptureMs            0.56     0.50     0.66     2.14     2.66
  initialPassMs                2.50     2.36     5.39     6.63     7.03

  [Post-impact (settling)] 300 frames
  Phase                        Mean      P50      P95      P99      Max
  ---------------------------------------------------------------------
  totalMs                      3.65     3.55     5.07     5.69     6.00
  rapierStepMs                 1.27     1.22     1.69     1.80     2.49
  contactDrainMs               0.50     0.44     0.61     2.14     2.69
  solverUpdateMs               0.97     0.94     1.07     2.49     2.66
  fractureMs                   0.00     0.00     0.00     0.00     0.01
  bodyCreateMs                 0.00     0.00     0.00     0.00     0.01
  colliderRebuildMs            0.00     0.00     0.00     0.00     0.01
  preStepSweepMs               0.01     0.00     0.01     0.01     1.50
  cleanupDisabledMs            0.00     0.00     0.00     0.00     0.00
  spawnMs                      0.00     0.00     0.00     0.00     0.00
  snapshotCaptureMs            0.55     0.50     0.69     2.15     2.42
  initialPassMs                2.75     2.67     3.87     4.58     4.90

  Resimulation: 1 frames had resim passes (mean 1.0, max 1)

  Body distribution (final frame): 433 bodies
    Chunks/body: min=1 max=36 avg=1.1 median=1 p95=1
    Peak: 433 bodies, largest group: 36 chunks

stdout | src/tests/rapier.perf.test.ts > Destruction performance benchmarks (requires WASM build) > D. Damage system overhead > with damage enabled
[Core] Built chunk colliders { nodeCount: 468, bondCount: 2652, mappingSize: 468 }

stdout | src/tests/rapier.perf.test.ts > Destruction performance benchmarks (requires WASM build) > D. Damage system overhead > with damage enabled

========================================================================
  SCENARIO: Damage: enabled
  Nodes: 468 | Bonds: 2652 -> 2549 | Setup: 20ms
  Max rigid bodies: 435 | Total frames: 360
========================================================================

  [Warmup (steady state)] 60 frames
  Phase                        Mean      P50      P95      P99      Max
  ---------------------------------------------------------------------
  totalMs                     10.84     7.94    35.66    77.84    77.84
  rapierStepMs                 3.36     2.53     8.90    14.59    14.59
  contactDrainMs               3.66     2.74     9.44    27.50    27.50
  solverUpdateMs               2.17     1.29    14.39    22.53    22.53
  fractureMs                   0.02     0.00     0.00     1.13     1.13
  fractureGenerateMs           0.00     0.00     0.00     0.16     0.16
  fractureApplyMs              0.01     0.00     0.00     0.45     0.45
  bodyCreateMs                 0.03     0.00     0.00     1.96     1.96
  colliderRebuildMs            0.07     0.00     0.01     3.88     3.88
  damageTickMs                 0.00     0.00     0.03     0.04     0.04
  preStepSweepMs               0.01     0.01     0.01     0.02     0.02
  cleanupDisabledMs            0.00     0.00     0.00     0.01     0.01
  spawnMs                      0.00     0.00     0.00     0.01     0.01
  snapshotCaptureMs            0.60     0.53     1.17     2.61     2.61
  snapshotRestoreMs            0.08     0.00     0.00     4.77     4.77
  initialPassMs                8.54     6.99    18.27    45.83    45.83
  resimMs                      1.11     0.00     0.00    66.34    66.34

  [Impact (destruction)] 120 frames
  Phase                        Mean      P50      P95      P99      Max
  ---------------------------------------------------------------------
  totalMs                      6.66     5.68    11.34    18.82    22.54
  rapierStepMs                 1.95     1.71     3.73     4.80     5.00
  contactDrainMs               2.47     2.04     4.99     8.16     8.16
  solverUpdateMs               1.07     0.87     1.77     3.42     7.20
  fractureMs                   0.00     0.00     0.00     0.00     0.00
  bodyCreateMs                 0.00     0.00     0.00     0.00     0.00
  colliderRebuildMs            0.00     0.00     0.00     0.01     0.01
  damageTickMs                 0.00     0.00     0.00     0.02     0.02
  damageRestoreMs              0.00     0.00     0.02     0.04     0.11
  preStepSweepMs               0.03     0.00     0.01     1.24     1.52
  cleanupDisabledMs            0.00     0.00     0.00     0.01     0.03
  spawnMs                      0.00     0.00     0.00     0.01     0.04
  snapshotCaptureMs            0.60     0.51     1.95     2.32     2.45
  snapshotRestoreMs            0.02     0.00     0.32     0.36     0.38
  initialPassMs                5.23     4.67     9.67    10.85    13.12
  resimMs                      0.42     0.00     5.13     7.76     8.11

  [Post-impact (settling)] 180 frames
  Phase                        Mean      P50      P95      P99      Max
  ---------------------------------------------------------------------
  totalMs                      7.20     6.84     8.87    10.05    10.68
  rapierStepMs                 1.78     1.77     2.15     2.35     2.36
  contactDrainMs               3.04     2.72     4.64     5.65     5.66
  solverUpdateMs               1.21     1.16     1.44     2.77     2.93
  fractureMs                   0.00     0.00     0.00     0.00     0.01
  bodyCreateMs                 0.00     0.00     0.00     0.00     0.00
  colliderRebuildMs            0.00     0.00     0.00     0.00     0.00
  damageTickMs                 0.00     0.00     0.00     0.00     0.00
  preStepSweepMs               0.01     0.01     0.01     0.01     0.01
  cleanupDisabledMs            0.00     0.00     0.00     0.00     0.00
  spawnMs                      0.00     0.00     0.00     0.00     0.00
  snapshotCaptureMs            0.61     0.53     0.84     2.28     2.34
  initialPassMs                6.24     5.93     7.83     8.83     9.40

  Resimulation: 10 frames had resim passes (mean 1.0, max 1)

  Body distribution (final frame): 424 bodies
    Chunks/body: min=1 max=36 avg=1.1 median=1 p95=1
    Peak: 433 bodies, largest group: 36 chunks

stdout | src/tests/rapier.perf.test.ts > Destruction performance benchmarks (requires WASM build) > D. Damage system overhead > without damage (stress-only destruction)
[Core] Built chunk colliders { nodeCount: 468, bondCount: 2652, mappingSize: 468 }

stdout | src/tests/rapier.perf.test.ts > Destruction performance benchmarks (requires WASM build) > D. Damage system overhead > without damage (stress-only destruction)

========================================================================
  SCENARIO: Damage: disabled
  Nodes: 468 | Bonds: 2652 -> 2651 | Setup: 26ms
  Max rigid bodies: 435 | Total frames: 360
========================================================================

  [Warmup (steady state)] 60 frames
  Phase                        Mean      P50      P95      P99      Max
  ---------------------------------------------------------------------
  totalMs                      6.92     5.16    17.48    58.60    58.60
  rapierStepMs                 3.21     2.34     8.63    15.60    15.60
  contactDrainMs               0.59     0.42     2.36     2.72     2.72
  solverUpdateMs               1.82     1.22     6.43    24.91    24.91
  fractureMs                   0.04     0.00     0.00     2.09     2.09
  fractureGenerateMs           0.00     0.00     0.00     0.21     0.21
  fractureApplyMs              0.02     0.00     0.00     0.92     0.92
  bodyCreateMs                 0.04     0.00     0.00     2.44     2.44
  colliderRebuildMs            0.13     0.00     0.00     7.66     7.66
  preStepSweepMs               0.01     0.01     0.01     0.01     0.01
  cleanupDisabledMs            0.00     0.00     0.00     0.01     0.01
  spawnMs                      0.00     0.00     0.00     0.00     0.00
  snapshotCaptureMs            0.59     0.51     0.90     2.48     2.48
  snapshotRestoreMs            0.04     0.00     0.00     2.66     2.66
  initialPassMs                5.01     4.22    10.27    20.37    20.37
  resimMs                      0.70     0.00     0.00    41.96    41.96

  [Impact (destruction)] 120 frames
  Phase                        Mean      P50      P95      P99      Max
  ---------------------------------------------------------------------
  totalMs                      4.28     4.05     6.34     7.39     8.95
  rapierStepMs                 1.88     1.82     3.10     3.64     4.13
  contactDrainMs               0.44     0.37     0.67     2.16     2.25
  solverUpdateMs               1.02     0.97     1.63     2.92     3.75
  fractureMs                   0.00     0.00     0.00     0.00     0.00
  bodyCreateMs                 0.00     0.00     0.00     0.00     0.00
  colliderRebuildMs            0.00     0.00     0.00     0.00     0.00
  preStepSweepMs               0.01     0.01     0.01     0.01     0.03
  cleanupDisabledMs            0.00     0.00     0.00     0.00     0.00
  spawnMs                      0.00     0.00     0.00     0.00     0.04
  snapshotCaptureMs            0.57     0.52     0.67     2.19     2.27
  initialPassMs                3.34     3.19     5.14     6.43     7.98

  [Post-impact (settling)] 180 frames
  Phase                        Mean      P50      P95      P99      Max
  ---------------------------------------------------------------------
  totalMs                      4.46     4.30     5.94     6.45     6.52
  rapierStepMs                 1.75     1.77     1.94     1.99     2.13
  contactDrainMs               0.52     0.47     0.67     2.20     2.47
  solverUpdateMs               1.21     1.19     1.31     2.70     2.74
  fractureMs                   0.00     0.00     0.00     0.00     0.00
  bodyCreateMs                 0.00     0.00     0.00     0.00     0.00
  colliderRebuildMs            0.00     0.00     0.00     0.00     0.00
  preStepSweepMs               0.01     0.01     0.01     0.01     0.02
  cleanupDisabledMs            0.00     0.00     0.00     0.00     0.00
  spawnMs                      0.00     0.00     0.00     0.00     0.00
  snapshotCaptureMs            0.64     0.52     2.02     2.27     2.34
  initialPassMs                3.50     3.45     4.39     5.09     5.11

  Resimulation: 1 frames had resim passes (mean 1.0, max 1)

  Body distribution (final frame): 433 bodies
    Chunks/body: min=1 max=36 avg=1.1 median=1 p95=1
    Peak: 433 bodies, largest group: 36 chunks

stdout | src/tests/rapier.perf.test.ts > Destruction performance benchmarks (requires WASM build) > E. Configuration variants > debris collision: all
[Core] Built chunk colliders { nodeCount: 468, bondCount: 2652, mappingSize: 468 }

stdout | src/tests/rapier.perf.test.ts > Destruction performance benchmarks (requires WASM build) > E. Configuration variants > debris collision: all

========================================================================
  SCENARIO: Config: debrisCollision=all
  Nodes: 468 | Bonds: 2652 -> 2651 | Setup: 21ms
  Max rigid bodies: 435 | Total frames: 360
========================================================================

  [Warmup (steady state)] 60 frames
  Phase                        Mean      P50      P95      P99      Max
  ---------------------------------------------------------------------
  totalMs                      6.24     4.87    14.56    39.11    39.11
  rapierStepMs                 3.04     2.20     8.15    15.09    15.09
  contactDrainMs               0.59     0.44     2.28     2.39     2.39
  solverUpdateMs               1.43     1.22     4.01     9.00     9.00
  fractureMs                   0.03     0.00     0.00     1.67     1.67
  fractureGenerateMs           0.00     0.00     0.00     0.18     0.18
  fractureApplyMs              0.01     0.00     0.00     0.63     0.63
  bodyCreateMs                 0.03     0.00     0.00     1.91     1.91
  colliderRebuildMs            0.10     0.00     0.00     5.76     5.76
  preStepSweepMs               0.01     0.01     0.01     0.02     0.02
  cleanupDisabledMs            0.00     0.00     0.00     0.01     0.01
  spawnMs                      0.00     0.00     0.00     0.00     0.00
  snapshotCaptureMs            0.60     0.55     0.99     1.68     1.68
  snapshotRestoreMs            0.05     0.00     0.00     2.88     2.88
  initialPassMs                4.71     3.99     9.97    14.96    14.96
  resimMs                      0.44     0.00     0.00    26.42    26.42

  [Impact (destruction)] 120 frames
  Phase                        Mean      P50      P95      P99      Max
  ---------------------------------------------------------------------
  totalMs                      4.33     4.06     6.38     7.07     8.90
  rapierStepMs                 1.90     1.83     3.15     3.69     3.74
  contactDrainMs               0.45     0.36     1.88     2.10     2.36
  solverUpdateMs               1.01     0.97     1.70     1.95     2.54
  fractureMs                   0.00     0.00     0.00     0.00     0.00
  bodyCreateMs                 0.00     0.00     0.00     0.00     0.01
  colliderRebuildMs            0.00     0.00     0.00     0.01     0.01
  preStepSweepMs               0.02     0.00     0.01     0.02     2.06
  cleanupDisabledMs            0.00     0.00     0.00     0.00     0.00
  spawnMs                      0.00     0.00     0.00     0.00     0.04
  snapshotCaptureMs            0.61     0.52     0.86     2.31     2.44
  initialPassMs                3.37     3.21     5.42     6.22     7.93

  [Post-impact (settling)] 180 frames
  Phase                        Mean      P50      P95      P99      Max
  ---------------------------------------------------------------------
  totalMs                      4.48     4.27     5.95     7.12     7.19
  rapierStepMs                 1.75     1.76     1.98     2.21     2.42
  contactDrainMs               0.57     0.48     0.98     2.64     2.72
  solverUpdateMs               1.21     1.19     1.46     2.73     2.98
  fractureMs                   0.00     0.00     0.00     0.00     0.00
  bodyCreateMs                 0.00     0.00     0.00     0.00     0.00
  colliderRebuildMs            0.00     0.00     0.00     0.00     0.01
  preStepSweepMs               0.01     0.00     0.01     0.02     1.64
  cleanupDisabledMs            0.00     0.00     0.00     0.00     0.00
  spawnMs                      0.00     0.00     0.00     0.00     0.01
  snapshotCaptureMs            0.61     0.51     2.02     2.35     2.75
  initialPassMs                3.54     3.45     4.79     5.46     6.06

  Resimulation: 1 frames had resim passes (mean 1.0, max 1)

  Body distribution (final frame): 433 bodies
    Chunks/body: min=1 max=36 avg=1.1 median=1 p95=1
    Peak: 433 bodies, largest group: 36 chunks

stdout | src/tests/rapier.perf.test.ts > Destruction performance benchmarks (requires WASM build) > E. Configuration variants > debris collision: noDebrisPairs
[Core] Built chunk colliders { nodeCount: 468, bondCount: 2652, mappingSize: 468 }

stdout | src/tests/rapier.perf.test.ts > Destruction performance benchmarks (requires WASM build) > E. Configuration variants > debris collision: noDebrisPairs

========================================================================
  SCENARIO: Config: debrisCollision=noDebrisPairs
  Nodes: 468 | Bonds: 2652 -> 2651 | Setup: 26ms
  Max rigid bodies: 435 | Total frames: 360
========================================================================

  [Warmup (steady state)] 60 frames
  Phase                        Mean      P50      P95      P99      Max
  ---------------------------------------------------------------------
  totalMs                      2.31     1.84     3.87    17.10    17.10
  rapierStepMs                 0.82     0.65     2.31     2.58     2.58
  contactDrainMs               0.13     0.08     0.26     1.19     1.19
  solverUpdateMs               0.34     0.28     0.53     2.61     2.61
  fractureMs                   0.02     0.00     0.00     1.24     1.24
  fractureGenerateMs           0.00     0.00     0.00     0.16     0.16
  fractureApplyMs              0.01     0.00     0.00     0.45     0.45
  bodyCreateMs                 0.04     0.00     0.00     2.37     2.37
  colliderRebuildMs            0.09     0.00     0.00     5.38     5.38
  preStepSweepMs               0.00     0.00     0.01     0.01     0.01
  cleanupDisabledMs            0.00     0.00     0.00     0.00     0.00
  spawnMs                      0.00     0.00     0.00     0.00     0.00
  snapshotCaptureMs            0.54     0.49     1.32     1.56     1.56
  snapshotRestoreMs            0.04     0.00     0.00     2.43     2.43
  initialPassMs                1.28     1.03     3.10     4.21     4.21
  resimMs                      0.08     0.00     0.00     4.72     4.72

  [Impact (destruction)] 120 frames
  Phase                        Mean      P50      P95      P99      Max
  ---------------------------------------------------------------------
  totalMs                      2.91     3.04     3.98     4.14     5.20
  rapierStepMs                 1.26     1.38     1.49     2.02     2.13
  contactDrainMs               0.27     0.29     0.37     1.26     1.27
  solverUpdateMs               0.54     0.58     0.66     0.90     1.54
  fractureMs                   0.00     0.00     0.00     0.00     0.00
  bodyCreateMs                 0.00     0.00     0.00     0.00     0.00
  colliderRebuildMs            0.00     0.00     0.00     0.00     0.00
  preStepSweepMs               0.00     0.00     0.01     0.02     0.02
  cleanupDisabledMs            0.00     0.00     0.00     0.00     0.00
  spawnMs                      0.00     0.00     0.00     0.00     0.04
  snapshotCaptureMs            0.55     0.50     1.39     1.50     1.60
  initialPassMs                2.07     2.27     2.45     3.31     3.36

  [Post-impact (settling)] 180 frames
  Phase                        Mean      P50      P95      P99      Max
  ---------------------------------------------------------------------
  totalMs                      1.16     1.11     1.43     2.08     2.09
  rapierStepMs                 0.37     0.36     0.39     0.47     0.49
  contactDrainMs               0.00     0.00     0.00     0.03     0.03
  solverUpdateMs               0.01     0.00     0.01     0.17     0.17
  colliderRebuildMs            0.00     0.00     0.00     0.00     0.03
  preStepSweepMs               0.00     0.00     0.01     0.01     0.02
  cleanupDisabledMs            0.00     0.00     0.00     0.00     0.00
  spawnMs                      0.00     0.00     0.00     0.00     0.00
  snapshotCaptureMs            0.51     0.48     0.54     1.43     1.44
  initialPassMs                0.38     0.37     0.40     0.67     0.69

  Resimulation: 1 frames had resim passes (mean 1.0, max 1)

  Body distribution (final frame): 433 bodies
    Chunks/body: min=1 max=36 avg=1.1 median=1 p95=1
    Peak: 433 bodies, largest group: 36 chunks

stdout | src/tests/rapier.perf.test.ts > Destruction performance benchmarks (requires WASM build) > E. Configuration variants > debris collision: debrisNone
[Core] Built chunk colliders { nodeCount: 468, bondCount: 2652, mappingSize: 468 }

stdout | src/tests/rapier.perf.test.ts > Destruction performance benchmarks (requires WASM build) > E. Configuration variants > debris collision: debrisNone

========================================================================
  SCENARIO: Config: debrisCollision=debrisNone
  Nodes: 468 | Bonds: 2652 -> 2651 | Setup: 14ms
  Max rigid bodies: 435 | Total frames: 360
========================================================================

  [Warmup (steady state)] 60 frames
  Phase                        Mean      P50      P95      P99      Max
  ---------------------------------------------------------------------
  totalMs                      1.75     1.42     3.64    14.61    14.61
  rapierStepMs                 0.45     0.42     0.51     2.23     2.23
  contactDrainMs               0.00     0.00     0.00     0.01     0.01
  solverUpdateMs               0.05     0.00     0.21     2.61     2.61
  fractureMs                   0.02     0.00     0.00     0.97     0.97
  fractureGenerateMs           0.00     0.00     0.00     0.16     0.16
  fractureApplyMs              0.00     0.00     0.00     0.26     0.26
  bodyCreateMs                 0.03     0.00     0.00     1.97     1.97
  colliderRebuildMs            0.07     0.00     0.00     3.85     3.85
  preStepSweepMs               0.00     0.00     0.01     0.02     0.02
  cleanupDisabledMs            0.00     0.00     0.00     0.01     0.01
  spawnMs                      0.00     0.00     0.00     0.00     0.00
  snapshotCaptureMs            0.58     0.50     1.19     2.86     2.86
  snapshotRestoreMs            0.04     0.00     0.00     2.43     2.43
  initialPassMs                0.50     0.43     0.52     3.99     3.99
  resimMs                      0.07     0.00     0.00     4.28     4.28

  [Impact (destruction)] 120 frames
  Phase                        Mean      P50      P95      P99      Max
  ---------------------------------------------------------------------
  totalMs                      1.29     1.16     3.15     3.36     3.47
  rapierStepMs                 0.37     0.36     0.43     0.47     0.50
  contactDrainMs               0.00     0.00     0.01     0.01     0.02
  solverUpdateMs               0.00     0.00     0.01     0.01     0.01
  colliderRebuildMs            0.00     0.00     0.00     0.00     0.00
  preStepSweepMs               0.00     0.00     0.01     0.01     0.02
  cleanupDisabledMs            0.00     0.00     0.00     0.00     0.00
  spawnMs                      0.00     0.00     0.00     0.00     0.08
  snapshotCaptureMs            0.59     0.50     0.71     2.54     2.76
  initialPassMs                0.38     0.37     0.44     0.48     0.51

  [Post-impact (settling)] 180 frames
  Phase                        Mean      P50      P95      P99      Max
  ---------------------------------------------------------------------
  totalMs                      1.25     1.14     2.92     3.26     3.30
  rapierStepMs                 0.35     0.35     0.38     0.44     0.50
  contactDrainMs               0.00     0.00     0.00     0.01     0.01
  solverUpdateMs               0.00     0.00     0.01     0.01     0.01
  bodyCreateMs                 0.00     0.00     0.00     0.00     0.00
  colliderRebuildMs            0.00     0.00     0.00     0.00     0.01
  preStepSweepMs               0.00     0.00     0.01     0.01     0.01
  cleanupDisabledMs            0.00     0.00     0.00     0.00     0.00
  spawnMs                      0.00     0.00     0.00     0.00     0.00
  snapshotCaptureMs            0.58     0.49     0.64     2.55     2.60
  initialPassMs                0.36     0.36     0.40     0.45     0.51

  Resimulation: 1 frames had resim passes (mean 1.0, max 1)

  Body distribution (final frame): 433 bodies
    Chunks/body: min=1 max=36 avg=1.1 median=1 p95=1
    Peak: 433 bodies, largest group: 36 chunks

stdout | src/tests/rapier.perf.test.ts > Destruction performance benchmarks (requires WASM build) > E. Configuration variants > resimulation off
[Core] Built chunk colliders { nodeCount: 468, bondCount: 2652, mappingSize: 468 }

stdout | src/tests/rapier.perf.test.ts > Destruction performance benchmarks (requires WASM build) > E. Configuration variants > resimulation off

========================================================================
  SCENARIO: Config: resimulate=off
  Nodes: 468 | Bonds: 2652 -> 2651 | Setup: 25ms
  Max rigid bodies: 435 | Total frames: 360
========================================================================

  [Warmup (steady state)] 60 frames
  Phase                        Mean      P50      P95      P99      Max
  ---------------------------------------------------------------------
  totalMs                      5.91     4.53    16.09    40.81    40.81
  rapierStepMs                 3.08     2.37     9.01    13.94    13.94
  contactDrainMs               0.55     0.42     1.63     4.14     4.14
  solverUpdateMs               1.77     1.23     5.45    22.27    22.27
  fractureMs                   0.02     0.00     0.00     1.13     1.13
  fractureGenerateMs           0.00     0.00     0.00     0.16     0.16
  fractureApplyMs              0.01     0.00     0.00     0.46     0.46
  bodyCreateMs                 0.06     0.00     0.00     3.50     3.50
  colliderRebuildMs            0.06     0.00     0.00     3.43     3.43
  preStepSweepMs               0.01     0.00     0.01     0.03     0.03
  cleanupDisabledMs            0.00     0.00     0.00     0.01     0.01
  spawnMs                      0.00     0.00     0.00     0.00     0.00
  initialPassMs                5.42     4.18    15.69    40.37    40.37
  resimMs                      0.01     0.00     0.00     0.54     0.54

  [Impact (destruction)] 120 frames
  Phase                        Mean      P50      P95      P99      Max
  ---------------------------------------------------------------------
  totalMs                      3.68     3.56     5.48     6.27     7.86
  rapierStepMs                 1.90     1.89     2.83     3.52     3.67
  contactDrainMs               0.43     0.36     0.91     2.02     2.57
  solverUpdateMs               0.99     0.95     1.64     1.82     2.10
  fractureMs                   0.00     0.00     0.00     0.00     0.01
  bodyCreateMs                 0.00     0.00     0.00     0.00     0.00
  colliderRebuildMs            0.00     0.00     0.00     0.00     0.00
  preStepSweepMs               0.02     0.00     0.01     0.02     1.54
  cleanupDisabledMs            0.00     0.00     0.00     0.00     0.00
  spawnMs                      0.00     0.00     0.00     0.00     0.04
  initialPassMs                3.33     3.26     4.94     5.99     6.03

  [Post-impact (settling)] 180 frames
  Phase                        Mean      P50      P95      P99      Max
  ---------------------------------------------------------------------
  totalMs                      4.15     4.00     5.70     6.21     6.39
  rapierStepMs                 1.84     1.85     2.02     2.20     2.22
  contactDrainMs               0.60     0.52     2.05     2.55     2.68
  solverUpdateMs               1.35     1.30     1.54     3.34     3.44
  fractureMs                   0.00     0.00     0.00     0.00     0.00
  bodyCreateMs                 0.00     0.00     0.00     0.00     0.00
  colliderRebuildMs            0.00     0.00     0.00     0.00     0.00
  preStepSweepMs               0.00     0.00     0.01     0.02     0.02
  cleanupDisabledMs            0.00     0.00     0.00     0.00     0.00
  spawnMs                      0.00     0.00     0.00     0.00     0.00
  initialPassMs                3.80     3.68     5.22     5.84     5.85

  Resimulation: 1 frames had resim passes (mean 1.0, max 1)

  Body distribution (final frame): 433 bodies
    Chunks/body: min=1 max=36 avg=1.1 median=1 p95=1
    Peak: 433 bodies, largest group: 36 chunks

stdout | src/tests/rapier.perf.test.ts > Destruction performance benchmarks (requires WASM build) > E. Configuration variants > resimulation on, maxPasses=3
[Core] Built chunk colliders { nodeCount: 468, bondCount: 2652, mappingSize: 468 }

stdout | src/tests/rapier.perf.test.ts > Destruction performance benchmarks (requires WASM build) > E. Configuration variants > resimulation on, maxPasses=3

========================================================================
  SCENARIO: Config: resimulate=on, maxPasses=3
  Nodes: 468 | Bonds: 2652 -> 2651 | Setup: 26ms
  Max rigid bodies: 435 | Total frames: 360
========================================================================

  [Warmup (steady state)] 60 frames
  Phase                        Mean      P50      P95      P99      Max
  ---------------------------------------------------------------------
  totalMs                      6.13     4.83    15.17    40.75    40.75
  rapierStepMs                 3.06     2.24     8.53    16.09    16.09
  contactDrainMs               0.54     0.42     1.71     2.51     2.51
  solverUpdateMs               1.36     1.15     2.85     8.26     8.26
  fractureMs                   0.02     0.00     0.00     1.27     1.27
  fractureGenerateMs           0.00     0.00     0.00     0.16     0.16
  fractureApplyMs              0.01     0.00     0.00     0.53     0.53
  bodyCreateMs                 0.03     0.00     0.00     2.02     2.02
  colliderRebuildMs            0.08     0.00     0.00     4.86     4.86
  preStepSweepMs               0.01     0.00     0.01     0.02     0.02
  cleanupDisabledMs            0.00     0.00     0.00     0.00     0.00
  spawnMs                      0.00     0.00     0.00     0.00     0.00
  snapshotCaptureMs            0.55     0.49     0.84     1.48     1.48
  snapshotRestoreMs            0.06     0.00     0.00     3.64     3.64
  initialPassMs                4.59     3.83    10.02    15.37    15.37
  resimMs                      0.48     0.00     0.00    28.73    28.73

  [Impact (destruction)] 120 frames
  Phase                        Mean      P50      P95      P99      Max
  ---------------------------------------------------------------------
  totalMs                      4.08     3.88     6.03     7.67     7.94
  rapierStepMs                 1.87     1.79     3.08     3.51     3.79
  contactDrainMs               0.37     0.34     0.64     1.19     1.30
  solverUpdateMs               0.95     0.90     1.56     1.75     2.00
  fractureMs                   0.00     0.00     0.00     0.00     0.00
  bodyCreateMs                 0.00     0.00     0.00     0.00     0.00
  colliderRebuildMs            0.00     0.00     0.00     0.00     0.00
  preStepSweepMs               0.00     0.00     0.01     0.01     0.02
  cleanupDisabledMs            0.00     0.00     0.00     0.00     0.01
  spawnMs                      0.00     0.00     0.00     0.00     0.04
  snapshotCaptureMs            0.58     0.49     1.35     2.13     2.86
  initialPassMs                3.19     3.09     5.06     5.72     6.18

  [Post-impact (settling)] 180 frames
  Phase                        Mean      P50      P95      P99      Max
  ---------------------------------------------------------------------
  totalMs                      4.49     4.35     5.98     6.33     6.40
  rapierStepMs                 1.75     1.78     1.96     2.09     2.12
  contactDrainMs               0.57     0.48     2.01     2.45     2.46
  solverUpdateMs               1.23     1.20     1.37     2.77     2.86
  fractureMs                   0.00     0.00     0.00     0.00     0.00
  bodyCreateMs                 0.00     0.00     0.00     0.00     0.00
  colliderRebuildMs            0.00     0.00     0.00     0.00     0.00
  preStepSweepMs               0.01     0.00     0.01     0.02     0.02
  cleanupDisabledMs            0.00     0.00     0.00     0.00     0.00
  spawnMs                      0.00     0.00     0.00     0.00     0.00
  snapshotCaptureMs            0.58     0.54     0.66     2.18     2.20
  initialPassMs                3.56     3.47     5.05     5.47     5.52

  Resimulation: 1 frames had resim passes (mean 1.0, max 1)

  Body distribution (final frame): 433 bodies
    Chunks/body: min=1 max=36 avg=1.1 median=1 p95=1
    Peak: 433 bodies, largest group: 36 chunks

stdout | src/tests/rapier.perf.test.ts > Destruction performance benchmarks (requires WASM build) > F. Fracture policy tuning (medium tower 6x12) > unlimited (baseline)
[Core] Built chunk colliders { nodeCount: 468, bondCount: 2652, mappingSize: 468 }

stdout | src/tests/rapier.perf.test.ts > Destruction performance benchmarks (requires WASM build) > F. Fracture policy tuning (medium tower 6x12) > unlimited (baseline)

========================================================================
  SCENARIO: Policy: unlimited (baseline)
  Nodes: 468 | Bonds: 2652 -> 2651 | Setup: 19ms
  Max rigid bodies: 435 | Total frames: 360
========================================================================

  [Warmup (steady state)] 60 frames
  Phase                        Mean      P50      P95      P99      Max
  ---------------------------------------------------------------------
  totalMs                      6.20     4.97    13.71    36.52    36.52
  rapierStepMs                 3.13     2.43     8.80    14.29    14.29
  contactDrainMs               0.52     0.41     1.37     2.34     2.34
  solverUpdateMs               1.43     1.21     2.81     8.44     8.44
  fractureMs                   0.02     0.00     0.00     1.10     1.10
  fractureGenerateMs           0.00     0.00     0.00     0.20     0.20
  fractureApplyMs              0.01     0.00     0.00     0.44     0.44
  bodyCreateMs                 0.06     0.00     0.00     3.77     3.77
  colliderRebuildMs            0.06     0.00     0.00     3.54     3.54
  preStepSweepMs               0.01     0.01     0.01     0.01     0.01
  cleanupDisabledMs            0.00     0.00     0.00     0.00     0.00
  spawnMs                      0.00     0.00     0.00     0.00     0.00
  snapshotCaptureMs            0.57     0.50     0.75     2.66     2.66
  snapshotRestoreMs            0.04     0.00     0.00     2.57     2.57
  initialPassMs                4.74     4.16    10.10    17.50    17.50
  resimMs                      0.41     0.00     0.00    24.79    24.79

  [Impact (destruction)] 120 frames
  Phase                        Mean      P50      P95      P99      Max
  ---------------------------------------------------------------------
  totalMs                      4.42     4.28     7.03     7.72     8.13
  rapierStepMs                 1.96     1.85     3.52     3.78     3.81
  contactDrainMs               0.40     0.38     0.70     1.36     1.38
  solverUpdateMs               1.03     0.99     1.76     2.17     2.78
  fractureMs                   0.00     0.00     0.00     0.00     0.01
  bodyCreateMs                 0.00     0.00     0.00     0.00     0.00
  colliderRebuildMs            0.01     0.00     0.00     0.00     0.61
  preStepSweepMs               0.01     0.01     0.01     0.01     0.02
  cleanupDisabledMs            0.00     0.00     0.00     0.00     0.00
  spawnMs                      0.00     0.00     0.00     0.00     0.04
  snapshotCaptureMs            0.62     0.53     1.29     2.31     2.33
  initialPassMs                3.39     3.26     5.77     6.35     6.89

  [Post-impact (settling)] 180 frames
  Phase                        Mean      P50      P95      P99      Max
  ---------------------------------------------------------------------
  totalMs                      4.42     4.21     5.95     6.43     6.85
  rapierStepMs                 1.74     1.77     1.91     2.36     2.39
  contactDrainMs               0.53     0.47     0.67     2.15     2.33
  solverUpdateMs               1.25     1.15     2.54     3.09     3.13
  fractureMs                   0.00     0.00     0.00     0.00     0.01
  bodyCreateMs                 0.00     0.00     0.00     0.00     0.01
  colliderRebuildMs            0.00     0.00     0.00     0.00     0.02
  preStepSweepMs               0.01     0.01     0.01     0.01     0.01
  cleanupDisabledMs            0.00     0.00     0.00     0.00     0.00
  snapshotCaptureMs            0.56     0.51     0.63     2.21     2.43
  initialPassMs                3.52     3.40     4.97     5.33     5.37

  Resimulation: 1 frames had resim passes (mean 1.0, max 1)

  Body distribution (final frame): 433 bodies
    Chunks/body: min=1 max=36 avg=1.1 median=1 p95=1
    Peak: 433 bodies, largest group: 36 chunks

stdout | src/tests/rapier.perf.test.ts > Destruction performance benchmarks (requires WASM build) > F. Fracture policy tuning (medium tower 6x12) > maxFracturesPerFrame: 8 (progressive fracture)
[Core] Built chunk colliders { nodeCount: 468, bondCount: 2652, mappingSize: 468 }

stdout | src/tests/rapier.perf.test.ts > Destruction performance benchmarks (requires WASM build) > F. Fracture policy tuning (medium tower 6x12) > maxFracturesPerFrame: 8 (progressive fracture)

========================================================================
  SCENARIO: Policy: maxFractures=8
  Nodes: 468 | Bonds: 2652 -> 2651 | Setup: 24ms
  Max rigid bodies: 435 | Total frames: 480
========================================================================

  [Warmup (steady state)] 60 frames
  Phase                        Mean      P50      P95      P99      Max
  ---------------------------------------------------------------------
  totalMs                      1.83     1.79     1.98     3.62     3.62
  rapierStepMs                 0.12     0.11     0.14     0.85     0.85
  contactDrainMs               0.00     0.00     0.00     0.00     0.00
  solverUpdateMs               1.41     1.41     1.54     2.04     2.04
  fractureMs                   0.27     0.24     0.49     1.03     1.03
  fractureGenerateMs           0.12     0.10     0.14     0.89     0.89
  fractureApplyMs              0.01     0.01     0.02     0.09     0.09
  colliderRebuildMs            0.00     0.00     0.00     0.00     0.00
  preStepSweepMs               0.00     0.00     0.00     0.01     0.01
  cleanupDisabledMs            0.00     0.00     0.00     0.00     0.00
  snapshotCaptureMs            0.01     0.00     0.01     0.01     0.01
  initialPassMs                1.81     1.77     1.95     3.55     3.55

  [Impact (destruction)] 120 frames
  Phase                        Mean      P50      P95      P99      Max
  ---------------------------------------------------------------------
  totalMs                      2.98     1.51     8.39     9.61     9.63
  rapierStepMs                 0.71     0.11     2.92     3.08     4.39
  contactDrainMs               0.11     0.00     0.55     0.58     0.61
  solverUpdateMs               1.76     1.18     3.91     5.36     6.52
  fractureMs                   0.26     0.18     0.60     0.88     1.76
  fractureGenerateMs           0.11     0.09     0.16     0.19     0.78
  fractureApplyMs              0.03     0.01     0.08     0.09     0.12
  bodyCreateMs                 0.01     0.00     0.04     0.05     0.05
  colliderRebuildMs            0.02     0.00     0.07     0.09     0.10
  preStepSweepMs               0.00     0.00     0.00     0.00     0.00
  cleanupDisabledMs            0.00     0.00     0.00     0.00     0.00
  spawnMs                      0.00     0.00     0.00     0.00     0.04
  snapshotCaptureMs            0.04     0.01     0.16     0.30     0.90
  snapshotRestoreMs            0.02     0.00     0.08     0.10     0.10
  initialPassMs                1.93     1.48     3.82     4.07     5.46
  resimMs                      0.93     0.00     3.89     4.92     5.08

  [Post-impact (settling)] 300 frames
  Phase                        Mean      P50      P95      P99      Max
  ---------------------------------------------------------------------
  totalMs                      5.96     4.63    13.48    15.48    17.31
  rapierStepMs                 2.48     2.00     5.66     7.14     7.76
  contactDrainMs               0.60     0.46     1.29     2.37     2.73
  solverUpdateMs               1.72     1.20     4.28     5.21     6.44
  fractureMs                   0.07     0.00     0.41     0.48     0.61
  fractureGenerateMs           0.02     0.00     0.11     0.14     0.14
  fractureApplyMs              0.01     0.00     0.09     0.12     0.18
  bodyCreateMs                 0.02     0.00     0.07     0.23     2.09
  colliderRebuildMs            0.02     0.00     0.11     0.16     0.49
  preStepSweepMs               0.01     0.00     0.01     0.01     0.03
  cleanupDisabledMs            0.00     0.00     0.00     0.00     0.00
  spawnMs                      0.00     0.00     0.00     0.00     0.01
  snapshotCaptureMs            0.61     0.53     1.11     2.28     5.11
  snapshotRestoreMs            0.04     0.00     0.27     0.39     0.71
  initialPassMs                3.98     3.69     6.07     7.21     9.50
  resimMs                      0.92     0.00     5.89     6.79     7.26

  Resimulation: 87 frames had resim passes (mean 1.0, max 1)

  Body distribution (final frame): 433 bodies
    Chunks/body: min=1 max=36 avg=1.1 median=1 p95=1
    Peak: 433 bodies, largest group: 468 chunks

stdout | src/tests/rapier.perf.test.ts > Destruction performance benchmarks (requires WASM build) > F. Fracture policy tuning (medium tower 6x12) > maxFracturesPerFrame: 4 (slow propagation)
[Core] Built chunk colliders { nodeCount: 468, bondCount: 2652, mappingSize: 468 }

stdout | src/tests/rapier.perf.test.ts > Destruction performance benchmarks (requires WASM build) > F. Fracture policy tuning (medium tower 6x12) > maxFracturesPerFrame: 4 (slow propagation)

========================================================================
  SCENARIO: Policy: maxFractures=4
  Nodes: 468 | Bonds: 2652 -> 2651 | Setup: 23ms
  Max rigid bodies: 378 | Total frames: 480
========================================================================

  [Warmup (steady state)] 60 frames
  Phase                        Mean      P50      P95      P99      Max
  ---------------------------------------------------------------------
  totalMs                      1.77     1.90     3.10     4.05     4.05
  rapierStepMs                 0.13     0.11     0.15     0.84     0.84
  contactDrainMs               0.00     0.00     0.00     0.00     0.00
  solverUpdateMs               1.32     1.49     1.64     2.09     2.09
  fractureMs                   0.29     0.26     0.55     2.34     2.34
  fractureGenerateMs           0.12     0.10     0.17     1.35     1.35
  fractureApplyMs              0.01     0.01     0.03     0.03     0.03
  bodyCreateMs                 0.00     0.00     0.00     0.01     0.01
  colliderRebuildMs            0.00     0.00     0.00     0.00     0.00
  preStepSweepMs               0.00     0.00     0.00     0.03     0.03
  cleanupDisabledMs            0.00     0.00     0.00     0.00     0.00
  snapshotCaptureMs            0.00     0.00     0.00     0.00     0.00
  initialPassMs                1.74     1.87     3.07     3.96     3.96

  [Impact (destruction)] 120 frames
  Phase                        Mean      P50      P95      P99      Max
  ---------------------------------------------------------------------
  totalMs                      1.63     1.69     1.88     2.30     2.64
  rapierStepMs                 0.11     0.11     0.12     0.13     0.13
  contactDrainMs               0.00     0.00     0.01     0.02     0.05
  solverUpdateMs               1.27     1.33     1.42     1.49     1.57
  fractureMs                   0.23     0.22     0.26     0.94     1.13
  fractureGenerateMs           0.11     0.10     0.11     0.83     1.00
  fractureApplyMs              0.01     0.01     0.01     0.10     0.18
  bodyCreateMs                 0.00     0.00     0.00     0.00     0.00
  colliderRebuildMs            0.00     0.00     0.00     0.00     0.00
  preStepSweepMs               0.00     0.00     0.00     0.00     0.00
  cleanupDisabledMs            0.00     0.00     0.00     0.00     0.00
  spawnMs                      0.00     0.00     0.00     0.00     0.04
  snapshotCaptureMs            0.00     0.00     0.01     0.01     0.01
  initialPassMs                1.61     1.67     1.85     2.28     2.61

  [Post-impact (settling)] 300 frames
  Phase                        Mean      P50      P95      P99      Max
  ---------------------------------------------------------------------
  totalMs                      4.53     5.31     9.15     9.98    10.47
  rapierStepMs                 1.51     1.64     3.88     4.12     4.20
  contactDrainMs               0.34     0.29     0.93     1.86     1.96
  solverUpdateMs               2.03     2.42     3.19     4.01     5.38
  fractureMs                   0.24     0.19     0.44     0.91     1.43
  fractureGenerateMs           0.10     0.08     0.15     0.24     0.83
  fractureApplyMs              0.03     0.04     0.05     0.06     0.07
  bodyCreateMs                 0.01     0.02     0.04     0.05     0.07
  colliderRebuildMs            0.03     0.03     0.07     0.10     0.44
  preStepSweepMs               0.00     0.00     0.01     0.01     0.03
  cleanupDisabledMs            0.00     0.00     0.00     0.00     0.00
  spawnMs                      0.01     0.00     0.00     0.00     1.92
  snapshotCaptureMs            0.14     0.07     0.41     1.24     1.38
  snapshotRestoreMs            0.06     0.03     0.20     0.24     0.26
  initialPassMs                2.43     2.64     4.10     5.15     5.24
  resimMs                      1.76     2.49     4.18     4.62     4.81

  Resimulation: 158 frames had resim passes (mean 1.0, max 1)

  Body distribution (final frame): 376 bodies
    Chunks/body: min=1 max=58 avg=1.2 median=1 p95=1
    Peak: 376 bodies, largest group: 468 chunks

stdout | src/tests/rapier.perf.test.ts > Destruction performance benchmarks (requires WASM build) > F. Fracture policy tuning (medium tower 6x12) > maxNewBodiesPerFrame: 8
[Core] Built chunk colliders { nodeCount: 468, bondCount: 2652, mappingSize: 468 }

stdout | src/tests/rapier.perf.test.ts > Destruction performance benchmarks (requires WASM build) > F. Fracture policy tuning (medium tower 6x12) > maxNewBodiesPerFrame: 8

========================================================================
  SCENARIO: Policy: maxBodies=8
  Nodes: 468 | Bonds: 2652 -> 2651 | Setup: 15ms
  Max rigid bodies: 435 | Total frames: 480
========================================================================

  [Warmup (steady state)] 60 frames
  Phase                        Mean      P50      P95      P99      Max
  ---------------------------------------------------------------------
  totalMs                      4.46     4.72     6.16     7.57     7.57
  rapierStepMs                 2.12     2.28     2.78     3.17     3.17
  contactDrainMs               0.37     0.37     0.55     1.67     1.67
  solverUpdateMs               1.29     1.21     2.70     2.99     2.99
  fractureMs                   0.01     0.00     0.00     0.61     0.61
  fractureGenerateMs           0.00     0.00     0.00     0.15     0.15
  fractureApplyMs              0.00     0.00     0.00     0.20     0.20
  bodyCreateMs                 0.05     0.04     0.08     0.36     0.36
  colliderRebuildMs            0.08     0.08     0.11     0.19     0.19
  preStepSweepMs               0.00     0.00     0.01     0.01     0.01
  cleanupDisabledMs            0.00     0.00     0.00     0.00     0.00
  spawnMs                      0.00     0.00     0.00     0.00     0.00
  snapshotCaptureMs            0.34     0.30     0.58     2.09     2.09
  snapshotRestoreMs            0.00     0.00     0.00     0.06     0.06
  initialPassMs                3.78     4.01     5.12     5.91     5.91
  resimMs                      0.03     0.00     0.00     1.66     1.66

  [Impact (destruction)] 120 frames
  Phase                        Mean      P50      P95      P99      Max
  ---------------------------------------------------------------------
  totalMs                      3.97     3.81     6.42     7.72     8.26
  rapierStepMs                 1.76     1.75     2.74     3.44     4.47
  contactDrainMs               0.34     0.33     0.55     0.72     1.21
  solverUpdateMs               0.95     0.89     1.66     2.09     2.42
  fractureMs                   0.00     0.00     0.00     0.00     0.00
  bodyCreateMs                 0.00     0.00     0.00     0.00     0.00
  colliderRebuildMs            0.00     0.00     0.00     0.00     0.00
  preStepSweepMs               0.01     0.00     0.01     0.02     0.94
  cleanupDisabledMs            0.00     0.00     0.00     0.00     0.00
  spawnMs                      0.00     0.00     0.00     0.00     0.04
  snapshotCaptureMs            0.60     0.51     1.44     1.61     3.90
  initialPassMs                3.05     3.01     5.18     5.96     7.25

  [Post-impact (settling)] 300 frames
  Phase                        Mean      P50      P95      P99      Max
  ---------------------------------------------------------------------
  totalMs                      3.94     4.19     6.11     6.78     7.27
  rapierStepMs                 1.43     1.63     1.84     1.91     1.94
  contactDrainMs               0.48     0.47     0.64     2.46     3.40
  solverUpdateMs               1.05     1.16     1.30     2.86     3.00
  fractureMs                   0.00     0.00     0.00     0.00     0.00
  bodyCreateMs                 0.00     0.00     0.00     0.00     0.00
  colliderRebuildMs            0.00     0.00     0.00     0.00     0.00
  preStepSweepMs               0.01     0.01     0.01     0.02     0.02
  cleanupDisabledMs            0.00     0.00     0.00     0.00     0.00
  spawnMs                      0.00     0.00     0.00     0.00     0.00
  snapshotCaptureMs            0.63     0.54     0.71     2.60     2.73
  initialPassMs                2.96     3.29     3.95     5.28     6.25

  Resimulation: 1 frames had resim passes (mean 1.0, max 1)

  Body distribution (final frame): 433 bodies
    Chunks/body: min=1 max=36 avg=1.1 median=1 p95=1
    Peak: 433 bodies, largest group: 452 chunks

stdout | src/tests/rapier.perf.test.ts > Destruction performance benchmarks (requires WASM build) > F. Fracture policy tuning (medium tower 6x12) > maxDynamicBodies: 20 (body cap)
[Core] Built chunk colliders { nodeCount: 468, bondCount: 2652, mappingSize: 468 }

stdout | src/tests/rapier.perf.test.ts > Destruction performance benchmarks (requires WASM build) > F. Fracture policy tuning (medium tower 6x12) > maxDynamicBodies: 20 (body cap)

========================================================================
  SCENARIO: Policy: maxDynBodies=20
  Nodes: 468 | Bonds: 2652 -> 2651 | Setup: 31ms
  Max rigid bodies: 23 | Total frames: 360
========================================================================

  [Warmup (steady state)] 60 frames
  Phase                        Mean      P50      P95      P99      Max
  ---------------------------------------------------------------------
  totalMs                      1.41     1.00     3.23    11.78    11.78
  rapierStepMs                 0.44     0.38     0.66     2.02     2.02
  contactDrainMs               0.13     0.11     0.23     1.15     1.15
  solverUpdateMs               0.71     0.41     2.18     7.31     7.31
  fractureMs                   0.02     0.00     0.00     1.26     1.26
  fractureGenerateMs           0.00     0.00     0.00     0.15     0.15
  fractureApplyMs              0.01     0.00     0.00     0.46     0.46
  bodyCreateMs                 0.01     0.01     0.03     0.18     0.18
  colliderRebuildMs            0.01     0.00     0.00     0.26     0.26
  preStepSweepMs               0.00     0.00     0.01     0.01     0.01
  cleanupDisabledMs            0.00     0.00     0.00     0.00     0.00
  snapshotCaptureMs            0.03     0.03     0.04     0.05     0.05
  snapshotRestoreMs            0.00     0.00     0.00     0.16     0.16
  initialPassMs                1.19     0.92     3.09     4.53     4.53
  resimMs                      0.11     0.00     0.00     6.89     6.89

  [Impact (destruction)] 120 frames
  Phase                        Mean      P50      P95      P99      Max
  ---------------------------------------------------------------------
  totalMs                      0.58     0.82     0.93     1.01     2.05
  rapierStepMs                 0.24     0.32     0.39     0.41     0.41
  contactDrainMs               0.04     0.06     0.07     0.09     0.12
  solverUpdateMs               0.23     0.36     0.41     0.43     1.62
  fractureMs                   0.00     0.00     0.00     0.00     0.00
  bodyCreateMs                 0.01     0.01     0.01     0.01     0.01
  colliderRebuildMs            0.00     0.00     0.00     0.00     0.00
  preStepSweepMs               0.00     0.00     0.00     0.03     0.04
  spawnMs                      0.00     0.00     0.00     0.00     0.04
  snapshotCaptureMs            0.03     0.03     0.03     0.04     0.04
  initialPassMs                0.51     0.75     0.86     0.93     1.97

  [Post-impact (settling)] 180 frames
  Phase                        Mean      P50      P95      P99      Max
  ---------------------------------------------------------------------
  totalMs                      0.17     0.16     0.18     0.25     1.69
  rapierStepMs                 0.10     0.10     0.11     0.15     0.16
  contactDrainMs               0.00     0.00     0.00     0.00     0.01
  solverUpdateMs               0.00     0.00     0.00     0.00     0.00
  bodyCreateMs                 0.00     0.00     0.01     0.01     0.05
  colliderRebuildMs            0.00     0.00     0.00     0.00     0.00
  preStepSweepMs               0.00     0.00     0.00     0.00     0.00
  snapshotCaptureMs            0.03     0.03     0.03     0.04     1.51
  initialPassMs                0.11     0.11     0.12     0.15     0.17

  Resimulation: 1 frames had resim passes (mean 1.0, max 1)

  Body distribution (final frame): 21 bodies
    Chunks/body: min=1 max=448 avg=22.3 median=1 p95=1
    Peak: 21 bodies, largest group: 448 chunks

stdout | src/tests/rapier.perf.test.ts > Destruction performance benchmarks (requires WASM build) > F. Fracture policy tuning (medium tower 6x12) > combined: maxFractures=8, maxBodies=10, maxMigrations=32
[Core] Built chunk colliders { nodeCount: 468, bondCount: 2652, mappingSize: 468 }

stdout | src/tests/rapier.perf.test.ts > Destruction performance benchmarks (requires WASM build) > F. Fracture policy tuning (medium tower 6x12) > combined: maxFractures=8, maxBodies=10, maxMigrations=32

========================================================================
  SCENARIO: Policy: combined budget
  Nodes: 468 | Bonds: 2652 -> 2651 | Setup: 15ms
  Max rigid bodies: 435 | Total frames: 540
========================================================================

  [Warmup (steady state)] 60 frames
  Phase                        Mean      P50      P95      P99      Max
  ---------------------------------------------------------------------
  totalMs                      1.87     1.83     2.39     3.79     3.79
  rapierStepMs                 0.13     0.11     0.15     1.03     1.03
  contactDrainMs               0.00     0.00     0.00     0.01     0.01
  solverUpdateMs               1.44     1.40     1.86     2.10     2.10
  fractureMs                   0.29     0.25     0.35     2.20     2.20
  fractureGenerateMs           0.14     0.10     0.16     1.99     1.99
  fractureApplyMs              0.01     0.01     0.02     0.03     0.03
  colliderRebuildMs            0.00     0.00     0.00     0.00     0.00
  preStepSweepMs               0.00     0.00     0.00     0.01     0.01
  cleanupDisabledMs            0.00     0.00     0.00     0.00     0.00
  snapshotCaptureMs            0.00     0.00     0.00     0.00     0.00
  initialPassMs                1.86     1.81     2.35     3.75     3.75

  [Impact (destruction)] 120 frames
  Phase                        Mean      P50      P95      P99      Max
  ---------------------------------------------------------------------
  totalMs                      2.87     1.52     8.24     9.32     9.72
  rapierStepMs                 0.69     0.11     2.97     3.13     3.18
  contactDrainMs               0.12     0.00     0.62     0.67     1.77
  solverUpdateMs               1.66     1.19     3.52     3.91     4.88
  fractureMs                   0.25     0.19     0.52     0.99     1.36
  fractureGenerateMs           0.12     0.09     0.16     0.95     1.24
  fractureApplyMs              0.02     0.01     0.04     0.10     0.22
  bodyCreateMs                 0.01     0.00     0.04     0.05     0.05
  colliderRebuildMs            0.02     0.00     0.09     0.11     0.11
  preStepSweepMs               0.00     0.00     0.00     0.01     0.01
  cleanupDisabledMs            0.00     0.00     0.00     0.00     0.00
  spawnMs                      0.00     0.00     0.00     0.00     0.06
  snapshotCaptureMs            0.03     0.00     0.15     0.18     0.18
  snapshotRestoreMs            0.02     0.00     0.11     0.12     0.13
  initialPassMs                1.87     1.50     3.78     3.92     4.06
  resimMs                      0.86     0.00     3.81     4.82     5.37

  [Post-impact (settling)] 360 frames
  Phase                        Mean      P50      P95      P99      Max
  ---------------------------------------------------------------------
  totalMs                      5.65     4.93    10.86    12.23    14.55
  rapierStepMs                 2.32     1.99     4.59     4.97     5.80
  contactDrainMs               0.63     0.50     1.40     2.29     2.48
  solverUpdateMs               1.69     1.37     3.76     4.28     6.07
  fractureMs                   0.05     0.00     0.29     0.33     1.43
  fractureGenerateMs           0.01     0.00     0.10     0.11     0.12
  fractureApplyMs              0.01     0.00     0.05     0.06     1.21
  bodyCreateMs                 0.01     0.00     0.04     0.06     0.08
  colliderRebuildMs            0.02     0.00     0.08     0.16     0.69
  preStepSweepMs               0.01     0.01     0.01     0.02     0.93
  cleanupDisabledMs            0.00     0.00     0.00     0.00     0.01
  spawnMs                      0.00     0.00     0.00     0.00     0.00
  snapshotCaptureMs            0.55     0.51     0.72     1.77     4.00
  snapshotRestoreMs            0.03     0.00     0.22     0.27     0.29
  initialPassMs                4.00     3.96     5.26     6.01     8.98
  resimMs                      0.71     0.00     4.98     5.53     6.29

  Resimulation: 87 frames had resim passes (mean 1.0, max 1)

  Body distribution (final frame): 433 bodies
    Chunks/body: min=1 max=36 avg=1.1 median=1 p95=1
    Peak: 433 bodies, largest group: 468 chunks

stdout | src/tests/rapier.perf.test.ts > Destruction performance benchmarks (requires WASM build) > G. Solver iteration tuning (medium tower 6x12) > 24 iterations (default)
[Core] Built chunk colliders { nodeCount: 468, bondCount: 2652, mappingSize: 468 }

stdout | src/tests/rapier.perf.test.ts > Destruction performance benchmarks (requires WASM build) > G. Solver iteration tuning (medium tower 6x12) > 24 iterations (default)

========================================================================
  SCENARIO: Solver: 24 iterations
  Nodes: 468 | Bonds: 2652 -> 2651 | Setup: 21ms
  Max rigid bodies: 435 | Total frames: 360
========================================================================

  [Warmup (steady state)] 60 frames
  Phase                        Mean      P50      P95      P99      Max
  ---------------------------------------------------------------------
  totalMs                      5.93     4.63    13.23    38.09    38.09
  rapierStepMs                 2.97     2.20     8.04    13.69    13.69
  contactDrainMs               0.56     0.43     1.52     2.83     2.83
  solverUpdateMs               1.36     1.12     3.73     9.19     9.19
  fractureMs                   0.02     0.00     0.00     0.92     0.92
  fractureGenerateMs           0.00     0.00     0.00     0.18     0.18
  fractureApplyMs              0.01     0.00     0.00     0.46     0.46
  bodyCreateMs                 0.04     0.00     0.00     2.20     2.20
  colliderRebuildMs            0.07     0.00     0.00     4.18     4.18
  preStepSweepMs               0.00     0.00     0.01     0.01     0.01
  cleanupDisabledMs            0.00     0.00     0.00     0.00     0.00
  spawnMs                      0.00     0.00     0.00     0.00     0.00
  snapshotCaptureMs            0.54     0.49     0.66     1.60     1.60
  snapshotRestoreMs            0.08     0.00     0.00     4.62     4.62
  initialPassMs                4.54     3.85    11.35    15.24    15.24
  resimMs                      0.44     0.00     0.00    26.63    26.63

  [Impact (destruction)] 120 frames
  Phase                        Mean      P50      P95      P99      Max
  ---------------------------------------------------------------------
  totalMs                      3.97     3.81     6.19     7.08     7.53
  rapierStepMs                 1.82     1.76     3.10     3.50     4.02
  contactDrainMs               0.39     0.35     0.69     1.50     1.66
  solverUpdateMs               0.92     0.88     1.58     1.85     2.78
  fractureMs                   0.00     0.00     0.00     0.00     0.00
  bodyCreateMs                 0.00     0.00     0.00     0.00     0.00
  colliderRebuildMs            0.00     0.00     0.00     0.00     0.00
  preStepSweepMs               0.00     0.00     0.01     0.01     0.01
  cleanupDisabledMs            0.00     0.00     0.00     0.00     0.00
  spawnMs                      0.00     0.00     0.00     0.00     0.03
  snapshotCaptureMs            0.51     0.49     0.57     1.59     1.59
  initialPassMs                3.14     3.03     5.30     6.23     6.57

  [Post-impact (settling)] 180 frames
  Phase                        Mean      P50      P95      P99      Max
  ---------------------------------------------------------------------
  totalMs                      4.24     4.10     5.32     5.97     6.98
  rapierStepMs                 1.70     1.73     1.87     1.94     2.08
  contactDrainMs               0.55     0.49     0.98     2.27     2.68
  solverUpdateMs               1.11     1.09     1.22     2.46     2.52
  fractureMs                   0.00     0.00     0.00     0.00     0.00
  bodyCreateMs                 0.00     0.00     0.00     0.00     0.00
  colliderRebuildMs            0.00     0.00     0.00     0.00     0.00
  preStepSweepMs               0.00     0.00     0.01     0.01     0.01
  cleanupDisabledMs            0.00     0.00     0.00     0.00     0.01
  snapshotCaptureMs            0.56     0.49     0.94     2.30     2.54
  initialPassMs                3.36     3.29     4.25     4.83     5.74

  Resimulation: 1 frames had resim passes (mean 1.0, max 1)

  Body distribution (final frame): 433 bodies
    Chunks/body: min=1 max=36 avg=1.1 median=1 p95=1
    Peak: 433 bodies, largest group: 36 chunks

stdout | src/tests/rapier.perf.test.ts > Destruction performance benchmarks (requires WASM build) > G. Solver iteration tuning (medium tower 6x12) > 12 iterations (halved)
[Core] Built chunk colliders { nodeCount: 468, bondCount: 2652, mappingSize: 468 }

stdout | src/tests/rapier.perf.test.ts > Destruction performance benchmarks (requires WASM build) > G. Solver iteration tuning (medium tower 6x12) > 12 iterations (halved)

========================================================================
  SCENARIO: Solver: 12 iterations
  Nodes: 468 | Bonds: 2652 -> 2651 | Setup: 25ms
  Max rigid bodies: 435 | Total frames: 360
========================================================================

  [Warmup (steady state)] 60 frames
  Phase                        Mean      P50      P95      P99      Max
  ---------------------------------------------------------------------
  totalMs                      5.86     4.64    13.33    34.20    34.20
  rapierStepMs                 2.98     2.20     8.45    13.60    13.60
  contactDrainMs               0.57     0.43     1.47     3.22     3.22
  solverUpdateMs               1.31     1.13     2.78     8.44     8.44
  fractureMs                   0.02     0.00     0.00     0.85     0.85
  fractureGenerateMs           0.00     0.00     0.00     0.19     0.19
  fractureApplyMs              0.01     0.00     0.00     0.39     0.39
  bodyCreateMs                 0.03     0.00     0.00     1.95     1.95
  colliderRebuildMs            0.06     0.00     0.00     3.80     3.80
  preStepSweepMs               0.00     0.00     0.01     0.01     0.01
  cleanupDisabledMs            0.00     0.00     0.00     0.00     0.00
  snapshotCaptureMs            0.55     0.50     0.63     2.67     2.67
  snapshotRestoreMs            0.04     0.00     0.00     2.63     2.63
  initialPassMs                4.52     3.82     9.81    16.57    16.57
  resimMs                      0.40     0.00     0.00    24.21    24.21

  [Impact (destruction)] 120 frames
  Phase                        Mean      P50      P95      P99      Max
  ---------------------------------------------------------------------
  totalMs                      3.93     3.82     5.84     7.07     7.12
  rapierStepMs                 1.81     1.77     3.00     3.54     3.85
  contactDrainMs               0.36     0.35     0.57     1.20     1.24
  solverUpdateMs               0.92     0.89     1.59     1.79     2.09
  fractureMs                   0.00     0.00     0.00     0.00     0.01
  bodyCreateMs                 0.00     0.00     0.00     0.00     0.00
  colliderRebuildMs            0.00     0.00     0.00     0.00     0.00
  preStepSweepMs               0.00     0.00     0.01     0.01     0.02
  cleanupDisabledMs            0.00     0.00     0.00     0.00     0.00
  spawnMs                      0.00     0.00     0.00     0.00     0.04
  snapshotCaptureMs            0.51     0.49     0.58     1.34     1.40
  initialPassMs                3.09     3.04     5.07     5.82     6.25

  [Post-impact (settling)] 180 frames
  Phase                        Mean      P50      P95      P99      Max
  ---------------------------------------------------------------------
  totalMs                      4.21     4.11     5.17     5.48     6.53
  rapierStepMs                 1.72     1.74     1.91     2.27     2.43
  contactDrainMs               0.53     0.48     1.30     1.51     1.59
  solverUpdateMs               1.13     1.09     1.43     1.95     2.10
  fractureMs                   0.00     0.00     0.00     0.00     0.01
  bodyCreateMs                 0.00     0.00     0.00     0.00     0.00
  colliderRebuildMs            0.00     0.00     0.00     0.00     0.00
  preStepSweepMs               0.00     0.00     0.01     0.01     0.01
  cleanupDisabledMs            0.00     0.00     0.00     0.00     0.00
  snapshotCaptureMs            0.52     0.49     0.62     1.46     1.80
  initialPassMs                3.38     3.34     4.25     4.52     4.53

  Resimulation: 1 frames had resim passes (mean 1.0, max 1)

  Body distribution (final frame): 433 bodies
    Chunks/body: min=1 max=36 avg=1.1 median=1 p95=1
    Peak: 433 bodies, largest group: 36 chunks

stdout | src/tests/rapier.perf.test.ts > Destruction performance benchmarks (requires WASM build) > G. Solver iteration tuning (medium tower 6x12) > 8 iterations (aggressive)
[Core] Built chunk colliders { nodeCount: 468, bondCount: 2652, mappingSize: 468 }

stdout | src/tests/rapier.perf.test.ts > Destruction performance benchmarks (requires WASM build) > G. Solver iteration tuning (medium tower 6x12) > 8 iterations (aggressive)

========================================================================
  SCENARIO: Solver: 8 iterations
  Nodes: 468 | Bonds: 2652 -> 2651 | Setup: 14ms
  Max rigid bodies: 435 | Total frames: 360
========================================================================

  [Warmup (steady state)] 60 frames
  Phase                        Mean      P50      P95      P99      Max
  ---------------------------------------------------------------------
  totalMs                      6.38     4.83    14.42    46.63    46.63
  rapierStepMs                 3.08     2.21     8.89    14.61    14.61
  contactDrainMs               0.63     0.42     2.11     4.12     4.12
  solverUpdateMs               1.42     1.17     3.00     8.63     8.63
  fractureMs                   0.01     0.00     0.00     0.60     0.60
  fractureGenerateMs           0.00     0.00     0.00     0.15     0.15
  fractureApplyMs              0.00     0.00     0.00     0.22     0.22
  bodyCreateMs                 0.07     0.00     0.00     4.26     4.26
  colliderRebuildMs            0.12     0.00     0.01     7.11     7.11
  preStepSweepMs               0.04     0.00     0.01     1.90     1.90
  cleanupDisabledMs            0.00     0.00     0.00     0.00     0.00
  snapshotCaptureMs            0.56     0.52     0.84     1.88     1.88
  snapshotRestoreMs            0.11     0.00     0.00     6.75     6.75
  initialPassMs                4.74     3.97    11.57    16.10    16.10
  resimMs                      0.52     0.00     0.00    31.30    31.30

  [Impact (destruction)] 120 frames
  Phase                        Mean      P50      P95      P99      Max
  ---------------------------------------------------------------------
  totalMs                      4.10     3.87     6.54     6.95     7.96
  rapierStepMs                 1.84     1.78     3.11     3.63     3.65
  contactDrainMs               0.41     0.35     0.65     2.04     2.42
  solverUpdateMs               0.98     0.90     1.63     2.83     3.14
  fractureMs                   0.00     0.00     0.00     0.00     0.00
  bodyCreateMs                 0.00     0.00     0.00     0.00     0.00
  colliderRebuildMs            0.00     0.00     0.00     0.01     0.01
  preStepSweepMs               0.01     0.00     0.01     0.01     0.02
  cleanupDisabledMs            0.00     0.00     0.00     0.00     0.00
  spawnMs                      0.00     0.00     0.00     0.00     0.04
  snapshotCaptureMs            0.53     0.49     0.56     2.07     2.24
  initialPassMs                3.23     3.08     5.65     6.06     7.00

  [Post-impact (settling)] 180 frames
  Phase                        Mean      P50      P95      P99      Max
  ---------------------------------------------------------------------
  totalMs                      4.35     4.16     5.88     6.32     6.81
  rapierStepMs                 1.72     1.73     1.93     1.98     2.14
  contactDrainMs               0.53     0.47     0.67     2.31     2.55
  solverUpdateMs               1.14     1.12     1.27     2.70     2.88
  fractureMs                   0.00     0.00     0.00     0.00     0.00
  bodyCreateMs                 0.00     0.00     0.00     0.00     0.00
  colliderRebuildMs            0.00     0.00     0.00     0.00     0.00
  preStepSweepMs               0.00     0.00     0.01     0.01     0.04
  cleanupDisabledMs            0.00     0.00     0.00     0.00     0.00
  snapshotCaptureMs            0.58     0.49     0.90     2.15     2.29
  initialPassMs                3.39     3.34     3.77     5.14     5.49

  Resimulation: 1 frames had resim passes (mean 1.0, max 1)

  Body distribution (final frame): 433 bodies
    Chunks/body: min=1 max=36 avg=1.1 median=1 p95=1
    Peak: 433 bodies, largest group: 36 chunks

stdout | src/tests/rapier.perf.test.ts > Destruction performance benchmarks (requires WASM build) > H. Idle-skip comparison (medium tower 6x12) > idle-skip ON (default)
[Core] Built chunk colliders { nodeCount: 468, bondCount: 2652, mappingSize: 468 }

stdout | src/tests/rapier.perf.test.ts > Destruction performance benchmarks (requires WASM build) > H. Idle-skip comparison (medium tower 6x12) > idle-skip ON (default)

========================================================================
  SCENARIO: IdleSkip: ON
  Nodes: 468 | Bonds: 2652 -> 2651 | Setup: 19ms
  Max rigid bodies: 435 | Total frames: 360
========================================================================

  [Warmup (steady state)] 60 frames
  Phase                        Mean      P50      P95      P99      Max
  ---------------------------------------------------------------------
  totalMs                      5.87     4.64    13.41    33.87    33.87
  rapierStepMs                 2.99     2.16     8.48    13.36    13.36
  contactDrainMs               0.56     0.42     1.44     4.01     4.01
  solverUpdateMs               1.34     1.12     2.79     8.65     8.65
  fractureMs                   0.01     0.00     0.00     0.76     0.76
  fractureGenerateMs           0.00     0.00     0.00     0.15     0.15
  fractureApplyMs              0.01     0.00     0.00     0.39     0.39
  bodyCreateMs                 0.03     0.00     0.00     1.84     1.84
  colliderRebuildMs            0.06     0.00     0.00     3.60     3.60
  preStepSweepMs               0.00     0.00     0.01     0.01     0.01
  cleanupDisabledMs            0.00     0.00     0.00     0.00     0.00
  spawnMs                      0.00     0.00     0.00     0.00     0.00
  snapshotCaptureMs            0.51     0.49     0.59     1.44     1.44
  snapshotRestoreMs            0.04     0.00     0.00     2.68     2.68
  initialPassMs                4.55     3.85     9.91    17.71    17.71
  resimMs                      0.41     0.00     0.00    24.33    24.33

  [Impact (destruction)] 120 frames
  Phase                        Mean      P50      P95      P99      Max
  ---------------------------------------------------------------------
  totalMs                      3.92     3.80     5.96     6.65     8.06
  rapierStepMs                 1.81     1.77     3.06     3.56     3.59
  contactDrainMs               0.40     0.35     1.24     1.32     1.48
  solverUpdateMs               0.91     0.87     1.59     1.82     2.89
  fractureMs                   0.00     0.00     0.00     0.00     0.00
  colliderRebuildMs            0.00     0.00     0.00     0.00     0.00
  preStepSweepMs               0.00     0.00     0.01     0.01     0.02
  cleanupDisabledMs            0.00     0.00     0.00     0.00     0.00
  spawnMs                      0.00     0.00     0.00     0.00     0.04
  snapshotCaptureMs            0.51     0.48     0.61     1.40     1.40
  initialPassMs                3.12     3.02     5.17     5.86     7.12

  [Post-impact (settling)] 180 frames
  Phase                        Mean      P50      P95      P99      Max
  ---------------------------------------------------------------------
  totalMs                      4.09     4.02     5.00     5.11     5.23
  rapierStepMs                 1.69     1.72     1.86     1.90     1.92
  contactDrainMs               0.49     0.47     0.53     1.39     1.40
  solverUpdateMs               1.09     1.07     1.17     2.00     2.10
  fractureMs                   0.00     0.00     0.00     0.00     0.00
  colliderRebuildMs            0.00     0.00     0.00     0.00     0.00
  preStepSweepMs               0.00     0.00     0.01     0.02     0.02
  cleanupDisabledMs            0.00     0.00     0.00     0.00     0.00
  spawnMs                      0.00     0.00     0.00     0.00     0.00
  snapshotCaptureMs            0.51     0.47     0.53     1.52     1.59
  initialPassMs                3.28     3.26     3.92     4.23     4.33

  Resimulation: 1 frames had resim passes (mean 1.0, max 1)

  Body distribution (final frame): 433 bodies
    Chunks/body: min=1 max=36 avg=1.1 median=1 p95=1
    Peak: 433 bodies, largest group: 36 chunks

stdout | src/tests/rapier.perf.test.ts > Destruction performance benchmarks (requires WASM build) > H. Idle-skip comparison (medium tower 6x12) > idle-skip OFF
[Core] Built chunk colliders { nodeCount: 468, bondCount: 2652, mappingSize: 468 }

stdout | src/tests/rapier.perf.test.ts > Destruction performance benchmarks (requires WASM build) > H. Idle-skip comparison (medium tower 6x12) > idle-skip OFF

========================================================================
  SCENARIO: IdleSkip: OFF
  Nodes: 468 | Bonds: 2652 -> 2651 | Setup: 16ms
  Max rigid bodies: 435 | Total frames: 360
========================================================================

  [Warmup (steady state)] 60 frames
  Phase                        Mean      P50      P95      P99      Max
  ---------------------------------------------------------------------
  totalMs                      6.34     5.07    15.71    34.75    34.75
  rapierStepMs                 3.18     2.26     9.88    13.71    13.71
  contactDrainMs               0.60     0.44     2.21     4.06     4.06
  solverUpdateMs               1.43     1.15     3.12     8.44     8.44
  fractureMs                   0.01     0.00     0.00     0.68     0.68
  fractureGenerateMs           0.00     0.00     0.00     0.16     0.16
  fractureApplyMs              0.00     0.00     0.00     0.19     0.19
  bodyCreateMs                 0.05     0.00     0.00     3.15     3.15
  colliderRebuildMs            0.06     0.00     0.00     3.53     3.53
  preStepSweepMs               0.01     0.00     0.01     0.01     0.01
  cleanupDisabledMs            0.00     0.00     0.00     0.00     0.00
  spawnMs                      0.00     0.00     0.00     0.00     0.00
  snapshotCaptureMs            0.59     0.51     0.79     3.41     3.41
  snapshotRestoreMs            0.04     0.00     0.00     2.31     2.31
  initialPassMs                4.87     3.97    10.50    18.06    18.06
  resimMs                      0.40     0.00     0.00    23.98    23.98

  [Impact (destruction)] 120 frames
  Phase                        Mean      P50      P95      P99      Max
  ---------------------------------------------------------------------
  totalMs                      4.02     3.81     6.16     7.00     7.58
  rapierStepMs                 1.81     1.77     3.08     3.45     3.46
  contactDrainMs               0.39     0.35     0.61     2.10     2.28
  solverUpdateMs               0.93     0.89     1.57     2.57     2.58
  fractureMs                   0.00     0.00     0.00     0.00     0.00
  colliderRebuildMs            0.00     0.00     0.00     0.00     0.00
  preStepSweepMs               0.00     0.00     0.01     0.01     0.01
  cleanupDisabledMs            0.00     0.00     0.00     0.00     0.00
  spawnMs                      0.00     0.00     0.00     0.00     0.04
  snapshotCaptureMs            0.52     0.49     0.52     2.03     2.23
  initialPassMs                3.14     3.02     5.24     5.77     6.08

  [Post-impact (settling)] 180 frames
  Phase                        Mean      P50      P95      P99      Max
  ---------------------------------------------------------------------
  totalMs                      4.26     4.09     5.83     6.22     6.60
  rapierStepMs                 1.70     1.73     1.88     2.00     2.18
  contactDrainMs               0.59     0.48     2.05     2.48     2.51
  solverUpdateMs               1.11     1.08     1.20     2.63     3.26
  fractureMs                   0.00     0.00     0.00     0.00     0.01
  bodyCreateMs                 0.00     0.00     0.00     0.00     0.00
  colliderRebuildMs            0.00     0.00     0.00     0.00     0.00
  preStepSweepMs               0.00     0.00     0.01     0.01     0.01
  cleanupDisabledMs            0.00     0.00     0.00     0.00     0.00
  snapshotCaptureMs            0.54     0.48     0.60     2.28     2.45
  initialPassMs                3.40     3.30     4.87     5.39     5.43

  Resimulation: 1 frames had resim passes (mean 1.0, max 1)

  Body distribution (final frame): 433 bodies
    Chunks/body: min=1 max=36 avg=1.1 median=1 p95=1
    Peak: 433 bodies, largest group: 36 chunks

stdout | src/tests/rapier.perf.test.ts > Destruction performance benchmarks (requires WASM build)


==========================================================================================
  PERFORMANCE SUMMARY — ALL SCENARIOS
==========================================================================================
  Scenario                                  Nodes   Bonds   Setup     Mean      P95      Max  Bodies  Survival
  ----------------------------------------------------------------------------------------
  Small tower 3x4                              45     192   184ms     1.72     6.36    52.48      39       99%
  Medium tower 6x12                           468    2652   106ms     9.60    20.06   275.77     435      100%
  Large tower 8x20                           1344    8112    73ms    21.41    25.15   231.77    1283      100%
  Wide wall 24x12                             288     540    19ms     3.01     4.27    21.58     267      100%
  Thick wall 12x8x4                           384     976    13ms     4.81     8.82    41.92     339      100%
  Long bridge 24-span                         692    2138    24ms    12.02    14.35    46.38     694      100%
  Collision: center hit                       468    2652    28ms     4.66     6.51    38.44     435      100%
  Collision: base hit                         468    2652    23ms     4.52     5.99    54.78     435      100%
  Collision: 4 simultaneous                   468    2652    25ms     3.85     5.83    37.57     438      100%
  Collision: progressive bombardment          468    2652    19ms     3.38     5.20    36.29     444      100%
  Collision: catastrophic                     468    2652    28ms     3.91     5.70    35.52     435      100%
  Damage: enabled                             468    2652    20ms     7.63    10.95    77.84     435       96%
  Damage: disabled                            468    2652    26ms     4.81     6.64    58.60     435      100%
  Config: debrisCollision=all                 468    2652    21ms     4.72     6.43    39.11     435      100%
  Config: debrisCollision=noDebrisPairs       468    2652    26ms     1.94     3.25    17.10     435      100%
  Config: debrisCollision=debrisNone          468    2652    14ms     1.35     2.98    14.61     435      100%
  Config: resimulate=off                      468    2652    25ms     4.29     5.97    40.81     435      100%
  Config: resimulate=on, maxPasses=3          468    2652    26ms     4.63     6.23    40.75     435      100%
  Policy: unlimited (baseline)                468    2652    19ms     4.72     6.49    36.52     435      100%
  Policy: maxFractures=8                      468    2652    24ms     4.70    11.14    17.31     435      100%
  Policy: maxFractures=4                      468    2652    23ms     3.46     8.96    10.47     378      100%
  Policy: maxBodies=8                         468    2652    15ms     4.02     6.11     8.26     435      100%
  Policy: maxDynBodies=20                     468    2652    31ms     0.52     1.09    11.78      23      100%
  Policy: combined budget                     468    2652    15ms     4.61    10.24    14.55     435      100%
  Solver: 24 iterations                       468    2652    21ms     4.43     5.97    38.09     435      100%
  Solver: 12 iterations                       468    2652    25ms     4.39     5.66    34.20     435      100%
  Solver: 8 iterations                        468    2652    14ms     4.61     6.38    46.63     435      100%
  IdleSkip: ON                                468    2652    19ms     4.33     5.53    33.87     435      100%
  IdleSkip: OFF                               468    2652    16ms     4.52     6.40    34.75     435      100%
==========================================================================================

  WARNING: 2 scenario(s) exceeded 60fps frame budget (16.67ms) at P95:
    - Medium tower 6x12: P95=20.06ms
    - Large tower 8x20: P95=25.15ms

  SPIKE ANALYSIS — Frames exceeding budget
  ----------------------------------------------------------------------------------------
  Scenario                                  >16ms  >33ms  >100ms  >500ms          Worst Phase
  ----------------------------------------------------------------------------------------
  Small tower 3x4                               2      1       0       0    rapierStep (20ms)
  Medium tower 6x12                            31      5       2       0  solverUpdate (97ms)
  Large tower 8x20                            403      7       1       0    rapierStep (79ms)
  Wide wall 24x12                               1      0       0       0   solverUpdate (7ms)
  Thick wall 12x8x4                             2      1       0       0  solverUpdate (19ms)
  Long bridge 24-span                           8      2       0       0    rapierStep (26ms)
  Collision: center hit                         2      1       0       0    rapierStep (14ms)
  Collision: base hit                           2      1       0       0  solverUpdate (22ms)
  Collision: 4 simultaneous                     1      1       0       0    rapierStep (14ms)
  Collision: progressive bombardment            1      1       0       0    rapierStep (13ms)
  Collision: catastrophic                       1      1       0       0    rapierStep (15ms)
  Damage: enabled                               6      3       0       0  contactDrain (28ms)
  Damage: disabled                              3      1       0       0  solverUpdate (25ms)
  Config: debrisCollision=all                   1      1       0       0    rapierStep (15ms)
  Config: debrisCollision=noDebrisPairs         1      0       0       0 colliderRebuild (5ms)
  Config: debrisCollision=debrisNone            0      0       0       0 colliderRebuild (4ms)
  Config: resimulate=off                        2      1       0       0  solverUpdate (22ms)
  Config: resimulate=on, maxPasses=3            2      1       0       0    rapierStep (16ms)
  Policy: unlimited (baseline)                  2      1       0       0    rapierStep (14ms)
  Policy: maxFractures=8                        1      0       0       0     rapierStep (7ms)
  Policy: maxFractures=4                        0      0       0       0     rapierStep (4ms)
  Policy: maxBodies=8                           0      0       0       0     rapierStep (4ms)
  Policy: maxDynBodies=20                       0      0       0       0   solverUpdate (7ms)
  Policy: combined budget                       0      0       0       0     rapierStep (6ms)
  Solver: 24 iterations                         1      1       0       0    rapierStep (14ms)
  Solver: 12 iterations                         2      1       0       0    rapierStep (14ms)
  Solver: 8 iterations                          2      1       0       0    rapierStep (15ms)
  IdleSkip: ON                                  2      1       0       0    rapierStep (13ms)
  IdleSkip: OFF                                 2      1       0       0    rapierStep (14ms)
==========================================================================================


 ❯ src/tests/rapier.perf.test.ts (30 tests | 2 failed) 59763ms
   ✓ Destruction performance benchmarks (requires WASM build) > A. Scale: Tower size progression > small tower 3x4 (~48 nodes)  1381ms
   ✓ Destruction performance benchmarks (requires WASM build) > A. Scale: Tower size progression > medium tower 6x12 (~432 nodes)  3594ms
   ✓ Destruction performance benchmarks (requires WASM build) > A. Scale: Tower size progression > large tower 8x20 (~1280 nodes)  9090ms
   × Destruction performance benchmarks (requires WASM build) > A. Scale: Tower size progression > xl tower 10x30 (~3000 nodes) 39ms
     → Failed to create ExtStressSolver
   ✓ Destruction performance benchmarks (requires WASM build) > B. Structure variety > wide wall 24x12  1109ms
   ✓ Destruction performance benchmarks (requires WASM build) > B. Structure variety > thick wall 12x8x4 layers  1750ms
   ✓ Destruction performance benchmarks (requires WASM build) > B. Structure variety > long bridge 24-span  4365ms
   ✓ Destruction performance benchmarks (requires WASM build) > C. Collision patterns (medium tower 6x12) > single center hit  1713ms
   ✓ Destruction performance benchmarks (requires WASM build) > C. Collision patterns (medium tower 6x12) > single base hit (topple)  1931ms
   ✓ Destruction performance benchmarks (requires WASM build) > C. Collision patterns (medium tower 6x12) > multi-simultaneous 4 projectiles  1416ms
   ✓ Destruction performance benchmarks (requires WASM build) > C. Collision patterns (medium tower 6x12) > progressive bombardment (10 projectiles)  2160ms
   ✓ Destruction performance benchmarks (requires WASM build) > C. Collision patterns (medium tower 6x12) > catastrophic impact  1910ms
   ✓ Destruction performance benchmarks (requires WASM build) > D. Damage system overhead > with damage enabled  2773ms
   ✓ Destruction performance benchmarks (requires WASM build) > D. Damage system overhead > without damage (stress-only destruction)  1765ms
   ✓ Destruction performance benchmarks (requires WASM build) > E. Configuration variants > debris collision: all  1729ms
   ✓ Destruction performance benchmarks (requires WASM build) > E. Configuration variants > debris collision: noDebrisPairs  730ms
   ✓ Destruction performance benchmarks (requires WASM build) > E. Configuration variants > debris collision: debrisNone  504ms
   ✓ Destruction performance benchmarks (requires WASM build) > E. Configuration variants > resimulation off  1574ms
   ✓ Destruction performance benchmarks (requires WASM build) > E. Configuration variants > resimulation on, maxPasses=3  1696ms
   ✓ Destruction performance benchmarks (requires WASM build) > F. Fracture policy tuning (medium tower 6x12) > unlimited (baseline)  1721ms
   ✓ Destruction performance benchmarks (requires WASM build) > F. Fracture policy tuning (medium tower 6x12) > maxFracturesPerFrame: 8 (progressive fracture)  2284ms
   ✓ Destruction performance benchmarks (requires WASM build) > F. Fracture policy tuning (medium tower 6x12) > maxFracturesPerFrame: 4 (slow propagation)  1690ms
   ✓ Destruction performance benchmarks (requires WASM build) > F. Fracture policy tuning (medium tower 6x12) > maxNewBodiesPerFrame: 8  1948ms
   × Destruction performance benchmarks (requires WASM build) > F. Fracture policy tuning (medium tower 6x12) > maxDynamicBodies: 20 (body cap) 221ms
     → expected 23 to be less than or equal to 22
   ✓ Destruction performance benchmarks (requires WASM build) > F. Fracture policy tuning (medium tower 6x12) > combined: maxFractures=8, maxBodies=10, maxMigrations=32  2513ms
   ✓ Destruction performance benchmarks (requires WASM build) > G. Solver iteration tuning (medium tower 6x12) > 24 iterations (default)  1620ms
   ✓ Destruction performance benchmarks (requires WASM build) > G. Solver iteration tuning (medium tower 6x12) > 12 iterations (halved)  1610ms
   ✓ Destruction performance benchmarks (requires WASM build) > G. Solver iteration tuning (medium tower 6x12) > 8 iterations (aggressive)  1676ms
   ✓ Destruction performance benchmarks (requires WASM build) > H. Idle-skip comparison (medium tower 6x12) > idle-skip ON (default)  1581ms
   ✓ Destruction performance benchmarks (requires WASM build) > H. Idle-skip comparison (medium tower 6x12) > idle-skip OFF  1652ms

⎯⎯⎯⎯⎯⎯ Failed Tests 54 ⎯⎯⎯⎯⎯⎯⎯

 FAIL  src/tests/highRise.damage.rapier.test.ts > high-rise contact damage (Rapier) > gravity is stable with the damage layer enabled (no spurious destruction)
AssertionError: expected 171 to be +0 // Object.is equality

- Expected
+ Received

- 0
+ 171

 ❯ src/tests/highRise.damage.rapier.test.ts:89:23
     87|     stepN(core, 150);
     88|     const destroyed = core.chunks.filter((c: any) => c.destroyed).leng…
     89|     expect(destroyed).toBe(0); // resting contacts must not deplete he…
       |                       ^
     90|     expect(core.getActiveBondsCount() / initialBonds).toBeGreaterThan(…
     91|     core.dispose();

⎯⎯⎯⎯⎯⎯⎯⎯⎯⎯⎯⎯⎯⎯⎯⎯⎯⎯⎯⎯⎯⎯⎯[1/54]⎯

 FAIL  src/tests/highRise.damage.rapier.test.ts > high-rise contact damage (Rapier) > a wrecking ball punches a LOCAL hole and the building stays standing
AssertionError: expected 172 to be less than 60
 ❯ src/tests/highRise.damage.rapier.test.ts:148:29
    146|     // ...but it is LOCAL, not a uniform shatter (540 infill chunks ex…
    147|     // building; a single realistic hit blows out a handful, not the w…
    148|     expect(infillDestroyed).toBeLessThan(60);
       |                             ^
    149|     // The frame is barely touched by a single wall hit.
    150|     expect(structuralDestroyed).toBeLessThan(6);

⎯⎯⎯⎯⎯⎯⎯⎯⎯⎯⎯⎯⎯⎯⎯⎯⎯⎯⎯⎯⎯⎯⎯[2/54]⎯

 FAIL  src/tests/highRise.rapier.test.ts > high-rise (Rapier) > stays stable under gravity (no fracture, no slide)
AssertionError: expected 5.849721650807368 to be less than 0.5
 ❯ src/tests/highRise.rapier.test.ts:68:18
     66|     const drop = y0 - avgDynamicY(core);
     67|     expect(survival).toBeGreaterThan(0.97); // essentially no bonds br…
     68|     expect(drop).toBeLessThan(0.5); // building does not collapse or s…
       |                  ^
     69|     core.dispose();
     70|   });

⎯⎯⎯⎯⎯⎯⎯⎯⎯⎯⎯⎯⎯⎯⎯⎯⎯⎯⎯⎯⎯⎯⎯[3/54]⎯

 FAIL  src/tests/house.collapse.test.ts > house structural realism (physics) > stands under gravity: the intact roof does not collapse on its own
Error: Failed to create ExtStressSolver
 ❯ new pr src/stress.ts:709:26
    707|       );
    708| 
    709|       if (!handle) throw new Error('Failed to create ExtStressSolver');
       |                          ^
    710| 
    711|       this.handle = handle >>> 0;
 ❯ Object.createExtSolver src/stress.ts:389:14
 ❯ ba src/rapier/destructible-core.ts:518:26
 ❯ buildHouseCore src/tests/house.collapse.test.ts:42:16
 ❯ src/tests/house.collapse.test.ts:79:29

⎯⎯⎯⎯⎯⎯⎯⎯⎯⎯⎯⎯⎯⎯⎯⎯⎯⎯⎯⎯⎯⎯⎯[4/54]⎯

 FAIL  src/tests/house.collapse.test.ts > house structural realism (physics) > collapses when the structural supports are shot out (vs. drywall left intact)
Error: Failed to create ExtStressSolver
 ❯ new pr src/stress.ts:709:26
    707|       );
    708| 
    709|       if (!handle) throw new Error('Failed to create ExtStressSolver');
       |                          ^
    710| 
    711|       this.handle = handle >>> 0;
 ❯ Object.createExtSolver src/stress.ts:389:14
 ❯ ba src/rapier/destructible-core.ts:518:26
 ❯ buildHouseCore src/tests/house.collapse.test.ts:42:16
 ❯ src/tests/house.collapse.test.ts:93:29

⎯⎯⎯⎯⎯⎯⎯⎯⎯⎯⎯⎯⎯⎯⎯⎯⎯⎯⎯⎯⎯⎯⎯[5/54]⎯

 FAIL  src/tests/house.fracture.perf.test.ts > fractured house performance > keeps the piece count sane and the step time reasonable
Error: Failed to create ExtStressSolver
 ❯ new pr src/stress.ts:709:26
    707|       );
    708| 
    709|       if (!handle) throw new Error('Failed to create ExtStressSolver');
       |                          ^
    710| 
    711|       this.handle = handle >>> 0;
 ❯ Object.createExtSolver src/stress.ts:389:14
 ❯ ba src/rapier/destructible-core.ts:518:26
 ❯ src/tests/house.fracture.perf.test.ts:61:18

⎯⎯⎯⎯⎯⎯⎯⎯⎯⎯⎯⎯⎯⎯⎯⎯⎯⎯⎯⎯⎯⎯⎯[6/54]⎯

 FAIL  src/tests/rapier.city-stress.test.ts > City destruction stress (requires WASM build) > runs denseMixed through the pipeline and profiles it
 FAIL  src/tests/rapier.city-stress.test.ts > City destruction stress (requires WASM build) > runs cascade through the pipeline and profiles it
 FAIL  src/tests/rapier.city-stress.test.ts > City destruction stress (requires WASM build) > runs bridgeAndTowers through the pipeline and profiles it
Error: Failed to create ExtStressSolver
 ❯ new pr src/stress.ts:709:26
    707|       );
    708| 
    709|       if (!handle) throw new Error('Failed to create ExtStressSolver');
       |                          ^
    710| 
    711|       this.handle = handle >>> 0;
 ❯ Object.createExtSolver src/stress.ts:389:14
 ❯ ba src/rapier/destructible-core.ts:518:26
 ❯ runStressScenario src/tests/stress/harness.ts:206:16
 ❯ src/tests/rapier.city-stress.test.ts:127:20

⎯⎯⎯⎯⎯⎯⎯⎯⎯⎯⎯⎯⎯⎯⎯⎯⎯⎯⎯⎯⎯⎯⎯[7/54]⎯

 FAIL  src/tests/rapier.city-stress.test.ts > City destruction stress (requires WASM build) > island-aware skip-settled solve preserves destruction and cuts solve time on manyIslands
AssertionError: expected 0 to be greater than 0
 ❯ src/tests/rapier.city-stress.test.ts:157:52
    155|     // comparison is meaningless).
    156|     expect(cmp.treatment.island?.total ?? 0).toBeGreaterThan(0);
    157|     expect(cmp.treatment.island?.skippedMean ?? 0).toBeGreaterThan(0);
       |                                                    ^
    158| 
    159|     // And it should meaningfully cut the dominant phase (whole-graph …

⎯⎯⎯⎯⎯⎯⎯⎯⎯⎯⎯⎯⎯⎯⎯⎯⎯⎯⎯⎯⎯⎯⎯[8/54]⎯

 FAIL  src/tests/rapier.city-stress.test.ts > City destruction stress (requires WASM build) > sleep + afterGroundCollision damping settles rubble without floaty flight (cascade)
Error: Failed to create ExtStressSolver
 ❯ new pr src/stress.ts:709:26
    707|       );
    708| 
    709|       if (!handle) throw new Error('Failed to create ExtStressSolver');
       |                          ^
    710| 
    711|       this.handle = handle >>> 0;
 ❯ Object.createExtSolver src/stress.ts:389:14
 ❯ ba src/rapier/destructible-core.ts:518:26
 ❯ runStressScenario src/tests/stress/harness.ts:206:16
 ❯ runSleepDampingAB src/tests/stress/runSuite.ts:145:20
 ❯ src/tests/rapier.city-stress.test.ts:167:17

⎯⎯⎯⎯⎯⎯⎯⎯⎯⎯⎯⎯⎯⎯⎯⎯⎯⎯⎯⎯⎯⎯⎯[9/54]⎯

 FAIL  src/tests/rapier.headless-scenarios.test.ts > Headless scenario tests (requires WASM build) > A. Gravity stability — structures survive under gravity > wall remains intact under gravity for 2 seconds
AssertionError: expected 37 to be 38 // Object.is equality

- Expected
+ Received

- 38
+ 37

 ❯ src/tests/rapier.headless-scenarios.test.ts:137:42
    135|       stepN(core, 120);
    136| 
    137|       expect(core.getActiveBondsCount()).toBe(initial);
       |                                          ^
    138|       core.dispose();
    139|     });

⎯⎯⎯⎯⎯⎯⎯⎯⎯⎯⎯⎯⎯⎯⎯⎯⎯⎯⎯⎯⎯⎯[10/54]⎯

 FAIL  src/tests/rapier.headless-scenarios.test.ts > Headless scenario tests (requires WASM build) > A. Gravity stability — structures survive under gravity > tower remains intact under gravity for 2 seconds
AssertionError: expected 191 to be 192 // Object.is equality

- Expected
+ Received

- 192
+ 191

 ❯ src/tests/rapier.headless-scenarios.test.ts:150:42
    148|       stepN(core, 120);
    149| 
    150|       expect(core.getActiveBondsCount()).toBe(initial);
       |                                          ^
    151|       core.dispose();
    152|     });

⎯⎯⎯⎯⎯⎯⎯⎯⎯⎯⎯⎯⎯⎯⎯⎯⎯⎯⎯⎯⎯⎯[11/54]⎯

 FAIL  src/tests/rapier.headless-scenarios.test.ts > Headless scenario tests (requires WASM build) > A. Gravity stability — structures survive under gravity > bridge remains intact under gravity for 2 seconds
Error: Failed to create ExtStressSolver
 ❯ new pr src/stress.ts:709:26
    707|       );
    708| 
    709|       if (!handle) throw new Error('Failed to create ExtStressSolver');
       |                          ^
    710| 
    711|       this.handle = handle >>> 0;
 ❯ Object.createExtSolver src/stress.ts:389:14
 ❯ ba src/rapier/destructible-core.ts:518:26
 ❯ src/tests/rapier.headless-scenarios.test.ts:157:20

⎯⎯⎯⎯⎯⎯⎯⎯⎯⎯⎯⎯⎯⎯⎯⎯⎯⎯⎯⎯⎯⎯[12/54]⎯

 FAIL  src/tests/rapier.headless-scenarios.test.ts > Headless scenario tests (requires WASM build) > B. Weak material collapses under gravity > bridge with very weak bonds fractures under gravity
Error: Failed to create ExtStressSolver
 ❯ new pr src/stress.ts:709:26
    707|       );
    708| 
    709|       if (!handle) throw new Error('Failed to create ExtStressSolver');
       |                          ^
    710| 
    711|       this.handle = handle >>> 0;
 ❯ Object.createExtSolver src/stress.ts:389:14
 ❯ ba src/rapier/destructible-core.ts:518:26
 ❯ src/tests/rapier.headless-scenarios.test.ts:200:20

⎯⎯⎯⎯⎯⎯⎯⎯⎯⎯⎯⎯⎯⎯⎯⎯⎯⎯⎯⎯⎯⎯[13/54]⎯

 FAIL  src/tests/rapier.headless-scenarios.test.ts > Headless scenario tests (requires WASM build) > C. Projectile collision and bond breaking > projectile breaks wall bonds on impact
AssertionError: expected 37 to be less than 37
 ❯ src/tests/rapier.headless-scenarios.test.ts:378:42
    376|       stepN(core, 180);
    377| 
    378|       expect(core.getActiveBondsCount()).toBeLessThan(bondsAfterSettle…
       |                                          ^
    379|       core.dispose();
    380|     });

⎯⎯⎯⎯⎯⎯⎯⎯⎯⎯⎯⎯⎯⎯⎯⎯⎯⎯⎯⎯⎯⎯[14/54]⎯

 FAIL  src/tests/rapier.headless-scenarios.test.ts > Headless scenario tests (requires WASM build) > C. Projectile collision and bond breaking > projectile breaks bridge bonds on impact
Error: Failed to create ExtStressSolver
 ❯ new pr src/stress.ts:709:26
    707|       );
    708| 
    709|       if (!handle) throw new Error('Failed to create ExtStressSolver');
       |                          ^
    710| 
    711|       this.handle = handle >>> 0;
 ❯ Object.createExtSolver src/stress.ts:389:14
 ❯ ba src/rapier/destructible-core.ts:518:26
 ❯ src/tests/rapier.headless-scenarios.test.ts:408:20

⎯⎯⎯⎯⎯⎯⎯⎯⎯⎯⎯⎯⎯⎯⎯⎯⎯⎯⎯⎯⎯⎯[15/54]⎯

 FAIL  src/tests/rapier.headless-scenarios.test.ts > Headless scenario tests (requires WASM build) > L. API surface and lifecycle > getRigidBodyCount reports the intact root-body setup
AssertionError: expected 20 to be 2 // Object.is equality

- Expected
+ Received

- 2
+ 20

 ❯ src/tests/rapier.headless-scenarios.test.ts:1003:40
    1001| 
    1002|       stepN(core, 30);
    1003|       expect(core.getRigidBodyCount()).toBe(initialBodies);
       |                                        ^
    1004| 
    1005|       core.dispose();

⎯⎯⎯⎯⎯⎯⎯⎯⎯⎯⎯⎯⎯⎯⎯⎯⎯⎯⎯⎯⎯⎯[16/54]⎯

 FAIL  src/tests/rapier.headless-scenarios.test.ts > Headless scenario tests (requires WASM build) > L. API surface and lifecycle > keeps chunks on the root body until an impact-driven split occurs
Error: Failed to create ExtStressSolver
 ❯ new pr src/stress.ts:709:26
    707|       );
    708| 
    709|       if (!handle) throw new Error('Failed to create ExtStressSolver');
       |                          ^
    710| 
    711|       this.handle = handle >>> 0;
 ❯ Object.createExtSolver src/stress.ts:389:14
 ❯ ba src/rapier/destructible-core.ts:518:26
 ❯ src/tests/rapier.headless-scenarios.test.ts:1034:20

⎯⎯⎯⎯⎯⎯⎯⎯⎯⎯⎯⎯⎯⎯⎯⎯⎯⎯⎯⎯⎯⎯[17/54]⎯

 FAIL  src/tests/rapier.idle-city-perf.test.ts > Idle scene chunk-transform skip > an idle, settled multi-island city reuses chunk transforms (recompute skipped) and idle-skips the solver
AssertionError: expected 40 to be 280 // Object.is equality

- Expected
+ Received

- 280
+ 40

 ❯ src/tests/rapier.idle-city-perf.test.ts:78:20
     76|     let reused = 0;
     77|     for (let i = 0; i < active.length; i++) if (active[i].worldPositio…
     78|     expect(reused).toBe(active.length);
       |                    ^
     79| 
     80|     // And the stress solve idle-skipped on that frame (no CGNR ran).

⎯⎯⎯⎯⎯⎯⎯⎯⎯⎯⎯⎯⎯⎯⎯⎯⎯⎯⎯⎯⎯⎯[18/54]⎯

 FAIL  src/tests/rapier.integration.test.ts > buildDestructibleCore integration (requires WASM build) > strong bridge survives moderate load
AssertionError: expected 3 to be 4 // Object.is equality

- Expected
+ Received

- 4
+ 3

 ❯ src/tests/rapier.integration.test.ts:181:40
    179|     const initialBonds = core.getActiveBondsCount();
    180|     for (let i = 0; i < 120; i++) core.step(1 / 60);
    181|     expect(core.getActiveBondsCount()).toBe(initialBonds);
       |                                        ^
    182|     core.dispose();
    183|   });

⎯⎯⎯⎯⎯⎯⎯⎯⎯⎯⎯⎯⎯⎯⎯⎯⎯⎯⎯⎯⎯⎯[19/54]⎯

 FAIL  src/tests/rapier.invariants.test.ts > Kinematic invariants after fracture (requires WASM build) > never produces NaN/Inf continuity samples under a wall collapse
Error: Failed to create ExtStressSolver
 ❯ new pr src/stress.ts:709:26
    707|       );
    708| 
    709|       if (!handle) throw new Error('Failed to create ExtStressSolver');
       |                          ^
    710| 
    711|       this.handle = handle >>> 0;
 ❯ Object.createExtSolver src/stress.ts:389:14
 ❯ ba src/rapier/destructible-core.ts:518:26
 ❯ src/tests/rapier.invariants.test.ts:91:18

⎯⎯⎯⎯⎯⎯⎯⎯⎯⎯⎯⎯⎯⎯⎯⎯⎯⎯⎯⎯⎯⎯[20/54]⎯

 FAIL  src/tests/rapier.island-perf.test.ts > Island-aware solve performance > large world + localized activity: island+skip beats the legacy whole-graph solve
Error: Failed to create ExtStressSolver
 ❯ new module src/stress.ts:709:30
    707|       );
    708| 
    709|       if (!handle) throw new Error('Failed to create ExtStressSolver');
       |                              ^
    710| 
    711|       this.handle = handle >>> 0;
 ❯ Object.createExtSolver src/stress.ts:389:34
 ❯ measure src/tests/rapier.island-perf.test.ts:68:25
 ❯ src/tests/rapier.island-perf.test.ts:86:20

⎯⎯⎯⎯⎯⎯⎯⎯⎯⎯⎯⎯⎯⎯⎯⎯⎯⎯⎯⎯⎯⎯[21/54]⎯

 FAIL  src/tests/rapier.island-perf.test.ts > Island-aware solve performance > benefit scales with the settled fraction
Error: Failed to create ExtStressSolver
 ❯ new module src/stress.ts:709:30
    707|       );
    708| 
    709|       if (!handle) throw new Error('Failed to create ExtStressSolver');
       |                              ^
    710| 
    711|       this.handle = handle >>> 0;
 ❯ Object.createExtSolver src/stress.ts:389:34
 ❯ measure src/tests/rapier.island-perf.test.ts:115:25
 ❯ src/tests/rapier.island-perf.test.ts:132:20

⎯⎯⎯⎯⎯⎯⎯⎯⎯⎯⎯⎯⎯⎯⎯⎯⎯⎯⎯⎯⎯⎯[22/54]⎯

 FAIL  src/tests/rapier.island-skip.test.ts > Settled-island skipping (requires WASM build) > engages on a stable multi-island scene (all islands skipped once settled)
AssertionError: expected 8 to be +0 // Object.is equality

- Expected
+ Received

- 0
+ 8

 ❯ src/tests/rapier.island-skip.test.ts:95:44
     93|     for (let f = 0; f < 6; f++) { solver.addGravity({ x: 0, y: -5, z: …
     94|     expect(solver.islandCount()).toBe(2);
     95|     expect(solver.overstressedBondCount()).toBe(0);
       |                                            ^
     96|     expect(skipped).toBe(2);                 // both islands recognize…
     97|     solver.destroy();

⎯⎯⎯⎯⎯⎯⎯⎯⎯⎯⎯⎯⎯⎯⎯⎯⎯⎯⎯⎯⎯⎯[23/54]⎯

 FAIL  src/tests/rapier.island-skip.test.ts > Settled-island skipping (requires WASM build) > is observationally identical to not skipping, across settle → wake → fracture
AssertionError: expected 0 to be greater than 0
 ❯ src/tests/rapier.island-skip.test.ts:127:33
    125|     expect(withskip.partition).toEqual(noskip.partition);  // identica…
    126|     expect(noskip.maxSkipped).toBe(0);                     // skip tru…
    127|     expect(withskip.maxSkipped).toBeGreaterThan(0);        // ...and i…
       |                                 ^
    128|   });
    129| 

⎯⎯⎯⎯⎯⎯⎯⎯⎯⎯⎯⎯⎯⎯⎯⎯⎯⎯⎯⎯⎯⎯[24/54]⎯

 FAIL  src/tests/rapier.island-skip.test.ts > Settled-island skipping (requires WASM build) > re-solves a settled island the SAME frame its load changes (paused, never frozen)
AssertionError: expected 8 to be +0 // Object.is equality

- Expected
+ Received

- 0
+ 8

 ❯ src/tests/rapier.island-skip.test.ts:138:44
    136|     for (let f = 0; f < 5; f++) { solver.addGravity({ x: 0, y: -0.2, z…
    137|     expect(solver.islandsSkipped()).toBe(2);
    138|     expect(solver.overstressedBondCount()).toBe(0);
       |                                            ^
    139|     // A heavy load arrives. The velocity input changes, so the island…
    140|     // detect the overstress immediately — not skipped, not delayed.

⎯⎯⎯⎯⎯⎯⎯⎯⎯⎯⎯⎯⎯⎯⎯⎯⎯⎯⎯⎯⎯⎯[25/54]⎯

 FAIL  src/tests/rapier.island-solver-integration.test.ts > Island solver integration (requires WASM build) > skips settled islands in the full pipeline, with the same outcome as disabled
AssertionError: expected 0 to be greater than 0
 ❯ src/tests/rapier.island-solver-integration.test.ts:79:27
     77|     expect(on.enabled).toBe(true);
     78|     expect(on.maxIslandCount).toBe(2);
     79|     expect(on.maxSkipped).toBeGreaterThan(0);   // settled islands rea…
       |                           ^
     80|     expect(on.bonds).toBe(off.bonds);           // identical structura…
     81|   });

⎯⎯⎯⎯⎯⎯⎯⎯⎯⎯⎯⎯⎯⎯⎯⎯⎯⎯⎯⎯⎯⎯[26/54]⎯

 FAIL  src/tests/rapier.lazy-colliders.test.ts > Lazy intact colliders > idle: buildings start dormant, intact city is bit-identical to the eager world
AssertionError: expected 0.15572985736229006 to be +0 // Object.is equality

- Expected
+ Received

- 0
+ 0.15572985736229006

 ❯ src/tests/rapier.lazy-colliders.test.ts:84:22
     82|     }
     83|     // Intact, undisturbed city: dormant (disabled) colliders touch no…
     84|     expect(maxDelta).toBe(0);
       |                      ^
     85|     expect(lazy.getLazyColliderStats!().dormantCount).toBe(2); // noth…
     86| 

⎯⎯⎯⎯⎯⎯⎯⎯⎯⎯⎯⎯⎯⎯⎯⎯⎯⎯⎯⎯⎯⎯[27/54]⎯

 FAIL  src/tests/rapier.lazy-colliders.test.ts > Lazy intact colliders > a rigid-material impact (production regime) is bit-identical to the eager world
AssertionError: expected 0.15895094947210575 to be less than 0.000001
 ❯ src/tests/rapier.lazy-colliders.test.ts:153:22
    151|       }
    152|     expect(lazy.getRigidBodyCount()).toBeGreaterThan(2); // the impact…
    153|     expect(maxDelta).toBeLessThan(1e-6);                  // …and lazy…
       |                      ^
    154| 
    155|     lazy.dispose?.(); eager.dispose?.();

⎯⎯⎯⎯⎯⎯⎯⎯⎯⎯⎯⎯⎯⎯⎯⎯⎯⎯⎯⎯⎯⎯[28/54]⎯

 FAIL  src/tests/rapier.lazy-colliders.test.ts > Lazy intact colliders > toggling the flag off materializes every building (and on disables them again)
AssertionError: expected +0 to be 2 // Object.is equality

- Expected
+ Received

- 2
+ 0

 ❯ src/tests/rapier.lazy-colliders.test.ts:171:55
    169| 
    170|     core.setLazyIntactColliders!(true);
    171|     expect(core.getLazyColliderStats!().dormantCount).toBe(2); // dorm…
       |                                                       ^
    172| 
    173|     core.dispose?.();

⎯⎯⎯⎯⎯⎯⎯⎯⎯⎯⎯⎯⎯⎯⎯⎯⎯⎯⎯⎯⎯⎯[29/54]⎯

 FAIL  src/tests/rapier.lazy-colliders.test.ts > Hierarchical collision LOD (collisionTree) > a localized hit on a tall structure activates only the struck region (not the whole building)
AssertionError: expected 290 to be +0 // Object.is equality

- Expected
+ Received

- 0
+ 290

 ❯ src/tests/rapier.lazy-colliders.test.ts:188:62
    186|     const dt = 1 / 60;
    187|     for (let i = 0; i < 20; i++) core.step(dt);
    188|     expect(core.getLazyColliderStats!().activeLeafFragments).toBe(0); …
       |                                                              ^
    189| 
    190|     // Hit the lower part horizontally.

⎯⎯⎯⎯⎯⎯⎯⎯⎯⎯⎯⎯⎯⎯⎯⎯⎯⎯⎯⎯⎯⎯[30/54]⎯

 FAIL  src/tests/rapier.lazy-colliders.test.ts > Hierarchical collision LOD (collisionTree) > with a tree, a hit on one building leaves the others fully dormant, and is bit-identical to eager (rigid)
AssertionError: expected 144 to be less than 144
 ❯ src/tests/rapier.lazy-colliders.test.ts:227:36
    225|     expect(lz.dormantCount).toBeGreaterThanOrEqual(1); // ≥1 untouched…
    226|     // The hit tower only partially descended: fewer active fragments …
    227|     expect(lz.activeLeafFragments).toBeLessThan(template.nodes.length);
       |                                    ^
    228| 
    229|     let maxDelta = 0;

⎯⎯⎯⎯⎯⎯⎯⎯⎯⎯⎯⎯⎯⎯⎯⎯⎯⎯⎯⎯⎯⎯[31/54]⎯

 FAIL  src/tests/rapier.perf.test.ts > Destruction performance benchmarks (requires WASM build) > A. Scale: Tower size progression > xl tower 10x30 (~3000 nodes)
Error: Failed to create ExtStressSolver
 ❯ new pr src/stress.ts:709:26
    707|       );
    708| 
    709|       if (!handle) throw new Error('Failed to create ExtStressSolver');
       |                          ^
    710| 
    711|       this.handle = handle >>> 0;
 ❯ Object.createExtSolver src/stress.ts:389:14
 ❯ ba src/rapier/destructible-core.ts:518:26
 ❯ runPerfScenario src/tests/rapier.perf.test.ts:189:16
 ❯ src/tests/rapier.perf.test.ts:441:22

⎯⎯⎯⎯⎯⎯⎯⎯⎯⎯⎯⎯⎯⎯⎯⎯⎯⎯⎯⎯⎯⎯[32/54]⎯

 FAIL  src/tests/rapier.perf.test.ts > Destruction performance benchmarks (requires WASM build) > F. Fracture policy tuning (medium tower 6x12) > maxDynamicBodies: 20 (body cap)
AssertionError: expected 23 to be less than or equal to 22
 ❯ src/tests/rapier.perf.test.ts:740:37
    738|       expect(result.samples.length).toBeGreaterThan(0);
    739|       // Body count should be capped
    740|       expect(result.maxRigidBodies).toBeLessThanOrEqual(22); // small …
       |                                     ^
    741|     }, 60_000);
    742| 

⎯⎯⎯⎯⎯⎯⎯⎯⎯⎯⎯⎯⎯⎯⎯⎯⎯⎯⎯⎯⎯⎯[33/54]⎯

 FAIL  src/tests/rapier.resim-continuity.test.ts > Resim continuity after fracture (requires WASM build) > keeps bridge fragments continuous through side-impact resim
Error: Failed to create ExtStressSolver
 ❯ new pr src/stress.ts:709:26
    707|       );
    708| 
    709|       if (!handle) throw new Error('Failed to create ExtStressSolver');
       |                          ^
    710| 
    711|       this.handle = handle >>> 0;
 ❯ Object.createExtSolver src/stress.ts:389:14
 ❯ ba src/rapier/destructible-core.ts:518:26
 ❯ src/tests/rapier.resim-continuity.test.ts:207:18

⎯⎯⎯⎯⎯⎯⎯⎯⎯⎯⎯⎯⎯⎯⎯⎯⎯⎯⎯⎯⎯⎯[34/54]⎯

 FAIL  src/tests/rapier.resim-perf.test.ts > Resim / rapier perf levers (requires WASM build) > B. Resimulation cost — the systemic second-physics-pass lever > quantifies resim cost intrinsically (resimMs + rollback) under sustained fracturing
Error: Failed to create ExtStressSolver
 ❯ new pr src/stress.ts:709:26
    707|       );
    708| 
    709|       if (!handle) throw new Error('Failed to create ExtStressSolver');
       |                          ^
    710| 
    711|       this.handle = handle >>> 0;
 ❯ Object.createExtSolver src/stress.ts:389:14
 ❯ ba src/rapier/destructible-core.ts:518:26
 ❯ runScenario src/tests/rapier.resim-perf.test.ts:91:16
 ❯ src/tests/rapier.resim-perf.test.ts:340:19

⎯⎯⎯⎯⎯⎯⎯⎯⎯⎯⎯⎯⎯⎯⎯⎯⎯⎯⎯⎯⎯⎯[35/54]⎯

 FAIL  src/tests/rapier.vibe-city-ports.test.ts > Vibe-city ported features (requires WASM build) > Collision group filtering > setDebrisCollisionMode can be called without error
Error: Failed to create ExtStressSolver
 ❯ new pr src/stress.ts:709:26
    707|       );
    708| 
    709|       if (!handle) throw new Error('Failed to create ExtStressSolver');
       |                          ^
    710| 
    711|       this.handle = handle >>> 0;
 ❯ Object.createExtSolver src/stress.ts:389:14
 ❯ ba src/rapier/destructible-core.ts:518:26
 ❯ src/tests/rapier.vibe-city-ports.test.ts:42:20

⎯⎯⎯⎯⎯⎯⎯⎯⎯⎯⎯⎯⎯⎯⎯⎯⎯⎯⎯⎯⎯⎯[36/54]⎯

 FAIL  src/tests/rapier.vibe-city-ports.test.ts > Vibe-city ported features (requires WASM build) > Collision group filtering > setSingleCollisionMode (legacy) can be called without error
Error: Failed to create ExtStressSolver
 ❯ new pr src/stress.ts:709:26
    707|       );
    708| 
    709|       if (!handle) throw new Error('Failed to create ExtStressSolver');
       |                          ^
    710| 
    711|       this.handle = handle >>> 0;
 ❯ Object.createExtSolver src/stress.ts:389:14
 ❯ ba src/rapier/destructible-core.ts:518:26
 ❯ src/tests/rapier.vibe-city-ports.test.ts:53:20

⎯⎯⎯⎯⎯⎯⎯⎯⎯⎯⎯⎯⎯⎯⎯⎯⎯⎯⎯⎯⎯⎯[37/54]⎯

 FAIL  src/tests/rapier.vibe-city-ports.test.ts > Vibe-city ported features (requires WASM build) > Collision group filtering > setMaxCollidersForDebris triggers group recalculation
Error: Failed to create ExtStressSolver
 ❯ new pr src/stress.ts:709:26
    707|       );
    708| 
    709|       if (!handle) throw new Error('Failed to create ExtStressSolver');
       |                          ^
    710| 
    711|       this.handle = handle >>> 0;
 ❯ Object.createExtSolver src/stress.ts:389:14
 ❯ ba src/rapier/destructible-core.ts:518:26
 ❯ src/tests/rapier.vibe-city-ports.test.ts:63:20

⎯⎯⎯⎯⎯⎯⎯⎯⎯⎯⎯⎯⎯⎯⎯⎯⎯⎯⎯⎯⎯⎯[38/54]⎯

 FAIL  src/tests/rapier.vibe-city-ports.test.ts > Vibe-city ported features (requires WASM build) > Collision group filtering > simulation still runs correctly with debris mode active
Error: Failed to create ExtStressSolver
 ❯ new pr src/stress.ts:709:26
    707|       );
    708| 
    709|       if (!handle) throw new Error('Failed to create ExtStressSolver');
       |                          ^
    710| 
    711|       this.handle = handle >>> 0;
 ❯ Object.createExtSolver src/stress.ts:389:14
 ❯ ba src/rapier/destructible-core.ts:518:26
 ❯ src/tests/rapier.vibe-city-ports.test.ts:76:20

⎯⎯⎯⎯⎯⎯⎯⎯⎯⎯⎯⎯⎯⎯⎯⎯⎯⎯⎯⎯⎯⎯[39/54]⎯

 FAIL  src/tests/rapier.vibe-city-ports.test.ts > Vibe-city ported features (requires WASM build) > Speed-scaled damage > damage system receives speed-scaled contacts (no crash)
Error: Failed to create ExtStressSolver
 ❯ new pr src/stress.ts:709:26
    707|       );
    708| 
    709|       if (!handle) throw new Error('Failed to create ExtStressSolver');
       |                          ^
    710| 
    711|       this.handle = handle >>> 0;
 ❯ Object.createExtSolver src/stress.ts:389:14
 ❯ ba src/rapier/destructible-core.ts:518:26
 ❯ src/tests/rapier.vibe-city-ports.test.ts:95:20

⎯⎯⎯⎯⎯⎯⎯⎯⎯⎯⎯⎯⎯⎯⎯⎯⎯⎯⎯⎯⎯⎯[40/54]⎯

 FAIL  src/tests/rapier.vibe-city-ports.test.ts > Vibe-city ported features (requires WASM build) > Contact replay buffer (rollback correctness) > resimulation with damage works without double-counting
Error: Failed to create ExtStressSolver
 ❯ new pr src/stress.ts:709:26
    707|       );
    708| 
    709|       if (!handle) throw new Error('Failed to create ExtStressSolver');
       |                          ^
    710| 
    711|       this.handle = handle >>> 0;
 ❯ Object.createExtSolver src/stress.ts:389:14
 ❯ ba src/rapier/destructible-core.ts:518:26
 ❯ src/tests/rapier.vibe-city-ports.test.ts:130:20

⎯⎯⎯⎯⎯⎯⎯⎯⎯⎯⎯⎯⎯⎯⎯⎯⎯⎯⎯⎯⎯⎯[41/54]⎯

 FAIL  src/tests/rapier.vibe-city-ports.test.ts > Vibe-city ported features (requires WASM build) > Contact replay buffer (rollback correctness) > determinism: two identical runs with resim produce same bond counts
Error: Failed to create ExtStressSolver
 ❯ new pr src/stress.ts:709:26
    707|       );
    708| 
    709|       if (!handle) throw new Error('Failed to create ExtStressSolver');
       |                          ^
    710| 
    711|       this.handle = handle >>> 0;
 ❯ Object.createExtSolver src/stress.ts:389:14
 ❯ ba src/rapier/destructible-core.ts:518:26
 ❯ runOnce src/tests/rapier.vibe-city-ports.test.ts:171:22
 ❯ src/tests/rapier.vibe-city-ports.test.ts:195:22

⎯⎯⎯⎯⎯⎯⎯⎯⎯⎯⎯⎯⎯⎯⎯⎯⎯⎯⎯⎯⎯⎯[42/54]⎯

 FAIL  src/tests/rapier.vibe-city-ports.test.ts > Vibe-city ported features (requires WASM build) > Double-apply prevention (critical rollback correctness) > no-rollback path applies damage exactly once
Error: Failed to create ExtStressSolver
 ❯ new pr src/stress.ts:709:26
    707|       );
    708| 
    709|       if (!handle) throw new Error('Failed to create ExtStressSolver');
       |                          ^
    710| 
    711|       this.handle = handle >>> 0;
 ❯ Object.createExtSolver src/stress.ts:389:14
 ❯ ba src/rapier/destructible-core.ts:518:26
 ❯ runWithResimConfig src/tests/rapier.vibe-city-ports.test.ts:212:22
 ❯ src/tests/rapier.vibe-city-ports.test.ts:251:23

⎯⎯⎯⎯⎯⎯⎯⎯⎯⎯⎯⎯⎯⎯⎯⎯⎯⎯⎯⎯⎯⎯[43/54]⎯

 FAIL  src/tests/rapier.vibe-city-ports.test.ts > Vibe-city ported features (requires WASM build) > Double-apply prevention (critical rollback correctness) > rollback path: health with resim >= health without resim
Error: Failed to create ExtStressSolver
 ❯ new pr src/stress.ts:709:26
    707|       );
    708| 
    709|       if (!handle) throw new Error('Failed to create ExtStressSolver');
       |                          ^
    710| 
    711|       this.handle = handle >>> 0;
 ❯ Object.createExtSolver src/stress.ts:389:14
 ❯ ba src/rapier/destructible-core.ts:518:26
 ❯ runScenario src/tests/rapier.vibe-city-ports.test.ts:276:22
 ❯ src/tests/rapier.vibe-city-ports.test.ts:308:23

⎯⎯⎯⎯⎯⎯⎯⎯⎯⎯⎯⎯⎯⎯⎯⎯⎯⎯⎯⎯⎯⎯[44/54]⎯

 FAIL  src/tests/rapier.vibe-city-ports.test.ts > Vibe-city ported features (requires WASM build) > Contact buffer frame isolation > contacts from previous frame do not leak into next frame
Error: Failed to create ExtStressSolver
 ❯ new pr src/stress.ts:709:26
    707|       );
    708| 
    709|       if (!handle) throw new Error('Failed to create ExtStressSolver');
       |                          ^
    710| 
    711|       this.handle = handle >>> 0;
 ❯ Object.createExtSolver src/stress.ts:389:14
 ❯ ba src/rapier/destructible-core.ts:518:26
 ❯ src/tests/rapier.vibe-city-ports.test.ts:325:20

⎯⎯⎯⎯⎯⎯⎯⎯⎯⎯⎯⎯⎯⎯⎯⎯⎯⎯⎯⎯⎯⎯[45/54]⎯

 FAIL  src/tests/rapier.vibe-city-ports.test.ts > Vibe-city ported features (requires WASM build) > Resimulation buffer population > resim pass re-drains contacts into buffer
Error: Failed to create ExtStressSolver
 ❯ new pr src/stress.ts:709:26
    707|       );
    708| 
    709|       if (!handle) throw new Error('Failed to create ExtStressSolver');
       |                          ^
    710| 
    711|       this.handle = handle >>> 0;
 ❯ Object.createExtSolver src/stress.ts:389:14
 ❯ ba src/rapier/destructible-core.ts:518:26
 ❯ src/tests/rapier.vibe-city-ports.test.ts:380:20

⎯⎯⎯⎯⎯⎯⎯⎯⎯⎯⎯⎯⎯⎯⎯⎯⎯⎯⎯⎯⎯⎯[46/54]⎯

 FAIL  src/tests/rapier.vibe-city-ports.test.ts > Vibe-city ported features (requires WASM build) > Profiler with new features > profiler still collects timing data correctly
Error: Failed to create ExtStressSolver
 ❯ new pr src/stress.ts:709:26
    707|       );
    708| 
    709|       if (!handle) throw new Error('Failed to create ExtStressSolver');
       |                          ^
    710| 
    711|       this.handle = handle >>> 0;
 ❯ Object.createExtSolver src/stress.ts:389:14
 ❯ ba src/rapier/destructible-core.ts:518:26
 ❯ src/tests/rapier.vibe-city-ports.test.ts:436:20

⎯⎯⎯⎯⎯⎯⎯⎯⎯⎯⎯⎯⎯⎯⎯⎯⎯⎯⎯⎯⎯⎯[47/54]⎯

 FAIL  src/tests/solver-mechanisms.test.ts > Solver mechanisms (requires WASM build) > addGravity is direction sensitive (bending vs axial)
AssertionError: expected 5 to be greater than 5
 ❯ src/tests/solver-mechanisms.test.ts:82:21
     80|     const bending = await overstressForGravity({ x: 0, y: -50, z: 0 },…
     81|     const axial = await overstressForGravity({ x: -50, y: 0, z: 0 }, f…
     82|     expect(bending).toBeGreaterThan(axial);
       |                     ^
     83|   });
     84| 

⎯⎯⎯⎯⎯⎯⎯⎯⎯⎯⎯⎯⎯⎯⎯⎯⎯⎯⎯⎯⎯⎯[48/54]⎯

 FAIL  src/tests/solver-mechanisms.test.ts > Solver mechanisms (requires WASM build) > addActorGravity is direction sensitive (the API the JS pipeline uses for rotation)
AssertionError: expected 5 to be greater than 5
 ❯ src/tests/solver-mechanisms.test.ts:88:21
     86|     const bending = await overstressForGravity({ x: 0, y: -50, z: 0 },…
     87|     const axial = await overstressForGravity({ x: -50, y: 0, z: 0 }, t…
     88|     expect(bending).toBeGreaterThan(axial);
       |                     ^
     89|   });
     90| 

⎯⎯⎯⎯⎯⎯⎯⎯⎯⎯⎯⎯⎯⎯⎯⎯⎯⎯⎯⎯⎯⎯[49/54]⎯

 FAIL  src/tests/solver-mechanisms.test.ts > Solver mechanisms (requires WASM build) > getExcessForces reports the released load after a bond fractures
AssertionError: expected 2 to be greater than 100
 ❯ src/tests/solver-mechanisms.test.ts:125:17
    123|     const mag = Math.hypot(excess!.force.x, excess!.force.y, excess!.f…
    124|     // Near-zero would mean the momentum-transfer mechanism is dormant.
    125|     expect(mag).toBeGreaterThan(100);
       |                 ^
    126|     solver.destroy();
    127|   });

⎯⎯⎯⎯⎯⎯⎯⎯⎯⎯⎯⎯⎯⎯⎯⎯⎯⎯⎯⎯⎯⎯[50/54]⎯

 FAIL  src/tests/tier1-defaults.test.ts > Island-aware solve default > an idle two-tower city under the default is bit-identical to the whole-graph solve
AssertionError: expected 0.28151628591407835 to be +0 // Object.is equality

- Expected
+ Received

- 0
+ 0.28151628591407835

 ❯ src/tests/tier1-defaults.test.ts:103:22
    101|     // An intact, converged structure fractures in neither mode and th…
    102|     // the solve-mode change cannot leak into the simulation.
    103|     expect(maxDelta).toBe(0);
       |                      ^
    104|     expect(island.getActiveBondsCount()).toBe(whole.getActiveBondsCoun…
    105|     island.dispose?.(); whole.dispose?.();

⎯⎯⎯⎯⎯⎯⎯⎯⎯⎯⎯⎯⎯⎯⎯⎯⎯⎯⎯⎯⎯⎯[51/54]⎯

 FAIL  src/tests/tier1-defaults.test.ts > Lazy intact colliders safety rails > an EXTERNAL body (e.g. a vehicle) wakes a dormant building and collides identically to eager
AssertionError: expected 0.22595417499542236 to be less than 0.000001
 ❯ src/tests/tier1-defaults.test.ts:176:22
    174|     for (let f = 0; f < lt.length; f++)
    175|       maxDelta = Math.max(maxDelta, Math.abs(lt[f].x - et[f].x), Math.…
    176|     expect(maxDelta).toBeLessThan(1e-6);
       |                      ^
    177| 
    178|     lazy.dispose?.(); eager.dispose?.();

⎯⎯⎯⎯⎯⎯⎯⎯⎯⎯⎯⎯⎯⎯⎯⎯⎯⎯⎯⎯⎯⎯[52/54]⎯


 Test Files  19 failed | 51 passed (70)
      Tests  54 failed | 472 passed | 1 skipped (527)
   Start at  17:27:37
   Duration  60.45s (transform 8.26s, setup 0ms, collect 22.28s, tests 135.68s, environment 24ms, prepare 8.79s)

