
> blast-stress-solver@0.3.1 test
> npm run build && vitest run


> blast-stress-solver@0.3.1 prebuild
> node ./scripts/prebuild-runtime.js


> blast-stress-solver@0.3.1 build
> npm run build:ts && node ./scripts/copy-dist.js


> blast-stress-solver@0.3.1 build:ts
> tsup --config tsup.config.ts

CLI Building entry: {"index":"src/index.ts","rapier":"src/rapier.ts","three":"src/three.ts","scenarios":"src/scenarios/index.ts"}
CLI Using tsconfig: tsconfig.json
CLI tsup v8.5.0
CLI Using tsup config: /root/workspace/physx-2/blast/blast-stress-solver/tsup.config.ts
CLI Target: es2020
CLI Cleaning output folder
ESM Build start
CJS Build start

 WARN  [33m▲ [43;33m[[43;30mWARNING[43;33m][0m [1m"import.meta" is not available with the "cjs" output format and will be empty[0m [empty-import-meta]

    src/stress.ts:238:47:
[37m      238 │ ...    return new URL('./stress_solver.wasm', [32mimport.meta[37m.url).href;
          ╵                                               [32m~~~~~~~~~~~[0m

  You need to set the output format to "esm" for "import.meta" to work correctly.




 WARN  [33m▲ [43;33m[[43;30mWARNING[43;33m][0m [1m"import.meta" is not available with the "cjs" output format and will be empty[0m [empty-import-meta]

    src/stress.ts:246:50:
[37m      246 │     const wasmUrl = new URL('stress_solver.wasm', [32mimport.meta[37m.url);
          ╵                                                   [32m~~~~~~~~~~~[0m

  You need to set the output format to "esm" for "import.meta" to work correctly.



ESM dist/scenarios.js     65.94 KB
ESM dist/rapier.js        120.62 KB
ESM dist/three.js         60.37 KB
ESM dist/index.js         28.29 KB
ESM dist/scenarios.js.map 318.96 KB
ESM dist/index.js.map     96.69 KB
ESM dist/three.js.map     262.59 KB
ESM dist/rapier.js.map    551.56 KB
ESM ⚡️ Build success in 77ms
CJS dist/index.cjs         29.09 KB
CJS dist/rapier.cjs        122.37 KB
CJS dist/three.cjs         61.78 KB
CJS dist/scenarios.cjs     67.04 KB
CJS dist/index.cjs.map     97.48 KB
CJS dist/three.cjs.map     264.36 KB
CJS dist/scenarios.cjs.map 322.12 KB
CJS dist/rapier.cjs.map    554.02 KB
CJS ⚡️ Build success in 77ms
DTS Build start
DTS ⚡️ Build success in 3395ms
DTS dist/index.d.ts                      5.06 KB
DTS dist/rapier.d.ts                     54.12 KB
DTS dist/three.d.ts                      18.53 KB
DTS dist/scenarios.d.ts                  25.43 KB
DTS dist/fixedStepLoop-BmJ0tdzP.d.ts     5.38 KB
DTS dist/fractureBuilders-D-GqD7dc.d.ts  20.82 KB
DTS dist/types-mha14NEX.d.ts             17.87 KB
DTS dist/types-Bxbmb5Rv.d.ts             33.56 KB
DTS dist/index.d.cts                     5.06 KB
DTS dist/rapier.d.cts                    54.12 KB
DTS dist/three.d.cts                     18.53 KB
DTS dist/scenarios.d.cts                 25.43 KB
DTS dist/fixedStepLoop-DR9_q-Yt.d.cts    5.38 KB
DTS dist/fractureBuilders-DLIfJzH9.d.cts 20.82 KB
DTS dist/types-C19DAfxg.d.cts            17.87 KB
DTS dist/types-Bxbmb5Rv.d.cts            33.56 KB

> blast-stress-solver@0.3.1 postbuild:ts
> npm run generate:high-rise


> blast-stress-solver@0.3.1 generate:high-rise
> node ./scripts/export-high-rise.mjs

wrote /root/workspace/physx-2/blast/blast-stress-demo-rs/assets/scenes/high-rise.json and /root/workspace/physx-2/blast/blast-stress-solver/dist/high-rise.json
nodes=930 bonds=3261 supports=12 totalMass=1574057kg
nodes by type: {"foundation":12,"column":108,"slab":270,"infill":540}
bonds by pair: {"column~infill":360,"column~slab":306,"column~foundation":12,"infill~infill":990,"foundation~infill":44,"infill~slab":748,"slab~slab":801}

 RUN  v3.2.4 /root/workspace/physx-2/blast/blast-stress-solver

stderr | src/tests/rapier.smallBodyDamping.fall.test.ts
using deprecated parameters for the initialization function; pass a single object instead

stderr | src/tests/rapier.ccd.test.ts
using deprecated parameters for the initialization function; pass a single object instead

stderr | src/tests/rapier.splitVelocity.noHover.test.ts
using deprecated parameters for the initialization function; pass a single object instead

stderr | src/tests/rapier.collider-alignment.test.ts > Collider/mesh alignment after fracture (requires WASM build) > localOffset equals baseLocalOffset after second-level fracture
using deprecated parameters for the initialization function; pass a single object instead

stderr | src/tests/rapier.split-regression.test.ts > Split regression tests (requires WASM build) > Performance: batched split planning > step time remains bounded when a grid collapses (many simultaneous splits)
using deprecated parameters for the initialization function; pass a single object instead

stderr | src/tests/rapier.idle-city-perf.test.ts > Idle scene chunk-transform skip > an idle, settled multi-island city reuses chunk transforms (recompute skipped) and idle-skips the solver
using deprecated parameters for the initialization function; pass a single object instead

stderr | src/tests/rapier.island-solver-integration.test.ts > Island solver integration (requires WASM build) > is ON by default (with settled-skip); islandSolver:false opts out completely
using deprecated parameters for the initialization function; pass a single object instead

stderr | src/tests/rapier.integration.test.ts > buildDestructibleCore integration (requires WASM build) > creates a core with correct chunk count and API surface
using deprecated parameters for the initialization function; pass a single object instead

stdout | src/tests/rapier.smallBodyDamping.fall.test.ts > small-body damping vs falling debris > 'always' damps airborne debris — it floats down at ~g/damping instead of accelerating
[Core] Built chunk colliders { nodeCount: 2, bondCount: 1, mappingSize: 2 }

stdout | src/tests/rapier.ccd.test.ts > CCD policy (projectile-only by default) > by default: projectile has CCD, fragments do NOT
[Core] Built chunk colliders { nodeCount: 12, bondCount: 17, mappingSize: 12 }

 ❯ src/tests/rapier.island-skip.test.ts (3 tests | 3 failed) 341ms
   × Settled-island skipping (requires WASM build) > engages on a stable multi-island scene (all islands skipped once settled) 310ms
     → expected 8 to be +0 // Object.is equality
   × Settled-island skipping (requires WASM build) > is observationally identical to not skipping, across settle → wake → fracture 14ms
     → expected 0 to be greater than 0
   × Settled-island skipping (requires WASM build) > re-solves a settled island the SAME frame its load changes (paused, never frozen) 13ms
     → expected 8 to be +0 // Object.is equality
 ❯ src/tests/rapier.island-perf.test.ts (2 tests | 2 failed) 350ms
   × Island-aware solve performance > large world + localized activity: island+skip beats the legacy whole-graph solve 298ms
     → Failed to create ExtStressSolver
   × Island-aware solve performance > benefit scales with the settled fraction 50ms
     → Failed to create ExtStressSolver
 ❯ src/tests/solver-mechanisms.test.ts (3 tests | 3 failed) 343ms
   × Solver mechanisms (requires WASM build) > addGravity is direction sensitive (bending vs axial) 305ms
     → expected 5 to be greater than 5
   × Solver mechanisms (requires WASM build) > addActorGravity is direction sensitive (the API the JS pipeline uses for rotation) 14ms
     → expected 5 to be greater than 5
   × Solver mechanisms (requires WASM build) > getExcessForces reports the released load after a bond fractures 22ms
     → expected 2 to be greater than 100
stdout | src/tests/rapier.split-regression.test.ts > Split regression tests (requires WASM build) > Performance: batched split planning > step time remains bounded when a grid collapses (many simultaneous splits)
[Core] Built chunk colliders { nodeCount: 36, bondCount: 60, mappingSize: 36 }

stdout | src/tests/rapier.smallBodyDamping.fall.test.ts > small-body damping vs falling debris > 'afterGroundCollision' leaves airborne debris UNdamped — it free-falls at full speed
[Core] Built chunk colliders { nodeCount: 2, bondCount: 1, mappingSize: 2 }

stdout | src/tests/rapier.island-solver-integration.test.ts > Island solver integration (requires WASM build) > is ON by default (with settled-skip); islandSolver:false opts out completely
[Core] Built chunk colliders { nodeCount: 10, bondCount: 8, mappingSize: 10 }

stdout | src/tests/rapier.idle-city-perf.test.ts > Idle scene chunk-transform skip > an idle, settled multi-island city reuses chunk transforms (recompute skipped) and idle-skips the solver
[Core] Built chunk colliders { nodeCount: 280, bondCount: 240, mappingSize: 280 }

stdout | src/tests/rapier.collider-alignment.test.ts > Collider/mesh alignment after fracture (requires WASM build) > localOffset equals baseLocalOffset after second-level fracture
[Core] Built chunk colliders { nodeCount: 9, bondCount: 12, mappingSize: 9 }

stdout | src/tests/rapier.integration.test.ts > buildDestructibleCore integration (requires WASM build) > creates a core with correct chunk count and API surface
[Core] Built chunk colliders { nodeCount: 5, bondCount: 4, mappingSize: 5 }

stdout | src/tests/rapier.island-solver-integration.test.ts > Island solver integration (requires WASM build) > is ON by default (with settled-skip); islandSolver:false opts out completely
[Core] Built chunk colliders { nodeCount: 10, bondCount: 8, mappingSize: 10 }

stderr | src/tests/rapier.invariants.test.ts > Kinematic invariants after fracture (requires WASM build) > preserves point-velocity continuity across a cascading split
using deprecated parameters for the initialization function; pass a single object instead

stdout | src/tests/rapier.integration.test.ts > buildDestructibleCore integration (requires WASM build) > runs physics steps without crashing
[Core] Built chunk colliders { nodeCount: 4, bondCount: 3, mappingSize: 4 }

stdout | src/tests/rapier.smallBodyDamping.fall.test.ts > small-body damping vs falling debris > 'afterGroundCollision' DOES damp the body once it lands (settles on the ground)
[Core] Built chunk colliders { nodeCount: 2, bondCount: 1, mappingSize: 2 }

stderr | src/tests/rapier.perf.test.ts > Destruction performance benchmarks (requires WASM build) > A. Scale: Tower size progression > small tower 3x4 (~48 nodes)
using deprecated parameters for the initialization function; pass a single object instead

stderr | src/tests/rapier.lazy-colliders.test.ts > Lazy intact colliders > idle: buildings start dormant, intact city is bit-identical to the eager world
using deprecated parameters for the initialization function; pass a single object instead

 ✓ src/tests/rapier.smallBodyDamping.fall.test.ts (3 tests) 446ms
stderr | src/tests/rapier.fixed-step.integration.test.ts > Fixed-step loop × destructible core > driver ticks are bit-identical to direct stepping, including through an impact
using deprecated parameters for the initialization function; pass a single object instead

stderr | src/tests/tier1-defaults.test.ts > Island-aware solve default > is ON (with settled-skip) by default, and the option opts out
using deprecated parameters for the initialization function; pass a single object instead

stdout | src/tests/rapier.ccd.test.ts > CCD policy (projectile-only by default) > opt-in: fractureBodyCcdEnabled:true re-enables CCD on fragments
[Core] Built chunk colliders { nodeCount: 12, bondCount: 17, mappingSize: 12 }

stdout | src/tests/rapier.splitVelocity.noHover.test.ts > split velocity continuity — real pipeline (requires WASM) > keeps the REUSED fragment point-velocity continuous across a rotating split
[Core] Built chunk colliders { nodeCount: 3, bondCount: 2, mappingSize: 3 }

stderr | src/tests/rapier.vibe-city-ports.test.ts > Vibe-city ported features (requires WASM build) > Collision group filtering > setDebrisCollisionMode can be called without error
using deprecated parameters for the initialization function; pass a single object instead

stderr | src/tests/rapier.resim-continuity.test.ts > Resim continuity after fracture (requires WASM build) > defaults to the per-body rollback path
using deprecated parameters for the initialization function; pass a single object instead

 ✓ src/tests/stress.gravity.test.ts (2 tests) 463ms
   ✓ ExtStressSolver addActorGravity > distinguishes gravity directions based on actor rotation  399ms
stderr | src/tests/rapier.resim-perf.test.ts > Resim / rapier perf levers (requires WASM build) > A. Output-equivalence harness — trusted safety net > positive control: identical scenario + inputs → ZERO divergence (determinism)
using deprecated parameters for the initialization function; pass a single object instead

stdout | src/tests/rapier.integration.test.ts > buildDestructibleCore integration (requires WASM build) > fractures bonds under sufficient gravity stress
[Core] Built chunk colliders { nodeCount: 8, bondCount: 7, mappingSize: 8 }

 ✓ src/tests/authoring.edgecases.test.ts (17 tests) 427ms
 ✓ src/tests/three.fractureBuilders.test.ts (10 tests) 557ms
stdout | src/tests/rapier.collider-alignment.test.ts > Collider/mesh alignment after fracture (requires WASM build) > collider world position matches mesh world position after fracture
[Core] Built chunk colliders { nodeCount: 9, bondCount: 12, mappingSize: 9 }

stdout | src/tests/rapier.splitVelocity.noHover.test.ts > split velocity continuity — real pipeline (requires WASM) > never produces NaN/Inf body velocities through a full cascade
[Core] Built chunk colliders { nodeCount: 12, bondCount: 17, mappingSize: 12 }

stdout | src/tests/rapier.ccd.test.ts > CCD policy (projectile-only by default) > projectile CCD can be turned off independently
[Core] Built chunk colliders { nodeCount: 12, bondCount: 17, mappingSize: 12 }

stdout | src/tests/rapier.invariants.test.ts > Kinematic invariants after fracture (requires WASM build) > preserves point-velocity continuity across a cascading split
[Core] Built chunk colliders { nodeCount: 12, bondCount: 17, mappingSize: 12 }

stdout | src/tests/rapier.perf.test.ts > Destruction performance benchmarks (requires WASM build) > A. Scale: Tower size progression > small tower 3x4 (~48 nodes)
[Core] Built chunk colliders { nodeCount: 45, bondCount: 192, mappingSize: 45 }

stdout | src/tests/rapier.collider-alignment.test.ts > Collider/mesh alignment after fracture (requires WASM build) > worldPosition matches mesh formula after cascading fracture
[Core] Built chunk colliders { nodeCount: 9, bondCount: 12, mappingSize: 9 }

stdout | src/tests/rapier.island-solver-integration.test.ts > Island solver integration (requires WASM build) > skips settled islands in the full pipeline, with the same outcome as disabled
[Core] Built chunk colliders { nodeCount: 10, bondCount: 8, mappingSize: 10 }

stdout | src/tests/rapier.fixed-step.integration.test.ts > Fixed-step loop × destructible core > driver ticks are bit-identical to direct stepping, including through an impact
[Core] Built chunk colliders { nodeCount: 144, bondCount: 728, mappingSize: 144 }

stdout | src/tests/rapier.split-regression.test.ts > Split regression tests (requires WASM build) > Performance: batched split planning > profiler shows bounded bodyCreateMs after mass fracture
[Core] Built chunk colliders { nodeCount: 16, bondCount: 24, mappingSize: 16 }

 ✓ src/tests/rapier.ccd.test.ts (3 tests) 732ms
stdout | src/tests/rapier.resim-continuity.test.ts > Resim continuity after fracture (requires WASM build) > defaults to the per-body rollback path
[Core] Built chunk colliders { nodeCount: 12, bondCount: 17, mappingSize: 12 }

stdout | src/tests/tier1-defaults.test.ts > Island-aware solve default > is ON (with settled-skip) by default, and the option opts out
[Core] Built chunk colliders { nodeCount: 144, bondCount: 728, mappingSize: 144 }

stderr | src/tests/highRise.rapier.test.ts > high-rise (Rapier) > stays stable under gravity (no fracture, no slide)
using deprecated parameters for the initialization function; pass a single object instead

stdout | src/tests/rapier.lazy-colliders.test.ts > Lazy intact colliders > idle: buildings start dormant, intact city is bit-identical to the eager world
[Core] Built chunk colliders { nodeCount: 288, bondCount: 1456, mappingSize: 288 }

stdout | src/tests/rapier.integration.test.ts > buildDestructibleCore integration (requires WASM build) > cutBond removes a specific bond
[Core] Built chunk colliders { nodeCount: 4, bondCount: 3, mappingSize: 4 }

 ✓ src/tests/rapier.collider-alignment.test.ts (3 tests) 775ms
   ✓ Collider/mesh alignment after fracture (requires WASM build) > localOffset equals baseLocalOffset after second-level fracture  481ms
stderr | src/tests/highRise.damage.rapier.test.ts > high-rise contact damage (Rapier) > gravity is stable with the damage layer enabled (no spurious destruction)
using deprecated parameters for the initialization function; pass a single object instead

stdout | src/tests/rapier.resim-perf.test.ts > Resim / rapier perf levers (requires WASM build) > A. Output-equivalence harness — trusted safety net > positive control: identical scenario + inputs → ZERO divergence (determinism)
[Core] Built chunk colliders { nodeCount: 275, bondCount: 1490, mappingSize: 275 }

stderr | src/tests/house.collapse.test.ts > house structural realism (physics) > stands under gravity: the intact roof does not collapse on its own
using deprecated parameters for the initialization function; pass a single object instead

stdout | src/tests/rapier.idle-city-perf.test.ts > Idle scene chunk-transform skip > a moving (free-falling, dynamic) body still recomputes its chunk transform every frame
[Core] Built chunk colliders { nodeCount: 2, bondCount: 1, mappingSize: 2 }

stderr | src/tests/rapier.idle-city-perf.test.ts > Idle scene chunk-transform skip > a moving (free-falling, dynamic) body still recomputes its chunk transform every frame
[Core] no supports (nodes with mass=0) found in scenario {
  nodes: [
    { centroid: [Object], mass: 1, volume: 1 },
    { centroid: [Object], mass: 1, volume: 1 }
  ],
  bonds: [
    {
      node0: 0,
      node1: 1,
      centroid: [Object],
      normal: [Object],
      area: 1
    }
  ],
  parameters: {}
}

stdout | src/tests/rapier.split-regression.test.ts > Split regression tests (requires WASM build) > Immovable chunks: detached chunks must be dynamic > non-support chunks are on dynamic bodies after fracture
[Core] Built chunk colliders { nodeCount: 5, bondCount: 4, mappingSize: 5 }

 ❯ src/tests/rapier.idle-city-perf.test.ts (2 tests | 1 failed) 906ms
   × Idle scene chunk-transform skip > an idle, settled multi-island city reuses chunk transforms (recompute skipped) and idle-skips the solver 837ms
     → expected 40 to be 280 // Object.is equality
   ✓ Idle scene chunk-transform skip > a moving (free-falling, dynamic) body still recomputes its chunk transform every frame 68ms
stdout | src/tests/rapier.integration.test.ts > buildDestructibleCore integration (requires WASM build) > damage system destroys chunks
[Core] Built chunk colliders { nodeCount: 5, bondCount: 4, mappingSize: 5 }

stdout | src/tests/rapier.fixed-step.integration.test.ts > Fixed-step loop × destructible core > driver ticks are bit-identical to direct stepping, including through an impact
[Core] Built chunk colliders { nodeCount: 144, bondCount: 728, mappingSize: 144 }

stdout | src/tests/tier1-defaults.test.ts > Island-aware solve default > is ON (with settled-skip) by default, and the option opts out
[Core] Built chunk colliders { nodeCount: 144, bondCount: 728, mappingSize: 144 }

stdout | src/tests/rapier.splitVelocity.noHover.test.ts > split velocity continuity — real pipeline (requires WASM) > conserves total dynamic mass across the whole cascade
[Core] Built chunk colliders { nodeCount: 12, bondCount: 17, mappingSize: 12 }

stdout | src/tests/rapier.lazy-colliders.test.ts > Lazy intact colliders > idle: buildings start dormant, intact city is bit-identical to the eager world
[Core] Built chunk colliders { nodeCount: 288, bondCount: 1456, mappingSize: 288 }

stdout | src/tests/rapier.island-solver-integration.test.ts > Island solver integration (requires WASM build) > skips settled islands in the full pipeline, with the same outcome as disabled
[Core] Built chunk colliders { nodeCount: 10, bondCount: 8, mappingSize: 10 }

stdout | src/tests/tier1-defaults.test.ts > Island-aware solve default > is ON (with settled-skip) by default, and the option opts out
[Core] Built chunk colliders { nodeCount: 144, bondCount: 728, mappingSize: 144 }

stdout | src/tests/rapier.split-regression.test.ts > Split regression tests (requires WASM build) > Immovable chunks: detached chunks must be dynamic > split children from the same event end up on separate bodies
[Core] Built chunk colliders { nodeCount: 4, bondCount: 3, mappingSize: 4 }

stderr | src/tests/rapier.splashAdjacency.test.ts > splash adjacency precompute (requires WASM build) > matches an independent brute-force spatial computation
using deprecated parameters for the initialization function; pass a single object instead

stdout | src/tests/rapier.integration.test.ts > buildDestructibleCore integration (requires WASM build) > projectiles are spawned and cleaned up
[Core] Built chunk colliders { nodeCount: 4, bondCount: 3, mappingSize: 4 }

stdout | src/tests/rapier.splitVelocity.noHover.test.ts > split velocity continuity — real pipeline (requires WASM) > the largest airborne fragment keeps descending (no gross hover)
[Core] Built chunk colliders { nodeCount: 12, bondCount: 17, mappingSize: 12 }

stdout | src/tests/tier1-defaults.test.ts > Island-aware solve default > an idle two-tower city under the default is bit-identical to the whole-graph solve
[Core] Built chunk colliders { nodeCount: 288, bondCount: 1456, mappingSize: 288 }

stdout | src/tests/rapier.split-regression.test.ts > Split regression tests (requires WASM build) > Immovable chunks: detached chunks must be dynamic > chunks do not stay on the fixed rootBody after fracture
[Core] Built chunk colliders { nodeCount: 4, bondCount: 3, mappingSize: 4 }

stderr | src/tests/rapier.headless-scenarios.test.ts > Headless scenario tests (requires WASM build) > A. Gravity stability — structures survive under gravity > wall remains intact under gravity for 2 seconds
using deprecated parameters for the initialization function; pass a single object instead

stderr | src/tests/centrifugal.showcase.test.ts > centrifugal-spinner showcase: behavior (requires WASM build) > does NOT fracture the spinning beams when centrifugal is OFF
using deprecated parameters for the initialization function; pass a single object instead

stdout | src/tests/rapier.integration.test.ts > buildDestructibleCore integration (requires WASM build) > profiler collects timing data
[Core] Built chunk colliders { nodeCount: 4, bondCount: 3, mappingSize: 4 }

 ✓ src/tests/rapier.splitVelocity.noHover.test.ts (4 tests) 932ms
   ✓ split velocity continuity — real pipeline (requires WASM) > never produces NaN/Inf body velocities through a full cascade  344ms
stdout | src/tests/highRise.rapier.test.ts > high-rise (Rapier) > stays stable under gravity (no fracture, no slide)
[Core] Built chunk colliders { nodeCount: 422, bondCount: 1528, mappingSize: 422 }

stdout | src/tests/rapier.island-solver-integration.test.ts > Island solver integration (requires WASM build) > setIslandSolver drives the underlying solver flags (skip is gated by enabled)
[Core] Built chunk colliders { nodeCount: 10, bondCount: 8, mappingSize: 10 }

stdout | src/tests/rapier.resim-continuity.test.ts > Resim continuity after fracture (requires WASM build) > defaults to the per-body rollback path
[Core] Built chunk colliders { nodeCount: 12, bondCount: 17, mappingSize: 12 }

 ❯ src/tests/rapier.vibe-city-ports.test.ts (12 tests | 12 failed) 1176ms
   × Vibe-city ported features (requires WASM build) > Collision group filtering > setDebrisCollisionMode can be called without error 714ms
     → Failed to create ExtStressSolver
   × Vibe-city ported features (requires WASM build) > Collision group filtering > setSingleCollisionMode (legacy) can be called without error 48ms
     → Failed to create ExtStressSolver
   × Vibe-city ported features (requires WASM build) > Collision group filtering > setMaxCollidersForDebris triggers group recalculation 80ms
     → Failed to create ExtStressSolver
   × Vibe-city ported features (requires WASM build) > Collision group filtering > simulation still runs correctly with debris mode active 30ms
     → Failed to create ExtStressSolver
   × Vibe-city ported features (requires WASM build) > Speed-scaled damage > damage system receives speed-scaled contacts (no crash) 25ms
     → Failed to create ExtStressSolver
   × Vibe-city ported features (requires WASM build) > Contact replay buffer (rollback correctness) > resimulation with damage works without double-counting 46ms
     → Failed to create ExtStressSolver
   × Vibe-city ported features (requires WASM build) > Contact replay buffer (rollback correctness) > determinism: two identical runs with resim produce same bond counts 65ms
     → Failed to create ExtStressSolver
   × Vibe-city ported features (requires WASM build) > Double-apply prevention (critical rollback correctness) > no-rollback path applies damage exactly once 21ms
     → Failed to create ExtStressSolver
   × Vibe-city ported features (requires WASM build) > Double-apply prevention (critical rollback correctness) > rollback path: health with resim >= health without resim 21ms
     → Failed to create ExtStressSolver
   × Vibe-city ported features (requires WASM build) > Contact buffer frame isolation > contacts from previous frame do not leak into next frame 31ms
     → Failed to create ExtStressSolver
   × Vibe-city ported features (requires WASM build) > Resimulation buffer population > resim pass re-drains contacts into buffer 70ms
     → Failed to create ExtStressSolver
   × Vibe-city ported features (requires WASM build) > Profiler with new features > profiler still collects timing data correctly 23ms
     → Failed to create ExtStressSolver
 ❯ src/tests/rapier.island-solver-integration.test.ts (3 tests | 1 failed) 1159ms
   ✓ Island solver integration (requires WASM build) > is ON by default (with settled-skip); islandSolver:false opts out completely  699ms
   × Island solver integration (requires WASM build) > skips settled islands in the full pipeline, with the same outcome as disabled 414ms
     → expected 0 to be greater than 0
   ✓ Island solver integration (requires WASM build) > setIslandSolver drives the underlying solver flags (skip is gated by enabled) 43ms
stdout | src/tests/rapier.split-regression.test.ts > Split regression tests (requires WASM build) > skipSingleBodies: single nodes are destroyed, not stuck > single-node chunks are deactivated when skipSingleBodies is enabled
[Core] Built chunk colliders { nodeCount: 5, bondCount: 4, mappingSize: 5 }

stdout | src/tests/rapier.integration.test.ts > buildDestructibleCore integration (requires WASM build) > strong bridge survives moderate load
[Core] Built chunk colliders { nodeCount: 5, bondCount: 4, mappingSize: 5 }

stdout | src/tests/tier1-defaults.test.ts > Island-aware solve default > an idle two-tower city under the default is bit-identical to the whole-graph solve
[Core] Built chunk colliders { nodeCount: 288, bondCount: 1456, mappingSize: 288 }

 ✓ src/tests/rapier.split-regression.test.ts (6 tests) 1186ms
   ✓ Split regression tests (requires WASM build) > Performance: batched split planning > step time remains bounded when a grid collapses (many simultaneous splits)  678ms
stdout | src/tests/rapier.splashAdjacency.test.ts > splash adjacency precompute (requires WASM build) > matches an independent brute-force spatial computation
[Core] Built chunk colliders { nodeCount: 4, bondCount: 3, mappingSize: 4 }

stderr | src/tests/scenarios.fractured.test.ts > Fractured scenarios (requires three-pinata) > buildFracturedTowerScenario > produces valid scenario with small config
[AutoBonding] Failed to generate bonds Error: Cannot find module './stress_solver.cjs' imported from '/root/workspace/physx-2/blast/blast-stress-solver/src/stress.ts'
    at VitestExecutor._fetchModule (file:///root/workspace/physx-2/blast/blast-stress-solver/node_modules/vite-node/dist/client.mjs:247:19)
    at processTicksAndRejections (node:internal/process/task_queues:103:5)
    at VitestExecutor.directRequest (file:///root/workspace/physx-2/blast/blast-stress-solver/node_modules/vite-node/dist/client.mjs:268:44)
    at VitestExecutor.cachedRequest (file:///root/workspace/physx-2/blast/blast-stress-solver/node_modules/vite-node/dist/client.mjs:189:11)
    at VitestExecutor.dependencyRequest (file:///root/workspace/physx-2/blast/blast-stress-solver/node_modules/vite-node/dist/client.mjs:239:10)
    at /root/workspace/physx-2/blast/blast-stress-solver/src/stress.ts:61:36
    at loadStressSolver (/root/workspace/physx-2/blast/blast-stress-solver/src/stress.ts:228:19)
    at generateAutoBondsFromChunks (/root/workspace/physx-2/blast/blast-stress-solver/src/three/autoBonding.ts:41:21)
    at applyAutoBondingToScenario (/root/workspace/physx-2/blast/blast-stress-solver/src/three/autoBonding.ts:94:21)
    at buildScenarioFromFragmentsAsync (/root/workspace/physx-2/blast/blast-stress-solver/src/three/scenarioFromFragments.ts:161:24) {
  code: 'ERR_MODULE_NOT_FOUND',
  [cause]: Error: Failed to load url ./stress_solver.cjs (resolved id: ./stress_solver.cjs) in /root/workspace/physx-2/blast/blast-stress-solver/src/stress.ts. Does the file exist?
      at loadAndTransform (file:///root/workspace/physx-2/blast/blast-stress-solver/node_modules/vite/dist/node/chunks/config.js:23280:33)
}

stdout | src/tests/highRise.damage.rapier.test.ts > high-rise contact damage (Rapier) > gravity is stable with the damage layer enabled (no spurious destruction)
[Core] Built chunk colliders { nodeCount: 422, bondCount: 1528, mappingSize: 422 }

stdout | src/tests/rapier.splashAdjacency.test.ts > splash adjacency precompute (requires WASM build) > applies quadratic falloff and excludes self + nodes at/beyond the radius
[Core] Built chunk colliders { nodeCount: 4, bondCount: 3, mappingSize: 4 }

stdout | src/tests/rapier.splashAdjacency.test.ts > splash adjacency precompute (requires WASM build) > produces symmetric weights between mutual neighbours
[Core] Built chunk colliders { nodeCount: 4, bondCount: 3, mappingSize: 4 }

 ✓ src/tests/rapier.splashAdjacency.test.ts (3 tests) 428ms
   ✓ splash adjacency precompute (requires WASM build) > matches an independent brute-force spatial computation  344ms
 ❯ src/tests/rapier.integration.test.ts (9 tests | 1 failed) 1226ms
   ✓ buildDestructibleCore integration (requires WASM build) > creates a core with correct chunk count and API surface  442ms
   ✓ buildDestructibleCore integration (requires WASM build) > runs physics steps without crashing 82ms
   ✓ buildDestructibleCore integration (requires WASM build) > fractures bonds under sufficient gravity stress 173ms
   ✓ buildDestructibleCore integration (requires WASM build) > cutBond removes a specific bond 143ms
   ✓ buildDestructibleCore integration (requires WASM build) > damage system destroys chunks 77ms
   ✓ buildDestructibleCore integration (requires WASM build) > projectiles are spawned and cleaned up 169ms
   ✓ buildDestructibleCore integration (requires WASM build) > profiler collects timing data 60ms
   × buildDestructibleCore integration (requires WASM build) > strong bridge survives moderate load 76ms
     → expected 3 to be 4 // Object.is equality
   ✓ bridge scenario helpers (always run) > createBridgeScenario produces correct node/bond structure 2ms
 ✓ src/tests/rapier.island-solve-parity.test.ts (3 tests) 300ms
 ❯ src/tests/rapier.invariants.test.ts (2 tests | 1 failed) 1214ms
   ✓ Kinematic invariants after fracture (requires WASM build) > preserves point-velocity continuity across a cascading split  1091ms
   × Kinematic invariants after fracture (requires WASM build) > never produces NaN/Inf continuity samples under a wall collapse 121ms
     → Failed to create ExtStressSolver
stdout | src/tests/rapier.headless-scenarios.test.ts > Headless scenario tests (requires WASM build) > A. Gravity stability — structures survive under gravity > wall remains intact under gravity for 2 seconds
[Core] Built chunk colliders { nodeCount: 24, bondCount: 38, mappingSize: 24 }

stdout | src/tests/centrifugal.showcase.test.ts > centrifugal-spinner showcase: behavior (requires WASM build) > does NOT fracture the spinning beams when centrifugal is OFF
[Core] Built chunk colliders { nodeCount: 21, bondCount: 18, mappingSize: 21 }

stderr | src/tests/centrifugal.showcase.test.ts > centrifugal-spinner showcase: behavior (requires WASM build) > does NOT fracture the spinning beams when centrifugal is OFF
[Core] no supports (nodes with mass=0) found in scenario {
  nodes: [
    { centroid: [Object], mass: 1, volume: 0.216 },
    { centroid: [Object], mass: 1, volume: 0.216 },
    { centroid: [Object], mass: 1, volume: 0.216 },
    { centroid: [Object], mass: 1, volume: 0.216 },
    { centroid: [Object], mass: 1, volume: 0.216 },
    { centroid: [Object], mass: 1, volume: 0.216 },
    { centroid: [Object], mass: 1, volume: 0.216 },
    { centroid: [Object], mass: 1, volume: 0.216 },
    { centroid: [Object], mass: 1, volume: 0.216 },
    { centroid: [Object], mass: 1, volume: 0.216 },
    { centroid: [Object], mass: 1, volume: 0.216 },
    { centroid: [Object], mass: 1, volume: 0.216 },
    { centroid: [Object], mass: 1, volume: 0.216 },
    { centroid: [Object], mass: 1, volume: 0.216 },
    { centroid: [Object], mass: 1, volume: 0.216 },
    { centroid: [Object], mass: 1, volume: 0.216 },
    { centroid: [Object], mass: 1, volume: 0.216 },
    { centroid: [Object], mass: 1, volume: 0.216 },
    { centroid: [Object], mass: 1, volume: 0.216 },
    { centroid: [Object], mass: 1, volume: 0.216 },
    { centroid: [Object], mass: 1, volume: 0.216 }
  ],
  bonds: [
    {
      node0: 0,
      node1: 1,
      centroid: [Object],
      normal: [Object],
      area: 0.36
    },
    {
      node0: 1,
      node1: 2,
      centroid: [Object],
      normal: [Object],
      area: 0.36
    },
    {
      node0: 2,
      node1: 3,
      centroid: [Object],
      normal: [Object],
      area: 0.36
    },
    {
      node0: 3,
      node1: 4,
      centroid: [Object],
      normal: [Object],
      area: 0.36
    },
    {
      node0: 4,
      node1: 5,
      centroid: [Object],
      normal: [Object],
      area: 0.36
    },
    {
      node0: 5,
      node1: 6,
      centroid: [Object],
      normal: [Object],
      area: 0.36
    },
    {
      node0: 7,
      node1: 8,
      centroid: [Object],
      normal: [Object],
      area: 0.36
    },
    {
      node0: 8,
      node1: 9,
      centroid: [Object],
      normal: [Object],
      area: 0.36
    },
    {
      node0: 9,
      node1: 10,
      centroid: [Object],
      normal: [Object],
      area: 0.36
    },
    {
      node0: 10,
      node1: 11,
      centroid: [Object],
      normal: [Object],
      area: 0.36
    },
    {
      node0: 11,
      node1: 12,
      centroid: [Object],
      normal: [Object],
      area: 0.36
    },
    {
      node0: 12,
      node1: 13,
      centroid: [Object],
      normal: [Object],
      area: 0.36
    },
    {
      node0: 14,
      node1: 15,
      centroid: [Object],
      normal: [Object],
      area: 0.36
    },
    {
      node0: 15,
      node1: 16,
      centroid: [Object],
      normal: [Object],
      area: 0.36
    },
    {
      node0: 16,
      node1: 17,
      centroid: [Object],
      normal: [Object],
      area: 0.36
    },
    {
      node0: 17,
      node1: 18,
      centroid: [Object],
      normal: [Object],
      area: 0.36
    },
    {
      node0: 18,
      node1: 19,
      centroid: [Object],
      normal: [Object],
      area: 0.36
    },
    {
      node0: 19,
      node1: 20,
      centroid: [Object],
      normal: [Object],
      area: 0.36
    }
  ],
  spacing: { x: 0.6, y: 0.6, z: 0.6 }
}

stdout | src/tests/rapier.resim-continuity.test.ts > Resim continuity after fracture (requires WASM build) > keeps second-level fracture bodies continuous in a deterministic cascade
[Core] Built chunk colliders { nodeCount: 12, bondCount: 17, mappingSize: 12 }

stderr | src/tests/rapier.city-stress.test.ts > City destruction stress (requires WASM build) > runs manyIslands through the pipeline and profiles it
using deprecated parameters for the initialization function; pass a single object instead

 ✓ src/tests/stress.batchedForces.test.ts (3 tests) 257ms
 ✓ src/tests/rapier.splitPlanner.perf.test.ts (3 tests) 1228ms
   ✓ split planner: performance regression guard > shatter 1×N scales ~linearly, not cubically (the cascade cliff is gone)  339ms
   ✓ split planner: performance regression guard > is dramatically faster than the dense reference, with an identical optimum  610ms
stderr | src/tests/scenarios.fractured.test.ts > Fractured scenarios (requires three-pinata) > buildFracturedTowerScenario > emits a semantic collisionTree (building → floor → element → fragments) that partitions every node exactly once
[AutoBonding] Failed to generate bonds Error: Cannot find module './stress_solver.cjs' imported from '/root/workspace/physx-2/blast/blast-stress-solver/src/stress.ts'
    at VitestExecutor._fetchModule (file:///root/workspace/physx-2/blast/blast-stress-solver/node_modules/vite-node/dist/client.mjs:247:19)
    at processTicksAndRejections (node:internal/process/task_queues:103:5)
    at VitestExecutor.directRequest (file:///root/workspace/physx-2/blast/blast-stress-solver/node_modules/vite-node/dist/client.mjs:268:44)
    at VitestExecutor.cachedRequest (file:///root/workspace/physx-2/blast/blast-stress-solver/node_modules/vite-node/dist/client.mjs:189:11)
    at VitestExecutor.dependencyRequest (file:///root/workspace/physx-2/blast/blast-stress-solver/node_modules/vite-node/dist/client.mjs:239:10)
    at /root/workspace/physx-2/blast/blast-stress-solver/src/stress.ts:61:36
    at loadStressSolver (/root/workspace/physx-2/blast/blast-stress-solver/src/stress.ts:228:19)
    at generateAutoBondsFromChunks (/root/workspace/physx-2/blast/blast-stress-solver/src/three/autoBonding.ts:41:21)
    at applyAutoBondingToScenario (/root/workspace/physx-2/blast/blast-stress-solver/src/three/autoBonding.ts:94:21)
    at buildScenarioFromFragmentsAsync (/root/workspace/physx-2/blast/blast-stress-solver/src/three/scenarioFromFragments.ts:161:24) {
  code: 'ERR_MODULE_NOT_FOUND',
  [cause]: Error: Failed to load url ./stress_solver.cjs (resolved id: ./stress_solver.cjs) in /root/workspace/physx-2/blast/blast-stress-solver/src/stress.ts. Does the file exist?
      at loadAndTransform (file:///root/workspace/physx-2/blast/blast-stress-solver/node_modules/vite/dist/node/chunks/config.js:23280:33)
}

stdout | src/tests/rapier.resim-continuity.test.ts > Resim continuity after fracture (requires WASM build) > keeps wall fragments continuous through projectile-driven resim
[Core] Built chunk colliders { nodeCount: 30, bondCount: 49, mappingSize: 30 }

stderr | src/tests/scenarios.fractured.test.ts > Fractured scenarios (requires three-pinata) > buildFracturedTowerScenario > fragment geometries are stored in parameters
[AutoBonding] Failed to generate bonds Error: Cannot find module './stress_solver.cjs' imported from '/root/workspace/physx-2/blast/blast-stress-solver/src/stress.ts'
    at VitestExecutor._fetchModule (file:///root/workspace/physx-2/blast/blast-stress-solver/node_modules/vite-node/dist/client.mjs:247:19)
    at processTicksAndRejections (node:internal/process/task_queues:103:5)
    at VitestExecutor.directRequest (file:///root/workspace/physx-2/blast/blast-stress-solver/node_modules/vite-node/dist/client.mjs:268:44)
    at VitestExecutor.cachedRequest (file:///root/workspace/physx-2/blast/blast-stress-solver/node_modules/vite-node/dist/client.mjs:189:11)
    at VitestExecutor.dependencyRequest (file:///root/workspace/physx-2/blast/blast-stress-solver/node_modules/vite-node/dist/client.mjs:239:10)
    at /root/workspace/physx-2/blast/blast-stress-solver/src/stress.ts:61:36
    at loadStressSolver (/root/workspace/physx-2/blast/blast-stress-solver/src/stress.ts:228:19)
    at generateAutoBondsFromChunks (/root/workspace/physx-2/blast/blast-stress-solver/src/three/autoBonding.ts:41:21)
    at applyAutoBondingToScenario (/root/workspace/physx-2/blast/blast-stress-solver/src/three/autoBonding.ts:94:21)
    at buildScenarioFromFragmentsAsync (/root/workspace/physx-2/blast/blast-stress-solver/src/three/scenarioFromFragments.ts:161:24) {
  code: 'ERR_MODULE_NOT_FOUND',
  [cause]: Error: Failed to load url ./stress_solver.cjs (resolved id: ./stress_solver.cjs) in /root/workspace/physx-2/blast/blast-stress-solver/src/stress.ts. Does the file exist?
      at loadAndTransform (file:///root/workspace/physx-2/blast/blast-stress-solver/node_modules/vite/dist/node/chunks/config.js:23280:33)
}

stderr | src/tests/scenarios.fractured.test.ts > Fractured scenarios (requires three-pinata) > buildFracturedTowerScenario > bonds have type-based strength multipliers applied
[AutoBonding] Failed to generate bonds Error: Cannot find module './stress_solver.cjs' imported from '/root/workspace/physx-2/blast/blast-stress-solver/src/stress.ts'
    at VitestExecutor._fetchModule (file:///root/workspace/physx-2/blast/blast-stress-solver/node_modules/vite-node/dist/client.mjs:247:19)
    at processTicksAndRejections (node:internal/process/task_queues:103:5)
    at VitestExecutor.directRequest (file:///root/workspace/physx-2/blast/blast-stress-solver/node_modules/vite-node/dist/client.mjs:268:44)
    at VitestExecutor.cachedRequest (file:///root/workspace/physx-2/blast/blast-stress-solver/node_modules/vite-node/dist/client.mjs:189:11)
    at VitestExecutor.dependencyRequest (file:///root/workspace/physx-2/blast/blast-stress-solver/node_modules/vite-node/dist/client.mjs:239:10)
    at /root/workspace/physx-2/blast/blast-stress-solver/src/stress.ts:61:36
    at loadStressSolver (/root/workspace/physx-2/blast/blast-stress-solver/src/stress.ts:228:19)
    at generateAutoBondsFromChunks (/root/workspace/physx-2/blast/blast-stress-solver/src/three/autoBonding.ts:41:21)
    at applyAutoBondingToScenario (/root/workspace/physx-2/blast/blast-stress-solver/src/three/autoBonding.ts:94:21)
    at buildScenarioFromFragmentsAsync (/root/workspace/physx-2/blast/blast-stress-solver/src/three/scenarioFromFragments.ts:161:24) {
  code: 'ERR_MODULE_NOT_FOUND',
  [cause]: Error: Failed to load url ./stress_solver.cjs (resolved id: ./stress_solver.cjs) in /root/workspace/physx-2/blast/blast-stress-solver/src/stress.ts. Does the file exist?
      at loadAndTransform (file:///root/workspace/physx-2/blast/blast-stress-solver/node_modules/vite/dist/node/chunks/config.js:23280:33)
}

stdout | src/tests/rapier.perf.test.ts > Destruction performance benchmarks (requires WASM build) > A. Scale: Tower size progression > small tower 3x4 (~48 nodes)

========================================================================
  SCENARIO: Small tower 3x4
  Nodes: 45 | Bonds: 192 -> 191 | Setup: 291ms
  Max rigid bodies: 39 | Total frames: 360
========================================================================

  [Warmup (steady state)] 60 frames
  Phase                        Mean      P50      P95      P99      Max
  ---------------------------------------------------------------------
  totalMs                      7.03     4.21    17.72   137.85   137.85
  rapierStepMs                 1.68     0.52     5.52    30.98    30.98
  contactDrainMs               1.00     0.28     6.06     8.63     8.63
  solverUpdateMs               1.52     0.71     5.61    21.56    21.56
  fractureMs                   0.45     0.01     0.02    26.78    26.78
  fractureGenerateMs           0.03     0.00     0.00     1.56     1.56
  fractureApplyMs              0.02     0.00     0.00     1.24     1.24
  bodyCreateMs                 0.12     0.00     0.02     7.12     7.12
  colliderRebuildMs            0.26     0.01     0.02    15.52    15.52
  preStepSweepMs               0.07     0.03     0.10     2.09     2.09
  cleanupDisabledMs            0.00     0.00     0.01     0.02     0.02
  spawnMs                      0.00     0.00     0.00     0.01     0.01
  snapshotCaptureMs            0.58     0.26     3.19     4.39     4.39
  snapshotRestoreMs            0.15     0.00     0.00     9.25     9.25
  initialPassMs                4.53     2.51    11.33    66.15    66.15
  resimMs                      0.73     0.00     0.00    43.84    43.84

  [Impact (destruction)] 120 frames
  Phase                        Mean      P50      P95      P99      Max
  ---------------------------------------------------------------------
  totalMs                      1.91     0.79     6.50     9.52    11.73
  rapierStepMs                 0.68     0.19     3.90     4.28     4.28
  contactDrainMs               0.19     0.08     0.31     4.66     5.18
  solverUpdateMs               0.19     0.11     0.34     3.05     3.60
  fractureMs                   0.00     0.00     0.01     0.02     0.04
  bodyCreateMs                 0.00     0.00     0.00     0.01     0.01
  colliderRebuildMs            0.02     0.00     0.01     0.01     1.97
  preStepSweepMs               0.02     0.02     0.04     0.04     0.05
  cleanupDisabledMs            0.00     0.00     0.01     0.01     0.01
  spawnMs                      0.01     0.00     0.00     0.00     0.52
  snapshotCaptureMs            0.25     0.18     0.32     2.10     4.25
  initialPassMs                1.07     0.38     4.60     6.12     7.72

  [Post-impact (settling)] 180 frames
  Phase                        Mean      P50      P95      P99      Max
  ---------------------------------------------------------------------
  totalMs                      1.02     0.59     3.89     6.60     7.79
  rapierStepMs                 0.21     0.15     0.34     3.27     3.56
  contactDrainMs               0.15     0.06     0.14     3.84     5.91
  solverUpdateMs               0.22     0.10     0.21     4.30     7.07
  fractureMs                   0.00     0.00     0.00     0.01     0.01
  bodyCreateMs                 0.00     0.00     0.00     0.00     0.00
  colliderRebuildMs            0.00     0.00     0.01     0.01     0.02
  preStepSweepMs               0.01     0.01     0.03     0.04     0.06
  cleanupDisabledMs            0.00     0.00     0.00     0.01     0.01
  spawnMs                      0.00     0.00     0.00     0.00     0.00
  snapshotCaptureMs            0.25     0.15     0.25     3.25     4.80
  initialPassMs                0.60     0.33     3.50     6.26     7.37

  Resimulation: 1 frames had resim passes (mean 1.0, max 1)

  Body distribution (final frame): 37 bodies
    Chunks/body: min=1 max=9 avg=1.2 median=1 p95=1
    Peak: 37 bodies, largest group: 9 chunks

 ✓ src/tests/three.pinataFracture.test.ts (5 tests | 1 skipped) 482ms
stderr | src/tests/scenarios.fractured.test.ts > Fractured scenarios (requires three-pinata) > buildFracturedBridgeScenario > produces valid scenario with default config
[AutoBonding] Failed to generate bonds Error: Cannot find module './stress_solver.cjs' imported from '/root/workspace/physx-2/blast/blast-stress-solver/src/stress.ts'
    at VitestExecutor._fetchModule (file:///root/workspace/physx-2/blast/blast-stress-solver/node_modules/vite-node/dist/client.mjs:247:19)
    at processTicksAndRejections (node:internal/process/task_queues:103:5)
    at VitestExecutor.directRequest (file:///root/workspace/physx-2/blast/blast-stress-solver/node_modules/vite-node/dist/client.mjs:268:44)
    at VitestExecutor.cachedRequest (file:///root/workspace/physx-2/blast/blast-stress-solver/node_modules/vite-node/dist/client.mjs:189:11)
    at VitestExecutor.dependencyRequest (file:///root/workspace/physx-2/blast/blast-stress-solver/node_modules/vite-node/dist/client.mjs:239:10)
    at /root/workspace/physx-2/blast/blast-stress-solver/src/stress.ts:61:36
    at loadStressSolver (/root/workspace/physx-2/blast/blast-stress-solver/src/stress.ts:228:19)
    at generateAutoBondsFromChunks (/root/workspace/physx-2/blast/blast-stress-solver/src/three/autoBonding.ts:41:21)
    at applyAutoBondingToScenario (/root/workspace/physx-2/blast/blast-stress-solver/src/three/autoBonding.ts:94:21)
    at buildScenarioFromFragmentsAsync (/root/workspace/physx-2/blast/blast-stress-solver/src/three/scenarioFromFragments.ts:161:24) {
  code: 'ERR_MODULE_NOT_FOUND',
  [cause]: Error: Failed to load url ./stress_solver.cjs (resolved id: ./stress_solver.cjs) in /root/workspace/physx-2/blast/blast-stress-solver/src/stress.ts. Does the file exist?
      at loadAndTransform (file:///root/workspace/physx-2/blast/blast-stress-solver/node_modules/vite/dist/node/chunks/config.js:23280:33)
}

stderr | src/tests/scenarios.fractured.test.ts > Fractured scenarios (requires three-pinata) > buildFracturedBridgeScenario > deck fragments are positioned above posts
[AutoBonding] Failed to generate bonds Error: Cannot find module './stress_solver.cjs' imported from '/root/workspace/physx-2/blast/blast-stress-solver/src/stress.ts'
    at VitestExecutor._fetchModule (file:///root/workspace/physx-2/blast/blast-stress-solver/node_modules/vite-node/dist/client.mjs:247:19)
    at processTicksAndRejections (node:internal/process/task_queues:103:5)
    at VitestExecutor.directRequest (file:///root/workspace/physx-2/blast/blast-stress-solver/node_modules/vite-node/dist/client.mjs:268:44)
    at VitestExecutor.cachedRequest (file:///root/workspace/physx-2/blast/blast-stress-solver/node_modules/vite-node/dist/client.mjs:189:11)
    at VitestExecutor.dependencyRequest (file:///root/workspace/physx-2/blast/blast-stress-solver/node_modules/vite-node/dist/client.mjs:239:10)
    at /root/workspace/physx-2/blast/blast-stress-solver/src/stress.ts:61:36
    at loadStressSolver (/root/workspace/physx-2/blast/blast-stress-solver/src/stress.ts:228:19)
    at generateAutoBondsFromChunks (/root/workspace/physx-2/blast/blast-stress-solver/src/three/autoBonding.ts:41:21)
    at applyAutoBondingToScenario (/root/workspace/physx-2/blast/blast-stress-solver/src/three/autoBonding.ts:94:21)
    at buildScenarioFromFragmentsAsync (/root/workspace/physx-2/blast/blast-stress-solver/src/three/scenarioFromFragments.ts:161:24) {
  code: 'ERR_MODULE_NOT_FOUND',
  [cause]: Error: Failed to load url ./stress_solver.cjs (resolved id: ./stress_solver.cjs) in /root/workspace/physx-2/blast/blast-stress-solver/src/stress.ts. Does the file exist?
      at loadAndTransform (file:///root/workspace/physx-2/blast/blast-stress-solver/node_modules/vite/dist/node/chunks/config.js:23280:33)
}

stderr | src/tests/scenarios.fractured.test.ts > Fractured scenarios (requires three-pinata) > buildFracturedBridgeScenario > fragment geometries are stored in parameters
[AutoBonding] Failed to generate bonds Error: Cannot find module './stress_solver.cjs' imported from '/root/workspace/physx-2/blast/blast-stress-solver/src/stress.ts'
    at VitestExecutor._fetchModule (file:///root/workspace/physx-2/blast/blast-stress-solver/node_modules/vite-node/dist/client.mjs:247:19)
    at processTicksAndRejections (node:internal/process/task_queues:103:5)
    at VitestExecutor.directRequest (file:///root/workspace/physx-2/blast/blast-stress-solver/node_modules/vite-node/dist/client.mjs:268:44)
    at VitestExecutor.cachedRequest (file:///root/workspace/physx-2/blast/blast-stress-solver/node_modules/vite-node/dist/client.mjs:189:11)
    at VitestExecutor.dependencyRequest (file:///root/workspace/physx-2/blast/blast-stress-solver/node_modules/vite-node/dist/client.mjs:239:10)
    at /root/workspace/physx-2/blast/blast-stress-solver/src/stress.ts:61:36
    at loadStressSolver (/root/workspace/physx-2/blast/blast-stress-solver/src/stress.ts:228:19)
    at generateAutoBondsFromChunks (/root/workspace/physx-2/blast/blast-stress-solver/src/three/autoBonding.ts:41:21)
    at applyAutoBondingToScenario (/root/workspace/physx-2/blast/blast-stress-solver/src/three/autoBonding.ts:94:21)
    at buildScenarioFromFragmentsAsync (/root/workspace/physx-2/blast/blast-stress-solver/src/three/scenarioFromFragments.ts:161:24) {
  code: 'ERR_MODULE_NOT_FOUND',
  [cause]: Error: Failed to load url ./stress_solver.cjs (resolved id: ./stress_solver.cjs) in /root/workspace/physx-2/blast/blast-stress-solver/src/stress.ts. Does the file exist?
      at loadAndTransform (file:///root/workspace/physx-2/blast/blast-stress-solver/node_modules/vite/dist/node/chunks/config.js:23280:33)
}

 ✓ src/tests/scenarios.fractured.test.ts (7 tests) 1691ms
   ✓ Fractured scenarios (requires three-pinata) > buildFracturedTowerScenario > produces valid scenario with small config  822ms
 ❯ src/tests/house.collapse.test.ts (2 tests | 2 failed) 1686ms
   × house structural realism (physics) > stands under gravity: the intact roof does not collapse on its own 728ms
     → Failed to create ExtStressSolver
   × house structural realism (physics) > collapses when the structural supports are shot out (vs. drywall left intact) 502ms
     → Failed to create ExtStressSolver
stdout | src/tests/centrifugal.showcase.test.ts > centrifugal-spinner showcase: behavior (requires WASM build) > DOES fracture the spinning beams when centrifugal is ON
[Core] Built chunk colliders { nodeCount: 21, bondCount: 18, mappingSize: 21 }

stderr | src/tests/centrifugal.showcase.test.ts > centrifugal-spinner showcase: behavior (requires WASM build) > DOES fracture the spinning beams when centrifugal is ON
[Core] no supports (nodes with mass=0) found in scenario {
  nodes: [
    { centroid: [Object], mass: 1, volume: 0.216 },
    { centroid: [Object], mass: 1, volume: 0.216 },
    { centroid: [Object], mass: 1, volume: 0.216 },
    { centroid: [Object], mass: 1, volume: 0.216 },
    { centroid: [Object], mass: 1, volume: 0.216 },
    { centroid: [Object], mass: 1, volume: 0.216 },
    { centroid: [Object], mass: 1, volume: 0.216 },
    { centroid: [Object], mass: 1, volume: 0.216 },
    { centroid: [Object], mass: 1, volume: 0.216 },
    { centroid: [Object], mass: 1, volume: 0.216 },
    { centroid: [Object], mass: 1, volume: 0.216 },
    { centroid: [Object], mass: 1, volume: 0.216 },
    { centroid: [Object], mass: 1, volume: 0.216 },
    { centroid: [Object], mass: 1, volume: 0.216 },
    { centroid: [Object], mass: 1, volume: 0.216 },
    { centroid: [Object], mass: 1, volume: 0.216 },
    { centroid: [Object], mass: 1, volume: 0.216 },
    { centroid: [Object], mass: 1, volume: 0.216 },
    { centroid: [Object], mass: 1, volume: 0.216 },
    { centroid: [Object], mass: 1, volume: 0.216 },
    { centroid: [Object], mass: 1, volume: 0.216 }
  ],
  bonds: [
    {
      node0: 0,
      node1: 1,
      centroid: [Object],
      normal: [Object],
      area: 0.36
    },
    {
      node0: 1,
      node1: 2,
      centroid: [Object],
      normal: [Object],
      area: 0.36
    },
    {
      node0: 2,
      node1: 3,
      centroid: [Object],
      normal: [Object],
      area: 0.36
    },
    {
      node0: 3,
      node1: 4,
      centroid: [Object],
      normal: [Object],
      area: 0.36
    },
    {
      node0: 4,
      node1: 5,
      centroid: [Object],
      normal: [Object],
      area: 0.36
    },
    {
      node0: 5,
      node1: 6,
      centroid: [Object],
      normal: [Object],
      area: 0.36
    },
    {
      node0: 7,
      node1: 8,
      centroid: [Object],
      normal: [Object],
      area: 0.36
    },
    {
      node0: 8,
      node1: 9,
      centroid: [Object],
      normal: [Object],
      area: 0.36
    },
    {
      node0: 9,
      node1: 10,
      centroid: [Object],
      normal: [Object],
      area: 0.36
    },
    {
      node0: 10,
      node1: 11,
      centroid: [Object],
      normal: [Object],
      area: 0.36
    },
    {
      node0: 11,
      node1: 12,
      centroid: [Object],
      normal: [Object],
      area: 0.36
    },
    {
      node0: 12,
      node1: 13,
      centroid: [Object],
      normal: [Object],
      area: 0.36
    },
    {
      node0: 14,
      node1: 15,
      centroid: [Object],
      normal: [Object],
      area: 0.36
    },
    {
      node0: 15,
      node1: 16,
      centroid: [Object],
      normal: [Object],
      area: 0.36
    },
    {
      node0: 16,
      node1: 17,
      centroid: [Object],
      normal: [Object],
      area: 0.36
    },
    {
      node0: 17,
      node1: 18,
      centroid: [Object],
      normal: [Object],
      area: 0.36
    },
    {
      node0: 18,
      node1: 19,
      centroid: [Object],
      normal: [Object],
      area: 0.36
    },
    {
      node0: 19,
      node1: 20,
      centroid: [Object],
      normal: [Object],
      area: 0.36
    }
  ],
  spacing: { x: 0.6, y: 0.6, z: 0.6 }
}

 ✓ src/tests/authoring.three.test.ts (4 tests) 399ms
stdout | src/tests/rapier.perf.test.ts > Destruction performance benchmarks (requires WASM build) > A. Scale: Tower size progression > medium tower 6x12 (~432 nodes)
[Core] Built chunk colliders { nodeCount: 468, bondCount: 2652, mappingSize: 468 }

stdout | src/tests/rapier.headless-scenarios.test.ts > Headless scenario tests (requires WASM build) > A. Gravity stability — structures survive under gravity > tower remains intact under gravity for 2 seconds
[Core] Built chunk colliders { nodeCount: 45, bondCount: 192, mappingSize: 45 }

 ✓ src/tests/kernels.proptest.test.ts (2 tests) 306ms
stdout | src/tests/rapier.city-stress.test.ts > City destruction stress (requires WASM build) > runs manyIslands through the pipeline and profiles it
[Core] Built chunk colliders { nodeCount: 1944, bondCount: 8532, mappingSize: 1944 }

 ❯ src/tests/rapier.resim-continuity.test.ts (4 tests | 1 failed) 1839ms
   ✓ Resim continuity after fracture (requires WASM build) > defaults to the per-body rollback path  1386ms
   ✓ Resim continuity after fracture (requires WASM build) > keeps second-level fracture bodies continuous in a deterministic cascade 128ms
   ✓ Resim continuity after fracture (requires WASM build) > keeps wall fragments continuous through projectile-driven resim 272ms
   × Resim continuity after fracture (requires WASM build) > keeps bridge fragments continuous through side-impact resim 51ms
     → Failed to create ExtStressSolver
 ✓ src/tests/authoring.triangles.test.ts (8 tests) 542ms
 ✓ src/tests/rapier.island-identity.test.ts (2 tests) 167ms
stdout | src/tests/centrifugal.showcase.test.ts > centrifugal-spinner showcase: behavior (requires WASM build) > fractures with centrifugal ON but stays intact with it OFF (same scene, same spin)
[Core] Built chunk colliders { nodeCount: 21, bondCount: 18, mappingSize: 21 }

stderr | src/tests/centrifugal.showcase.test.ts > centrifugal-spinner showcase: behavior (requires WASM build) > fractures with centrifugal ON but stays intact with it OFF (same scene, same spin)
[Core] no supports (nodes with mass=0) found in scenario {
  nodes: [
    { centroid: [Object], mass: 1, volume: 0.216 },
    { centroid: [Object], mass: 1, volume: 0.216 },
    { centroid: [Object], mass: 1, volume: 0.216 },
    { centroid: [Object], mass: 1, volume: 0.216 },
    { centroid: [Object], mass: 1, volume: 0.216 },
    { centroid: [Object], mass: 1, volume: 0.216 },
    { centroid: [Object], mass: 1, volume: 0.216 },
    { centroid: [Object], mass: 1, volume: 0.216 },
    { centroid: [Object], mass: 1, volume: 0.216 },
    { centroid: [Object], mass: 1, volume: 0.216 },
    { centroid: [Object], mass: 1, volume: 0.216 },
    { centroid: [Object], mass: 1, volume: 0.216 },
    { centroid: [Object], mass: 1, volume: 0.216 },
    { centroid: [Object], mass: 1, volume: 0.216 },
    { centroid: [Object], mass: 1, volume: 0.216 },
    { centroid: [Object], mass: 1, volume: 0.216 },
    { centroid: [Object], mass: 1, volume: 0.216 },
    { centroid: [Object], mass: 1, volume: 0.216 },
    { centroid: [Object], mass: 1, volume: 0.216 },
    { centroid: [Object], mass: 1, volume: 0.216 },
    { centroid: [Object], mass: 1, volume: 0.216 }
  ],
  bonds: [
    {
      node0: 0,
      node1: 1,
      centroid: [Object],
      normal: [Object],
      area: 0.36
    },
    {
      node0: 1,
      node1: 2,
      centroid: [Object],
      normal: [Object],
      area: 0.36
    },
    {
      node0: 2,
      node1: 3,
      centroid: [Object],
      normal: [Object],
      area: 0.36
    },
    {
      node0: 3,
      node1: 4,
      centroid: [Object],
      normal: [Object],
      area: 0.36
    },
    {
      node0: 4,
      node1: 5,
      centroid: [Object],
      normal: [Object],
      area: 0.36
    },
    {
      node0: 5,
      node1: 6,
      centroid: [Object],
      normal: [Object],
      area: 0.36
    },
    {
      node0: 7,
      node1: 8,
      centroid: [Object],
      normal: [Object],
      area: 0.36
    },
    {
      node0: 8,
      node1: 9,
      centroid: [Object],
      normal: [Object],
      area: 0.36
    },
    {
      node0: 9,
      node1: 10,
      centroid: [Object],
      normal: [Object],
      area: 0.36
    },
    {
      node0: 10,
      node1: 11,
      centroid: [Object],
      normal: [Object],
      area: 0.36
    },
    {
      node0: 11,
      node1: 12,
      centroid: [Object],
      normal: [Object],
      area: 0.36
    },
    {
      node0: 12,
      node1: 13,
      centroid: [Object],
      normal: [Object],
      area: 0.36
    },
    {
      node0: 14,
      node1: 15,
      centroid: [Object],
      normal: [Object],
      area: 0.36
    },
    {
      node0: 15,
      node1: 16,
      centroid: [Object],
      normal: [Object],
      area: 0.36
    },
    {
      node0: 16,
      node1: 17,
      centroid: [Object],
      normal: [Object],
      area: 0.36
    },
    {
      node0: 17,
      node1: 18,
      centroid: [Object],
      normal: [Object],
      area: 0.36
    },
    {
      node0: 18,
      node1: 19,
      centroid: [Object],
      normal: [Object],
      area: 0.36
    },
    {
      node0: 19,
      node1: 20,
      centroid: [Object],
      normal: [Object],
      area: 0.36
    }
  ],
  spacing: { x: 0.6, y: 0.6, z: 0.6 }
}

stderr | src/tests/centrifugal.showcase.test.ts > centrifugal-spinner showcase: behavior (requires WASM build) > fractures with centrifugal ON but stays intact with it OFF (same scene, same spin)
[Core] no supports (nodes with mass=0) found in scenario {
  nodes: [
    { centroid: [Object], mass: 1, volume: 0.216 },
    { centroid: [Object], mass: 1, volume: 0.216 },
    { centroid: [Object], mass: 1, volume: 0.216 },
    { centroid: [Object], mass: 1, volume: 0.216 },
    { centroid: [Object], mass: 1, volume: 0.216 },
    { centroid: [Object], mass: 1, volume: 0.216 },
    { centroid: [Object], mass: 1, volume: 0.216 },
    { centroid: [Object], mass: 1, volume: 0.216 },
    { centroid: [Object], mass: 1, volume: 0.216 },
    { centroid: [Object], mass: 1, volume: 0.216 },
    { centroid: [Object], mass: 1, volume: 0.216 },
    { centroid: [Object], mass: 1, volume: 0.216 },
    { centroid: [Object], mass: 1, volume: 0.216 },
    { centroid: [Object], mass: 1, volume: 0.216 },
    { centroid: [Object], mass: 1, volume: 0.216 },
    { centroid: [Object], mass: 1, volume: 0.216 },
    { centroid: [Object], mass: 1, volume: 0.216 },
    { centroid: [Object], mass: 1, volume: 0.216 },
    { centroid: [Object], mass: 1, volume: 0.216 },
    { centroid: [Object], mass: 1, volume: 0.216 },
    { centroid: [Object], mass: 1, volume: 0.216 }
  ],
  bonds: [
    {
      node0: 0,
      node1: 1,
      centroid: [Object],
      normal: [Object],
      area: 0.36
    },
    {
      node0: 1,
      node1: 2,
      centroid: [Object],
      normal: [Object],
      area: 0.36
    },
    {
      node0: 2,
      node1: 3,
      centroid: [Object],
      normal: [Object],
      area: 0.36
    },
    {
      node0: 3,
      node1: 4,
      centroid: [Object],
      normal: [Object],
      area: 0.36
    },
    {
      node0: 4,
      node1: 5,
      centroid: [Object],
      normal: [Object],
      area: 0.36
    },
    {
      node0: 5,
      node1: 6,
      centroid: [Object],
      normal: [Object],
      area: 0.36
    },
    {
      node0: 7,
      node1: 8,
      centroid: [Object],
      normal: [Object],
      area: 0.36
    },
    {
      node0: 8,
      node1: 9,
      centroid: [Object],
      normal: [Object],
      area: 0.36
    },
    {
      node0: 9,
      node1: 10,
      centroid: [Object],
      normal: [Object],
      area: 0.36
    },
    {
      node0: 10,
      node1: 11,
      centroid: [Object],
      normal: [Object],
      area: 0.36
    },
    {
      node0: 11,
      node1: 12,
      centroid: [Object],
      normal: [Object],
      area: 0.36
    },
    {
      node0: 12,
      node1: 13,
      centroid: [Object],
      normal: [Object],
      area: 0.36
    },
    {
      node0: 14,
      node1: 15,
      centroid: [Object],
      normal: [Object],
      area: 0.36
    },
    {
      node0: 15,
      node1: 16,
      centroid: [Object],
      normal: [Object],
      area: 0.36
    },
    {
      node0: 16,
      node1: 17,
      centroid: [Object],
      normal: [Object],
      area: 0.36
    },
    {
      node0: 17,
      node1: 18,
      centroid: [Object],
      normal: [Object],
      area: 0.36
    },
    {
      node0: 18,
      node1: 19,
      centroid: [Object],
      normal: [Object],
      area: 0.36
    },
    {
      node0: 19,
      node1: 20,
      centroid: [Object],
      normal: [Object],
      area: 0.36
    }
  ],
  spacing: { x: 0.6, y: 0.6, z: 0.6 }
}

stdout | src/tests/centrifugal.showcase.test.ts > centrifugal-spinner showcase: behavior (requires WASM build) > fractures with centrifugal ON but stays intact with it OFF (same scene, same spin)
[Core] Built chunk colliders { nodeCount: 21, bondCount: 18, mappingSize: 21 }

 ✓ src/tests/bondStress.parity.test.ts (9 tests) 125ms
 ✓ src/tests/rapier.splitMigrator.equivalence.test.ts (10 tests) 567ms
   ✓ split planner: core assignment (dynamic bodies) > 400 randomized fractures: planner == reference == brute optimum, deterministic  309ms
stderr | src/tests/rapier.splitVelocity.mechanism.test.ts
using deprecated parameters for the initialization function; pass a single object instead

 ✓ src/tests/centrifugal.showcase.test.ts (4 tests) 1303ms
   ✓ centrifugal-spinner showcase: behavior (requires WASM build) > does NOT fracture the spinning beams when centrifugal is OFF  532ms
   ✓ centrifugal-spinner showcase: behavior (requires WASM build) > DOES fracture the spinning beams when centrifugal is ON  302ms
 ✓ src/tests/rapier.sessionRecorder.test.ts (12 tests) 75ms
 ✓ src/tests/rapier.splitVelocity.mechanism.test.ts (5 tests) 103ms
stderr | src/tests/rapier.collisionGroups.test.ts
using deprecated parameters for the initialization function; pass a single object instead

stderr | src/tests/rapier.contactStability.mechanism.test.ts
using deprecated parameters for the initialization function; pass a single object instead

stdout | src/tests/rapier.headless-scenarios.test.ts > Headless scenario tests (requires WASM build) > B. Weak material collapses under gravity > wall with very weak bonds fractures under gravity
[Core] Built chunk colliders { nodeCount: 24, bondCount: 38, mappingSize: 24 }

 ✓ src/tests/intact-proxy.test.ts (8 tests) 11ms
 ✓ src/tests/rapier.collisionGroups.test.ts (7 tests) 157ms
 ✓ src/tests/rapier.contactStability.mechanism.test.ts (3 tests) 140ms
 ✓ src/tests/rapier.recordingOverlay.test.ts (3 tests) 17ms
 ✓ src/tests/scenePack.conformance.test.ts (6 tests) 31ms
stdout | src/tests/rapier.headless-scenarios.test.ts > Headless scenario tests (requires WASM build) > B. Weak material collapses under gravity > tower with very weak bonds fractures under gravity
[Core] Built chunk colliders { nodeCount: 45, bondCount: 192, mappingSize: 45 }

 ✓ src/tests/buildingIntact.test.ts (5 tests) 4ms
 ✓ src/tests/three.foundation.test.ts (9 tests) 10ms
 ✓ src/tests/three.scenarioFromFragments.test.ts (10 tests) 28ms
stdout | src/tests/rapier.fixed-step.integration.test.ts > Fixed-step loop × destructible core > the interpolated view stays between the last two physics states (no overshoot)
[Core] Built chunk colliders { nodeCount: 144, bondCount: 728, mappingSize: 144 }

 ✓ src/tests/recordingAnalysis.test.ts (12 tests) 45ms
 ✓ src/tests/rapier.splitMigrator.test.ts (5 tests) 15ms
 ✓ src/tests/stressLimits.boundary.test.ts (4 tests) 8ms
stdout | src/tests/rapier.headless-scenarios.test.ts > Headless scenario tests (requires WASM build) > B. Weak material collapses under gravity > detached blocks collide with each other (no interpenetration)
[Core] Built chunk colliders { nodeCount: 16, bondCount: 24, mappingSize: 16 }

 ✓ src/tests/rapier.frameProfiler.test.ts (15 tests) 27ms
 ✓ src/tests/three.adapter.test.ts (18 tests) 38ms
 ✓ src/tests/three.geometryUtils.test.ts (8 tests) 20ms
 ✓ src/tests/rapier.fixed-step.integration.test.ts (2 tests) 2612ms
   ✓ Fixed-step loop × destructible core > driver ticks are bit-identical to direct stepping, including through an impact  2374ms
stdout | src/tests/rapier.resim-perf.test.ts > Resim / rapier perf levers (requires WASM build) > A. Output-equivalence harness — trusted safety net > positive control: identical scenario + inputs → ZERO divergence (determinism)
[Core] Built chunk colliders { nodeCount: 275, bondCount: 1490, mappingSize: 275 }

stdout | src/tests/rapier.headless-scenarios.test.ts > Headless scenario tests (requires WASM build) > B. Weak material collapses under gravity > projectile-fractured blocks collide with each other (no interpenetration)
[Core] Built chunk colliders { nodeCount: 24, bondCount: 38, mappingSize: 24 }

 ✓ src/tests/highRise.scenario.test.ts (7 tests) 30ms
 ✓ src/tests/three.fracture.test.ts (16 tests) 22ms
 ✓ src/tests/rapier.contactBuffer.test.ts (14 tests) 16ms
 ✓ src/tests/rapier.frameProfilerOverlay.test.ts (7 tests) 24ms
stdout | src/tests/rapier.lazy-colliders.test.ts > Lazy intact colliders > an impact explodes only the approached building; far buildings stay dormant; topology matches eager
[Core] Built chunk colliders { nodeCount: 432, bondCount: 2184, mappingSize: 432 }

 ✓ src/tests/fixedStepLoop.test.ts (13 tests) 26ms
 ✓ src/tests/rapier.damage.test.ts (10 tests) 11ms
stdout | src/tests/rapier.lazy-colliders.test.ts > Lazy intact colliders > an impact explodes only the approached building; far buildings stay dormant; topology matches eager
[Core] Built chunk colliders { nodeCount: 432, bondCount: 2184, mappingSize: 432 }

stdout | src/tests/rapier.headless-scenarios.test.ts > Headless scenario tests (requires WASM build) > B. Weak material collapses under gravity > projectile-fractured blocks collide with each other (no interpenetration)
After projectile: 18 distinct bodies, 18 dynamic chunks, 37/38 bonds
Total overlapping pairs: 0

 ✓ src/tests/rapier.scenario.test.ts (3 tests) 10ms
stdout | src/tests/rapier.headless-scenarios.test.ts > Headless scenario tests (requires WASM build) > C. Projectile collision and bond breaking > projectile breaks wall bonds on impact
[Core] Built chunk colliders { nodeCount: 24, bondCount: 38, mappingSize: 24 }

stdout | src/tests/tier1-defaults.test.ts > Island-aware solve default > fracturing still works under the default (impact breaks bodies off)
[Core] Built chunk colliders { nodeCount: 144, bondCount: 728, mappingSize: 144 }

 ✓ src/tests/three.bundle.test.ts (4 tests) 6ms
 ✓ src/tests/rapier.contactHelpers.test.ts (21 tests) 8ms
 ✓ src/tests/damage.invariants.test.ts (6 tests) 6ms
stdout | src/tests/recording.minicity.regression.test.ts > mini-city recording — bottleneck regression > prints the full bottleneck report (visible with --reporter=verbose)

══════════════════════════════════════════════════════════════════════════════
  SESSION RECORDING ANALYSIS  —  mini-city
══════════════════════════════════════════════════════════════════════════════
  Frames: 709   Duration: 18.0s   Capture FPS: 39.4
  Scene: bodies 0→1329 (rigid 2→1355), bonds 15983→19406, islands 25→320

  Frame time: mean 19.48ms  p95 42.47ms  max 183.63ms
  Budget (16.67ms): 51% miss 60 FPS, 24% miss 30 FPS
  Worst frame #90: 183.6ms (colliderRebuildMs, 49 bodies, 1 resim)

  PHASE BREAKDOWN (mean ms, share of frame)                 
  phase                       mean     p95      max    share
  ────────────────────────────────────────────────────────
  initialPassMs           10.709  20.180    22.44    55.0%
  rapierStepMs             8.884  21.890    25.35    45.6%
  solverUpdateMs           5.500  11.615    13.27    28.2%
  resimMs                  5.428  18.025    24.61    27.9%
   └ solverSolveMs           3.662   6.975     7.64    18.8%
   └ solverContactInjectMs   1.453   4.260     5.07     7.5%
  contactDrainMs           0.964   2.550     5.70     4.9%
  snapshotCaptureMs        0.767   1.840     3.01     3.9%
   └ contactInjectSubmitMs   0.626   1.895     2.28     3.2%
   └ contactInjectResolveMs   0.547   1.495     2.31     2.8%
  colliderRebuildMs        0.485   1.020   149.49     2.5%
   └ solverGravityInjectMs   0.374   1.030     2.01     1.9%
  rebuildColliderMapMs     0.349   1.115     2.18     1.8%
  fractureMs               0.315   0.725     2.44     1.6%
   └ contactInjectSplashMs   0.279   0.830     1.43     1.4%
  snapshotRestoreMs        0.221   0.720     6.78     1.1%
   └ fractureGenerateMs      0.213   0.395     0.46     1.1%
  preStepSweepMs           0.085   0.175     0.49     0.4%
  splitPlannerMs           0.034   0.130     0.98     0.2%
  bodyCreateMs             0.030   0.095     1.46     0.2%
   └ fractureApplyMs         0.025   0.070     0.36     0.1%
  cleanupDisabledMs        0.009   0.030     0.18     0.0%
  projectileCleanupMs      0.002   0.005     0.01     0.0%
  externalForceMs          0.002   0.005     0.01     0.0%
  spawnMs                  0.001   0.005     0.15     0.0%
  ────────────────────────────────────────────────────────
  leaf sum (attributed)   17.644        (unaccounted 1.84ms)

  BODY-COUNT SCALING (ms added per 100 rigid bodies)
  totalMs              2.477 ms/100  (intercept 2.94ms, R²=0.59)
  rapierStepMs         1.394 ms/100  (intercept -0.42ms, R²=0.81)
  solverUpdateMs       0.708 ms/100  (intercept 0.77ms, R²=0.70)
  solverSolveMs        0.379 ms/100  (intercept 1.13ms, R²=0.55)

  RESIMULATION (rollback + re-step on fracture)
  284/709 frames ran a resim pass (40%)
  resim wall-clock share: 27.9%   mean resim pass: 13.55ms
  body-matched: a resim frame costs +15.43ms (2.27× a comparable non-resim frame)

  ONE-TIME HITCHES (spike ≫ field p95)
  frame #  90  totalMs              183.6ms  (4× its 42.47ms p95)
  frame #  90  colliderRebuildMs    149.5ms  (147× its 1.02ms p95)
══════════════════════════════════════════════════════════════════════════════

 ✓ src/tests/recording.minicity.regression.test.ts (8 tests) 7ms
stdout | src/tests/rapier.headless-scenarios.test.ts > Headless scenario tests (requires WASM build) > C. Projectile collision and bond breaking > projectile breaks tower bonds on impact
[Core] Built chunk colliders { nodeCount: 45, bondCount: 192, mappingSize: 45 }

 ✓ src/tests/house.scenario.test.ts (14 tests) 11ms
stdout | src/tests/house.overlap.test.ts > house geometry has no overlapping chunks > reports any interpenetrating chunk pairs
[overlaps] 0 pairs > 0.03 m. By type: {}

 ✓ src/tests/house.overlap.test.ts (1 test) 3ms
stdout | src/tests/tier1-defaults.test.ts > Lazy intact colliders safety rails > is forced OFF for a free-floating scenario (dynamic root), even when requested
[Core] Built chunk colliders { nodeCount: 2, bondCount: 1, mappingSize: 2 }

stderr | src/tests/tier1-defaults.test.ts > Lazy intact colliders safety rails > is forced OFF for a free-floating scenario (dynamic root), even when requested
[Core] no supports (nodes with mass=0) found in scenario {
  nodes: [
    { centroid: [Object], mass: 10, volume: 1 },
    { centroid: [Object], mass: 10, volume: 1 }
  ],
  bonds: [
    {
      node0: 0,
      node1: 1,
      centroid: [Object],
      normal: [Object],
      area: 1
    }
  ],
  parameters: {}
}
[Core] lazyIntactColliders requires an anchored scenario (supports); using eager colliders

stderr | src/tests/tier1-defaults.test.ts > Lazy intact colliders safety rails > is forced OFF for a free-floating scenario (dynamic root), even when requested
[Core] lazyIntactColliders requires an anchored scenario (supports); ignoring enable

stdout | src/tests/rapier.headless-scenarios.test.ts > Headless scenario tests (requires WASM build) > C. Projectile collision and bond breaking > projectile is spawned and enqueued correctly
[Core] Built chunk colliders { nodeCount: 24, bondCount: 38, mappingSize: 24 }

stdout | src/tests/tier1-defaults.test.ts > Lazy intact colliders safety rails > an EXTERNAL body (e.g. a vehicle) wakes a dormant building and collides identically to eager
[Core] Built chunk colliders { nodeCount: 288, bondCount: 1456, mappingSize: 288 }

stdout | src/tests/rapier.headless-scenarios.test.ts > Headless scenario tests (requires WASM build) > D. Material strength determines breakage > stronger material loses fewer bonds than weaker material
[Core] Built chunk colliders { nodeCount: 24, bondCount: 38, mappingSize: 24 }

stdout | src/tests/tier1-defaults.test.ts > Lazy intact colliders safety rails > an EXTERNAL body (e.g. a vehicle) wakes a dormant building and collides identically to eager
[Core] Built chunk colliders { nodeCount: 288, bondCount: 1456, mappingSize: 288 }

stdout | src/tests/rapier.resim-perf.test.ts > Resim / rapier perf levers (requires WASM build) > A. Output-equivalence harness — trusted safety net > negative control: a different impact → LARGE divergence (harness is sensitive)
[Core] Built chunk colliders { nodeCount: 275, bondCount: 1490, mappingSize: 275 }

stdout | src/tests/rapier.headless-scenarios.test.ts > Headless scenario tests (requires WASM build) > D. Material strength determines breakage > stronger material loses fewer bonds than weaker material
[Core] Built chunk colliders { nodeCount: 24, bondCount: 38, mappingSize: 24 }

stdout | src/tests/rapier.headless-scenarios.test.ts > Headless scenario tests (requires WASM build) > D. Material strength determines breakage > very strong material resists projectile impact
[Core] Built chunk colliders { nodeCount: 24, bondCount: 38, mappingSize: 24 }

stdout | src/tests/rapier.headless-scenarios.test.ts > Headless scenario tests (requires WASM build) > D. Material strength determines breakage > monotonically: weaker material = more breakage
[Core] Built chunk colliders { nodeCount: 24, bondCount: 38, mappingSize: 24 }

stdout | src/tests/rapier.headless-scenarios.test.ts > Headless scenario tests (requires WASM build) > D. Material strength determines breakage > monotonically: weaker material = more breakage
[Core] Built chunk colliders { nodeCount: 24, bondCount: 38, mappingSize: 24 }

stdout | src/tests/house.fracture.perf.test.ts > fractured house performance > keeps the piece count sane and the step time reasonable
[pieces] plain=788 nodes/3216 bonds · fractured=791 nodes/2152 bonds (1.0x)

stderr | src/tests/house.fracture.perf.test.ts > fractured house performance > keeps the piece count sane and the step time reasonable
using deprecated parameters for the initialization function; pass a single object instead

stdout | src/tests/rapier.headless-scenarios.test.ts > Headless scenario tests (requires WASM build) > D. Material strength determines breakage > monotonically: weaker material = more breakage
[Core] Built chunk colliders { nodeCount: 24, bondCount: 38, mappingSize: 24 }

stdout | src/tests/house.fracture.perf.test.ts > fractured house performance > keeps the piece count sane and the step time reasonable
[Core] Built chunk colliders { nodeCount: 791, bondCount: 2152, mappingSize: 791 }

stdout | src/tests/rapier.headless-scenarios.test.ts > Headless scenario tests (requires WASM build) > E. Catastrophic vs partial damage > light projectile causes partial damage (>50% bonds survive)
[Core] Built chunk colliders { nodeCount: 24, bondCount: 38, mappingSize: 24 }

stdout | src/tests/rapier.headless-scenarios.test.ts > Headless scenario tests (requires WASM build) > E. Catastrophic vs partial damage > heavy damage causes catastrophic bond loss (<50% bonds survive)
[Core] Built chunk colliders { nodeCount: 24, bondCount: 38, mappingSize: 24 }

stdout | src/tests/rapier.resim-perf.test.ts > Resim / rapier perf levers (requires WASM build) > A. Output-equivalence harness — trusted safety net > negative control: a different impact → LARGE divergence (harness is sensitive)
[Core] Built chunk colliders { nodeCount: 275, bondCount: 1490, mappingSize: 275 }

stdout | src/tests/rapier.headless-scenarios.test.ts > Headless scenario tests (requires WASM build) > F. Damage system toggle > with damage enabled, onNodeDestroyed fires on heavy impact
[Core] Built chunk colliders { nodeCount: 24, bondCount: 38, mappingSize: 24 }

stdout | src/tests/rapier.headless-scenarios.test.ts > Headless scenario tests (requires WASM build) > F. Damage system toggle > with damage disabled, onNodeDestroyed never fires
[Core] Built chunk colliders { nodeCount: 24, bondCount: 38, mappingSize: 24 }

 ❯ src/tests/highRise.rapier.test.ts (1 test | 1 failed) 3236ms
   × high-rise (Rapier) > stays stable under gravity (no fracture, no slide) 3232ms
     → expected 5.849721650807368 to be less than 0.5
stdout | src/tests/rapier.headless-scenarios.test.ts > Headless scenario tests (requires WASM build) > F. Damage system toggle > getNodeHealth returns health data when damage is enabled
[Core] Built chunk colliders { nodeCount: 24, bondCount: 38, mappingSize: 24 }

stdout | src/tests/rapier.headless-scenarios.test.ts > Headless scenario tests (requires WASM build) > F. Damage system toggle > applyNodeDamage destroys a node
[Core] Built chunk colliders { nodeCount: 24, bondCount: 38, mappingSize: 24 }

stdout | src/tests/rapier.headless-scenarios.test.ts > Headless scenario tests (requires WASM build) > G. Projectile parameter sweep > heavier/faster projectiles break more bonds
[Core] Built chunk colliders { nodeCount: 24, bondCount: 38, mappingSize: 24 }

stdout | src/tests/rapier.headless-scenarios.test.ts > Headless scenario tests (requires WASM build) > G. Projectile parameter sweep > heavier/faster projectiles break more bonds
[Core] Built chunk colliders { nodeCount: 24, bondCount: 38, mappingSize: 24 }

stdout | src/tests/rapier.headless-scenarios.test.ts > Headless scenario tests (requires WASM build) > G. Projectile parameter sweep > heavier/faster projectiles break more bonds
[Core] Built chunk colliders { nodeCount: 24, bondCount: 38, mappingSize: 24 }

stdout | src/tests/rapier.headless-scenarios.test.ts > Headless scenario tests (requires WASM build) > G. Projectile parameter sweep > heavier/faster projectiles break more bonds
[Core] Built chunk colliders { nodeCount: 24, bondCount: 38, mappingSize: 24 }

stdout | src/tests/rapier.headless-scenarios.test.ts > Headless scenario tests (requires WASM build) > H. Bond inspection and manual cut > getNodeBonds returns correct bonds for interior node
[Core] Built chunk colliders { nodeCount: 12, bondCount: 17, mappingSize: 12 }

stdout | src/tests/rapier.headless-scenarios.test.ts > Headless scenario tests (requires WASM build) > H. Bond inspection and manual cut > cutBond removes exactly one bond
[Core] Built chunk colliders { nodeCount: 24, bondCount: 38, mappingSize: 24 }

stdout | src/tests/rapier.headless-scenarios.test.ts > Headless scenario tests (requires WASM build) > H. Bond inspection and manual cut > cutNodeBonds removes all bonds for a node
[Core] Built chunk colliders { nodeCount: 24, bondCount: 38, mappingSize: 24 }

stdout | src/tests/rapier.headless-scenarios.test.ts > Headless scenario tests (requires WASM build) > I. Structure-specific behavior > bridge: cutting midspan bonds severs the structure
[Core] Built chunk colliders { nodeCount: 60, bondCount: 99, mappingSize: 60 }

stdout | src/tests/rapier.resim-perf.test.ts > Resim / rapier perf levers (requires WASM build) > A. Output-equivalence harness — trusted safety net > profiler attachment does not perturb the simulation output
[Core] Built chunk colliders { nodeCount: 275, bondCount: 1490, mappingSize: 275 }

stdout | src/tests/rapier.lazy-colliders.test.ts > Lazy intact colliders > a rigid-material impact (production regime) is bit-identical to the eager world
[Core] Built chunk colliders { nodeCount: 288, bondCount: 1456, mappingSize: 288 }

stdout | src/tests/rapier.lazy-colliders.test.ts > Lazy intact colliders > a rigid-material impact (production regime) is bit-identical to the eager world
[Core] Built chunk colliders { nodeCount: 288, bondCount: 1456, mappingSize: 288 }

stdout | src/tests/rapier.headless-scenarios.test.ts > Headless scenario tests (requires WASM build) > I. Structure-specific behavior > tower: projectile at base causes more damage than at top
[Core] Built chunk colliders { nodeCount: 45, bondCount: 192, mappingSize: 45 }

 ❯ src/tests/tier1-defaults.test.ts (5 tests | 2 failed) 4002ms
   ✓ Island-aware solve default > is ON (with settled-skip) by default, and the option opts out  1008ms
   × Island-aware solve default > an idle two-tower city under the default is bit-identical to the whole-graph solve 1841ms
     → expected 0.28151628591407835 to be +0 // Object.is equality
   ✓ Island-aware solve default > fracturing still works under the default (impact breaks bodies off) 276ms
   ✓ Lazy intact colliders safety rails > is forced OFF for a free-floating scenario (dynamic root), even when requested 12ms
   × Lazy intact colliders safety rails > an EXTERNAL body (e.g. a vehicle) wakes a dormant building and collides identically to eager 863ms
     → expected 0.22595417499542236 to be less than 0.000001
stdout | src/tests/rapier.headless-scenarios.test.ts > Headless scenario tests (requires WASM build) > I. Structure-specific behavior > tower: projectile at base causes more damage than at top
[Core] Built chunk colliders { nodeCount: 45, bondCount: 192, mappingSize: 45 }

stdout | src/tests/rapier.resim-perf.test.ts > Resim / rapier perf levers (requires WASM build) > A. Output-equivalence harness — trusted safety net > profiler attachment does not perturb the simulation output
[Core] Built chunk colliders { nodeCount: 275, bondCount: 1490, mappingSize: 275 }

stdout | src/tests/rapier.headless-scenarios.test.ts > Headless scenario tests (requires WASM build) > I. Structure-specific behavior > wall: cutting central bonds creates localized hole
[Core] Built chunk colliders { nodeCount: 40, bondCount: 67, mappingSize: 40 }

stdout | src/tests/rapier.headless-scenarios.test.ts > Headless scenario tests (requires WASM build) > J. Determinism > two identical runs produce identical bond counts
[Core] Built chunk colliders { nodeCount: 24, bondCount: 38, mappingSize: 24 }

stdout | src/tests/rapier.headless-scenarios.test.ts > Headless scenario tests (requires WASM build) > J. Determinism > two identical runs produce identical bond counts
[Core] Built chunk colliders { nodeCount: 24, bondCount: 38, mappingSize: 24 }

stdout | src/tests/highRise.damage.rapier.test.ts > high-rise contact damage (Rapier) > a wrecking ball punches a LOCAL hole and the building stays standing
[Core] Built chunk colliders { nodeCount: 422, bondCount: 1528, mappingSize: 422 }

stdout | src/tests/rapier.headless-scenarios.test.ts > Headless scenario tests (requires WASM build) > L. API surface and lifecycle > core has expected API methods
[Core] Built chunk colliders { nodeCount: 24, bondCount: 38, mappingSize: 24 }

stdout | src/tests/rapier.headless-scenarios.test.ts > Headless scenario tests (requires WASM build) > L. API surface and lifecycle > profiler collects timing data
[Core] Built chunk colliders { nodeCount: 24, bondCount: 38, mappingSize: 24 }

stdout | src/tests/rapier.headless-scenarios.test.ts > Headless scenario tests (requires WASM build) > L. API surface and lifecycle > getRigidBodyCount reports the intact root-body setup
[Core] Built chunk colliders { nodeCount: 24, bondCount: 38, mappingSize: 24 }

stdout | src/tests/rapier.headless-scenarios.test.ts > Headless scenario tests (requires WASM build) > L. API surface and lifecycle > setGravity changes gravity mid-simulation
[Core] Built chunk colliders { nodeCount: 24, bondCount: 38, mappingSize: 24 }

stdout | src/tests/rapier.headless-scenarios.test.ts > Headless scenario tests (requires WASM build) > M. Correctness invariants (destruction pipeline) > destroyed nodes have their bonds removed from the solver
[Core] Built chunk colliders { nodeCount: 45, bondCount: 192, mappingSize: 45 }

stdout | src/tests/rapier.resim-perf.test.ts > Resim / rapier perf levers (requires WASM build) > A. Output-equivalence harness — trusted safety net > deferRedundantResimSnapshot optimization is output-neutral AND cheaper
[Core] Built chunk colliders { nodeCount: 468, bondCount: 2652, mappingSize: 468 }

stdout | src/tests/rapier.lazy-colliders.test.ts > Lazy intact colliders > toggling the flag off materializes every building (and on disables them again)
[Core] Built chunk colliders { nodeCount: 288, bondCount: 1456, mappingSize: 288 }

stdout | src/tests/rapier.headless-scenarios.test.ts > Headless scenario tests (requires WASM build) > M. Correctness invariants (destruction pipeline) > bodies with zero colliders are removed after splits
[Core] Built chunk colliders { nodeCount: 45, bondCount: 192, mappingSize: 45 }

stdout | src/tests/rapier.headless-scenarios.test.ts > Headless scenario tests (requires WASM build) > M. Correctness invariants (destruction pipeline) > debris cleanup marks nodes as destroyed with bonds cut
[Core] Built chunk colliders { nodeCount: 45, bondCount: 192, mappingSize: 45 }

stdout | src/tests/rapier.headless-scenarios.test.ts > Headless scenario tests (requires WASM build) > M. Correctness invariants (destruction pipeline) > default fracture policy produces same results as no policy
[Core] Built chunk colliders { nodeCount: 45, bondCount: 192, mappingSize: 45 }

stdout | src/tests/rapier.lazy-colliders.test.ts > Hierarchical collision LOD (collisionTree) > a localized hit on a tall structure activates only the struck region (not the whole building)
[Core] Built chunk colliders { nodeCount: 930, bondCount: 3261, mappingSize: 930 }

stdout | src/tests/rapier.headless-scenarios.test.ts > Headless scenario tests (requires WASM build) > M. Correctness invariants (destruction pipeline) > default fracture policy produces same results as no policy
[Core] Built chunk colliders { nodeCount: 45, bondCount: 192, mappingSize: 45 }

stdout | src/tests/rapier.headless-scenarios.test.ts > Headless scenario tests (requires WASM build) > M. Correctness invariants (destruction pipeline) > maxDynamicBodies caps rigid body count
[Core] Built chunk colliders { nodeCount: 45, bondCount: 192, mappingSize: 45 }

 ❯ src/tests/rapier.headless-scenarios.test.ts (49 tests | 8 failed) 3990ms
   × Headless scenario tests (requires WASM build) > A. Gravity stability — structures survive under gravity > wall remains intact under gravity for 2 seconds 892ms
     → expected 37 to be 38 // Object.is equality
   × Headless scenario tests (requires WASM build) > A. Gravity stability — structures survive under gravity > tower remains intact under gravity for 2 seconds 430ms
     → expected 191 to be 192 // Object.is equality
   × Headless scenario tests (requires WASM build) > A. Gravity stability — structures survive under gravity > bridge remains intact under gravity for 2 seconds 44ms
     → Failed to create ExtStressSolver
   ✓ Headless scenario tests (requires WASM build) > B. Weak material collapses under gravity > wall with very weak bonds fractures under gravity 139ms
   ✓ Headless scenario tests (requires WASM build) > B. Weak material collapses under gravity > tower with very weak bonds fractures under gravity 182ms
   × Headless scenario tests (requires WASM build) > B. Weak material collapses under gravity > bridge with very weak bonds fractures under gravity 21ms
     → Failed to create ExtStressSolver
   ✓ Headless scenario tests (requires WASM build) > B. Weak material collapses under gravity > detached blocks collide with each other (no interpenetration) 101ms
   ✓ Headless scenario tests (requires WASM build) > B. Weak material collapses under gravity > projectile-fractured blocks collide with each other (no interpenetration) 168ms
   × Headless scenario tests (requires WASM build) > C. Projectile collision and bond breaking > projectile breaks wall bonds on impact 125ms
     → expected 37 to be less than 37
   ✓ Headless scenario tests (requires WASM build) > C. Projectile collision and bond breaking > projectile breaks tower bonds on impact 179ms
   × Headless scenario tests (requires WASM build) > C. Projectile collision and bond breaking > projectile breaks bridge bonds on impact 10ms
     → Failed to create ExtStressSolver
   ✓ Headless scenario tests (requires WASM build) > C. Projectile collision and bond breaking > projectile is spawned and enqueued correctly 18ms
   ✓ Headless scenario tests (requires WASM build) > D. Material strength determines breakage > stronger material loses fewer bonds than weaker material 108ms
   ✓ Headless scenario tests (requires WASM build) > D. Material strength determines breakage > very strong material resists projectile impact 51ms
   ✓ Headless scenario tests (requires WASM build) > D. Material strength determines breakage > monotonically: weaker material = more breakage 153ms
   ✓ Headless scenario tests (requires WASM build) > E. Catastrophic vs partial damage > light projectile causes partial damage (>50% bonds survive) 51ms
   ✓ Headless scenario tests (requires WASM build) > E. Catastrophic vs partial damage > heavy damage causes catastrophic bond loss (<50% bonds survive) 27ms
   ✓ Headless scenario tests (requires WASM build) > F. Damage system toggle > with damage enabled, onNodeDestroyed fires on heavy impact 31ms
   ✓ Headless scenario tests (requires WASM build) > F. Damage system toggle > with damage disabled, onNodeDestroyed never fires 44ms
   ✓ Headless scenario tests (requires WASM build) > F. Damage system toggle > getNodeHealth returns health data when damage is enabled 12ms
   ✓ Headless scenario tests (requires WASM build) > F. Damage system toggle > applyNodeDamage destroys a node 12ms
   ✓ Headless scenario tests (requires WASM build) > G. Projectile parameter sweep > heavier/faster projectiles break more bonds 184ms
   ✓ Headless scenario tests (requires WASM build) > H. Bond inspection and manual cut > getNodeBonds returns correct bonds for interior node 12ms
   ✓ Headless scenario tests (requires WASM build) > H. Bond inspection and manual cut > cutBond removes exactly one bond 11ms
   ✓ Headless scenario tests (requires WASM build) > H. Bond inspection and manual cut > cutNodeBonds removes all bonds for a node 13ms
   ✓ Headless scenario tests (requires WASM build) > I. Structure-specific behavior > bridge: cutting midspan bonds severs the structure 68ms
   ✓ Headless scenario tests (requires WASM build) > I. Structure-specific behavior > tower: projectile at base causes more damage than at top 169ms
   ✓ Headless scenario tests (requires WASM build) > I. Structure-specific behavior > wall: cutting central bonds creates localized hole 39ms
   ✓ Headless scenario tests (requires WASM build) > J. Determinism > two identical runs produce identical bond counts 60ms
   ✓ Headless scenario tests (requires WASM build) > L. API surface and lifecycle > core has expected API methods 9ms
   ✓ Headless scenario tests (requires WASM build) > L. API surface and lifecycle > profiler collects timing data 14ms
   × Headless scenario tests (requires WASM build) > L. API surface and lifecycle > getRigidBodyCount reports the intact root-body setup 24ms
     → expected 20 to be 2 // Object.is equality
   ✓ Headless scenario tests (requires WASM build) > L. API surface and lifecycle > setGravity changes gravity mid-simulation 47ms
   × Headless scenario tests (requires WASM build) > L. API surface and lifecycle > keeps chunks on the root body until an impact-driven split occurs 15ms
     → Failed to create ExtStressSolver
   ✓ Headless scenario tests (requires WASM build) > M. Correctness invariants (destruction pipeline) > destroyed nodes have their bonds removed from the solver 78ms
   ✓ Headless scenario tests (requires WASM build) > M. Correctness invariants (destruction pipeline) > bodies with zero colliders are removed after splits 78ms
   ✓ Headless scenario tests (requires WASM build) > M. Correctness invariants (destruction pipeline) > debris cleanup marks nodes as destroyed with bonds cut 135ms
   ✓ Headless scenario tests (requires WASM build) > M. Correctness invariants (destruction pipeline) > default fracture policy produces same results as no policy 132ms
   ✓ Headless scenario tests (requires WASM build) > M. Correctness invariants (destruction pipeline) > maxDynamicBodies caps rigid body count 78ms
   ✓ Scenario builder correctness (always run) > wall scenario has correct node and bond counts 1ms
   ✓ Scenario builder correctness (always run) > tower scenario has supports at bottom 1ms
   ✓ Scenario builder correctness (always run) > bridge scenario has footing supports (mass=0) 1ms
   ✓ Scenario builder correctness (always run) > bond areas are positive for all scenarios 6ms
   ✓ Scenario builder correctness (always run) > bond normals are unit vectors 7ms
   ✓ Scenario builder correctness (always run) > wall area normalization is isotropic — same per-bond area in X and Y 0ms
   ✓ Scenario builder correctness (always run) > tower area normalization is isotropic — uniform spacing gives equal areas 1ms
   ✓ Scenario builder correctness (always run) > wall without normalization has raw areaScale-based areas 0ms
   ✓ Scenario builder correctness (always run) > tower with diagonals has more bonds than without 0ms
   ✓ Scenario builder correctness (always run) > bridge deck nodes are above post nodes 0ms
stdout | src/tests/rapier.resim-perf.test.ts > Resim / rapier perf levers (requires WASM build) > A. Output-equivalence harness — trusted safety net > deferRedundantResimSnapshot optimization is output-neutral AND cheaper
[Core] Built chunk colliders { nodeCount: 468, bondCount: 2652, mappingSize: 468 }

stdout | src/tests/rapier.perf.test.ts > Destruction performance benchmarks (requires WASM build) > A. Scale: Tower size progression > medium tower 6x12 (~432 nodes)

========================================================================
  SCENARIO: Medium tower 6x12
  Nodes: 468 | Bonds: 2652 -> 2651 | Setup: 151ms
  Max rigid bodies: 435 | Total frames: 360
========================================================================

  [Warmup (steady state)] 60 frames
  Phase                        Mean      P50      P95      P99      Max
  ---------------------------------------------------------------------
  totalMs                     22.59    15.14    70.44   283.73   283.73
  rapierStepMs                 9.44     6.55    31.72    51.44    51.44
  contactDrainMs               2.62     1.53     6.39    47.19    47.19
  solverUpdateMs               5.42     2.84    11.86    89.75    89.75
  fractureMs                   0.26     0.01     0.01    15.42    15.42
  fractureGenerateMs           0.07     0.00     0.00     4.46     4.46
  fractureApplyMs              0.03     0.00     0.00     1.73     1.73
  bodyCreateMs                 0.31     0.00     0.01    18.52    18.52
  colliderRebuildMs            0.72     0.01     0.02    42.54    42.54
  preStepSweepMs               0.09     0.03     0.14     3.45     3.45
  cleanupDisabledMs            0.00     0.00     0.01     0.02     0.02
  spawnMs                      0.00     0.00     0.00     0.02     0.02
  snapshotCaptureMs            2.14     2.05     5.66    10.39    10.39
  snapshotRestoreMs            0.22     0.00     0.00    12.92    12.92
  initialPassMs               14.80    10.94    36.86    91.31    91.31
  resimMs                      3.17     0.00     0.00   190.49   190.49

  [Impact (destruction)] 120 frames
  Phase                        Mean      P50      P95      P99      Max
  ---------------------------------------------------------------------
  totalMs                      7.03     6.36    11.16    14.09    15.36
  rapierStepMs                 3.17     2.91     4.92     7.36     7.46
  contactDrainMs               0.73     0.54     1.83     3.44     3.94
  solverUpdateMs               1.39     1.24     2.13     3.55     3.72
  fractureMs                   0.00     0.00     0.01     0.01     0.01
  bodyCreateMs                 0.00     0.00     0.00     0.00     0.00
  colliderRebuildMs            0.00     0.00     0.01     0.01     0.01
  preStepSweepMs               0.01     0.01     0.03     0.05     0.05
  cleanupDisabledMs            0.00     0.00     0.00     0.01     0.01
  spawnMs                      0.00     0.00     0.00     0.01     0.21
  snapshotCaptureMs            1.00     0.85     1.61     3.39     3.89
  initialPassMs                5.31     4.83     8.54    11.67    13.23

  [Post-impact (settling)] 180 frames
  Phase                        Mean      P50      P95      P99      Max
  ---------------------------------------------------------------------
  totalMs                      6.28     5.92     8.84    10.48    11.19
  rapierStepMs                 2.48     2.39     3.41     4.02     4.99
  contactDrainMs               0.84     0.67     2.74     3.41     3.65
  solverUpdateMs               1.45     1.34     1.96     4.19     6.00
  fractureMs                   0.00     0.00     0.00     0.01     0.01
  bodyCreateMs                 0.00     0.00     0.00     0.00     0.00
  colliderRebuildMs            0.00     0.00     0.01     0.01     0.01
  preStepSweepMs               0.01     0.01     0.02     0.03     0.03
  cleanupDisabledMs            0.00     0.00     0.00     0.01     0.01
  spawnMs                      0.00     0.00     0.00     0.00     0.00
  snapshotCaptureMs            0.94     0.81     1.41     3.24     3.40
  initialPassMs                4.79     4.51     7.06     9.09     9.81

  Resimulation: 1 frames had resim passes (mean 1.0, max 1)

  Body distribution (final frame): 433 bodies
    Chunks/body: min=1 max=36 avg=1.1 median=1 p95=1
    Peak: 433 bodies, largest group: 36 chunks

stdout | src/tests/rapier.perf.test.ts > Destruction performance benchmarks (requires WASM build) > A. Scale: Tower size progression > large tower 8x20 (~1280 nodes)
[Core] Built chunk colliders { nodeCount: 1344, bondCount: 8112, mappingSize: 1344 }

stdout | src/tests/rapier.lazy-colliders.test.ts > Hierarchical collision LOD (collisionTree) > with a tree, a hit on one building leaves the others fully dormant, and is bit-identical to eager (rigid)
[Core] Built chunk colliders { nodeCount: 432, bondCount: 2184, mappingSize: 432 }

stdout | src/tests/rapier.lazy-colliders.test.ts > Hierarchical collision LOD (collisionTree) > with a tree, a hit on one building leaves the others fully dormant, and is bit-identical to eager (rigid)
[Core] Built chunk colliders { nodeCount: 432, bondCount: 2184, mappingSize: 432 }

 ❯ src/tests/highRise.damage.rapier.test.ts (2 tests | 2 failed) 5350ms
   × high-rise contact damage (Rapier) > gravity is stable with the damage layer enabled (no spurious destruction) 3717ms
     → expected 171 to be +0 // Object.is equality
   × high-rise contact damage (Rapier) > a wrecking ball punches a LOCAL hole and the building stays standing 1632ms
     → expected 172 to be less than 60
stdout | src/tests/rapier.resim-perf.test.ts > Resim / rapier perf levers (requires WASM build) > A. Output-equivalence harness — trusted safety net > deferRedundantResimSnapshot optimization is output-neutral AND cheaper

  [Lever #2: defer redundant resim snapshot]
    resim frames: 1   trajectory divergence: 0 m (identical)
    snapshotCapture on resim frames: optimized 0.01ms vs legacy 0.84ms (99% less)

stdout | src/tests/rapier.resim-perf.test.ts > Resim / rapier perf levers (requires WASM build) > C. rapierStep dominates and scales with debris count > rapierStep grows with accumulated rigid bodies and leads the phase ranking

  [rapierStep scaling] steady-state after impact

stdout | src/tests/rapier.resim-perf.test.ts > Resim / rapier perf levers (requires WASM build) > C. rapierStep dominates and scales with debris count > rapierStep grows with accumulated rigid bodies and leads the phase ranking
[Core] Built chunk colliders { nodeCount: 144, bondCount: 728, mappingSize: 144 }

stdout | src/tests/rapier.resim-perf.test.ts > Resim / rapier perf levers (requires WASM build) > C. rapierStep dominates and scales with debris count > rapierStep grows with accumulated rigid bodies and leads the phase ranking
    small  4x8 : ~131 bodies  rapierStep 0.29ms  solver 0.16ms

stdout | src/tests/rapier.resim-perf.test.ts > Resim / rapier perf levers (requires WASM build) > C. rapierStep dominates and scales with debris count > rapierStep grows with accumulated rigid bodies and leads the phase ranking
[Core] Built chunk colliders { nodeCount: 468, bondCount: 2652, mappingSize: 468 }

stdout | src/tests/rapier.lazy-colliders.test.ts > Hierarchical collision LOD (collisionTree) > honors an explicit hand-authored collisionTree (descends only the overlapped leaf)
[Core] Built chunk colliders { nodeCount: 288, bondCount: 1456, mappingSize: 288 }

 ❯ src/tests/rapier.lazy-colliders.test.ts (7 tests | 5 failed) 6341ms
   × Lazy intact colliders > idle: buildings start dormant, intact city is bit-identical to the eager world 2700ms
     → expected 0.15572985736229006 to be +0 // Object.is equality
   ✓ Lazy intact colliders > an impact explodes only the approached building; far buildings stay dormant; topology matches eager  1167ms
   × Lazy intact colliders > a rigid-material impact (production regime) is bit-identical to the eager world 530ms
     → expected 0.15895094947210575 to be less than 0.000001
   × Lazy intact colliders > toggling the flag off materializes every building (and on disables them again) 42ms
     → expected +0 to be 2 // Object.is equality
   × Hierarchical collision LOD (collisionTree) > a localized hit on a tall structure activates only the struck region (not the whole building) 771ms
     → expected 290 to be +0 // Object.is equality
   × Hierarchical collision LOD (collisionTree) > with a tree, a hit on one building leaves the others fully dormant, and is bit-identical to eager (rigid) 895ms
     → expected 144 to be less than 144
   ✓ Hierarchical collision LOD (collisionTree) > honors an explicit hand-authored collisionTree (descends only the overlapped leaf) 233ms
stdout | src/tests/house.fracture.perf.test.ts > fractured house performance > keeps the piece count sane and the step time reasonable
[step ms] intact avg=13.52 max=81.04 · after-hit avg=6.24 max=19.34

 ✓ src/tests/house.fracture.perf.test.ts (1 test) 6588ms
   ✓ fractured house performance > keeps the piece count sane and the step time reasonable  6093ms
stdout | src/tests/rapier.resim-perf.test.ts > Resim / rapier perf levers (requires WASM build) > C. rapierStep dominates and scales with debris count > rapierStep grows with accumulated rigid bodies and leads the phase ranking
    medium 6x12: ~435 bodies  rapierStep 2.08ms  solver 1.08ms

stdout | src/tests/rapier.resim-perf.test.ts > Resim / rapier perf levers (requires WASM build) > C. rapierStep dominates and scales with debris count > rapierStep grows with accumulated rigid bodies and leads the phase ranking
[Core] Built chunk colliders { nodeCount: 1088, bondCount: 6512, mappingSize: 1088 }

stdout | src/tests/rapier.city-stress.test.ts > City destruction stress (requires WASM build) > runs highRiseDistrict through the pipeline and profiles it
[Core] Built chunk colliders { nodeCount: 536, bondCount: 1840, mappingSize: 536 }

stdout | src/tests/rapier.resim-perf.test.ts > Resim / rapier perf levers (requires WASM build) > C. rapierStep dominates and scales with debris count > rapierStep grows with accumulated rigid bodies and leads the phase ranking
    large  8x16: ~1027 bodies  rapierStep 7.18ms  solver 3.89ms

 ❯ src/tests/rapier.resim-perf.test.ts (6 tests | 1 failed) 9226ms
   ✓ Resim / rapier perf levers (requires WASM build) > A. Output-equivalence harness — trusted safety net > positive control: identical scenario + inputs → ZERO divergence (determinism)  2956ms
   ✓ Resim / rapier perf levers (requires WASM build) > A. Output-equivalence harness — trusted safety net > negative control: a different impact → LARGE divergence (harness is sensitive)  709ms
   ✓ Resim / rapier perf levers (requires WASM build) > A. Output-equivalence harness — trusted safety net > profiler attachment does not perturb the simulation output  440ms
   ✓ Resim / rapier perf levers (requires WASM build) > A. Output-equivalence harness — trusted safety net > deferRedundantResimSnapshot optimization is output-neutral AND cheaper  1499ms
   × Resim / rapier perf levers (requires WASM build) > B. Resimulation cost — the systemic second-physics-pass lever > quantifies resim cost intrinsically (resimMs + rollback) under sustained fracturing 14ms
     → Failed to create ExtStressSolver
   ✓ Resim / rapier perf levers (requires WASM build) > C. rapierStep dominates and scales with debris count > rapierStep grows with accumulated rigid bodies and leads the phase ranking  3605ms
stdout | src/tests/rapier.city-stress.test.ts > City destruction stress (requires WASM build) > island-aware skip-settled solve preserves destruction and cuts solve time on manyIslands
[Core] Built chunk colliders { nodeCount: 1944, bondCount: 8532, mappingSize: 1944 }

stdout | src/tests/rapier.perf.test.ts > Destruction performance benchmarks (requires WASM build) > A. Scale: Tower size progression > large tower 8x20 (~1280 nodes)

========================================================================
  SCENARIO: Large tower 8x20
  Nodes: 1344 | Bonds: 8112 -> 8111 | Setup: 65ms
  Max rigid bodies: 1283 | Total frames: 420
========================================================================

  [Warmup (steady state)] 60 frames
  Phase                        Mean      P50      P95      P99      Max
  ---------------------------------------------------------------------
  totalMs                     31.58    23.85    68.07   239.91   239.91
  rapierStepMs                17.29    13.58    41.32    84.25    84.25
  contactDrainMs               2.82     1.84     6.62    17.93    17.93
  solverUpdateMs               6.52     4.55    14.42    75.21    75.21
  fractureMs                   0.09     0.00     0.00     5.33     5.33
  fractureGenerateMs           0.02     0.00     0.00     1.50     1.50
  fractureApplyMs              0.03     0.00     0.00     1.60     1.60
  bodyCreateMs                 0.17     0.00     0.00    10.36    10.36
  colliderRebuildMs            0.48     0.01     0.01    28.46    28.46
  preStepSweepMs               0.04     0.02     0.17     0.32     0.32
  cleanupDisabledMs            0.00     0.00     0.00     0.01     0.01
  spawnMs                      0.00     0.00     0.00     0.00     0.00
  snapshotCaptureMs            2.16     1.91     4.42     5.05     5.05
  snapshotRestoreMs            0.25     0.00     0.00    15.03    15.03
  initialPassMs               23.96    20.39    54.92    90.00    90.00
  resimMs                      3.03     0.00     0.00   181.76   181.76

  [Impact (destruction)] 120 frames
  Phase                        Mean      P50      P95      P99      Max
  ---------------------------------------------------------------------
  totalMs                     19.19    18.57    24.79    26.28    26.71
  rapierStepMs                 9.89     9.60    13.60    14.11    14.71
  contactDrainMs               1.82     1.57     3.70     5.09     5.90
  solverUpdateMs               4.19     4.03     6.01     6.35     6.45
  fractureMs                   0.00     0.00     0.00     0.00     0.02
  bodyCreateMs                 0.00     0.00     0.00     0.00     0.00
  colliderRebuildMs            0.00     0.00     0.01     0.01     0.01
  preStepSweepMs               0.06     0.02     0.03     2.25     2.27
  cleanupDisabledMs            0.00     0.00     0.00     0.01     0.01
  spawnMs                      0.00     0.00     0.00     0.00     0.19
  snapshotCaptureMs            1.93     1.71     3.61     3.86     4.41
  initialPassMs               15.91    15.48    21.71    23.33    23.37

  [Post-impact (settling)] 240 frames
  Phase                        Mean      P50      P95      P99      Max
  ---------------------------------------------------------------------
  totalMs                     20.66    20.45    23.69    26.31    28.81
  rapierStepMs                 9.31     9.30    10.86    11.60    12.91
  contactDrainMs               2.57     2.31     4.28     5.78     6.75
  solverUpdateMs               5.46     5.46     6.66     7.96     8.39
  fractureMs                   0.00     0.00     0.00     0.01     0.01
  bodyCreateMs                 0.00     0.00     0.00     0.00     0.01
  colliderRebuildMs            0.00     0.00     0.01     0.01     0.02
  preStepSweepMs               0.05     0.02     0.03     1.76     2.28
  cleanupDisabledMs            0.00     0.00     0.00     0.00     0.01
  spawnMs                      0.00     0.00     0.00     0.00     0.00
  snapshotCaptureMs            1.92     1.69     3.60     3.86     4.45
  initialPassMs               17.35    17.27    20.38    21.55    25.67

  Resimulation: 1 frames had resim passes (mean 1.0, max 1)

  Body distribution (final frame): 1281 bodies
    Chunks/body: min=1 max=64 avg=1.0 median=1 p95=1
    Peak: 1281 bodies, largest group: 64 chunks

stdout | src/tests/rapier.perf.test.ts > Destruction performance benchmarks (requires WASM build) > B. Structure variety > wide wall 24x12
[Core] Built chunk colliders { nodeCount: 288, bondCount: 540, mappingSize: 288 }

stdout | src/tests/rapier.perf.test.ts > Destruction performance benchmarks (requires WASM build) > B. Structure variety > wide wall 24x12

========================================================================
  SCENARIO: Wide wall 24x12
  Nodes: 288 | Bonds: 540 -> 539 | Setup: 18ms
  Max rigid bodies: 267 | Total frames: 360
========================================================================

  [Warmup (steady state)] 60 frames
  Phase                        Mean      P50      P95      P99      Max
  ---------------------------------------------------------------------
  totalMs                      4.19     3.66     7.06    21.13    21.13
  rapierStepMs                 1.88     1.73     2.79     3.21     3.21
  contactDrainMs               0.38     0.34     0.61     0.70     0.70
  solverUpdateMs               1.05     0.81     2.36     8.04     8.04
  fractureMs                   0.03     0.00     0.00     1.91     1.91
  fractureGenerateMs           0.00     0.00     0.00     0.27     0.27
  fractureApplyMs              0.00     0.00     0.00     0.30     0.30
  bodyCreateMs                 0.03     0.00     0.00     1.59     1.59
  colliderRebuildMs            0.08     0.00     0.01     4.91     4.91
  preStepSweepMs               0.02     0.03     0.04     0.06     0.06
  cleanupDisabledMs            0.00     0.00     0.00     0.01     0.01
  spawnMs                      0.00     0.00     0.00     0.00     0.00
  snapshotCaptureMs            0.33     0.31     0.54     1.29     1.29
  snapshotRestoreMs            0.01     0.00     0.00     0.53     0.53
  initialPassMs                3.15     2.93     5.26     7.39     7.39
  resimMs                      0.21     0.00     0.00    12.49    12.49

  [Impact (destruction)] 120 frames
  Phase                        Mean      P50      P95      P99      Max
  ---------------------------------------------------------------------
  totalMs                      2.83     2.63     4.12     4.66     6.22
  rapierStepMs                 1.23     1.12     2.03     2.50     3.14
  contactDrainMs               0.32     0.28     0.51     1.10     1.22
  solverUpdateMs               0.71     0.67     1.00     1.43     1.72
  fractureMs                   0.00     0.00     0.00     0.01     0.01
  bodyCreateMs                 0.00     0.00     0.00     0.00     0.00
  colliderRebuildMs            0.00     0.00     0.00     0.00     0.01
  preStepSweepMs               0.00     0.00     0.01     0.01     0.01
  cleanupDisabledMs            0.00     0.00     0.00     0.00     0.00
  spawnMs                      0.00     0.00     0.00     0.00     0.13
  snapshotCaptureMs            0.34     0.31     0.45     0.55     1.18
  initialPassMs                2.26     2.10     3.52     4.13     5.44

  [Post-impact (settling)] 180 frames
  Phase                        Mean      P50      P95      P99      Max
  ---------------------------------------------------------------------
  totalMs                      2.90     2.81     3.63     3.97     4.34
  rapierStepMs                 1.13     1.12     1.29     1.41     1.46
  contactDrainMs               0.39     0.33     0.59     1.52     1.53
  solverUpdateMs               0.81     0.78     0.99     1.11     1.12
  fractureMs                   0.00     0.00     0.00     0.00     0.00
  bodyCreateMs                 0.00     0.00     0.00     0.00     0.00
  colliderRebuildMs            0.00     0.00     0.00     0.00     0.00
  preStepSweepMs               0.01     0.00     0.01     0.02     0.77
  cleanupDisabledMs            0.00     0.00     0.00     0.00     0.00
  spawnMs                      0.00     0.00     0.00     0.00     0.00
  snapshotCaptureMs            0.34     0.31     0.47     1.17     1.30
  initialPassMs                2.33     2.27     2.70     3.43     3.79

  Resimulation: 1 frames had resim passes (mean 1.0, max 1)

  Body distribution (final frame): 265 bodies
    Chunks/body: min=1 max=24 avg=1.1 median=1 p95=1
    Peak: 265 bodies, largest group: 24 chunks

stdout | src/tests/rapier.perf.test.ts > Destruction performance benchmarks (requires WASM build) > B. Structure variety > thick wall 12x8x4 layers
[Core] Built chunk colliders { nodeCount: 384, bondCount: 976, mappingSize: 384 }

stdout | src/tests/rapier.city-stress.test.ts > City destruction stress (requires WASM build) > island-aware skip-settled solve preserves destruction and cuts solve time on manyIslands
[Core] Built chunk colliders { nodeCount: 1944, bondCount: 8532, mappingSize: 1944 }

stdout | src/tests/rapier.perf.test.ts > Destruction performance benchmarks (requires WASM build) > B. Structure variety > thick wall 12x8x4 layers

========================================================================
  SCENARIO: Thick wall 12x8x4
  Nodes: 384 | Bonds: 976 -> 975 | Setup: 27ms
  Max rigid bodies: 339 | Total frames: 360
========================================================================

  [Warmup (steady state)] 60 frames
  Phase                        Mean      P50      P95      P99      Max
  ---------------------------------------------------------------------
  totalMs                      9.38     8.36    16.76    39.91    39.91
  rapierStepMs                 5.37     5.08     7.79    10.13    10.13
  contactDrainMs               0.73     0.63     1.53     2.49     2.49
  solverUpdateMs               2.19     1.66     6.16    19.38    19.38
  fractureMs                   0.03     0.00     0.00     1.40     1.40
  fractureGenerateMs           0.00     0.00     0.00     0.24     0.24
  fractureApplyMs              0.01     0.00     0.00     0.31     0.31
  bodyCreateMs                 0.04     0.00     0.00     2.11     2.11
  colliderRebuildMs            0.11     0.00     0.01     6.24     6.24
  preStepSweepMs               0.01     0.01     0.05     0.08     0.08
  cleanupDisabledMs            0.00     0.00     0.00     0.00     0.00
  spawnMs                      0.00     0.00     0.00     0.00     0.00
  snapshotCaptureMs            0.52     0.43     1.49     1.94     1.94
  snapshotRestoreMs            0.01     0.00     0.00     0.75     0.75
  initialPassMs                7.85     7.42    10.52    21.67    21.67
  resimMs                      0.49     0.00     0.00    29.11    29.11

  [Impact (destruction)] 120 frames
  Phase                        Mean      P50      P95      P99      Max
  ---------------------------------------------------------------------
  totalMs                      4.29     3.56     9.20    12.52    12.78
  rapierStepMs                 2.07     1.58     5.69     6.85     7.70
  contactDrainMs               0.40     0.33     1.09     1.42     1.55
  solverUpdateMs               1.07     0.93     1.99     3.01     3.76
  fractureMs                   0.00     0.00     0.00     0.00     0.00
  bodyCreateMs                 0.00     0.00     0.00     0.00     0.00
  colliderRebuildMs            0.00     0.00     0.00     0.01     0.01
  preStepSweepMs               0.01     0.01     0.01     0.02     0.02
  cleanupDisabledMs            0.00     0.00     0.00     0.00     0.00
  spawnMs                      0.00     0.00     0.00     0.00     0.14
  snapshotCaptureMs            0.45     0.41     0.54     1.55     1.67
  initialPassMs                3.54     2.87     8.27    11.72    11.99

  [Post-impact (settling)] 180 frames
  Phase                        Mean      P50      P95      P99      Max
  ---------------------------------------------------------------------
  totalMs                      3.69     3.57     4.87     5.24     5.44
  rapierStepMs                 1.42     1.43     1.64     1.84     1.94
  contactDrainMs               0.45     0.41     0.57     1.63     1.99
  solverUpdateMs               1.07     1.04     1.28     2.05     2.14
  fractureMs                   0.00     0.00     0.00     0.00     0.00
  bodyCreateMs                 0.00     0.00     0.00     0.00     0.00
  colliderRebuildMs            0.00     0.00     0.00     0.00     0.00
  preStepSweepMs               0.01     0.01     0.01     0.01     0.02
  cleanupDisabledMs            0.00     0.00     0.00     0.00     0.00
  spawnMs                      0.00     0.00     0.00     0.00     0.00
  snapshotCaptureMs            0.45     0.41     0.54     1.59     1.78
  initialPassMs                2.94     2.89     3.45     4.51     4.54

  Resimulation: 1 frames had resim passes (mean 1.0, max 1)

  Body distribution (final frame): 337 bodies
    Chunks/body: min=1 max=48 avg=1.1 median=1 p95=1
    Peak: 337 bodies, largest group: 48 chunks

stdout | src/tests/rapier.perf.test.ts > Destruction performance benchmarks (requires WASM build) > B. Structure variety > long bridge 24-span
[Core] Built chunk colliders { nodeCount: 692, bondCount: 2138, mappingSize: 692 }

stdout | src/tests/rapier.city-stress.test.ts > City destruction stress (requires WASM build) > island-aware skip-settled solve preserves destruction and cuts solve time on manyIslands

============================================================================================
  A/B COMPARISON — island-aware solve on 'manyIslands 6x6' (small)
============================================================================================
  baseline:  manyIslands 6x6 [whole-graph]  (islands total=0, meanSkipped/frame=0.0)
  treatment: manyIslands 6x6 [island+skip]  (islands total=36, meanSkipped/frame=0.0)

  phase                   baseline sum  treatment sum   speedup
  ------------------------------------------------------------
  solverSolveMs                18.77ms        18.55ms     1.01x
  rapierStepMs               1005.09ms      1005.59ms     1.00x
  snapshotCaptureMs           280.19ms       273.67ms     1.02x
  snapshotRestoreMs             0.00ms         0.00ms Infinityx

  whole-frame speedup — impact: 1.00x   post-impact: 0.93x   steady-state tail: 0.99x  (treatment SLOWER)

  PARITY (behavior must be preserved):
    final bonds:      baseline=8531  treatment=8531  MATCH ✓
    bond trajectory:  max |Δ|/frame = 0  (fractures identical ✓)
    max bodies:       baseline=1659  treatment=1658
    body trajectory:  max |Δ|/frame = 1 over 360 frames
    => DESTRUCTION IDENTICAL ✓ (same bonds break, same frames). Rigid-body count jitters by up to 1 (transient debris/sleep bookkeeping within solver tolerance) — structural outcome unchanged.
============================================================================================


stdout | src/tests/rapier.city-stress.test.ts > City destruction stress (requires WASM build)

============================================================================================
  CITY DESTRUCTION STRESS — COSTLIEST STEPS REPORT
============================================================================================

────────────────────────────────────────────────────────────────────────────────────────────
  manyIslands 6x6
  nodes=1944  bonds=8532->8531  setup=516ms  maxBodies=1658  frames=360
  islands: total=36  meanSkipped/frame=0.0  settledNodeFrac=  12.2%
  impact-window mean frame: 22.02ms over 120 frames  (dominant: rapierStepMs)
  phase                        share     sum ms      mean       p95       max
  --------------------------------------------------------------------------
  rapierStepMs                 52.2%    1232.48     10.27     14.09     15.01
  snapshotCaptureMs            14.1%     333.25      2.78      4.59      8.83
  contactDrainMs               14.0%     329.69      2.75      4.73      7.49
  contactInjectResolveMs        7.3%     172.34      1.44      2.65      6.05
  contactInjectSplashMs         6.1%     144.55      1.20      1.70      6.95
  solverGravityInjectMs         4.1%      96.11      0.80      1.35      3.13
  solverSolveMs                 1.0%      22.77      0.19      0.31      0.42
  contactInjectSubmitMs         1.0%      22.61      0.19      0.35      0.43
  preStepSweepMs                0.3%       5.99      0.05      0.04      1.75
  colliderRebuildMs             0.0%       0.74      0.01      0.01      0.02
  spawnMs                       0.0%       0.55      0.00      0.00      0.38
  cleanupDisabledMs             0.0%       0.35      0.00      0.01      0.01
  resim time share:    0.0% (initialPass sum 2025.7ms, resim sum 0.0ms)
  rapierStep context: awake bodies mean=1424 (max 1621)  colliders mean=1946
  rapierStepMs vs awake bodies: 400+:3.86ms(21f)  800+:8.34ms(11f)  1600+:12.04ms(88f)
  island solve: total=0  solved/frame=36.0  skipped/frame=0.0 (   0.0% skipped)

────────────────────────────────────────────────────────────────────────────────────────────
  highRiseDistrict 2x2
  nodes=536  bonds=1840->1839  setup=17ms  maxBodies=538  frames=420
  islands: total=8  meanSkipped/frame=0.0  settledNodeFrac=   0.0%
  impact-window mean frame: 4.75ms over 120 frames  (dominant: rapierStepMs)
  phase                        share     sum ms      mean       p95       max
  --------------------------------------------------------------------------
  rapierStepMs                 55.8%     288.69      2.41      3.04      3.77
  snapshotCaptureMs            16.8%      86.89      0.72      0.94      2.81
  contactDrainMs               13.9%      72.07      0.60      1.21      2.62
  contactInjectResolveMs        6.4%      32.94      0.27      0.35      0.49
  solverGravityInjectMs         4.0%      20.79      0.17      0.21      0.40
  contactInjectSplashMs         1.1%       5.62      0.05      0.07      0.09
  contactInjectSubmitMs         1.0%       5.37      0.04      0.06      0.08
  solverSolveMs                 0.5%       2.37      0.02      0.03      0.04
  preStepSweepMs                0.2%       0.93      0.01      0.01      0.01
  colliderRebuildMs             0.1%       0.57      0.00      0.00      0.22
  spawnMs                       0.1%       0.34      0.00      0.00      0.18
  projectileCleanupMs           0.1%       0.29      0.00      0.00      0.01
  resim time share:    0.0% (initialPass sum 429.8ms, resim sum 0.0ms)
  rapierStep context: awake bodies mean=513 (max 513)  colliders mean=538
  island solve: total=8  solved/frame=8.0  skipped/frame=0.0 (   0.0% skipped)

============================================================================================
  SUMMARY
  ------------------------------------------------------------------------------------------
  scenario                       nodes  bodies     mean      p95       max                 dominant
  manyIslands 6x6                 1944    1658    22.02    30.11     36.81             rapierStepMs
  highRiseDistrict 2x2             536     538     4.75     6.25      8.04             rapierStepMs
============================================================================================


 ❯ src/tests/rapier.city-stress.test.ts (17 tests | 5 failed) 20595ms
   ✓ scenario composer > concatenates nodes/bonds and remaps indices without cross-building bonds 31ms
   ✓ scenario composer > applies translation to centroids 7ms
   ✓ scenario composer > rotateY=90 swaps X/Z collider extents 1ms
   ✓ city builders > build deterministically for a given seed 29ms
   ✓ city builders > mulberry32 is reproducible 0ms
   ✓ city builders > preset manyIslands builds a valid, island-separated world 112ms
   ✓ city builders > preset denseMixed builds a valid, island-separated world 88ms
   ✓ city builders > preset highRiseDistrict builds a valid, island-separated world 204ms
   ✓ city builders > preset cascade builds a valid, island-separated world 27ms
   ✓ city builders > preset bridgeAndTowers builds a valid, island-separated world 28ms
   ✓ City destruction stress (requires WASM build) > runs manyIslands through the pipeline and profiles it  7607ms
   × City destruction stress (requires WASM build) > runs denseMixed through the pipeline and profiles it 30ms
     → Failed to create ExtStressSolver
   ✓ City destruction stress (requires WASM build) > runs highRiseDistrict through the pipeline and profiles it  2436ms
   × City destruction stress (requires WASM build) > runs cascade through the pipeline and profiles it 13ms
     → Failed to create ExtStressSolver
   × City destruction stress (requires WASM build) > runs bridgeAndTowers through the pipeline and profiles it 13ms
     → Failed to create ExtStressSolver
   × City destruction stress (requires WASM build) > island-aware skip-settled solve preserves destruction and cuts solve time on manyIslands 9950ms
     → expected 0 to be greater than 0
   × City destruction stress (requires WASM build) > sleep + afterGroundCollision damping settles rubble without floaty flight (cascade) 11ms
     → Failed to create ExtStressSolver
stdout | src/tests/rapier.perf.test.ts > Destruction performance benchmarks (requires WASM build) > B. Structure variety > long bridge 24-span

========================================================================
  SCENARIO: Long bridge 24-span
  Nodes: 692 | Bonds: 2138 -> 2137 | Setup: 29ms
  Max rigid bodies: 694 | Total frames: 360
========================================================================

  [Warmup (steady state)] 60 frames
  Phase                        Mean      P50      P95      P99      Max
  ---------------------------------------------------------------------
  totalMs                     14.17    12.06    19.89    67.29    67.29
  rapierStepMs                 8.38     7.51    12.20    27.45    27.45
  contactDrainMs               1.35     1.00     2.85     6.56     6.56
  solverUpdateMs               2.26     1.66     3.11    20.78    20.78
  fractureMs                   0.04     0.00     0.00     1.99     1.99
  fractureGenerateMs           0.01     0.00     0.00     0.42     0.42
  fractureApplyMs              0.01     0.00     0.00     0.52     0.52
  bodyCreateMs                 0.10     0.00     0.00     5.09     5.09
  colliderRebuildMs            0.15     0.00     0.01     8.25     8.25
  preStepSweepMs               0.03     0.02     0.10     0.12     0.12
  cleanupDisabledMs            0.00     0.00     0.00     0.03     0.03
  spawnMs                      0.00     0.00     0.00     0.00     0.00
  snapshotCaptureMs            0.99     0.87     2.26     2.43     2.43
  snapshotRestoreMs            0.11     0.00     0.00     5.27     5.27
  initialPassMs               10.98    10.29    15.70    25.08    25.08
  resimMs                      1.17     0.00     0.00    47.76    47.76

  [Impact (destruction)] 120 frames
  Phase                        Mean      P50      P95      P99      Max
  ---------------------------------------------------------------------
  totalMs                     11.81    11.65    14.08    15.35    15.78
  rapierStepMs                 6.34     6.28     7.42     7.81     8.03
  contactDrainMs               1.65     1.32     3.03     3.70     3.72
  solverUpdateMs               2.14     1.96     3.30     4.03     4.22
  fractureMs                   0.00     0.00     0.00     0.01     0.05
  bodyCreateMs                 0.00     0.00     0.00     0.00     0.01
  colliderRebuildMs            0.00     0.00     0.01     0.01     0.01
  preStepSweepMs               0.04     0.02     0.04     0.09     2.17
  cleanupDisabledMs            0.00     0.00     0.00     0.01     0.01
  spawnMs                      0.00     0.00     0.00     0.00     0.08
  snapshotCaptureMs            0.94     0.88     1.23     1.40     1.43
  initialPassMs               10.13    10.04    12.00    13.20    13.36

  [Post-impact (settling)] 180 frames
  Phase                        Mean      P50      P95      P99      Max
  ---------------------------------------------------------------------
  totalMs                     11.30    11.19    13.20    14.84    15.56
  rapierStepMs                 5.91     5.84     6.82     7.25     7.58
  contactDrainMs               1.72     1.33     3.19     3.70     4.84
  solverUpdateMs               2.06     1.98     2.43     4.14     4.70
  fractureMs                   0.00     0.00     0.00     0.01     0.01
  bodyCreateMs                 0.00     0.00     0.00     0.00     0.01
  colliderRebuildMs            0.00     0.00     0.01     0.01     0.01
  preStepSweepMs               0.02     0.02     0.04     0.06     0.07
  cleanupDisabledMs            0.00     0.00     0.00     0.00     0.00
  spawnMs                      0.00     0.00     0.00     0.00     0.00
  snapshotCaptureMs            0.91     0.88     1.18     1.39     1.90
  initialPassMs                9.70     9.60    11.60    12.52    13.02

  Resimulation: 2 frames had resim passes (mean 1.0, max 1)

  Body distribution (final frame): 692 bodies
    Chunks/body: min=1 max=1 avg=1.0 median=1 p95=1
    Peak: 692 bodies, largest group: 66 chunks

stdout | src/tests/rapier.perf.test.ts > Destruction performance benchmarks (requires WASM build) > C. Collision patterns (medium tower 6x12) > single center hit
[Core] Built chunk colliders { nodeCount: 468, bondCount: 2652, mappingSize: 468 }

stdout | src/tests/rapier.perf.test.ts > Destruction performance benchmarks (requires WASM build) > C. Collision patterns (medium tower 6x12) > single center hit

========================================================================
  SCENARIO: Collision: center hit
  Nodes: 468 | Bonds: 2652 -> 2651 | Setup: 28ms
  Max rigid bodies: 435 | Total frames: 360
========================================================================

  [Warmup (steady state)] 60 frames
  Phase                        Mean      P50      P95      P99      Max
  ---------------------------------------------------------------------
  totalMs                      6.87     5.16    18.02    38.36    38.36
  rapierStepMs                 3.46     2.47    10.57    14.30    14.30
  contactDrainMs               0.60     0.42     2.01     2.30     2.30
  solverUpdateMs               1.51     1.13     5.44     8.38     8.38
  fractureMs                   0.03     0.00     0.00     1.75     1.75
  fractureGenerateMs           0.01     0.00     0.00     0.42     0.42
  fractureApplyMs              0.01     0.00     0.00     0.50     0.50
  bodyCreateMs                 0.04     0.00     0.00     2.40     2.40
  colliderRebuildMs            0.08     0.00     0.01     4.67     4.67
  preStepSweepMs               0.02     0.01     0.02     1.01     1.01
  cleanupDisabledMs            0.00     0.00     0.00     0.01     0.01
  spawnMs                      0.00     0.00     0.00     0.00     0.00
  snapshotCaptureMs            0.57     0.51     1.43     1.55     1.55
  snapshotRestoreMs            0.06     0.00     0.00     3.66     3.66
  initialPassMs                5.24     4.27    12.89    17.19    17.19
  resimMs                      0.42     0.00     0.00    25.46    25.46

  [Impact (destruction)] 120 frames
  Phase                        Mean      P50      P95      P99      Max
  ---------------------------------------------------------------------
  totalMs                      4.35     3.93     6.78     8.63     9.28
  rapierStepMs                 1.99     1.84     3.39     4.04     4.24
  contactDrainMs               0.42     0.36     0.80     2.47     2.63
  solverUpdateMs               0.92     0.86     1.68     1.93     3.13
  fractureMs                   0.00     0.00     0.00     0.00     0.00
  bodyCreateMs                 0.00     0.00     0.00     0.00     0.00
  colliderRebuildMs            0.00     0.00     0.00     0.00     0.01
  preStepSweepMs               0.02     0.00     0.01     0.02     1.64
  cleanupDisabledMs            0.00     0.00     0.00     0.00     0.00
  spawnMs                      0.00     0.00     0.00     0.00     0.06
  snapshotCaptureMs            0.58     0.51     0.84     2.12     2.28
  initialPassMs                3.34     3.08     5.63     7.19     8.06

  [Post-impact (settling)] 180 frames
  Phase                        Mean      P50      P95      P99      Max
  ---------------------------------------------------------------------
  totalMs                      4.75     4.53     6.57     7.00     7.13
  rapierStepMs                 1.95     1.93     2.36     2.85     2.92
  contactDrainMs               0.63     0.50     2.09     2.59     2.80
  solverUpdateMs               1.20     1.19     1.36     1.58     3.06
  fractureMs                   0.00     0.00     0.00     0.00     0.00
  bodyCreateMs                 0.00     0.00     0.00     0.00     0.00
  colliderRebuildMs            0.00     0.00     0.00     0.01     0.01
  preStepSweepMs               0.01     0.01     0.01     0.02     0.02
  cleanupDisabledMs            0.00     0.00     0.00     0.01     0.01
  spawnMs                      0.00     0.00     0.00     0.00     0.00
  snapshotCaptureMs            0.62     0.53     0.87     2.41     2.43
  initialPassMs                3.79     3.66     5.30     5.85     5.95

  Resimulation: 1 frames had resim passes (mean 1.0, max 1)

  Body distribution (final frame): 433 bodies
    Chunks/body: min=1 max=36 avg=1.1 median=1 p95=1
    Peak: 433 bodies, largest group: 36 chunks

stdout | src/tests/rapier.perf.test.ts > Destruction performance benchmarks (requires WASM build) > C. Collision patterns (medium tower 6x12) > single base hit (topple)
[Core] Built chunk colliders { nodeCount: 468, bondCount: 2652, mappingSize: 468 }

stdout | src/tests/rapier.perf.test.ts > Destruction performance benchmarks (requires WASM build) > C. Collision patterns (medium tower 6x12) > single base hit (topple)

========================================================================
  SCENARIO: Collision: base hit
  Nodes: 468 | Bonds: 2652 -> 2651 | Setup: 23ms
  Max rigid bodies: 435 | Total frames: 420
========================================================================

  [Warmup (steady state)] 60 frames
  Phase                        Mean      P50      P95      P99      Max
  ---------------------------------------------------------------------
  totalMs                      6.69     5.46    14.58    36.47    36.47
  rapierStepMs                 3.53     2.63     9.45    14.02    14.02
  contactDrainMs               0.58     0.43     1.41     2.34     2.34
  solverUpdateMs               1.37     1.21     2.60     7.83     7.83
  fractureMs                   0.03     0.00     0.00     1.51     1.51
  fractureGenerateMs           0.01     0.00     0.00     0.44     0.44
  fractureApplyMs              0.01     0.00     0.00     0.46     0.46
  bodyCreateMs                 0.03     0.00     0.00     1.99     1.99
  colliderRebuildMs            0.07     0.00     0.01     4.06     4.06
  preStepSweepMs               0.01     0.01     0.01     0.01     0.01
  cleanupDisabledMs            0.00     0.00     0.00     0.01     0.01
  spawnMs                      0.00     0.00     0.00     0.00     0.00
  snapshotCaptureMs            0.56     0.52     0.68     1.88     1.88
  snapshotRestoreMs            0.07     0.00     0.00     4.28     4.28
  initialPassMs                5.16     4.45     9.99    15.68    15.68
  resimMs                      0.42     0.00     0.00    25.44    25.44

  [Impact (destruction)] 120 frames
  Phase                        Mean      P50      P95      P99      Max
  ---------------------------------------------------------------------
  totalMs                      3.96     3.75     5.78     6.84     7.03
  rapierStepMs                 1.85     1.72     3.02     3.18     3.88
  contactDrainMs               0.36     0.36     0.53     1.18     1.34
  solverUpdateMs               0.90     0.89     1.37     1.72     2.37
  fractureMs                   0.00     0.00     0.00     0.00     0.01
  bodyCreateMs                 0.00     0.00     0.00     0.00     0.00
  colliderRebuildMs            0.00     0.00     0.00     0.01     0.01
  preStepSweepMs               0.01     0.01     0.01     0.01     0.03
  cleanupDisabledMs            0.00     0.00     0.00     0.00     0.00
  spawnMs                      0.00     0.00     0.00     0.00     0.05
  snapshotCaptureMs            0.54     0.49     0.67     1.39     1.40
  initialPassMs                3.11     2.97     4.86     5.80     5.94

  [Post-impact (settling)] 240 frames
  Phase                        Mean      P50      P95      P99      Max
  ---------------------------------------------------------------------
  totalMs                      4.21     4.07     5.49     6.04     6.38
  rapierStepMs                 1.69     1.70     1.97     2.07     2.12
  contactDrainMs               0.55     0.48     1.16     2.11     2.55
  solverUpdateMs               1.12     1.11     1.30     2.12     2.56
  fractureMs                   0.00     0.00     0.00     0.00     0.01
  bodyCreateMs                 0.00     0.00     0.00     0.00     0.00
  colliderRebuildMs            0.00     0.00     0.00     0.00     0.00
  preStepSweepMs               0.01     0.01     0.01     0.02     1.37
  cleanupDisabledMs            0.00     0.00     0.00     0.00     0.00
  spawnMs                      0.00     0.00     0.00     0.00     0.00
  snapshotCaptureMs            0.53     0.50     0.64     1.40     2.14
  initialPassMs                3.36     3.28     4.28     4.84     5.39

  Resimulation: 1 frames had resim passes (mean 1.0, max 1)

  Body distribution (final frame): 433 bodies
    Chunks/body: min=1 max=36 avg=1.1 median=1 p95=1
    Peak: 433 bodies, largest group: 36 chunks

stdout | src/tests/rapier.perf.test.ts > Destruction performance benchmarks (requires WASM build) > C. Collision patterns (medium tower 6x12) > multi-simultaneous 4 projectiles
[Core] Built chunk colliders { nodeCount: 468, bondCount: 2652, mappingSize: 468 }

stdout | src/tests/rapier.perf.test.ts > Destruction performance benchmarks (requires WASM build) > C. Collision patterns (medium tower 6x12) > multi-simultaneous 4 projectiles

========================================================================
  SCENARIO: Collision: 4 simultaneous
  Nodes: 468 | Bonds: 2652 -> 2651 | Setup: 26ms
  Max rigid bodies: 438 | Total frames: 360
========================================================================

  [Warmup (steady state)] 60 frames
  Phase                        Mean      P50      P95      P99      Max
  ---------------------------------------------------------------------
  totalMs                      6.42     5.26    13.01    34.73    34.73
  rapierStepMs                 3.40     2.72     8.55    14.25    14.25
  contactDrainMs               0.56     0.43     1.65     2.46     2.46
  solverUpdateMs               1.35     1.17     2.55     8.52     8.52
  fractureMs                   0.02     0.00     0.01     1.08     1.08
  fractureGenerateMs           0.00     0.00     0.00     0.16     0.16
  fractureApplyMs              0.01     0.00     0.00     0.43     0.43
  bodyCreateMs                 0.03     0.00     0.00     1.81     1.81
  colliderRebuildMs            0.06     0.00     0.00     3.63     3.63
  preStepSweepMs               0.01     0.01     0.02     0.02     0.02
  cleanupDisabledMs            0.00     0.00     0.00     0.01     0.01
  spawnMs                      0.00     0.00     0.00     0.00     0.00
  snapshotCaptureMs            0.55     0.50     0.66     1.46     1.46
  snapshotRestoreMs            0.04     0.00     0.00     2.41     2.41
  initialPassMs                4.96     4.38     9.50    15.04    15.04
  resimMs                      0.41     0.00     0.00    24.69    24.69

  [Impact (destruction)] 120 frames
  Phase                        Mean      P50      P95      P99      Max
  ---------------------------------------------------------------------
  totalMs                      3.15     2.73     7.06     8.55     9.82
  rapierStepMs                 1.38     1.10     3.97     4.85     5.33
  contactDrainMs               0.27     0.22     0.66     1.02     1.07
  solverUpdateMs               0.64     0.51     1.56     1.70     1.96
  fractureMs                   0.00     0.00     0.01     0.01     0.01
  bodyCreateMs                 0.00     0.00     0.00     0.00     0.00
  colliderRebuildMs            0.00     0.00     0.00     0.00     0.01
  preStepSweepMs               0.00     0.00     0.01     0.01     0.01
  cleanupDisabledMs            0.00     0.00     0.00     0.00     0.01
  spawnMs                      0.00     0.00     0.00     0.00     0.12
  snapshotCaptureMs            0.55     0.49     1.28     1.35     1.79
  initialPassMs                2.29     1.88     6.28     7.62     7.70

  [Post-impact (settling)] 180 frames
  Phase                        Mean      P50      P95      P99      Max
  ---------------------------------------------------------------------
  totalMs                      3.49     3.30     5.03     6.17     6.29
  rapierStepMs                 1.33     1.33     1.61     1.93     1.97
  contactDrainMs               0.43     0.37     0.55     2.10     2.21
  solverUpdateMs               0.83     0.78     1.03     2.81     2.93
  fractureMs                   0.00     0.00     0.01     0.01     0.03
  bodyCreateMs                 0.00     0.00     0.00     0.00     0.00
  colliderRebuildMs            0.00     0.00     0.00     0.00     0.00
  preStepSweepMs               0.00     0.00     0.01     0.01     0.02
  cleanupDisabledMs            0.00     0.00     0.00     0.00     0.00
  spawnMs                      0.00     0.00     0.00     0.00     0.00
  snapshotCaptureMs            0.58     0.50     0.88     2.55     2.59
  initialPassMs                2.59     2.49     3.98     4.68     5.26

  Resimulation: 1 frames had resim passes (mean 1.0, max 1)

  Body distribution (final frame): 433 bodies
    Chunks/body: min=1 max=36 avg=1.1 median=1 p95=1
    Peak: 433 bodies, largest group: 36 chunks

stdout | src/tests/rapier.perf.test.ts > Destruction performance benchmarks (requires WASM build) > C. Collision patterns (medium tower 6x12) > progressive bombardment (10 projectiles)
[Core] Built chunk colliders { nodeCount: 468, bondCount: 2652, mappingSize: 468 }

stdout | src/tests/rapier.perf.test.ts > Destruction performance benchmarks (requires WASM build) > C. Collision patterns (medium tower 6x12) > progressive bombardment (10 projectiles)

========================================================================
  SCENARIO: Collision: progressive bombardment
  Nodes: 468 | Bonds: 2652 -> 2651 | Setup: 21ms
  Max rigid bodies: 444 | Total frames: 631
========================================================================

  [Warmup (steady state)] 60 frames
  Phase                        Mean      P50      P95      P99      Max
  ---------------------------------------------------------------------
  totalMs                      6.11     4.92    13.39    34.66    34.66
  rapierStepMs                 3.19     2.37     8.44    13.52    13.52
  contactDrainMs               0.49     0.40     1.35     2.25     2.25
  solverUpdateMs               1.25     1.05     2.59     7.81     7.81
  fractureMs                   0.02     0.00     0.00     1.17     1.17
  fractureGenerateMs           0.00     0.00     0.00     0.17     0.17
  fractureApplyMs              0.01     0.00     0.00     0.46     0.46
  bodyCreateMs                 0.03     0.00     0.00     1.74     1.74
  colliderRebuildMs            0.06     0.00     0.00     3.43     3.43
  preStepSweepMs               0.01     0.01     0.01     0.01     0.01
  cleanupDisabledMs            0.00     0.00     0.00     0.00     0.00
  spawnMs                      0.00     0.00     0.00     0.00     0.00
  snapshotCaptureMs            0.56     0.49     1.37     1.69     1.69
  snapshotRestoreMs            0.07     0.00     0.00     3.91     3.91
  initialPassMs                4.61     3.93    10.69    15.13    15.13
  resimMs                      0.41     0.00     0.00    24.45    24.45

  [Impact (destruction)] 331 frames
  Phase                        Mean      P50      P95      P99      Max
  ---------------------------------------------------------------------
  totalMs                      3.90     3.67     5.28     6.22     6.81
  rapierStepMs                 1.68     1.58     2.46     2.67     2.73
  contactDrainMs               0.44     0.38     0.62     2.13     2.31
  solverUpdateMs               0.87     0.85     1.09     1.19     3.22
  fractureMs                   0.00     0.00     0.00     0.00     0.01
  bodyCreateMs                 0.00     0.00     0.00     0.00     0.00
  colliderRebuildMs            0.00     0.00     0.00     0.00     0.00
  preStepSweepMs               0.01     0.00     0.01     0.01     1.52
  cleanupDisabledMs            0.00     0.00     0.00     0.00     0.00
  spawnMs                      0.00     0.00     0.00     0.04     0.05
  snapshotCaptureMs            0.57     0.50     0.73     2.16     2.46
  initialPassMs                2.99     2.79     4.21     4.95     5.73

  [Post-impact (settling)] 240 frames
  Phase                        Mean      P50      P95      P99      Max
  ---------------------------------------------------------------------
  totalMs                      1.97     2.42     3.56     4.51     5.43
  rapierStepMs                 0.53     0.84     1.07     1.18     1.55
  contactDrainMs               0.15     0.22     0.31     0.64     1.95
  solverUpdateMs               0.39     0.57     0.69     0.78     2.01
  fractureMs                   0.00     0.00     0.00     0.00     0.00
  bodyCreateMs                 0.00     0.00     0.00     0.00     0.00
  colliderRebuildMs            0.00     0.00     0.00     0.00     0.00
  preStepSweepMs               0.01     0.00     0.01     0.01     1.47
  cleanupDisabledMs            0.00     0.00     0.00     0.00     0.00
  spawnMs                      0.00     0.00     0.00     0.00     0.00
  snapshotCaptureMs            0.58     0.50     0.79     2.35     2.48
  initialPassMs                1.08     1.64     2.08     2.74     3.47

  Resimulation: 1 frames had resim passes (mean 1.0, max 1)

  Body distribution (final frame): 433 bodies
    Chunks/body: min=1 max=36 avg=1.1 median=1 p95=1
    Peak: 433 bodies, largest group: 36 chunks

stdout | src/tests/rapier.perf.test.ts > Destruction performance benchmarks (requires WASM build) > C. Collision patterns (medium tower 6x12) > catastrophic impact
[Core] Built chunk colliders { nodeCount: 468, bondCount: 2652, mappingSize: 468 }

stdout | src/tests/rapier.perf.test.ts > Destruction performance benchmarks (requires WASM build) > C. Collision patterns (medium tower 6x12) > catastrophic impact

========================================================================
  SCENARIO: Collision: catastrophic
  Nodes: 468 | Bonds: 2652 -> 2651 | Setup: 24ms
  Max rigid bodies: 435 | Total frames: 480
========================================================================

  [Warmup (steady state)] 60 frames
  Phase                        Mean      P50      P95      P99      Max
  ---------------------------------------------------------------------
  totalMs                      6.05     4.98    12.95    34.12    34.12
  rapierStepMs                 3.21     2.54     8.31    13.47    13.47
  contactDrainMs               0.53     0.41     1.44     2.30     2.30
  solverUpdateMs               1.25     1.05     2.58     7.88     7.88
  fractureMs                   0.02     0.00     0.00     1.26     1.26
  fractureGenerateMs           0.00     0.00     0.00     0.22     0.22
  fractureApplyMs              0.01     0.00     0.00     0.51     0.51
  bodyCreateMs                 0.03     0.00     0.00     1.47     1.47
  colliderRebuildMs            0.06     0.00     0.00     3.45     3.45
  preStepSweepMs               0.01     0.01     0.01     0.01     0.01
  cleanupDisabledMs            0.00     0.00     0.00     0.00     0.00
  spawnMs                      0.00     0.00     0.00     0.00     0.00
  snapshotCaptureMs            0.52     0.50     0.82     1.42     1.42
  snapshotRestoreMs            0.06     0.00     0.00     3.85     3.85
  initialPassMs                4.68     4.15    10.66    14.54    14.54
  resimMs                      0.41     0.00     0.00    24.45    24.45

  [Impact (destruction)] 120 frames
  Phase                        Mean      P50      P95      P99      Max
  ---------------------------------------------------------------------
  totalMs                      3.41     3.30     6.39     7.14     7.44
  rapierStepMs                 1.50     1.40     3.25     4.04     4.22
  contactDrainMs               0.33     0.25     0.72     2.18     2.78
  solverUpdateMs               0.68     0.61     1.45     1.68     2.85
  fractureMs                   0.00     0.00     0.00     0.00     0.00
  bodyCreateMs                 0.00     0.00     0.00     0.00     0.00
  colliderRebuildMs            0.00     0.00     0.00     0.00     0.01
  preStepSweepMs               0.00     0.00     0.01     0.01     0.01
  cleanupDisabledMs            0.00     0.00     0.00     0.00     0.00
  spawnMs                      0.00     0.00     0.00     0.00     0.05
  snapshotCaptureMs            0.57     0.50     1.03     2.20     2.28
  initialPassMs                2.52     2.29     5.55     6.34     6.61

  [Post-impact (settling)] 300 frames
  Phase                        Mean      P50      P95      P99      Max
  ---------------------------------------------------------------------
  totalMs                      3.89     3.73     5.62     6.47     7.94
  rapierStepMs                 1.37     1.30     1.96     2.29     2.38
  contactDrainMs               0.53     0.45     0.89     2.38     2.90
  solverUpdateMs               1.02     0.96     1.36     2.70     3.02
  fractureMs                   0.00     0.00     0.00     0.00     0.00
  bodyCreateMs                 0.00     0.00     0.00     0.00     0.00
  colliderRebuildMs            0.00     0.00     0.00     0.00     0.01
  preStepSweepMs               0.01     0.00     0.01     0.01     1.77
  cleanupDisabledMs            0.00     0.00     0.00     0.00     0.00
  spawnMs                      0.00     0.00     0.00     0.00     0.01
  snapshotCaptureMs            0.60     0.51     0.88     2.40     2.94
  initialPassMs                2.94     2.82     4.14     5.50     7.01

  Resimulation: 1 frames had resim passes (mean 1.0, max 1)

  Body distribution (final frame): 433 bodies
    Chunks/body: min=1 max=36 avg=1.1 median=1 p95=1
    Peak: 433 bodies, largest group: 36 chunks

stdout | src/tests/rapier.perf.test.ts > Destruction performance benchmarks (requires WASM build) > D. Damage system overhead > with damage enabled
[Core] Built chunk colliders { nodeCount: 468, bondCount: 2652, mappingSize: 468 }

stdout | src/tests/rapier.perf.test.ts > Destruction performance benchmarks (requires WASM build) > D. Damage system overhead > with damage enabled

========================================================================
  SCENARIO: Damage: enabled
  Nodes: 468 | Bonds: 2652 -> 2549 | Setup: 22ms
  Max rigid bodies: 435 | Total frames: 360
========================================================================

  [Warmup (steady state)] 60 frames
  Phase                        Mean      P50      P95      P99      Max
  ---------------------------------------------------------------------
  totalMs                     11.79     8.68    35.24    84.89    84.89
  rapierStepMs                 3.75     3.04     9.66    15.30    15.30
  contactDrainMs               4.14     2.96    10.47    31.34    31.34
  solverUpdateMs               2.34     1.25    12.87    26.93    26.93
  fractureMs                   0.02     0.00     0.01     1.25     1.25
  fractureGenerateMs           0.00     0.00     0.00     0.21     0.21
  fractureApplyMs              0.01     0.00     0.00     0.48     0.48
  bodyCreateMs                 0.04     0.00     0.00     2.01     2.01
  colliderRebuildMs            0.07     0.00     0.01     4.02     4.02
  damageTickMs                 0.01     0.00     0.03     0.04     0.04
  preStepSweepMs               0.01     0.01     0.01     0.02     0.02
  cleanupDisabledMs            0.00     0.00     0.00     0.00     0.00
  spawnMs                      0.00     0.00     0.00     0.00     0.00
  snapshotCaptureMs            0.58     0.54     0.71     2.10     2.10
  snapshotRestoreMs            0.04     0.00     0.00     2.64     2.64
  initialPassMs                9.38     7.66    21.44    50.82    50.82
  resimMs                      1.21     0.00     0.00    72.69    72.69

  [Impact (destruction)] 120 frames
  Phase                        Mean      P50      P95      P99      Max
  ---------------------------------------------------------------------
  totalMs                      7.22     6.35    12.89    20.10    31.09
  rapierStepMs                 2.17     1.91     4.33     4.97     6.28
  contactDrainMs               2.62     2.14     5.09     7.41     8.35
  solverUpdateMs               1.17     0.92     1.93     3.57    12.15
  fractureMs                   0.00     0.00     0.00     0.01     0.01
  bodyCreateMs                 0.00     0.00     0.00     0.00     0.01
  colliderRebuildMs            0.00     0.00     0.01     0.01     0.01
  damageTickMs                 0.00     0.00     0.00     0.03     0.04
  damageRestoreMs              0.00     0.00     0.02     0.06     0.12
  preStepSweepMs               0.02     0.01     0.01     0.07     1.43
  cleanupDisabledMs            0.00     0.00     0.01     0.01     0.06
  spawnMs                      0.00     0.00     0.00     0.00     0.04
  snapshotCaptureMs            0.58     0.53     0.85     2.24     2.25
  snapshotRestoreMs            0.03     0.00     0.33     0.39     0.85
  initialPassMs                5.70     5.17    10.79    12.15    13.80
  resimMs                      0.47     0.00     4.72     8.02    13.27

  [Post-impact (settling)] 180 frames
  Phase                        Mean      P50      P95      P99      Max
  ---------------------------------------------------------------------
  totalMs                      7.94     7.72     9.78    12.05    13.58
  rapierStepMs                 2.15     2.11     2.76     3.13     3.68
  contactDrainMs               3.20     2.85     4.65     5.25     5.36
  solverUpdateMs               1.24     1.21     1.45     2.73     3.01
  fractureMs                   0.00     0.00     0.00     0.01     0.01
  bodyCreateMs                 0.00     0.00     0.00     0.00     0.00
  colliderRebuildMs            0.00     0.00     0.01     0.01     0.01
  damageTickMs                 0.00     0.00     0.00     0.00     0.01
  preStepSweepMs               0.01     0.01     0.01     0.02     0.03
  cleanupDisabledMs            0.00     0.00     0.00     0.00     0.01
  spawnMs                      0.00     0.00     0.00     0.00     0.01
  snapshotCaptureMs            0.64     0.55     0.85     2.72     3.22
  initialPassMs                6.86     6.66     8.44     9.16     9.81

  Resimulation: 10 frames had resim passes (mean 1.0, max 1)

  Body distribution (final frame): 424 bodies
    Chunks/body: min=1 max=36 avg=1.1 median=1 p95=1
    Peak: 433 bodies, largest group: 36 chunks

stdout | src/tests/rapier.perf.test.ts > Destruction performance benchmarks (requires WASM build) > D. Damage system overhead > without damage (stress-only destruction)
[Core] Built chunk colliders { nodeCount: 468, bondCount: 2652, mappingSize: 468 }

stdout | src/tests/rapier.perf.test.ts > Destruction performance benchmarks (requires WASM build) > D. Damage system overhead > without damage (stress-only destruction)

========================================================================
  SCENARIO: Damage: disabled
  Nodes: 468 | Bonds: 2652 -> 2651 | Setup: 29ms
  Max rigid bodies: 435 | Total frames: 360
========================================================================

  [Warmup (steady state)] 60 frames
  Phase                        Mean      P50      P95      P99      Max
  ---------------------------------------------------------------------
  totalMs                      6.75     5.14    17.11    56.55    56.55
  rapierStepMs                 3.24     2.34     9.10    15.79    15.79
  contactDrainMs               0.57     0.42     1.82     4.41     4.41
  solverUpdateMs               1.71     1.13     5.56    24.77    24.77
  fractureMs                   0.03     0.00     0.01     1.53     1.53
  fractureGenerateMs           0.00     0.00     0.00     0.17     0.17
  fractureApplyMs              0.01     0.00     0.00     0.72     0.72
  bodyCreateMs                 0.03     0.00     0.00     1.92     1.92
  colliderRebuildMs            0.08     0.00     0.01     4.37     4.37
  preStepSweepMs               0.01     0.01     0.01     0.02     0.02
  cleanupDisabledMs            0.00     0.00     0.00     0.01     0.01
  spawnMs                      0.00     0.00     0.00     0.00     0.00
  snapshotCaptureMs            0.58     0.51     1.49     2.17     2.17
  snapshotRestoreMs            0.05     0.00     0.00     2.73     2.73
  initialPassMs                4.87     4.17    10.61    20.22    20.22
  resimMs                      0.75     0.00     0.00    44.73    44.73

  [Impact (destruction)] 120 frames
  Phase                        Mean      P50      P95      P99      Max
  ---------------------------------------------------------------------
  totalMs                      4.19     3.98     6.48     6.97     8.50
  rapierStepMs                 1.91     1.83     3.39     3.75     4.02
  contactDrainMs               0.43     0.34     0.73     2.22     2.63
  solverUpdateMs               0.92     0.90     1.57     2.06     2.34
  fractureMs                   0.00     0.00     0.00     0.00     0.01
  bodyCreateMs                 0.00     0.00     0.00     0.00     0.00
  colliderRebuildMs            0.00     0.00     0.00     0.01     0.01
  preStepSweepMs               0.01     0.00     0.01     0.01     0.01
  cleanupDisabledMs            0.00     0.00     0.00     0.00     0.00
  spawnMs                      0.00     0.00     0.00     0.00     0.05
  snapshotCaptureMs            0.56     0.51     0.74     1.95     2.04
  initialPassMs                3.28     3.11     5.62     5.92     6.17

  [Post-impact (settling)] 180 frames
  Phase                        Mean      P50      P95      P99      Max
  ---------------------------------------------------------------------
  totalMs                      4.44     4.28     6.13     6.47     6.53
  rapierStepMs                 1.80     1.82     2.10     2.26     2.37
  contactDrainMs               0.56     0.48     0.69     2.38     2.57
  solverUpdateMs               1.13     1.10     1.29     2.53     2.53
  fractureMs                   0.00     0.00     0.00     0.00     0.00
  bodyCreateMs                 0.00     0.00     0.00     0.00     0.00
  colliderRebuildMs            0.00     0.00     0.00     0.01     0.01
  preStepSweepMs               0.02     0.01     0.01     0.02     1.71
  cleanupDisabledMs            0.00     0.00     0.00     0.00     0.00
  spawnMs                      0.00     0.00     0.00     0.00     0.00
  snapshotCaptureMs            0.58     0.51     0.67     2.14     2.24
  initialPassMs                3.50     3.42     4.78     5.41     5.62

  Resimulation: 1 frames had resim passes (mean 1.0, max 1)

  Body distribution (final frame): 433 bodies
    Chunks/body: min=1 max=36 avg=1.1 median=1 p95=1
    Peak: 433 bodies, largest group: 36 chunks

stdout | src/tests/rapier.perf.test.ts > Destruction performance benchmarks (requires WASM build) > E. Configuration variants > debris collision: all
[Core] Built chunk colliders { nodeCount: 468, bondCount: 2652, mappingSize: 468 }

stdout | src/tests/rapier.perf.test.ts > Destruction performance benchmarks (requires WASM build) > E. Configuration variants > debris collision: all

========================================================================
  SCENARIO: Config: debrisCollision=all
  Nodes: 468 | Bonds: 2652 -> 2651 | Setup: 19ms
  Max rigid bodies: 435 | Total frames: 360
========================================================================

  [Warmup (steady state)] 60 frames
  Phase                        Mean      P50      P95      P99      Max
  ---------------------------------------------------------------------
  totalMs                      6.18     4.95    14.26    38.73    38.73
  rapierStepMs                 3.21     2.50     8.98    15.40    15.40
  contactDrainMs               0.52     0.42     1.47     2.50     2.50
  solverUpdateMs               1.34     1.15     2.89     8.95     8.95
  fractureMs                   0.02     0.00     0.00     1.13     1.13
  fractureGenerateMs           0.00     0.00     0.00     0.16     0.16
  fractureApplyMs              0.01     0.00     0.00     0.45     0.45
  bodyCreateMs                 0.03     0.00     0.00     1.80     1.80
  colliderRebuildMs            0.07     0.00     0.00     4.14     4.14
  preStepSweepMs               0.01     0.01     0.01     0.01     0.01
  cleanupDisabledMs            0.00     0.00     0.00     0.01     0.01
  spawnMs                      0.00     0.00     0.00     0.00     0.00
  snapshotCaptureMs            0.55     0.50     1.37     1.81     1.81
  snapshotRestoreMs            0.07     0.00     0.00     4.34     4.34
  initialPassMs                4.70     4.11    10.01    15.04    15.04
  resimMs                      0.47     0.00     0.00    28.25    28.25

  [Impact (destruction)] 120 frames
  Phase                        Mean      P50      P95      P99      Max
  ---------------------------------------------------------------------
  totalMs                      4.29     4.02     6.55     8.24     9.78
  rapierStepMs                 1.94     1.84     3.35     4.06     4.07
  contactDrainMs               0.43     0.36     0.98     1.93     2.16
  solverUpdateMs               0.96     0.90     1.70     2.66     2.67
  fractureMs                   0.00     0.00     0.00     0.00     0.00
  bodyCreateMs                 0.00     0.00     0.00     0.00     0.00
  colliderRebuildMs            0.00     0.00     0.00     0.01     0.01
  preStepSweepMs               0.01     0.01     0.01     0.02     0.02
  cleanupDisabledMs            0.00     0.00     0.00     0.00     0.00
  spawnMs                      0.00     0.00     0.00     0.01     0.05
  snapshotCaptureMs            0.57     0.52     0.66     2.23     2.33
  initialPassMs                3.34     3.12     5.44     6.45     7.24

  [Post-impact (settling)] 180 frames
  Phase                        Mean      P50      P95      P99      Max
  ---------------------------------------------------------------------
  totalMs                      4.41     4.21     6.00     6.27     7.11
  rapierStepMs                 1.80     1.81     2.11     2.30     2.77
  contactDrainMs               0.56     0.48     0.83     2.18     2.25
  solverUpdateMs               1.12     1.09     1.23     2.59     2.80
  fractureMs                   0.00     0.00     0.00     0.00     0.00
  bodyCreateMs                 0.00     0.00     0.00     0.00     0.00
  colliderRebuildMs            0.00     0.00     0.00     0.01     0.01
  preStepSweepMs               0.01     0.00     0.01     0.01     0.05
  cleanupDisabledMs            0.00     0.00     0.00     0.00     0.00
  spawnMs                      0.00     0.00     0.00     0.00     0.00
  snapshotCaptureMs            0.57     0.51     0.66     2.18     2.66
  initialPassMs                3.49     3.40     4.68     5.25     5.31

  Resimulation: 1 frames had resim passes (mean 1.0, max 1)

  Body distribution (final frame): 433 bodies
    Chunks/body: min=1 max=36 avg=1.1 median=1 p95=1
    Peak: 433 bodies, largest group: 36 chunks

stdout | src/tests/rapier.perf.test.ts > Destruction performance benchmarks (requires WASM build) > E. Configuration variants > debris collision: noDebrisPairs
[Core] Built chunk colliders { nodeCount: 468, bondCount: 2652, mappingSize: 468 }

stdout | src/tests/rapier.perf.test.ts > Destruction performance benchmarks (requires WASM build) > E. Configuration variants > debris collision: noDebrisPairs

========================================================================
  SCENARIO: Config: debrisCollision=noDebrisPairs
  Nodes: 468 | Bonds: 2652 -> 2651 | Setup: 29ms
  Max rigid bodies: 435 | Total frames: 360
========================================================================

  [Warmup (steady state)] 60 frames
  Phase                        Mean      P50      P95      P99      Max
  ---------------------------------------------------------------------
  totalMs                      2.72     2.26     4.29    18.21    18.21
  rapierStepMs                 0.85     0.68     2.45     2.59     2.59
  contactDrainMs               0.15     0.14     0.28     0.31     0.31
  solverUpdateMs               0.49     0.40     1.41     2.92     2.92
  fractureMs                   0.02     0.00     0.00     1.28     1.28
  fractureGenerateMs           0.00     0.00     0.00     0.17     0.17
  fractureApplyMs              0.01     0.00     0.00     0.49     0.49
  bodyCreateMs                 0.04     0.00     0.00     2.11     2.11
  colliderRebuildMs            0.08     0.00     0.00     4.85     4.85
  preStepSweepMs               0.01     0.00     0.06     0.06     0.06
  cleanupDisabledMs            0.00     0.00     0.00     0.00     0.00
  spawnMs                      0.00     0.00     0.00     0.00     0.00
  snapshotCaptureMs            0.55     0.51     0.78     1.53     1.53
  snapshotRestoreMs            0.06     0.00     0.00     3.42     3.42
  initialPassMs                1.46     1.30     3.41     4.28     4.28
  resimMs                      0.10     0.00     0.00     6.12     6.12

  [Impact (destruction)] 120 frames
  Phase                        Mean      P50      P95      P99      Max
  ---------------------------------------------------------------------
  totalMs                      2.97     3.09     4.00     4.27     4.51
  rapierStepMs                 1.28     1.39     1.51     1.61     1.69
  contactDrainMs               0.29     0.30     0.37     1.20     1.30
  solverUpdateMs               0.54     0.59     0.66     0.85     1.44
  fractureMs                   0.00     0.00     0.00     0.00     0.01
  bodyCreateMs                 0.00     0.00     0.00     0.00     0.00
  colliderRebuildMs            0.00     0.00     0.00     0.00     0.00
  preStepSweepMs               0.00     0.00     0.01     0.01     0.01
  cleanupDisabledMs            0.00     0.00     0.00     0.00     0.01
  spawnMs                      0.00     0.00     0.00     0.00     0.04
  snapshotCaptureMs            0.53     0.50     0.55     1.45     1.63
  initialPassMs                2.12     2.30     2.65     3.23     3.39

  [Post-impact (settling)] 180 frames
  Phase                        Mean      P50      P95      P99      Max
  ---------------------------------------------------------------------
  totalMs                      1.20     1.14     1.60     2.38     2.47
  rapierStepMs                 0.38     0.37     0.41     0.49     0.49
  contactDrainMs               0.00     0.00     0.00     0.03     0.03
  solverUpdateMs               0.01     0.00     0.01     0.17     0.17
  colliderRebuildMs            0.00     0.00     0.00     0.00     0.00
  preStepSweepMs               0.00     0.00     0.01     0.01     0.01
  cleanupDisabledMs            0.00     0.00     0.00     0.00     0.01
  snapshotCaptureMs            0.51     0.49     0.56     1.40     1.41
  initialPassMs                0.39     0.38     0.42     0.68     0.69

  Resimulation: 1 frames had resim passes (mean 1.0, max 1)

  Body distribution (final frame): 433 bodies
    Chunks/body: min=1 max=36 avg=1.1 median=1 p95=1
    Peak: 433 bodies, largest group: 36 chunks

stdout | src/tests/rapier.perf.test.ts > Destruction performance benchmarks (requires WASM build) > E. Configuration variants > debris collision: debrisNone
[Core] Built chunk colliders { nodeCount: 468, bondCount: 2652, mappingSize: 468 }

stdout | src/tests/rapier.perf.test.ts > Destruction performance benchmarks (requires WASM build) > E. Configuration variants > debris collision: debrisNone

========================================================================
  SCENARIO: Config: debrisCollision=debrisNone
  Nodes: 468 | Bonds: 2652 -> 2651 | Setup: 15ms
  Max rigid bodies: 435 | Total frames: 360
========================================================================

  [Warmup (steady state)] 60 frames
  Phase                        Mean      P50      P95      P99      Max
  ---------------------------------------------------------------------
  totalMs                      1.64     1.32     2.45    15.07    15.07
  rapierStepMs                 0.46     0.42     0.58     2.23     2.23
  contactDrainMs               0.00     0.00     0.00     0.01     0.01
  solverUpdateMs               0.05     0.00     0.23     2.63     2.63
  fractureMs                   0.02     0.00     0.00     1.01     1.01
  fractureGenerateMs           0.00     0.00     0.00     0.15     0.15
  fractureApplyMs              0.00     0.00     0.00     0.26     0.26
  bodyCreateMs                 0.03     0.00     0.00     2.05     2.05
  colliderRebuildMs            0.07     0.00     0.00     3.86     3.86
  preStepSweepMs               0.00     0.00     0.01     0.02     0.02
  cleanupDisabledMs            0.00     0.00     0.00     0.00     0.00
  spawnMs                      0.00     0.00     0.00     0.00     0.00
  snapshotCaptureMs            0.49     0.48     0.56     0.60     0.60
  snapshotRestoreMs            0.04     0.00     0.00     2.65     2.65
  initialPassMs                0.51     0.43     0.68     3.97     3.97
  resimMs                      0.08     0.00     0.00     4.59     4.59

  [Impact (destruction)] 120 frames
  Phase                        Mean      P50      P95      P99      Max
  ---------------------------------------------------------------------
  totalMs                      1.34     1.18     2.39     3.85     4.64
  rapierStepMs                 0.38     0.36     0.48     0.53     0.70
  contactDrainMs               0.00     0.00     0.01     0.01     0.01
  solverUpdateMs               0.00     0.00     0.01     0.01     0.02
  bodyCreateMs                 0.00     0.00     0.00     0.00     0.00
  colliderRebuildMs            0.00     0.00     0.00     0.00     0.01
  preStepSweepMs               0.00     0.00     0.01     0.01     0.01
  cleanupDisabledMs            0.00     0.00     0.00     0.00     0.00
  spawnMs                      0.00     0.00     0.00     0.00     0.04
  snapshotCaptureMs            0.61     0.50     1.08     2.64     3.51
  initialPassMs                0.39     0.37     0.50     0.55     0.74

  [Post-impact (settling)] 180 frames
  Phase                        Mean      P50      P95      P99      Max
  ---------------------------------------------------------------------
  totalMs                      1.29     1.15     3.27     3.55     3.66
  rapierStepMs                 0.36     0.35     0.47     0.55     0.55
  contactDrainMs               0.00     0.00     0.01     0.01     0.01
  solverUpdateMs               0.00     0.00     0.01     0.01     0.01
  colliderRebuildMs            0.00     0.00     0.00     0.00     0.01
  preStepSweepMs               0.02     0.00     0.01     0.03     2.33
  cleanupDisabledMs            0.00     0.00     0.00     0.00     0.00
  spawnMs                      0.00     0.00     0.00     0.00     0.00
  snapshotCaptureMs            0.56     0.49     0.66     2.62     2.74
  initialPassMs                0.37     0.36     0.49     0.57     0.57

  Resimulation: 1 frames had resim passes (mean 1.0, max 1)

  Body distribution (final frame): 433 bodies
    Chunks/body: min=1 max=36 avg=1.1 median=1 p95=1
    Peak: 433 bodies, largest group: 36 chunks

stdout | src/tests/rapier.perf.test.ts > Destruction performance benchmarks (requires WASM build) > E. Configuration variants > resimulation off
[Core] Built chunk colliders { nodeCount: 468, bondCount: 2652, mappingSize: 468 }

stdout | src/tests/rapier.perf.test.ts > Destruction performance benchmarks (requires WASM build) > E. Configuration variants > resimulation off

========================================================================
  SCENARIO: Config: resimulate=off
  Nodes: 468 | Bonds: 2652 -> 2651 | Setup: 24ms
  Max rigid bodies: 435 | Total frames: 360
========================================================================

  [Warmup (steady state)] 60 frames
  Phase                        Mean      P50      P95      P99      Max
  ---------------------------------------------------------------------
  totalMs                      5.76     4.30    15.92    39.65    39.65
  rapierStepMs                 3.08     2.30     8.85    14.10    14.10
  contactDrainMs               0.52     0.41     1.48     4.11     4.11
  solverUpdateMs               1.66     1.12     5.49    20.95    20.95
  fractureMs                   0.02     0.00     0.00     1.25     1.25
  fractureGenerateMs           0.00     0.00     0.00     0.19     0.19
  fractureApplyMs              0.01     0.00     0.00     0.45     0.45
  bodyCreateMs                 0.03     0.00     0.00     1.83     1.83
  colliderRebuildMs            0.09     0.00     0.00     5.12     5.12
  preStepSweepMs               0.01     0.01     0.01     0.03     0.03
  cleanupDisabledMs            0.00     0.00     0.00     0.00     0.00
  initialPassMs                5.28     3.97    15.52    39.18    39.18
  resimMs                      0.01     0.00     0.00     0.51     0.51

  [Impact (destruction)] 120 frames
  Phase                        Mean      P50      P95      P99      Max
  ---------------------------------------------------------------------
  totalMs                      3.64     3.59     5.36     6.33     6.42
  rapierStepMs                 1.94     1.90     2.92     3.63     3.92
  contactDrainMs               0.41     0.37     0.71     1.32     1.36
  solverUpdateMs               0.97     0.93     1.54     2.03     2.21
  fractureMs                   0.00     0.00     0.00     0.00     0.00
  bodyCreateMs                 0.00     0.00     0.00     0.00     0.00
  colliderRebuildMs            0.00     0.00     0.00     0.00     0.00
  preStepSweepMs               0.01     0.00     0.01     0.01     0.01
  cleanupDisabledMs            0.00     0.00     0.00     0.01     0.01
  spawnMs                      0.00     0.00     0.00     0.00     0.04
  initialPassMs                3.32     3.28     5.07     5.98     6.05

  [Post-impact (settling)] 180 frames
  Phase                        Mean      P50      P95      P99      Max
  ---------------------------------------------------------------------
  totalMs                      4.01     3.85     5.02     5.91     8.50
  rapierStepMs                 1.86     1.85     2.12     2.50     2.59
  contactDrainMs               0.57     0.51     0.92     2.24     3.65
  solverUpdateMs               1.24     1.18     1.84     3.07     3.14
  fractureMs                   0.00     0.00     0.00     0.00     0.00
  bodyCreateMs                 0.00     0.00     0.00     0.00     0.01
  colliderRebuildMs            0.00     0.00     0.00     0.00     0.01
  preStepSweepMs               0.01     0.00     0.01     0.02     0.04
  cleanupDisabledMs            0.00     0.00     0.00     0.00     0.01
  spawnMs                      0.00     0.00     0.00     0.00     0.01
  initialPassMs                3.68     3.53     4.65     5.48     7.91

  Resimulation: 1 frames had resim passes (mean 1.0, max 1)

  Body distribution (final frame): 433 bodies
    Chunks/body: min=1 max=36 avg=1.1 median=1 p95=1
    Peak: 433 bodies, largest group: 36 chunks

stdout | src/tests/rapier.perf.test.ts > Destruction performance benchmarks (requires WASM build) > E. Configuration variants > resimulation on, maxPasses=3
[Core] Built chunk colliders { nodeCount: 468, bondCount: 2652, mappingSize: 468 }

stdout | src/tests/rapier.perf.test.ts > Destruction performance benchmarks (requires WASM build) > E. Configuration variants > resimulation on, maxPasses=3

========================================================================
  SCENARIO: Config: resimulate=on, maxPasses=3
  Nodes: 468 | Bonds: 2652 -> 2651 | Setup: 24ms
  Max rigid bodies: 435 | Total frames: 360
========================================================================

  [Warmup (steady state)] 60 frames
  Phase                        Mean      P50      P95      P99      Max
  ---------------------------------------------------------------------
  totalMs                      6.26     5.03    15.10    36.89    36.89
  rapierStepMs                 3.22     2.41     8.52    14.51    14.51
  contactDrainMs               0.51     0.41     1.35     2.40     2.40
  solverUpdateMs               1.32     1.12     3.93     8.40     8.40
  fractureMs                   0.02     0.00     0.00     0.99     0.99
  fractureGenerateMs           0.00     0.00     0.00     0.16     0.16
  fractureApplyMs              0.01     0.00     0.00     0.43     0.43
  bodyCreateMs                 0.03     0.00     0.00     1.89     1.89
  colliderRebuildMs            0.06     0.00     0.00     3.26     3.26
  preStepSweepMs               0.01     0.01     0.01     0.02     0.02
  cleanupDisabledMs            0.00     0.00     0.00     0.00     0.00
  spawnMs                      0.00     0.00     0.00     0.00     0.00
  snapshotCaptureMs            0.53     0.51     0.67     0.90     0.90
  snapshotRestoreMs            0.07     0.00     0.00     3.95     3.95
  initialPassMs                4.70     3.97    11.56    15.74    15.74
  resimMs                      0.45     0.00     0.00    27.06    27.06

  [Impact (destruction)] 120 frames
  Phase                        Mean      P50      P95      P99      Max
  ---------------------------------------------------------------------
  totalMs                      4.25     4.08     6.40     8.00     8.12
  rapierStepMs                 1.97     1.90     3.11     4.19     4.56
  contactDrainMs               0.36     0.36     0.57     0.73     1.17
  solverUpdateMs               0.98     0.95     1.56     2.08     3.38
  fractureMs                   0.00     0.00     0.00     0.00     0.01
  bodyCreateMs                 0.00     0.00     0.00     0.00     0.00
  colliderRebuildMs            0.00     0.00     0.00     0.00     0.00
  preStepSweepMs               0.01     0.01     0.01     0.01     0.02
  cleanupDisabledMs            0.00     0.00     0.00     0.00     0.00
  spawnMs                      0.00     0.00     0.00     0.00     0.04
  snapshotCaptureMs            0.58     0.52     1.43     1.60     1.85
  initialPassMs                3.32     3.24     5.22     6.89     7.06

  [Post-impact (settling)] 180 frames
  Phase                        Mean      P50      P95      P99      Max
  ---------------------------------------------------------------------
  totalMs                      4.52     4.41     5.44     5.98     8.80
  rapierStepMs                 1.86     1.85     2.13     2.25     2.32
  contactDrainMs               0.53     0.48     0.74     1.57     3.70
  solverUpdateMs               1.21     1.17     1.46     2.10     2.42
  fractureMs                   0.00     0.00     0.00     0.00     0.00
  bodyCreateMs                 0.00     0.00     0.00     0.00     0.00
  colliderRebuildMs            0.00     0.00     0.00     0.00     0.00
  preStepSweepMs               0.01     0.01     0.01     0.03     1.07
  cleanupDisabledMs            0.00     0.00     0.00     0.00     0.01
  spawnMs                      0.00     0.00     0.00     0.00     0.00
  snapshotCaptureMs            0.56     0.52     0.68     1.60     1.66
  initialPassMs                3.61     3.54     4.40     4.83     7.30

  Resimulation: 1 frames had resim passes (mean 1.0, max 1)

  Body distribution (final frame): 433 bodies
    Chunks/body: min=1 max=36 avg=1.1 median=1 p95=1
    Peak: 433 bodies, largest group: 36 chunks

stdout | src/tests/rapier.perf.test.ts > Destruction performance benchmarks (requires WASM build) > F. Fracture policy tuning (medium tower 6x12) > unlimited (baseline)
[Core] Built chunk colliders { nodeCount: 468, bondCount: 2652, mappingSize: 468 }

stdout | src/tests/rapier.perf.test.ts > Destruction performance benchmarks (requires WASM build) > F. Fracture policy tuning (medium tower 6x12) > unlimited (baseline)

========================================================================
  SCENARIO: Policy: unlimited (baseline)
  Nodes: 468 | Bonds: 2652 -> 2651 | Setup: 20ms
  Max rigid bodies: 435 | Total frames: 360
========================================================================

  [Warmup (steady state)] 60 frames
  Phase                        Mean      P50      P95      P99      Max
  ---------------------------------------------------------------------
  totalMs                      6.26     5.16    16.28    37.93    37.93
  rapierStepMs                 3.23     2.45     9.54    14.63    14.63
  contactDrainMs               0.50     0.42     1.39     2.49     2.49
  solverUpdateMs               1.34     1.13     2.78     8.42     8.42
  fractureMs                   0.02     0.00     0.01     1.12     1.12
  fractureGenerateMs           0.00     0.00     0.00     0.20     0.20
  fractureApplyMs              0.01     0.00     0.00     0.44     0.44
  bodyCreateMs                 0.06     0.00     0.00     3.79     3.79
  colliderRebuildMs            0.07     0.00     0.01     3.82     3.82
  preStepSweepMs               0.01     0.01     0.01     0.01     0.01
  cleanupDisabledMs            0.00     0.00     0.00     0.01     0.01
  spawnMs                      0.00     0.00     0.00     0.00     0.00
  snapshotCaptureMs            0.56     0.53     0.66     2.58     2.58
  snapshotRestoreMs            0.05     0.00     0.00     3.15     3.15
  initialPassMs                4.71     4.05    10.62    15.23    15.23
  resimMs                      0.43     0.00     0.00    25.80    25.80

  [Impact (destruction)] 120 frames
  Phase                        Mean      P50      P95      P99      Max
  ---------------------------------------------------------------------
  totalMs                      4.02     3.84     6.26     6.98     7.20
  rapierStepMs                 1.89     1.82     3.20     3.96     4.06
  contactDrainMs               0.37     0.35     0.61     1.28     1.49
  solverUpdateMs               0.89     0.86     1.54     1.77     1.84
  fractureMs                   0.00     0.00     0.00     0.00     0.01
  bodyCreateMs                 0.00     0.00     0.00     0.00     0.00
  colliderRebuildMs            0.00     0.00     0.00     0.00     0.01
  preStepSweepMs               0.01     0.01     0.01     0.01     0.02
  cleanupDisabledMs            0.00     0.00     0.00     0.00     0.00
  spawnMs                      0.00     0.00     0.00     0.00     0.04
  snapshotCaptureMs            0.52     0.50     0.57     1.42     1.55
  initialPassMs                3.15     3.06     5.06     6.06     6.27

  [Post-impact (settling)] 180 frames
  Phase                        Mean      P50      P95      P99      Max
  ---------------------------------------------------------------------
  totalMs                      4.27     4.17     5.18     5.82     5.87
  rapierStepMs                 1.79     1.81     2.12     2.20     2.34
  contactDrainMs               0.49     0.47     0.54     1.59     1.60
  solverUpdateMs               1.09     1.07     1.23     1.93     2.17
  fractureMs                   0.00     0.00     0.00     0.00     0.01
  bodyCreateMs                 0.00     0.00     0.00     0.00     0.00
  colliderRebuildMs            0.00     0.00     0.00     0.00     0.01
  preStepSweepMs               0.02     0.01     0.01     0.94     1.14
  cleanupDisabledMs            0.00     0.00     0.00     0.00     0.00
  spawnMs                      0.00     0.00     0.00     0.00     0.00
  snapshotCaptureMs            0.55     0.50     0.71     1.44     1.64
  initialPassMs                3.37     3.33     3.84     4.90     4.91

  Resimulation: 1 frames had resim passes (mean 1.0, max 1)

  Body distribution (final frame): 433 bodies
    Chunks/body: min=1 max=36 avg=1.1 median=1 p95=1
    Peak: 433 bodies, largest group: 36 chunks

stdout | src/tests/rapier.perf.test.ts > Destruction performance benchmarks (requires WASM build) > F. Fracture policy tuning (medium tower 6x12) > maxFracturesPerFrame: 8 (progressive fracture)
[Core] Built chunk colliders { nodeCount: 468, bondCount: 2652, mappingSize: 468 }

stdout | src/tests/rapier.perf.test.ts > Destruction performance benchmarks (requires WASM build) > F. Fracture policy tuning (medium tower 6x12) > maxFracturesPerFrame: 8 (progressive fracture)

========================================================================
  SCENARIO: Policy: maxFractures=8
  Nodes: 468 | Bonds: 2652 -> 2651 | Setup: 13ms
  Max rigid bodies: 435 | Total frames: 480
========================================================================

  [Warmup (steady state)] 60 frames
  Phase                        Mean      P50      P95      P99      Max
  ---------------------------------------------------------------------
  totalMs                      1.89     1.84     2.00     3.77     3.77
  rapierStepMs                 0.13     0.12     0.13     0.84     0.84
  contactDrainMs               0.00     0.00     0.00     0.00     0.00
  solverUpdateMs               1.45     1.46     1.58     2.15     2.15
  fractureMs                   0.29     0.25     0.49     1.62     1.62
  fractureGenerateMs           0.11     0.10     0.13     0.18     0.18
  fractureApplyMs              0.01     0.01     0.02     0.03     0.03
  colliderRebuildMs            0.00     0.00     0.00     0.00     0.00
  preStepSweepMs               0.00     0.00     0.00     0.01     0.01
  cleanupDisabledMs            0.00     0.00     0.00     0.00     0.00
  snapshotCaptureMs            0.00     0.00     0.00     0.00     0.00
  initialPassMs                1.87     1.83     1.99     3.68     3.68

  [Impact (destruction)] 120 frames
  Phase                        Mean      P50      P95      P99      Max
  ---------------------------------------------------------------------
  totalMs                      3.08     1.52     8.39    10.16    11.74
  rapierStepMs                 0.73     0.12     3.05     3.24     3.39
  contactDrainMs               0.11     0.00     0.56     0.61     0.75
  solverUpdateMs               1.77     1.19     3.92     6.57     7.93
  fractureMs                   0.28     0.19     0.74     1.30     1.66
  fractureGenerateMs           0.13     0.09     0.19     1.18     1.32
  fractureApplyMs              0.03     0.01     0.09     0.12     0.13
  bodyCreateMs                 0.01     0.00     0.05     0.07     0.07
  colliderRebuildMs            0.03     0.00     0.09     0.11     0.68
  preStepSweepMs               0.00     0.00     0.01     0.01     0.01
  cleanupDisabledMs            0.00     0.00     0.00     0.00     0.00
  spawnMs                      0.00     0.00     0.00     0.00     0.04
  snapshotCaptureMs            0.04     0.00     0.16     0.20     1.02
  snapshotRestoreMs            0.02     0.00     0.09     0.12     0.12
  initialPassMs                1.97     1.50     3.96     5.03     6.59
  resimMs                      0.94     0.00     4.15     5.07     5.26

  [Post-impact (settling)] 300 frames
  Phase                        Mean      P50      P95      P99      Max
  ---------------------------------------------------------------------
  totalMs                      6.15     5.04    11.63    13.24    13.56
  rapierStepMs                 2.54     2.13     5.12     5.82     6.23
  contactDrainMs               0.63     0.47     1.99     2.69     3.23
  solverUpdateMs               1.80     1.32     3.85     5.26     5.91
  fractureMs                   0.07     0.00     0.40     0.46     0.54
  fractureGenerateMs           0.02     0.00     0.11     0.13     0.13
  fractureApplyMs              0.01     0.00     0.08     0.11     0.14
  bodyCreateMs                 0.01     0.00     0.05     0.08     0.09
  colliderRebuildMs            0.02     0.00     0.09     0.16     0.55
  preStepSweepMs               0.01     0.01     0.01     0.03     1.64
  cleanupDisabledMs            0.00     0.00     0.00     0.00     0.00
  spawnMs                      0.00     0.00     0.00     0.00     0.00
  snapshotCaptureMs            0.60     0.56     0.74     2.50     3.01
  snapshotRestoreMs            0.04     0.00     0.25     0.32     0.41
  initialPassMs                4.19     3.95     5.90     6.62     7.20
  resimMs                      0.90     0.00     5.27     5.98     7.27

  Resimulation: 87 frames had resim passes (mean 1.0, max 1)

  Body distribution (final frame): 433 bodies
    Chunks/body: min=1 max=36 avg=1.1 median=1 p95=1
    Peak: 433 bodies, largest group: 468 chunks

stdout | src/tests/rapier.perf.test.ts > Destruction performance benchmarks (requires WASM build) > F. Fracture policy tuning (medium tower 6x12) > maxFracturesPerFrame: 4 (slow propagation)
[Core] Built chunk colliders { nodeCount: 468, bondCount: 2652, mappingSize: 468 }

stdout | src/tests/rapier.perf.test.ts > Destruction performance benchmarks (requires WASM build) > F. Fracture policy tuning (medium tower 6x12) > maxFracturesPerFrame: 4 (slow propagation)

========================================================================
  SCENARIO: Policy: maxFractures=4
  Nodes: 468 | Bonds: 2652 -> 2651 | Setup: 21ms
  Max rigid bodies: 378 | Total frames: 480
========================================================================

  [Warmup (steady state)] 60 frames
  Phase                        Mean      P50      P95      P99      Max
  ---------------------------------------------------------------------
  totalMs                      1.74     1.88     2.20     4.40     4.40
  rapierStepMs                 0.13     0.11     0.15     1.01     1.01
  contactDrainMs               0.00     0.00     0.00     0.00     0.00
  solverUpdateMs               1.33     1.49     1.64     2.66     2.66
  fractureMs                   0.27     0.26     0.37     1.81     1.81
  fractureGenerateMs           0.12     0.10     0.15     1.64     1.64
  fractureApplyMs              0.01     0.01     0.01     0.02     0.02
  bodyCreateMs                 0.00     0.00     0.00     0.00     0.00
  colliderRebuildMs            0.00     0.00     0.00     0.00     0.00
  preStepSweepMs               0.00     0.00     0.00     0.01     0.01
  cleanupDisabledMs            0.00     0.00     0.00     0.00     0.00
  snapshotCaptureMs            0.00     0.00     0.00     0.00     0.00
  initialPassMs                1.73     1.86     2.19     4.33     4.33

  [Impact (destruction)] 120 frames
  Phase                        Mean      P50      P95      P99      Max
  ---------------------------------------------------------------------
  totalMs                      1.63     1.68     1.89     2.39     2.46
  rapierStepMs                 0.11     0.11     0.13     0.13     0.15
  contactDrainMs               0.00     0.00     0.01     0.01     0.01
  solverUpdateMs               1.27     1.32     1.44     1.58     1.63
  fractureMs                   0.23     0.22     0.27     0.93     1.00
  fractureGenerateMs           0.11     0.10     0.12     0.79     0.89
  fractureApplyMs              0.01     0.01     0.01     0.10     0.18
  colliderRebuildMs            0.00     0.00     0.00     0.00     0.00
  preStepSweepMs               0.00     0.00     0.00     0.00     0.00
  cleanupDisabledMs            0.00     0.00     0.00     0.00     0.00
  spawnMs                      0.00     0.00     0.00     0.00     0.04
  snapshotCaptureMs            0.00     0.00     0.01     0.01     0.01
  initialPassMs                1.61     1.66     1.85     2.37     2.43

  [Post-impact (settling)] 300 frames
  Phase                        Mean      P50      P95      P99      Max
  ---------------------------------------------------------------------
  totalMs                      4.76     5.38    10.15    10.96    12.32
  rapierStepMs                 1.61     1.63     4.17     4.67     4.85
  contactDrainMs               0.35     0.27     1.03     1.79     2.14
  solverUpdateMs               2.09     2.40     3.41     4.50     5.88
  fractureMs                   0.25     0.23     0.48     0.89     1.65
  fractureGenerateMs           0.11     0.09     0.16     0.80     1.41
  fractureApplyMs              0.03     0.04     0.06     0.07     0.09
  bodyCreateMs                 0.02     0.02     0.04     0.06     0.08
  colliderRebuildMs            0.03     0.03     0.07     0.12     0.48
  preStepSweepMs               0.00     0.00     0.01     0.02     0.02
  cleanupDisabledMs            0.00     0.00     0.00     0.00     0.01
  spawnMs                      0.00     0.00     0.00     0.00     0.00
  snapshotCaptureMs            0.15     0.07     0.45     0.71     1.55
  snapshotRestoreMs            0.08     0.03     0.26     0.30     0.38
  initialPassMs                2.53     2.64     4.38     5.54     6.11
  resimMs                      1.86     2.47     4.56     4.91     5.13

  Resimulation: 158 frames had resim passes (mean 1.0, max 1)

  Body distribution (final frame): 376 bodies
    Chunks/body: min=1 max=58 avg=1.2 median=1 p95=1
    Peak: 376 bodies, largest group: 468 chunks

stdout | src/tests/rapier.perf.test.ts > Destruction performance benchmarks (requires WASM build) > F. Fracture policy tuning (medium tower 6x12) > maxNewBodiesPerFrame: 8
[Core] Built chunk colliders { nodeCount: 468, bondCount: 2652, mappingSize: 468 }

stdout | src/tests/rapier.perf.test.ts > Destruction performance benchmarks (requires WASM build) > F. Fracture policy tuning (medium tower 6x12) > maxNewBodiesPerFrame: 8

========================================================================
  SCENARIO: Policy: maxBodies=8
  Nodes: 468 | Bonds: 2652 -> 2651 | Setup: 16ms
  Max rigid bodies: 435 | Total frames: 480
========================================================================

  [Warmup (steady state)] 60 frames
  Phase                        Mean      P50      P95      P99      Max
  ---------------------------------------------------------------------
  totalMs                      4.77     4.81     6.94     7.62     7.62
  rapierStepMs                 2.27     2.27     3.24     3.59     3.59
  contactDrainMs               0.39     0.37     0.56     2.09     2.09
  solverUpdateMs               1.38     1.31     2.63     2.92     2.92
  fractureMs                   0.01     0.00     0.01     0.77     0.77
  fractureGenerateMs           0.00     0.00     0.00     0.26     0.26
  fractureApplyMs              0.00     0.00     0.00     0.20     0.20
  bodyCreateMs                 0.05     0.05     0.08     0.27     0.27
  colliderRebuildMs            0.09     0.09     0.13     0.19     0.19
  preStepSweepMs               0.02     0.00     0.01     0.90     0.90
  cleanupDisabledMs            0.00     0.00     0.00     0.00     0.00
  spawnMs                      0.00     0.00     0.00     0.00     0.00
  snapshotCaptureMs            0.30     0.31     0.53     0.58     0.58
  snapshotRestoreMs            0.00     0.00     0.00     0.05     0.05
  initialPassMs                4.04     4.01     5.68     6.30     6.30
  resimMs                      0.03     0.00     0.00     1.68     1.68

  [Impact (destruction)] 120 frames
  Phase                        Mean      P50      P95      P99      Max
  ---------------------------------------------------------------------
  totalMs                      4.36     4.22     6.58     7.20     7.35
  rapierStepMs                 1.91     1.88     3.29     3.59     3.76
  contactDrainMs               0.40     0.36     0.59     2.04     2.80
  solverUpdateMs               1.01     0.98     1.63     1.88     2.31
  fractureMs                   0.00     0.00     0.00     0.00     0.00
  bodyCreateMs                 0.00     0.00     0.00     0.00     0.00
  colliderRebuildMs            0.00     0.00     0.00     0.00     0.01
  preStepSweepMs               0.01     0.01     0.01     0.01     0.02
  cleanupDisabledMs            0.00     0.00     0.00     0.00     0.00
  spawnMs                      0.00     0.00     0.00     0.00     0.04
  snapshotCaptureMs            0.63     0.55     1.36     2.56     2.61
  initialPassMs                3.32     3.26     5.55     5.89     6.24

  [Post-impact (settling)] 300 frames
  Phase                        Mean      P50      P95      P99      Max
  ---------------------------------------------------------------------
  totalMs                      4.25     4.51     6.27     6.81     7.03
  rapierStepMs                 1.57     1.78     2.17     2.46     2.62
  contactDrainMs               0.50     0.47     0.75     2.37     2.80
  solverUpdateMs               1.14     1.23     1.46     3.08     3.25
  fractureMs                   0.00     0.00     0.00     0.00     0.01
  bodyCreateMs                 0.00     0.00     0.00     0.00     0.00
  colliderRebuildMs            0.00     0.00     0.00     0.00     0.01
  preStepSweepMs               0.01     0.01     0.01     0.02     1.79
  cleanupDisabledMs            0.00     0.00     0.00     0.00     0.00
  spawnMs                      0.00     0.00     0.00     0.00     0.00
  snapshotCaptureMs            0.64     0.56     0.91     2.80     3.11
  initialPassMs                3.22     3.56     5.02     5.65     5.70

  Resimulation: 1 frames had resim passes (mean 1.0, max 1)

  Body distribution (final frame): 433 bodies
    Chunks/body: min=1 max=36 avg=1.1 median=1 p95=1
    Peak: 433 bodies, largest group: 452 chunks

stdout | src/tests/rapier.perf.test.ts > Destruction performance benchmarks (requires WASM build) > F. Fracture policy tuning (medium tower 6x12) > maxDynamicBodies: 20 (body cap)
[Core] Built chunk colliders { nodeCount: 468, bondCount: 2652, mappingSize: 468 }

stdout | src/tests/rapier.perf.test.ts > Destruction performance benchmarks (requires WASM build) > F. Fracture policy tuning (medium tower 6x12) > maxDynamicBodies: 20 (body cap)

========================================================================
  SCENARIO: Policy: maxDynBodies=20
  Nodes: 468 | Bonds: 2652 -> 2651 | Setup: 21ms
  Max rigid bodies: 23 | Total frames: 360
========================================================================

  [Warmup (steady state)] 60 frames
  Phase                        Mean      P50      P95      P99      Max
  ---------------------------------------------------------------------
  totalMs                      1.38     0.92     3.28    11.87    11.87
  rapierStepMs                 0.44     0.38     0.66     2.07     2.07
  contactDrainMs               0.09     0.07     0.15     0.92     0.92
  solverUpdateMs               0.74     0.41     2.57     7.67     7.67
  fractureMs                   0.02     0.00     0.00     1.07     1.07
  fractureGenerateMs           0.00     0.00     0.00     0.22     0.22
  fractureApplyMs              0.01     0.00     0.00     0.40     0.40
  bodyCreateMs                 0.01     0.00     0.02     0.27     0.27
  colliderRebuildMs            0.01     0.00     0.00     0.30     0.30
  preStepSweepMs               0.00     0.00     0.00     0.01     0.01
  cleanupDisabledMs            0.00     0.00     0.00     0.00     0.00
  snapshotCaptureMs            0.03     0.03     0.04     0.05     0.05
  snapshotRestoreMs            0.00     0.00     0.00     0.15     0.15
  initialPassMs                1.18     0.87     3.18     4.07     4.07
  resimMs                      0.12     0.00     0.00     7.07     7.07

  [Impact (destruction)] 120 frames
  Phase                        Mean      P50      P95      P99      Max
  ---------------------------------------------------------------------
  totalMs                      0.56     0.78     0.92     0.98     2.46
  rapierStepMs                 0.24     0.32     0.39     0.41     0.41
  contactDrainMs               0.04     0.06     0.07     0.07     0.08
  solverUpdateMs               0.21     0.34     0.40     0.42     0.43
  fractureMs                   0.00     0.00     0.00     0.00     0.00
  bodyCreateMs                 0.00     0.00     0.01     0.01     0.01
  colliderRebuildMs            0.00     0.00     0.00     0.00     0.00
  preStepSweepMs               0.00     0.00     0.00     0.00     0.00
  spawnMs                      0.00     0.00     0.00     0.00     0.04
  snapshotCaptureMs            0.04     0.03     0.03     0.04     1.57
  initialPassMs                0.49     0.72     0.85     0.88     0.89

  [Post-impact (settling)] 180 frames
  Phase                        Mean      P50      P95      P99      Max
  ---------------------------------------------------------------------
  totalMs                      0.17     0.16     0.18     0.22     1.24
  rapierStepMs                 0.10     0.10     0.12     0.15     0.16
  contactDrainMs               0.00     0.00     0.00     0.00     0.00
  solverUpdateMs               0.00     0.00     0.00     0.00     0.00
  bodyCreateMs                 0.00     0.00     0.00     0.01     0.04
  preStepSweepMs               0.00     0.00     0.00     0.00     0.00
  snapshotCaptureMs            0.03     0.03     0.03     0.03     0.04
  initialPassMs                0.11     0.11     0.12     0.16     0.16

  Resimulation: 1 frames had resim passes (mean 1.0, max 1)

  Body distribution (final frame): 21 bodies
    Chunks/body: min=1 max=448 avg=22.3 median=1 p95=1
    Peak: 21 bodies, largest group: 448 chunks

stdout | src/tests/rapier.perf.test.ts > Destruction performance benchmarks (requires WASM build) > F. Fracture policy tuning (medium tower 6x12) > combined: maxFractures=8, maxBodies=10, maxMigrations=32
[Core] Built chunk colliders { nodeCount: 468, bondCount: 2652, mappingSize: 468 }

stdout | src/tests/rapier.perf.test.ts > Destruction performance benchmarks (requires WASM build) > F. Fracture policy tuning (medium tower 6x12) > combined: maxFractures=8, maxBodies=10, maxMigrations=32

========================================================================
  SCENARIO: Policy: combined budget
  Nodes: 468 | Bonds: 2652 -> 2651 | Setup: 15ms
  Max rigid bodies: 435 | Total frames: 540
========================================================================

  [Warmup (steady state)] 60 frames
  Phase                        Mean      P50      P95      P99      Max
  ---------------------------------------------------------------------
  totalMs                      1.90     1.84     2.05     3.90     3.90
  rapierStepMs                 0.13     0.12     0.15     0.87     0.87
  contactDrainMs               0.00     0.00     0.00     0.00     0.00
  solverUpdateMs               1.46     1.45     1.60     2.18     2.18
  fractureMs                   0.29     0.25     0.31     2.16     2.16
  fractureGenerateMs           0.14     0.10     0.14     1.99     1.99
  fractureApplyMs              0.01     0.01     0.02     0.02     0.02
  colliderRebuildMs            0.00     0.00     0.00     0.01     0.01
  preStepSweepMs               0.00     0.00     0.00     0.01     0.01
  cleanupDisabledMs            0.00     0.00     0.00     0.00     0.00
  spawnMs                      0.00     0.00     0.00     0.00     0.00
  snapshotCaptureMs            0.00     0.00     0.00     0.00     0.00
  initialPassMs                1.88     1.82     2.02     3.87     3.87

  [Impact (destruction)] 120 frames
  Phase                        Mean      P50      P95      P99      Max
  ---------------------------------------------------------------------
  totalMs                      3.00     1.55     8.81     9.64    10.37
  rapierStepMs                 0.73     0.12     3.20     3.45     3.47
  contactDrainMs               0.13     0.00     0.61     0.73     1.89
  solverUpdateMs               1.70     1.21     3.69     3.81     3.89
  fractureMs                   0.27     0.20     0.51     1.51     1.58
  fractureGenerateMs           0.13     0.10     0.17     0.85     1.45
  fractureApplyMs              0.02     0.01     0.06     0.19     0.24
  bodyCreateMs                 0.01     0.00     0.05     0.06     0.06
  colliderRebuildMs            0.03     0.00     0.12     0.14     0.16
  preStepSweepMs               0.00     0.00     0.00     0.01     0.01
  cleanupDisabledMs            0.00     0.00     0.00     0.00     0.00
  spawnMs                      0.00     0.00     0.00     0.00     0.05
  snapshotCaptureMs            0.03     0.00     0.18     0.22     0.26
  snapshotRestoreMs            0.02     0.00     0.12     0.14     0.15
  initialPassMs                1.94     1.52     4.03     4.27     4.39
  resimMs                      0.90     0.00     4.13     4.38     5.15

  [Post-impact (settling)] 360 frames
  Phase                        Mean      P50      P95      P99      Max
  ---------------------------------------------------------------------
  totalMs                      6.30     5.00    13.19    22.77    28.32
  rapierStepMs                 2.61     2.08     5.61    10.28    11.27
  contactDrainMs               0.64     0.48     1.61     2.57     5.85
  solverUpdateMs               1.91     1.41     4.35     6.87     9.53
  fractureMs                   0.06     0.00     0.41     0.79     1.07
  fractureGenerateMs           0.02     0.00     0.12     0.23     0.34
  fractureApplyMs              0.01     0.00     0.08     0.13     0.17
  bodyCreateMs                 0.01     0.00     0.07     0.22     1.27
  colliderRebuildMs            0.03     0.00     0.15     0.34     0.81
  preStepSweepMs               0.01     0.01     0.01     0.03     0.89
  cleanupDisabledMs            0.00     0.00     0.00     0.00     0.01
  spawnMs                      0.00     0.00     0.00     0.00     0.00
  snapshotCaptureMs            0.59     0.54     1.06     2.03     2.37
  snapshotRestoreMs            0.05     0.00     0.32     0.53     1.04
  initialPassMs                4.36     4.04     6.32    11.36    16.69
  resimMs                      0.91     0.00     6.05     8.85    14.68

  Resimulation: 87 frames had resim passes (mean 1.0, max 1)

  Body distribution (final frame): 433 bodies
    Chunks/body: min=1 max=36 avg=1.1 median=1 p95=1
    Peak: 433 bodies, largest group: 468 chunks

stdout | src/tests/rapier.perf.test.ts > Destruction performance benchmarks (requires WASM build) > G. Solver iteration tuning (medium tower 6x12) > 24 iterations (default)
[Core] Built chunk colliders { nodeCount: 468, bondCount: 2652, mappingSize: 468 }

stdout | src/tests/rapier.perf.test.ts > Destruction performance benchmarks (requires WASM build) > G. Solver iteration tuning (medium tower 6x12) > 24 iterations (default)

========================================================================
  SCENARIO: Solver: 24 iterations
  Nodes: 468 | Bonds: 2652 -> 2651 | Setup: 20ms
  Max rigid bodies: 435 | Total frames: 360
========================================================================

  [Warmup (steady state)] 60 frames
  Phase                        Mean      P50      P95      P99      Max
  ---------------------------------------------------------------------
  totalMs                      6.11     4.92    13.93    37.56    37.56
  rapierStepMs                 3.14     2.39     9.09    14.51    14.51
  contactDrainMs               0.52     0.42     1.46     2.55     2.55
  solverUpdateMs               1.38     1.14     2.74     8.63     8.63
  fractureMs                   0.02     0.00     0.00     0.93     0.93
  fractureGenerateMs           0.00     0.00     0.00     0.17     0.17
  fractureApplyMs              0.01     0.00     0.00     0.42     0.42
  bodyCreateMs                 0.06     0.00     0.00     3.71     3.71
  colliderRebuildMs            0.07     0.00     0.00     4.12     4.12
  preStepSweepMs               0.01     0.01     0.01     0.02     0.02
  cleanupDisabledMs            0.00     0.00     0.00     0.00     0.00
  spawnMs                      0.00     0.00     0.00     0.00     0.00
  snapshotCaptureMs            0.56     0.51     1.48     1.73     1.73
  snapshotRestoreMs            0.04     0.00     0.00     2.59     2.59
  initialPassMs                4.69     4.02    10.12    17.86    17.86
  resimMs                      0.42     0.00     0.00    25.30    25.30

  [Impact (destruction)] 120 frames
  Phase                        Mean      P50      P95      P99      Max
  ---------------------------------------------------------------------
  totalMs                      4.03     3.90     6.05     6.68     7.33
  rapierStepMs                 1.87     1.80     3.18     3.60     3.62
  contactDrainMs               0.38     0.35     0.62     1.40     1.63
  solverUpdateMs               0.94     0.90     1.64     1.96     2.07
  fractureMs                   0.00     0.00     0.00     0.00     0.09
  bodyCreateMs                 0.00     0.00     0.00     0.00     0.01
  colliderRebuildMs            0.00     0.00     0.00     0.00     0.00
  preStepSweepMs               0.01     0.00     0.01     0.01     0.01
  cleanupDisabledMs            0.00     0.00     0.00     0.00     0.00
  spawnMs                      0.00     0.00     0.00     0.00     0.04
  snapshotCaptureMs            0.53     0.49     0.57     1.53     1.75
  initialPassMs                3.19     3.10     5.20     5.86     5.87

  [Post-impact (settling)] 180 frames
  Phase                        Mean      P50      P95      P99      Max
  ---------------------------------------------------------------------
  totalMs                      4.42     4.15     5.86     7.45     8.30
  rapierStepMs                 1.79     1.79     2.07     2.97     3.01
  contactDrainMs               0.57     0.48     1.30     2.62     3.88
  solverUpdateMs               1.15     1.09     1.49     2.42     2.80
  fractureMs                   0.00     0.00     0.00     0.00     0.00
  bodyCreateMs                 0.00     0.00     0.00     0.00     0.00
  colliderRebuildMs            0.00     0.00     0.00     0.01     0.01
  preStepSweepMs               0.01     0.01     0.01     0.02     1.10
  cleanupDisabledMs            0.00     0.00     0.00     0.00     0.00
  spawnMs                      0.00     0.00     0.00     0.00     0.00
  snapshotCaptureMs            0.58     0.50     1.00     2.00     2.42
  initialPassMs                3.50     3.35     4.70     6.29     7.19

  Resimulation: 1 frames had resim passes (mean 1.0, max 1)

  Body distribution (final frame): 433 bodies
    Chunks/body: min=1 max=36 avg=1.1 median=1 p95=1
    Peak: 433 bodies, largest group: 36 chunks

stdout | src/tests/rapier.perf.test.ts > Destruction performance benchmarks (requires WASM build) > G. Solver iteration tuning (medium tower 6x12) > 12 iterations (halved)
[Core] Built chunk colliders { nodeCount: 468, bondCount: 2652, mappingSize: 468 }

stdout | src/tests/rapier.perf.test.ts > Destruction performance benchmarks (requires WASM build) > G. Solver iteration tuning (medium tower 6x12) > 12 iterations (halved)

========================================================================
  SCENARIO: Solver: 12 iterations
  Nodes: 468 | Bonds: 2652 -> 2651 | Setup: 27ms
  Max rigid bodies: 435 | Total frames: 360
========================================================================

  [Warmup (steady state)] 60 frames
  Phase                        Mean      P50      P95      P99      Max
  ---------------------------------------------------------------------
  totalMs                      6.13     4.96    14.45    36.37    36.37
  rapierStepMs                 3.13     2.36     9.13    13.64    13.64
  contactDrainMs               0.55     0.42     1.77     2.37     2.37
  solverUpdateMs               1.35     1.15     3.16     8.41     8.41
  fractureMs                   0.02     0.00     0.00     0.90     0.90
  fractureGenerateMs           0.00     0.00     0.00     0.20     0.20
  fractureApplyMs              0.01     0.00     0.00     0.42     0.42
  bodyCreateMs                 0.03     0.00     0.00     2.03     2.03
  colliderRebuildMs            0.10     0.00     0.01     5.69     5.69
  preStepSweepMs               0.05     0.01     0.01     1.44     1.44
  cleanupDisabledMs            0.00     0.00     0.00     0.00     0.00
  spawnMs                      0.00     0.00     0.00     0.00     0.00
  snapshotCaptureMs            0.55     0.52     0.65     1.97     1.97
  snapshotRestoreMs            0.05     0.00     0.00     2.89     2.89
  initialPassMs                4.69     4.06    10.21    15.85    15.85
  resimMs                      0.41     0.00     0.00    24.42    24.42

  [Impact (destruction)] 120 frames
  Phase                        Mean      P50      P95      P99      Max
  ---------------------------------------------------------------------
  totalMs                      4.14     3.89     6.38     8.20     8.72
  rapierStepMs                 1.92     1.82     3.40     3.96     4.50
  contactDrainMs               0.38     0.35     0.65     1.41     1.59
  solverUpdateMs               0.94     0.88     1.71     1.86     2.11
  fractureMs                   0.00     0.00     0.00     0.00     0.00
  bodyCreateMs                 0.00     0.00     0.00     0.00     0.00
  colliderRebuildMs            0.00     0.00     0.00     0.00     0.01
  preStepSweepMs               0.01     0.01     0.01     0.02     0.95
  cleanupDisabledMs            0.00     0.00     0.00     0.00     0.00
  spawnMs                      0.00     0.00     0.00     0.00     0.04
  snapshotCaptureMs            0.55     0.51     0.66     1.67     1.90
  initialPassMs                3.24     3.06     5.37     6.52     7.01

  [Post-impact (settling)] 180 frames
  Phase                        Mean      P50      P95      P99      Max
  ---------------------------------------------------------------------
  totalMs                      4.26     4.16     5.15     5.44     5.79
  rapierStepMs                 1.76     1.78     1.99     2.12     2.12
  contactDrainMs               0.52     0.48     0.73     1.51     1.58
  solverUpdateMs               1.10     1.10     1.21     1.28     1.99
  fractureMs                   0.00     0.00     0.00     0.00     0.01
  bodyCreateMs                 0.00     0.00     0.00     0.00     0.00
  colliderRebuildMs            0.00     0.00     0.00     0.00     0.01
  preStepSweepMs               0.01     0.01     0.01     0.01     1.17
  cleanupDisabledMs            0.00     0.00     0.00     0.00     0.01
  spawnMs                      0.00     0.00     0.00     0.00     0.00
  snapshotCaptureMs            0.53     0.50     0.58     1.46     1.63
  initialPassMs                3.38     3.34     4.03     4.48     4.61

  Resimulation: 1 frames had resim passes (mean 1.0, max 1)

  Body distribution (final frame): 433 bodies
    Chunks/body: min=1 max=36 avg=1.1 median=1 p95=1
    Peak: 433 bodies, largest group: 36 chunks

stdout | src/tests/rapier.perf.test.ts > Destruction performance benchmarks (requires WASM build) > G. Solver iteration tuning (medium tower 6x12) > 8 iterations (aggressive)
[Core] Built chunk colliders { nodeCount: 468, bondCount: 2652, mappingSize: 468 }

stdout | src/tests/rapier.perf.test.ts > Destruction performance benchmarks (requires WASM build) > G. Solver iteration tuning (medium tower 6x12) > 8 iterations (aggressive)

========================================================================
  SCENARIO: Solver: 8 iterations
  Nodes: 468 | Bonds: 2652 -> 2651 | Setup: 13ms
  Max rigid bodies: 435 | Total frames: 360
========================================================================

  [Warmup (steady state)] 60 frames
  Phase                        Mean      P50      P95      P99      Max
  ---------------------------------------------------------------------
  totalMs                      6.56     5.25    14.13    35.49    35.49
  rapierStepMs                 3.26     2.52     8.46    13.55    13.55
  contactDrainMs               0.69     0.46     2.35     5.06     5.06
  solverUpdateMs               1.45     1.24     3.22     8.38     8.38
  fractureMs                   0.01     0.00     0.00     0.60     0.60
  fractureGenerateMs           0.00     0.00     0.00     0.18     0.18
  fractureApplyMs              0.00     0.00     0.00     0.19     0.19
  bodyCreateMs                 0.03     0.00     0.00     1.70     1.70
  colliderRebuildMs            0.06     0.00     0.01     3.41     3.41
  preStepSweepMs               0.01     0.01     0.01     0.01     0.01
  cleanupDisabledMs            0.00     0.00     0.00     0.00     0.00
  spawnMs                      0.00     0.00     0.00     0.00     0.00
  snapshotCaptureMs            0.62     0.54     1.44     2.44     2.44
  snapshotRestoreMs            0.04     0.00     0.00     2.35     2.35
  initialPassMs                5.01     4.31    12.41    15.29    15.29
  resimMs                      0.44     0.00     0.00    26.49    26.49

  [Impact (destruction)] 120 frames
  Phase                        Mean      P50      P95      P99      Max
  ---------------------------------------------------------------------
  totalMs                      4.26     3.94     6.92     7.89     9.93
  rapierStepMs                 1.94     1.83     3.46     4.34     4.35
  contactDrainMs               0.45     0.35     1.90     2.51     2.56
  solverUpdateMs               0.95     0.91     1.63     1.82     1.96
  fractureMs                   0.00     0.00     0.00     0.00     0.00
  bodyCreateMs                 0.00     0.00     0.00     0.00     0.01
  colliderRebuildMs            0.00     0.00     0.00     0.01     0.01
  preStepSweepMs               0.03     0.00     0.01     1.52     1.57
  cleanupDisabledMs            0.00     0.00     0.00     0.00     0.00
  spawnMs                      0.00     0.00     0.00     0.00     0.04
  snapshotCaptureMs            0.56     0.51     0.64     2.10     2.14
  initialPassMs                3.34     3.13     5.81     6.90     8.70

  [Post-impact (settling)] 180 frames
  Phase                        Mean      P50      P95      P99      Max
  ---------------------------------------------------------------------
  totalMs                      4.53     4.26     6.26     7.53     7.81
  rapierStepMs                 1.81     1.80     2.10     2.54     2.56
  contactDrainMs               0.57     0.47     1.94     2.51     2.99
  solverUpdateMs               1.19     1.15     1.38     3.08     3.27
  fractureMs                   0.00     0.00     0.00     0.00     0.00
  bodyCreateMs                 0.00     0.00     0.00     0.00     0.00
  colliderRebuildMs            0.00     0.00     0.00     0.01     0.01
  preStepSweepMs               0.01     0.00     0.01     0.01     0.01
  cleanupDisabledMs            0.00     0.00     0.00     0.00     0.00
  spawnMs                      0.00     0.00     0.00     0.00     0.00
  snapshotCaptureMs            0.58     0.51     0.78     2.83     3.16
  initialPassMs                3.58     3.43     4.96     5.63     5.77

  Resimulation: 1 frames had resim passes (mean 1.0, max 1)

  Body distribution (final frame): 433 bodies
    Chunks/body: min=1 max=36 avg=1.1 median=1 p95=1
    Peak: 433 bodies, largest group: 36 chunks

stdout | src/tests/rapier.perf.test.ts > Destruction performance benchmarks (requires WASM build) > H. Idle-skip comparison (medium tower 6x12) > idle-skip ON (default)
[Core] Built chunk colliders { nodeCount: 468, bondCount: 2652, mappingSize: 468 }

stdout | src/tests/rapier.perf.test.ts > Destruction performance benchmarks (requires WASM build) > H. Idle-skip comparison (medium tower 6x12) > idle-skip ON (default)

========================================================================
  SCENARIO: IdleSkip: ON
  Nodes: 468 | Bonds: 2652 -> 2651 | Setup: 21ms
  Max rigid bodies: 435 | Total frames: 360
========================================================================

  [Warmup (steady state)] 60 frames
  Phase                        Mean      P50      P95      P99      Max
  ---------------------------------------------------------------------
  totalMs                      6.19     5.03    13.35    37.60    37.60
  rapierStepMs                 3.17     2.39     8.47    13.81    13.81
  contactDrainMs               0.59     0.42     1.79     4.85     4.85
  solverUpdateMs               1.35     1.14     2.77     9.44     9.44
  fractureMs                   0.01     0.00     0.00     0.80     0.80
  fractureGenerateMs           0.00     0.00     0.00     0.16     0.16
  fractureApplyMs              0.01     0.00     0.00     0.40     0.40
  bodyCreateMs                 0.03     0.00     0.00     1.94     1.94
  colliderRebuildMs            0.06     0.00     0.00     3.74     3.74
  preStepSweepMs               0.01     0.01     0.01     0.01     0.01
  cleanupDisabledMs            0.00     0.00     0.00     0.00     0.00
  spawnMs                      0.00     0.00     0.00     0.00     0.00
  snapshotCaptureMs            0.56     0.53     0.74     1.71     1.71
  snapshotRestoreMs            0.04     0.00     0.00     2.48     2.48
  initialPassMs                4.71     4.12     9.84    16.90    16.90
  resimMs                      0.46     0.00     0.00    27.55    27.55

  [Impact (destruction)] 120 frames
  Phase                        Mean      P50      P95      P99      Max
  ---------------------------------------------------------------------
  totalMs                      4.04     3.88     6.09     7.27     8.09
  rapierStepMs                 1.89     1.81     3.22     3.76     4.09
  contactDrainMs               0.38     0.36     0.65     1.37     1.40
  solverUpdateMs               0.91     0.88     1.55     1.74     1.83
  fractureMs                   0.00     0.00     0.00     0.00     0.00
  bodyCreateMs                 0.00     0.00     0.00     0.00     0.00
  colliderRebuildMs            0.00     0.00     0.00     0.00     0.00
  preStepSweepMs               0.00     0.00     0.01     0.01     0.02
  cleanupDisabledMs            0.00     0.00     0.00     0.00     0.01
  spawnMs                      0.00     0.00     0.00     0.00     0.04
  snapshotCaptureMs            0.54     0.50     0.61     1.40     1.67
  initialPassMs                3.18     3.08     5.27     6.08     6.41

  [Post-impact (settling)] 180 frames
  Phase                        Mean      P50      P95      P99      Max
  ---------------------------------------------------------------------
  totalMs                      4.27     4.18     5.24     5.69     5.87
  rapierStepMs                 1.77     1.80     2.03     2.21     2.30
  contactDrainMs               0.53     0.47     1.33     1.58     1.66
  solverUpdateMs               1.11     1.09     1.23     1.96     2.05
  fractureMs                   0.00     0.00     0.00     0.00     0.01
  bodyCreateMs                 0.00     0.00     0.00     0.00     0.00
  colliderRebuildMs            0.00     0.00     0.00     0.00     0.00
  preStepSweepMs               0.01     0.00     0.01     0.02     1.01
  cleanupDisabledMs            0.00     0.00     0.00     0.00     0.00
  spawnMs                      0.00     0.00     0.00     0.00     0.00
  snapshotCaptureMs            0.53     0.50     0.67     1.42     1.46
  initialPassMs                3.41     3.37     4.13     4.52     4.58

  Resimulation: 1 frames had resim passes (mean 1.0, max 1)

  Body distribution (final frame): 433 bodies
    Chunks/body: min=1 max=36 avg=1.1 median=1 p95=1
    Peak: 433 bodies, largest group: 36 chunks

stdout | src/tests/rapier.perf.test.ts > Destruction performance benchmarks (requires WASM build) > H. Idle-skip comparison (medium tower 6x12) > idle-skip OFF
[Core] Built chunk colliders { nodeCount: 468, bondCount: 2652, mappingSize: 468 }

stdout | src/tests/rapier.perf.test.ts > Destruction performance benchmarks (requires WASM build) > H. Idle-skip comparison (medium tower 6x12) > idle-skip OFF

========================================================================
  SCENARIO: IdleSkip: OFF
  Nodes: 468 | Bonds: 2652 -> 2651 | Setup: 15ms
  Max rigid bodies: 435 | Total frames: 360
========================================================================

  [Warmup (steady state)] 60 frames
  Phase                        Mean      P50      P95      P99      Max
  ---------------------------------------------------------------------
  totalMs                      6.29     5.10    12.94    36.70    36.70
  rapierStepMs                 3.18     2.48     8.21    14.62    14.62
  contactDrainMs               0.61     0.42     2.17     2.81     2.81
  solverUpdateMs               1.44     1.17     3.10    11.78    11.78
  fractureMs                   0.01     0.00     0.00     0.62     0.62
  fractureGenerateMs           0.00     0.00     0.00     0.15     0.15
  fractureApplyMs              0.00     0.00     0.00     0.20     0.20
  bodyCreateMs                 0.02     0.00     0.00     1.45     1.45
  colliderRebuildMs            0.05     0.00     0.00     3.13     3.13
  preStepSweepMs               0.01     0.01     0.02     0.02     0.02
  cleanupDisabledMs            0.00     0.00     0.00     0.00     0.00
  spawnMs                      0.00     0.00     0.00     0.00     0.00
  snapshotCaptureMs            0.59     0.52     1.00     3.77     3.77
  snapshotRestoreMs            0.04     0.00     0.00     2.30     2.30
  initialPassMs                4.81     4.18     9.72    15.44    15.44
  resimMs                      0.47     0.00     0.00    28.17    28.17

  [Impact (destruction)] 120 frames
  Phase                        Mean      P50      P95      P99      Max
  ---------------------------------------------------------------------
  totalMs                      4.28     4.00     6.60     8.00     9.91
  rapierStepMs                 1.90     1.81     3.26     3.51     3.60
  contactDrainMs               0.43     0.35     0.63     2.94     5.19
  solverUpdateMs               1.02     0.92     2.47     2.96     3.19
  fractureMs                   0.00     0.00     0.00     0.00     0.01
  bodyCreateMs                 0.00     0.00     0.00     0.00     0.00
  colliderRebuildMs            0.00     0.00     0.00     0.00     0.00
  preStepSweepMs               0.02     0.01     0.01     0.02     1.60
  cleanupDisabledMs            0.00     0.00     0.00     0.00     0.00
  spawnMs                      0.00     0.00     0.00     0.00     0.04
  snapshotCaptureMs            0.56     0.51     0.82     1.43     2.44
  initialPassMs                3.36     3.11     5.74     7.12     8.77

  [Post-impact (settling)] 180 frames
  Phase                        Mean      P50      P95      P99      Max
  ---------------------------------------------------------------------
  totalMs                      4.53     4.28     6.30     6.84     7.34
  rapierStepMs                 1.80     1.80     2.13     2.35     2.85
  contactDrainMs               0.56     0.49     0.74     2.37     2.46
  solverUpdateMs               1.19     1.14     1.45     3.08     3.19
  fractureMs                   0.00     0.00     0.00     0.00     0.00
  bodyCreateMs                 0.00     0.00     0.00     0.00     0.00
  colliderRebuildMs            0.00     0.00     0.00     0.00     0.00
  preStepSweepMs               0.02     0.01     0.01     0.02     1.72
  cleanupDisabledMs            0.00     0.00     0.00     0.00     0.00
  spawnMs                      0.00     0.00     0.00     0.00     0.00
  snapshotCaptureMs            0.58     0.52     0.74     2.47     2.63
  initialPassMs                3.55     3.44     4.89     5.42     5.66

  Resimulation: 1 frames had resim passes (mean 1.0, max 1)

  Body distribution (final frame): 433 bodies
    Chunks/body: min=1 max=36 avg=1.1 median=1 p95=1
    Peak: 433 bodies, largest group: 36 chunks

stdout | src/tests/rapier.perf.test.ts > Destruction performance benchmarks (requires WASM build)


==========================================================================================
  PERFORMANCE SUMMARY — ALL SCENARIOS
==========================================================================================
  Scenario                                  Nodes   Bonds   Setup     Mean      P95      Max  Bodies  Survival
  ----------------------------------------------------------------------------------------
  Small tower 3x4                              45     192   291ms     2.32     7.37   137.85      39       99%
  Medium tower 6x12                           468    2652   151ms     9.25    17.62   283.73     435      100%
  Large tower 8x20                           1344    8112    65ms    21.80    26.53   239.91    1283      100%
  Wide wall 24x12                             288     540    18ms     3.09     4.24    21.13     267      100%
  Thick wall 12x8x4                           384     976    27ms     4.84     9.37    39.91     339      100%
  Long bridge 24-span                         692    2138    29ms    11.95    14.74    67.29     694      100%
  Collision: center hit                       468    2652    28ms     4.97     7.16    38.36     435      100%
  Collision: base hit                         468    2652    23ms     4.50     6.21    36.47     435      100%
  Collision: 4 simultaneous                   468    2652    26ms     3.87     6.44    34.73     438      100%
  Collision: progressive bombardment          468    2652    21ms     3.38     5.43    34.66     444      100%
  Collision: catastrophic                     468    2652    24ms     4.04     6.05    34.12     435      100%
  Damage: enabled                             468    2652    22ms     8.34    12.02    84.89     435       96%
  Damage: disabled                            468    2652    29ms     4.74     6.48    56.55     435      100%
  Config: debrisCollision=all                 468    2652    19ms     4.66     6.27    38.73     435      100%
  Config: debrisCollision=noDebrisPairs       468    2652    29ms     2.04     3.42    18.21     435      100%
  Config: debrisCollision=debrisNone          468    2652    15ms     1.37     2.39    15.07     435      100%
  Config: resimulate=off                      468    2652    24ms     4.18     5.57    39.65     435      100%
  Config: resimulate=on, maxPasses=3          468    2652    24ms     4.72     6.25    36.89     435      100%
  Policy: unlimited (baseline)                468    2652    20ms     4.52     5.87    37.93     435      100%
  Policy: maxFractures=8                      468    2652    13ms     4.85    10.69    13.56     435      100%
  Policy: maxFractures=4                      468    2652    21ms     3.60     9.41    12.32     378      100%
  Policy: maxBodies=8                         468    2652    16ms     4.34     6.39     7.62     435      100%
  Policy: maxDynBodies=20                     468    2652    21ms     0.50     1.07    11.87      23      100%
  Policy: combined budget                     468    2652    15ms     5.08    12.03    28.32     435      100%
  Solver: 24 iterations                       468    2652    20ms     4.57     6.19    37.56     435      100%
  Solver: 12 iterations                       468    2652    27ms     4.53     6.18    36.37     435      100%
  Solver: 8 iterations                        468    2652    13ms     4.78     6.93    35.49     435      100%
  IdleSkip: ON                                468    2652    21ms     4.51     6.01    37.60     435      100%
  IdleSkip: OFF                               468    2652    15ms     4.74     6.60    36.70     435      100%
==========================================================================================

  WARNING: 2 scenario(s) exceeded 60fps frame budget (16.67ms) at P95:
    - Medium tower 6x12: P95=17.62ms
    - Large tower 8x20: P95=26.53ms

  SPIKE ANALYSIS — Frames exceeding budget
  ----------------------------------------------------------------------------------------
  Scenario                                  >16ms  >33ms  >100ms  >500ms          Worst Phase
  ----------------------------------------------------------------------------------------
  Small tower 3x4                               3      1       1       0    rapierStep (31ms)
  Medium tower 6x12                            21      5       1       0  solverUpdate (90ms)
  Large tower 8x20                            400     10       1       0    rapierStep (84ms)
  Wide wall 24x12                               1      0       0       0   solverUpdate (8ms)
  Thick wall 12x8x4                             3      1       0       0  solverUpdate (19ms)
  Long bridge 24-span                           7      2       0       0  solverUpdate (21ms)
  Collision: center hit                         3      1       0       0    rapierStep (14ms)
  Collision: base hit                           2      1       0       0    rapierStep (14ms)
  Collision: 4 simultaneous                     2      1       0       0    rapierStep (14ms)
  Collision: progressive bombardment            1      1       0       0    rapierStep (14ms)
  Collision: catastrophic                       1      1       0       0    rapierStep (13ms)
  Damage: enabled                               7      3       0       0  contactDrain (31ms)
  Damage: disabled                              3      1       0       0  solverUpdate (25ms)
  Config: debrisCollision=all                   1      1       0       0    rapierStep (15ms)
  Config: debrisCollision=noDebrisPairs         1      0       0       0 colliderRebuild (5ms)
  Config: debrisCollision=debrisNone            0      0       0       0 colliderRebuild (4ms)
  Config: resimulate=off                        2      1       0       0  solverUpdate (21ms)
  Config: resimulate=on, maxPasses=3            2      1       0       0    rapierStep (15ms)
  Policy: unlimited (baseline)                  2      1       0       0    rapierStep (15ms)
  Policy: maxFractures=8                        0      0       0       0   solverUpdate (6ms)
  Policy: maxFractures=4                        0      0       0       0     rapierStep (5ms)
  Policy: maxBodies=8                           0      0       0       0     rapierStep (3ms)
  Policy: maxDynBodies=20                       0      0       0       0   solverUpdate (8ms)
  Policy: combined budget                       8      0       0       0    rapierStep (11ms)
  Solver: 24 iterations                         2      1       0       0    rapierStep (15ms)
  Solver: 12 iterations                         2      1       0       0    rapierStep (14ms)
  Solver: 8 iterations                          1      1       0       0    rapierStep (14ms)
  IdleSkip: ON                                  2      1       0       0    rapierStep (14ms)
  IdleSkip: OFF                                 1      1       0       0    rapierStep (15ms)
==========================================================================================


 ❯ src/tests/rapier.perf.test.ts (30 tests | 2 failed) 61285ms
   ✓ Destruction performance benchmarks (requires WASM build) > A. Scale: Tower size progression > small tower 3x4 (~48 nodes)  1606ms
   ✓ Destruction performance benchmarks (requires WASM build) > A. Scale: Tower size progression > medium tower 6x12 (~432 nodes)  3507ms
   ✓ Destruction performance benchmarks (requires WASM build) > A. Scale: Tower size progression > large tower 8x20 (~1280 nodes)  9256ms
   × Destruction performance benchmarks (requires WASM build) > A. Scale: Tower size progression > xl tower 10x30 (~3000 nodes) 38ms
     → Failed to create ExtStressSolver
   ✓ Destruction performance benchmarks (requires WASM build) > B. Structure variety > wide wall 24x12  1137ms
   ✓ Destruction performance benchmarks (requires WASM build) > B. Structure variety > thick wall 12x8x4 layers  1777ms
   ✓ Destruction performance benchmarks (requires WASM build) > B. Structure variety > long bridge 24-span  4343ms
   ✓ Destruction performance benchmarks (requires WASM build) > C. Collision patterns (medium tower 6x12) > single center hit  1826ms
   ✓ Destruction performance benchmarks (requires WASM build) > C. Collision patterns (medium tower 6x12) > single base hit (topple)  1922ms
   ✓ Destruction performance benchmarks (requires WASM build) > C. Collision patterns (medium tower 6x12) > multi-simultaneous 4 projectiles  1425ms
   ✓ Destruction performance benchmarks (requires WASM build) > C. Collision patterns (medium tower 6x12) > progressive bombardment (10 projectiles)  2163ms
   ✓ Destruction performance benchmarks (requires WASM build) > C. Collision patterns (medium tower 6x12) > catastrophic impact  1969ms
   ✓ Destruction performance benchmarks (requires WASM build) > D. Damage system overhead > with damage enabled  3033ms
   ✓ Destruction performance benchmarks (requires WASM build) > D. Damage system overhead > without damage (stress-only destruction)  1742ms
   ✓ Destruction performance benchmarks (requires WASM build) > E. Configuration variants > debris collision: all  1703ms
   ✓ Destruction performance benchmarks (requires WASM build) > E. Configuration variants > debris collision: noDebrisPairs  769ms
   ✓ Destruction performance benchmarks (requires WASM build) > E. Configuration variants > debris collision: debrisNone  511ms
   ✓ Destruction performance benchmarks (requires WASM build) > E. Configuration variants > resimulation off  1534ms
   ✓ Destruction performance benchmarks (requires WASM build) > E. Configuration variants > resimulation on, maxPasses=3  1730ms
   ✓ Destruction performance benchmarks (requires WASM build) > F. Fracture policy tuning (medium tower 6x12) > unlimited (baseline)  1652ms
   ✓ Destruction performance benchmarks (requires WASM build) > F. Fracture policy tuning (medium tower 6x12) > maxFracturesPerFrame: 8 (progressive fracture)  2347ms
   ✓ Destruction performance benchmarks (requires WASM build) > F. Fracture policy tuning (medium tower 6x12) > maxFracturesPerFrame: 4 (slow propagation)  1756ms
   ✓ Destruction performance benchmarks (requires WASM build) > F. Fracture policy tuning (medium tower 6x12) > maxNewBodiesPerFrame: 8  2108ms
   × Destruction performance benchmarks (requires WASM build) > F. Fracture policy tuning (medium tower 6x12) > maxDynamicBodies: 20 (body cap) 205ms
     → expected 23 to be less than or equal to 22
   ✓ Destruction performance benchmarks (requires WASM build) > F. Fracture policy tuning (medium tower 6x12) > combined: maxFractures=8, maxBodies=10, maxMigrations=32  2763ms
   ✓ Destruction performance benchmarks (requires WASM build) > G. Solver iteration tuning (medium tower 6x12) > 24 iterations (default)  1669ms
   ✓ Destruction performance benchmarks (requires WASM build) > G. Solver iteration tuning (medium tower 6x12) > 12 iterations (halved)  1661ms
   ✓ Destruction performance benchmarks (requires WASM build) > G. Solver iteration tuning (medium tower 6x12) > 8 iterations (aggressive)  1737ms
   ✓ Destruction performance benchmarks (requires WASM build) > H. Idle-skip comparison (medium tower 6x12) > idle-skip ON (default)  1650ms
   ✓ Destruction performance benchmarks (requires WASM build) > H. Idle-skip comparison (medium tower 6x12) > idle-skip OFF  1726ms

⎯⎯⎯⎯⎯⎯ Failed Tests 53 ⎯⎯⎯⎯⎯⎯⎯

 FAIL  src/tests/highRise.damage.rapier.test.ts > high-rise contact damage (Rapier) > gravity is stable with the damage layer enabled (no spurious destruction)
AssertionError: expected 171 to be +0 // Object.is equality

- Expected
+ Received

- 0
+ 171

 ❯ src/tests/highRise.damage.rapier.test.ts:89:23
     87|     stepN(core, 150);
     88|     const destroyed = core.chunks.filter((c: any) => c.destroyed).leng…
     89|     expect(destroyed).toBe(0); // resting contacts must not deplete he…
       |                       ^
     90|     expect(core.getActiveBondsCount() / initialBonds).toBeGreaterThan(…
     91|     core.dispose();

⎯⎯⎯⎯⎯⎯⎯⎯⎯⎯⎯⎯⎯⎯⎯⎯⎯⎯⎯⎯⎯⎯⎯[1/53]⎯

 FAIL  src/tests/highRise.damage.rapier.test.ts > high-rise contact damage (Rapier) > a wrecking ball punches a LOCAL hole and the building stays standing
AssertionError: expected 172 to be less than 60
 ❯ src/tests/highRise.damage.rapier.test.ts:148:29
    146|     // ...but it is LOCAL, not a uniform shatter (540 infill chunks ex…
    147|     // building; a single realistic hit blows out a handful, not the w…
    148|     expect(infillDestroyed).toBeLessThan(60);
       |                             ^
    149|     // The frame is barely touched by a single wall hit.
    150|     expect(structuralDestroyed).toBeLessThan(6);

⎯⎯⎯⎯⎯⎯⎯⎯⎯⎯⎯⎯⎯⎯⎯⎯⎯⎯⎯⎯⎯⎯⎯[2/53]⎯

 FAIL  src/tests/highRise.rapier.test.ts > high-rise (Rapier) > stays stable under gravity (no fracture, no slide)
AssertionError: expected 5.849721650807368 to be less than 0.5
 ❯ src/tests/highRise.rapier.test.ts:68:18
     66|     const drop = y0 - avgDynamicY(core);
     67|     expect(survival).toBeGreaterThan(0.97); // essentially no bonds br…
     68|     expect(drop).toBeLessThan(0.5); // building does not collapse or s…
       |                  ^
     69|     core.dispose();
     70|   });

⎯⎯⎯⎯⎯⎯⎯⎯⎯⎯⎯⎯⎯⎯⎯⎯⎯⎯⎯⎯⎯⎯⎯[3/53]⎯

 FAIL  src/tests/house.collapse.test.ts > house structural realism (physics) > stands under gravity: the intact roof does not collapse on its own
Error: Failed to create ExtStressSolver
 ❯ new pr src/stress.ts:709:26
    707|       );
    708| 
    709|       if (!handle) throw new Error('Failed to create ExtStressSolver');
       |                          ^
    710| 
    711|       this.handle = handle >>> 0;
 ❯ Object.createExtSolver src/stress.ts:389:14
 ❯ ba src/rapier/destructible-core.ts:518:26
 ❯ buildHouseCore src/tests/house.collapse.test.ts:42:16
 ❯ src/tests/house.collapse.test.ts:79:29

⎯⎯⎯⎯⎯⎯⎯⎯⎯⎯⎯⎯⎯⎯⎯⎯⎯⎯⎯⎯⎯⎯⎯[4/53]⎯

 FAIL  src/tests/house.collapse.test.ts > house structural realism (physics) > collapses when the structural supports are shot out (vs. drywall left intact)
Error: Failed to create ExtStressSolver
 ❯ new pr src/stress.ts:709:26
    707|       );
    708| 
    709|       if (!handle) throw new Error('Failed to create ExtStressSolver');
       |                          ^
    710| 
    711|       this.handle = handle >>> 0;
 ❯ Object.createExtSolver src/stress.ts:389:14
 ❯ ba src/rapier/destructible-core.ts:518:26
 ❯ buildHouseCore src/tests/house.collapse.test.ts:42:16
 ❯ src/tests/house.collapse.test.ts:93:29

⎯⎯⎯⎯⎯⎯⎯⎯⎯⎯⎯⎯⎯⎯⎯⎯⎯⎯⎯⎯⎯⎯⎯[5/53]⎯

 FAIL  src/tests/rapier.city-stress.test.ts > City destruction stress (requires WASM build) > runs denseMixed through the pipeline and profiles it
 FAIL  src/tests/rapier.city-stress.test.ts > City destruction stress (requires WASM build) > runs cascade through the pipeline and profiles it
 FAIL  src/tests/rapier.city-stress.test.ts > City destruction stress (requires WASM build) > runs bridgeAndTowers through the pipeline and profiles it
Error: Failed to create ExtStressSolver
 ❯ new pr src/stress.ts:709:26
    707|       );
    708| 
    709|       if (!handle) throw new Error('Failed to create ExtStressSolver');
       |                          ^
    710| 
    711|       this.handle = handle >>> 0;
 ❯ Object.createExtSolver src/stress.ts:389:14
 ❯ ba src/rapier/destructible-core.ts:518:26
 ❯ runStressScenario src/tests/stress/harness.ts:206:16
 ❯ src/tests/rapier.city-stress.test.ts:127:20

⎯⎯⎯⎯⎯⎯⎯⎯⎯⎯⎯⎯⎯⎯⎯⎯⎯⎯⎯⎯⎯⎯⎯[6/53]⎯

 FAIL  src/tests/rapier.city-stress.test.ts > City destruction stress (requires WASM build) > island-aware skip-settled solve preserves destruction and cuts solve time on manyIslands
AssertionError: expected 0 to be greater than 0
 ❯ src/tests/rapier.city-stress.test.ts:157:52
    155|     // comparison is meaningless).
    156|     expect(cmp.treatment.island?.total ?? 0).toBeGreaterThan(0);
    157|     expect(cmp.treatment.island?.skippedMean ?? 0).toBeGreaterThan(0);
       |                                                    ^
    158| 
    159|     // And it should meaningfully cut the dominant phase (whole-graph …

⎯⎯⎯⎯⎯⎯⎯⎯⎯⎯⎯⎯⎯⎯⎯⎯⎯⎯⎯⎯⎯⎯⎯[7/53]⎯

 FAIL  src/tests/rapier.city-stress.test.ts > City destruction stress (requires WASM build) > sleep + afterGroundCollision damping settles rubble without floaty flight (cascade)
Error: Failed to create ExtStressSolver
 ❯ new pr src/stress.ts:709:26
    707|       );
    708| 
    709|       if (!handle) throw new Error('Failed to create ExtStressSolver');
       |                          ^
    710| 
    711|       this.handle = handle >>> 0;
 ❯ Object.createExtSolver src/stress.ts:389:14
 ❯ ba src/rapier/destructible-core.ts:518:26
 ❯ runStressScenario src/tests/stress/harness.ts:206:16
 ❯ runSleepDampingAB src/tests/stress/runSuite.ts:145:20
 ❯ src/tests/rapier.city-stress.test.ts:167:17

⎯⎯⎯⎯⎯⎯⎯⎯⎯⎯⎯⎯⎯⎯⎯⎯⎯⎯⎯⎯⎯⎯⎯[8/53]⎯

 FAIL  src/tests/rapier.headless-scenarios.test.ts > Headless scenario tests (requires WASM build) > A. Gravity stability — structures survive under gravity > wall remains intact under gravity for 2 seconds
AssertionError: expected 37 to be 38 // Object.is equality

- Expected
+ Received

- 38
+ 37

 ❯ src/tests/rapier.headless-scenarios.test.ts:137:42
    135|       stepN(core, 120);
    136| 
    137|       expect(core.getActiveBondsCount()).toBe(initial);
       |                                          ^
    138|       core.dispose();
    139|     });

⎯⎯⎯⎯⎯⎯⎯⎯⎯⎯⎯⎯⎯⎯⎯⎯⎯⎯⎯⎯⎯⎯⎯[9/53]⎯

 FAIL  src/tests/rapier.headless-scenarios.test.ts > Headless scenario tests (requires WASM build) > A. Gravity stability — structures survive under gravity > tower remains intact under gravity for 2 seconds
AssertionError: expected 191 to be 192 // Object.is equality

- Expected
+ Received

- 192
+ 191

 ❯ src/tests/rapier.headless-scenarios.test.ts:150:42
    148|       stepN(core, 120);
    149| 
    150|       expect(core.getActiveBondsCount()).toBe(initial);
       |                                          ^
    151|       core.dispose();
    152|     });

⎯⎯⎯⎯⎯⎯⎯⎯⎯⎯⎯⎯⎯⎯⎯⎯⎯⎯⎯⎯⎯⎯[10/53]⎯

 FAIL  src/tests/rapier.headless-scenarios.test.ts > Headless scenario tests (requires WASM build) > A. Gravity stability — structures survive under gravity > bridge remains intact under gravity for 2 seconds
Error: Failed to create ExtStressSolver
 ❯ new pr src/stress.ts:709:26
    707|       );
    708| 
    709|       if (!handle) throw new Error('Failed to create ExtStressSolver');
       |                          ^
    710| 
    711|       this.handle = handle >>> 0;
 ❯ Object.createExtSolver src/stress.ts:389:14
 ❯ ba src/rapier/destructible-core.ts:518:26
 ❯ src/tests/rapier.headless-scenarios.test.ts:157:20

⎯⎯⎯⎯⎯⎯⎯⎯⎯⎯⎯⎯⎯⎯⎯⎯⎯⎯⎯⎯⎯⎯[11/53]⎯

 FAIL  src/tests/rapier.headless-scenarios.test.ts > Headless scenario tests (requires WASM build) > B. Weak material collapses under gravity > bridge with very weak bonds fractures under gravity
Error: Failed to create ExtStressSolver
 ❯ new pr src/stress.ts:709:26
    707|       );
    708| 
    709|       if (!handle) throw new Error('Failed to create ExtStressSolver');
       |                          ^
    710| 
    711|       this.handle = handle >>> 0;
 ❯ Object.createExtSolver src/stress.ts:389:14
 ❯ ba src/rapier/destructible-core.ts:518:26
 ❯ src/tests/rapier.headless-scenarios.test.ts:200:20

⎯⎯⎯⎯⎯⎯⎯⎯⎯⎯⎯⎯⎯⎯⎯⎯⎯⎯⎯⎯⎯⎯[12/53]⎯

 FAIL  src/tests/rapier.headless-scenarios.test.ts > Headless scenario tests (requires WASM build) > C. Projectile collision and bond breaking > projectile breaks wall bonds on impact
AssertionError: expected 37 to be less than 37
 ❯ src/tests/rapier.headless-scenarios.test.ts:378:42
    376|       stepN(core, 180);
    377| 
    378|       expect(core.getActiveBondsCount()).toBeLessThan(bondsAfterSettle…
       |                                          ^
    379|       core.dispose();
    380|     });

⎯⎯⎯⎯⎯⎯⎯⎯⎯⎯⎯⎯⎯⎯⎯⎯⎯⎯⎯⎯⎯⎯[13/53]⎯

 FAIL  src/tests/rapier.headless-scenarios.test.ts > Headless scenario tests (requires WASM build) > C. Projectile collision and bond breaking > projectile breaks bridge bonds on impact
Error: Failed to create ExtStressSolver
 ❯ new pr src/stress.ts:709:26
    707|       );
    708| 
    709|       if (!handle) throw new Error('Failed to create ExtStressSolver');
       |                          ^
    710| 
    711|       this.handle = handle >>> 0;
 ❯ Object.createExtSolver src/stress.ts:389:14
 ❯ ba src/rapier/destructible-core.ts:518:26
 ❯ src/tests/rapier.headless-scenarios.test.ts:408:20

⎯⎯⎯⎯⎯⎯⎯⎯⎯⎯⎯⎯⎯⎯⎯⎯⎯⎯⎯⎯⎯⎯[14/53]⎯

 FAIL  src/tests/rapier.headless-scenarios.test.ts > Headless scenario tests (requires WASM build) > L. API surface and lifecycle > getRigidBodyCount reports the intact root-body setup
AssertionError: expected 20 to be 2 // Object.is equality

- Expected
+ Received

- 2
+ 20

 ❯ src/tests/rapier.headless-scenarios.test.ts:1003:40
    1001| 
    1002|       stepN(core, 30);
    1003|       expect(core.getRigidBodyCount()).toBe(initialBodies);
       |                                        ^
    1004| 
    1005|       core.dispose();

⎯⎯⎯⎯⎯⎯⎯⎯⎯⎯⎯⎯⎯⎯⎯⎯⎯⎯⎯⎯⎯⎯[15/53]⎯

 FAIL  src/tests/rapier.headless-scenarios.test.ts > Headless scenario tests (requires WASM build) > L. API surface and lifecycle > keeps chunks on the root body until an impact-driven split occurs
Error: Failed to create ExtStressSolver
 ❯ new pr src/stress.ts:709:26
    707|       );
    708| 
    709|       if (!handle) throw new Error('Failed to create ExtStressSolver');
       |                          ^
    710| 
    711|       this.handle = handle >>> 0;
 ❯ Object.createExtSolver src/stress.ts:389:14
 ❯ ba src/rapier/destructible-core.ts:518:26
 ❯ src/tests/rapier.headless-scenarios.test.ts:1034:20

⎯⎯⎯⎯⎯⎯⎯⎯⎯⎯⎯⎯⎯⎯⎯⎯⎯⎯⎯⎯⎯⎯[16/53]⎯

 FAIL  src/tests/rapier.idle-city-perf.test.ts > Idle scene chunk-transform skip > an idle, settled multi-island city reuses chunk transforms (recompute skipped) and idle-skips the solver
AssertionError: expected 40 to be 280 // Object.is equality

- Expected
+ Received

- 280
+ 40

 ❯ src/tests/rapier.idle-city-perf.test.ts:78:20
     76|     let reused = 0;
     77|     for (let i = 0; i < active.length; i++) if (active[i].worldPositio…
     78|     expect(reused).toBe(active.length);
       |                    ^
     79| 
     80|     // And the stress solve idle-skipped on that frame (no CGNR ran).

⎯⎯⎯⎯⎯⎯⎯⎯⎯⎯⎯⎯⎯⎯⎯⎯⎯⎯⎯⎯⎯⎯[17/53]⎯

 FAIL  src/tests/rapier.integration.test.ts > buildDestructibleCore integration (requires WASM build) > strong bridge survives moderate load
AssertionError: expected 3 to be 4 // Object.is equality

- Expected
+ Received

- 4
+ 3

 ❯ src/tests/rapier.integration.test.ts:181:40
    179|     const initialBonds = core.getActiveBondsCount();
    180|     for (let i = 0; i < 120; i++) core.step(1 / 60);
    181|     expect(core.getActiveBondsCount()).toBe(initialBonds);
       |                                        ^
    182|     core.dispose();
    183|   });

⎯⎯⎯⎯⎯⎯⎯⎯⎯⎯⎯⎯⎯⎯⎯⎯⎯⎯⎯⎯⎯⎯[18/53]⎯

 FAIL  src/tests/rapier.invariants.test.ts > Kinematic invariants after fracture (requires WASM build) > never produces NaN/Inf continuity samples under a wall collapse
Error: Failed to create ExtStressSolver
 ❯ new pr src/stress.ts:709:26
    707|       );
    708| 
    709|       if (!handle) throw new Error('Failed to create ExtStressSolver');
       |                          ^
    710| 
    711|       this.handle = handle >>> 0;
 ❯ Object.createExtSolver src/stress.ts:389:14
 ❯ ba src/rapier/destructible-core.ts:518:26
 ❯ src/tests/rapier.invariants.test.ts:91:18

⎯⎯⎯⎯⎯⎯⎯⎯⎯⎯⎯⎯⎯⎯⎯⎯⎯⎯⎯⎯⎯⎯[19/53]⎯

 FAIL  src/tests/rapier.island-perf.test.ts > Island-aware solve performance > large world + localized activity: island+skip beats the legacy whole-graph solve
Error: Failed to create ExtStressSolver
 ❯ new module src/stress.ts:709:30
    707|       );
    708| 
    709|       if (!handle) throw new Error('Failed to create ExtStressSolver');
       |                              ^
    710| 
    711|       this.handle = handle >>> 0;
 ❯ Object.createExtSolver src/stress.ts:389:34
 ❯ measure src/tests/rapier.island-perf.test.ts:68:25
 ❯ src/tests/rapier.island-perf.test.ts:86:20

⎯⎯⎯⎯⎯⎯⎯⎯⎯⎯⎯⎯⎯⎯⎯⎯⎯⎯⎯⎯⎯⎯[20/53]⎯

 FAIL  src/tests/rapier.island-perf.test.ts > Island-aware solve performance > benefit scales with the settled fraction
Error: Failed to create ExtStressSolver
 ❯ new module src/stress.ts:709:30
    707|       );
    708| 
    709|       if (!handle) throw new Error('Failed to create ExtStressSolver');
       |                              ^
    710| 
    711|       this.handle = handle >>> 0;
 ❯ Object.createExtSolver src/stress.ts:389:34
 ❯ measure src/tests/rapier.island-perf.test.ts:115:25
 ❯ src/tests/rapier.island-perf.test.ts:132:20

⎯⎯⎯⎯⎯⎯⎯⎯⎯⎯⎯⎯⎯⎯⎯⎯⎯⎯⎯⎯⎯⎯[21/53]⎯

 FAIL  src/tests/rapier.island-skip.test.ts > Settled-island skipping (requires WASM build) > engages on a stable multi-island scene (all islands skipped once settled)
AssertionError: expected 8 to be +0 // Object.is equality

- Expected
+ Received

- 0
+ 8

 ❯ src/tests/rapier.island-skip.test.ts:95:44
     93|     for (let f = 0; f < 6; f++) { solver.addGravity({ x: 0, y: -5, z: …
     94|     expect(solver.islandCount()).toBe(2);
     95|     expect(solver.overstressedBondCount()).toBe(0);
       |                                            ^
     96|     expect(skipped).toBe(2);                 // both islands recognize…
     97|     solver.destroy();

⎯⎯⎯⎯⎯⎯⎯⎯⎯⎯⎯⎯⎯⎯⎯⎯⎯⎯⎯⎯⎯⎯[22/53]⎯

 FAIL  src/tests/rapier.island-skip.test.ts > Settled-island skipping (requires WASM build) > is observationally identical to not skipping, across settle → wake → fracture
AssertionError: expected 0 to be greater than 0
 ❯ src/tests/rapier.island-skip.test.ts:127:33
    125|     expect(withskip.partition).toEqual(noskip.partition);  // identica…
    126|     expect(noskip.maxSkipped).toBe(0);                     // skip tru…
    127|     expect(withskip.maxSkipped).toBeGreaterThan(0);        // ...and i…
       |                                 ^
    128|   });
    129| 

⎯⎯⎯⎯⎯⎯⎯⎯⎯⎯⎯⎯⎯⎯⎯⎯⎯⎯⎯⎯⎯⎯[23/53]⎯

 FAIL  src/tests/rapier.island-skip.test.ts > Settled-island skipping (requires WASM build) > re-solves a settled island the SAME frame its load changes (paused, never frozen)
AssertionError: expected 8 to be +0 // Object.is equality

- Expected
+ Received

- 0
+ 8

 ❯ src/tests/rapier.island-skip.test.ts:138:44
    136|     for (let f = 0; f < 5; f++) { solver.addGravity({ x: 0, y: -0.2, z…
    137|     expect(solver.islandsSkipped()).toBe(2);
    138|     expect(solver.overstressedBondCount()).toBe(0);
       |                                            ^
    139|     // A heavy load arrives. The velocity input changes, so the island…
    140|     // detect the overstress immediately — not skipped, not delayed.

⎯⎯⎯⎯⎯⎯⎯⎯⎯⎯⎯⎯⎯⎯⎯⎯⎯⎯⎯⎯⎯⎯[24/53]⎯

 FAIL  src/tests/rapier.island-solver-integration.test.ts > Island solver integration (requires WASM build) > skips settled islands in the full pipeline, with the same outcome as disabled
AssertionError: expected 0 to be greater than 0
 ❯ src/tests/rapier.island-solver-integration.test.ts:79:27
     77|     expect(on.enabled).toBe(true);
     78|     expect(on.maxIslandCount).toBe(2);
     79|     expect(on.maxSkipped).toBeGreaterThan(0);   // settled islands rea…
       |                           ^
     80|     expect(on.bonds).toBe(off.bonds);           // identical structura…
     81|   });

⎯⎯⎯⎯⎯⎯⎯⎯⎯⎯⎯⎯⎯⎯⎯⎯⎯⎯⎯⎯⎯⎯[25/53]⎯

 FAIL  src/tests/rapier.lazy-colliders.test.ts > Lazy intact colliders > idle: buildings start dormant, intact city is bit-identical to the eager world
AssertionError: expected 0.15572985736229006 to be +0 // Object.is equality

- Expected
+ Received

- 0
+ 0.15572985736229006

 ❯ src/tests/rapier.lazy-colliders.test.ts:84:22
     82|     }
     83|     // Intact, undisturbed city: dormant (disabled) colliders touch no…
     84|     expect(maxDelta).toBe(0);
       |                      ^
     85|     expect(lazy.getLazyColliderStats!().dormantCount).toBe(2); // noth…
     86| 

⎯⎯⎯⎯⎯⎯⎯⎯⎯⎯⎯⎯⎯⎯⎯⎯⎯⎯⎯⎯⎯⎯[26/53]⎯

 FAIL  src/tests/rapier.lazy-colliders.test.ts > Lazy intact colliders > a rigid-material impact (production regime) is bit-identical to the eager world
AssertionError: expected 0.15895094947210575 to be less than 0.000001
 ❯ src/tests/rapier.lazy-colliders.test.ts:153:22
    151|       }
    152|     expect(lazy.getRigidBodyCount()).toBeGreaterThan(2); // the impact…
    153|     expect(maxDelta).toBeLessThan(1e-6);                  // …and lazy…
       |                      ^
    154| 
    155|     lazy.dispose?.(); eager.dispose?.();

⎯⎯⎯⎯⎯⎯⎯⎯⎯⎯⎯⎯⎯⎯⎯⎯⎯⎯⎯⎯⎯⎯[27/53]⎯

 FAIL  src/tests/rapier.lazy-colliders.test.ts > Lazy intact colliders > toggling the flag off materializes every building (and on disables them again)
AssertionError: expected +0 to be 2 // Object.is equality

- Expected
+ Received

- 2
+ 0

 ❯ src/tests/rapier.lazy-colliders.test.ts:171:55
    169| 
    170|     core.setLazyIntactColliders!(true);
    171|     expect(core.getLazyColliderStats!().dormantCount).toBe(2); // dorm…
       |                                                       ^
    172| 
    173|     core.dispose?.();

⎯⎯⎯⎯⎯⎯⎯⎯⎯⎯⎯⎯⎯⎯⎯⎯⎯⎯⎯⎯⎯⎯[28/53]⎯

 FAIL  src/tests/rapier.lazy-colliders.test.ts > Hierarchical collision LOD (collisionTree) > a localized hit on a tall structure activates only the struck region (not the whole building)
AssertionError: expected 290 to be +0 // Object.is equality

- Expected
+ Received

- 0
+ 290

 ❯ src/tests/rapier.lazy-colliders.test.ts:188:62
    186|     const dt = 1 / 60;
    187|     for (let i = 0; i < 20; i++) core.step(dt);
    188|     expect(core.getLazyColliderStats!().activeLeafFragments).toBe(0); …
       |                                                              ^
    189| 
    190|     // Hit the lower part horizontally.

⎯⎯⎯⎯⎯⎯⎯⎯⎯⎯⎯⎯⎯⎯⎯⎯⎯⎯⎯⎯⎯⎯[29/53]⎯

 FAIL  src/tests/rapier.lazy-colliders.test.ts > Hierarchical collision LOD (collisionTree) > with a tree, a hit on one building leaves the others fully dormant, and is bit-identical to eager (rigid)
AssertionError: expected 144 to be less than 144
 ❯ src/tests/rapier.lazy-colliders.test.ts:227:36
    225|     expect(lz.dormantCount).toBeGreaterThanOrEqual(1); // ≥1 untouched…
    226|     // The hit tower only partially descended: fewer active fragments …
    227|     expect(lz.activeLeafFragments).toBeLessThan(template.nodes.length);
       |                                    ^
    228| 
    229|     let maxDelta = 0;

⎯⎯⎯⎯⎯⎯⎯⎯⎯⎯⎯⎯⎯⎯⎯⎯⎯⎯⎯⎯⎯⎯[30/53]⎯

 FAIL  src/tests/rapier.perf.test.ts > Destruction performance benchmarks (requires WASM build) > A. Scale: Tower size progression > xl tower 10x30 (~3000 nodes)
Error: Failed to create ExtStressSolver
 ❯ new pr src/stress.ts:709:26
    707|       );
    708| 
    709|       if (!handle) throw new Error('Failed to create ExtStressSolver');
       |                          ^
    710| 
    711|       this.handle = handle >>> 0;
 ❯ Object.createExtSolver src/stress.ts:389:14
 ❯ ba src/rapier/destructible-core.ts:518:26
 ❯ runPerfScenario src/tests/rapier.perf.test.ts:189:16
 ❯ src/tests/rapier.perf.test.ts:441:22

⎯⎯⎯⎯⎯⎯⎯⎯⎯⎯⎯⎯⎯⎯⎯⎯⎯⎯⎯⎯⎯⎯[31/53]⎯

 FAIL  src/tests/rapier.perf.test.ts > Destruction performance benchmarks (requires WASM build) > F. Fracture policy tuning (medium tower 6x12) > maxDynamicBodies: 20 (body cap)
AssertionError: expected 23 to be less than or equal to 22
 ❯ src/tests/rapier.perf.test.ts:740:37
    738|       expect(result.samples.length).toBeGreaterThan(0);
    739|       // Body count should be capped
    740|       expect(result.maxRigidBodies).toBeLessThanOrEqual(22); // small …
       |                                     ^
    741|     }, 60_000);
    742| 

⎯⎯⎯⎯⎯⎯⎯⎯⎯⎯⎯⎯⎯⎯⎯⎯⎯⎯⎯⎯⎯⎯[32/53]⎯

 FAIL  src/tests/rapier.resim-continuity.test.ts > Resim continuity after fracture (requires WASM build) > keeps bridge fragments continuous through side-impact resim
Error: Failed to create ExtStressSolver
 ❯ new pr src/stress.ts:709:26
    707|       );
    708| 
    709|       if (!handle) throw new Error('Failed to create ExtStressSolver');
       |                          ^
    710| 
    711|       this.handle = handle >>> 0;
 ❯ Object.createExtSolver src/stress.ts:389:14
 ❯ ba src/rapier/destructible-core.ts:518:26
 ❯ src/tests/rapier.resim-continuity.test.ts:207:18

⎯⎯⎯⎯⎯⎯⎯⎯⎯⎯⎯⎯⎯⎯⎯⎯⎯⎯⎯⎯⎯⎯[33/53]⎯

 FAIL  src/tests/rapier.resim-perf.test.ts > Resim / rapier perf levers (requires WASM build) > B. Resimulation cost — the systemic second-physics-pass lever > quantifies resim cost intrinsically (resimMs + rollback) under sustained fracturing
Error: Failed to create ExtStressSolver
 ❯ new pr src/stress.ts:709:26
    707|       );
    708| 
    709|       if (!handle) throw new Error('Failed to create ExtStressSolver');
       |                          ^
    710| 
    711|       this.handle = handle >>> 0;
 ❯ Object.createExtSolver src/stress.ts:389:14
 ❯ ba src/rapier/destructible-core.ts:518:26
 ❯ runScenario src/tests/rapier.resim-perf.test.ts:91:16
 ❯ src/tests/rapier.resim-perf.test.ts:340:19

⎯⎯⎯⎯⎯⎯⎯⎯⎯⎯⎯⎯⎯⎯⎯⎯⎯⎯⎯⎯⎯⎯[34/53]⎯

 FAIL  src/tests/rapier.vibe-city-ports.test.ts > Vibe-city ported features (requires WASM build) > Collision group filtering > setDebrisCollisionMode can be called without error
Error: Failed to create ExtStressSolver
 ❯ new pr src/stress.ts:709:26
    707|       );
    708| 
    709|       if (!handle) throw new Error('Failed to create ExtStressSolver');
       |                          ^
    710| 
    711|       this.handle = handle >>> 0;
 ❯ Object.createExtSolver src/stress.ts:389:14
 ❯ ba src/rapier/destructible-core.ts:518:26
 ❯ src/tests/rapier.vibe-city-ports.test.ts:42:20

⎯⎯⎯⎯⎯⎯⎯⎯⎯⎯⎯⎯⎯⎯⎯⎯⎯⎯⎯⎯⎯⎯[35/53]⎯

 FAIL  src/tests/rapier.vibe-city-ports.test.ts > Vibe-city ported features (requires WASM build) > Collision group filtering > setSingleCollisionMode (legacy) can be called without error
Error: Failed to create ExtStressSolver
 ❯ new pr src/stress.ts:709:26
    707|       );
    708| 
    709|       if (!handle) throw new Error('Failed to create ExtStressSolver');
       |                          ^
    710| 
    711|       this.handle = handle >>> 0;
 ❯ Object.createExtSolver src/stress.ts:389:14
 ❯ ba src/rapier/destructible-core.ts:518:26
 ❯ src/tests/rapier.vibe-city-ports.test.ts:53:20

⎯⎯⎯⎯⎯⎯⎯⎯⎯⎯⎯⎯⎯⎯⎯⎯⎯⎯⎯⎯⎯⎯[36/53]⎯

 FAIL  src/tests/rapier.vibe-city-ports.test.ts > Vibe-city ported features (requires WASM build) > Collision group filtering > setMaxCollidersForDebris triggers group recalculation
Error: Failed to create ExtStressSolver
 ❯ new pr src/stress.ts:709:26
    707|       );
    708| 
    709|       if (!handle) throw new Error('Failed to create ExtStressSolver');
       |                          ^
    710| 
    711|       this.handle = handle >>> 0;
 ❯ Object.createExtSolver src/stress.ts:389:14
 ❯ ba src/rapier/destructible-core.ts:518:26
 ❯ src/tests/rapier.vibe-city-ports.test.ts:63:20

⎯⎯⎯⎯⎯⎯⎯⎯⎯⎯⎯⎯⎯⎯⎯⎯⎯⎯⎯⎯⎯⎯[37/53]⎯

 FAIL  src/tests/rapier.vibe-city-ports.test.ts > Vibe-city ported features (requires WASM build) > Collision group filtering > simulation still runs correctly with debris mode active
Error: Failed to create ExtStressSolver
 ❯ new pr src/stress.ts:709:26
    707|       );
    708| 
    709|       if (!handle) throw new Error('Failed to create ExtStressSolver');
       |                          ^
    710| 
    711|       this.handle = handle >>> 0;
 ❯ Object.createExtSolver src/stress.ts:389:14
 ❯ ba src/rapier/destructible-core.ts:518:26
 ❯ src/tests/rapier.vibe-city-ports.test.ts:76:20

⎯⎯⎯⎯⎯⎯⎯⎯⎯⎯⎯⎯⎯⎯⎯⎯⎯⎯⎯⎯⎯⎯[38/53]⎯

 FAIL  src/tests/rapier.vibe-city-ports.test.ts > Vibe-city ported features (requires WASM build) > Speed-scaled damage > damage system receives speed-scaled contacts (no crash)
Error: Failed to create ExtStressSolver
 ❯ new pr src/stress.ts:709:26
    707|       );
    708| 
    709|       if (!handle) throw new Error('Failed to create ExtStressSolver');
       |                          ^
    710| 
    711|       this.handle = handle >>> 0;
 ❯ Object.createExtSolver src/stress.ts:389:14
 ❯ ba src/rapier/destructible-core.ts:518:26
 ❯ src/tests/rapier.vibe-city-ports.test.ts:95:20

⎯⎯⎯⎯⎯⎯⎯⎯⎯⎯⎯⎯⎯⎯⎯⎯⎯⎯⎯⎯⎯⎯[39/53]⎯

 FAIL  src/tests/rapier.vibe-city-ports.test.ts > Vibe-city ported features (requires WASM build) > Contact replay buffer (rollback correctness) > resimulation with damage works without double-counting
Error: Failed to create ExtStressSolver
 ❯ new pr src/stress.ts:709:26
    707|       );
    708| 
    709|       if (!handle) throw new Error('Failed to create ExtStressSolver');
       |                          ^
    710| 
    711|       this.handle = handle >>> 0;
 ❯ Object.createExtSolver src/stress.ts:389:14
 ❯ ba src/rapier/destructible-core.ts:518:26
 ❯ src/tests/rapier.vibe-city-ports.test.ts:130:20

⎯⎯⎯⎯⎯⎯⎯⎯⎯⎯⎯⎯⎯⎯⎯⎯⎯⎯⎯⎯⎯⎯[40/53]⎯

 FAIL  src/tests/rapier.vibe-city-ports.test.ts > Vibe-city ported features (requires WASM build) > Contact replay buffer (rollback correctness) > determinism: two identical runs with resim produce same bond counts
Error: Failed to create ExtStressSolver
 ❯ new pr src/stress.ts:709:26
    707|       );
    708| 
    709|       if (!handle) throw new Error('Failed to create ExtStressSolver');
       |                          ^
    710| 
    711|       this.handle = handle >>> 0;
 ❯ Object.createExtSolver src/stress.ts:389:14
 ❯ ba src/rapier/destructible-core.ts:518:26
 ❯ runOnce src/tests/rapier.vibe-city-ports.test.ts:171:22
 ❯ src/tests/rapier.vibe-city-ports.test.ts:195:22

⎯⎯⎯⎯⎯⎯⎯⎯⎯⎯⎯⎯⎯⎯⎯⎯⎯⎯⎯⎯⎯⎯[41/53]⎯

 FAIL  src/tests/rapier.vibe-city-ports.test.ts > Vibe-city ported features (requires WASM build) > Double-apply prevention (critical rollback correctness) > no-rollback path applies damage exactly once
Error: Failed to create ExtStressSolver
 ❯ new pr src/stress.ts:709:26
    707|       );
    708| 
    709|       if (!handle) throw new Error('Failed to create ExtStressSolver');
       |                          ^
    710| 
    711|       this.handle = handle >>> 0;
 ❯ Object.createExtSolver src/stress.ts:389:14
 ❯ ba src/rapier/destructible-core.ts:518:26
 ❯ runWithResimConfig src/tests/rapier.vibe-city-ports.test.ts:212:22
 ❯ src/tests/rapier.vibe-city-ports.test.ts:251:23

⎯⎯⎯⎯⎯⎯⎯⎯⎯⎯⎯⎯⎯⎯⎯⎯⎯⎯⎯⎯⎯⎯[42/53]⎯

 FAIL  src/tests/rapier.vibe-city-ports.test.ts > Vibe-city ported features (requires WASM build) > Double-apply prevention (critical rollback correctness) > rollback path: health with resim >= health without resim
Error: Failed to create ExtStressSolver
 ❯ new pr src/stress.ts:709:26
    707|       );
    708| 
    709|       if (!handle) throw new Error('Failed to create ExtStressSolver');
       |                          ^
    710| 
    711|       this.handle = handle >>> 0;
 ❯ Object.createExtSolver src/stress.ts:389:14
 ❯ ba src/rapier/destructible-core.ts:518:26
 ❯ runScenario src/tests/rapier.vibe-city-ports.test.ts:276:22
 ❯ src/tests/rapier.vibe-city-ports.test.ts:308:23

⎯⎯⎯⎯⎯⎯⎯⎯⎯⎯⎯⎯⎯⎯⎯⎯⎯⎯⎯⎯⎯⎯[43/53]⎯

 FAIL  src/tests/rapier.vibe-city-ports.test.ts > Vibe-city ported features (requires WASM build) > Contact buffer frame isolation > contacts from previous frame do not leak into next frame
Error: Failed to create ExtStressSolver
 ❯ new pr src/stress.ts:709:26
    707|       );
    708| 
    709|       if (!handle) throw new Error('Failed to create ExtStressSolver');
       |                          ^
    710| 
    711|       this.handle = handle >>> 0;
 ❯ Object.createExtSolver src/stress.ts:389:14
 ❯ ba src/rapier/destructible-core.ts:518:26
 ❯ src/tests/rapier.vibe-city-ports.test.ts:325:20

⎯⎯⎯⎯⎯⎯⎯⎯⎯⎯⎯⎯⎯⎯⎯⎯⎯⎯⎯⎯⎯⎯[44/53]⎯

 FAIL  src/tests/rapier.vibe-city-ports.test.ts > Vibe-city ported features (requires WASM build) > Resimulation buffer population > resim pass re-drains contacts into buffer
Error: Failed to create ExtStressSolver
 ❯ new pr src/stress.ts:709:26
    707|       );
    708| 
    709|       if (!handle) throw new Error('Failed to create ExtStressSolver');
       |                          ^
    710| 
    711|       this.handle = handle >>> 0;
 ❯ Object.createExtSolver src/stress.ts:389:14
 ❯ ba src/rapier/destructible-core.ts:518:26
 ❯ src/tests/rapier.vibe-city-ports.test.ts:380:20

⎯⎯⎯⎯⎯⎯⎯⎯⎯⎯⎯⎯⎯⎯⎯⎯⎯⎯⎯⎯⎯⎯[45/53]⎯

 FAIL  src/tests/rapier.vibe-city-ports.test.ts > Vibe-city ported features (requires WASM build) > Profiler with new features > profiler still collects timing data correctly
Error: Failed to create ExtStressSolver
 ❯ new pr src/stress.ts:709:26
    707|       );
    708| 
    709|       if (!handle) throw new Error('Failed to create ExtStressSolver');
       |                          ^
    710| 
    711|       this.handle = handle >>> 0;
 ❯ Object.createExtSolver src/stress.ts:389:14
 ❯ ba src/rapier/destructible-core.ts:518:26
 ❯ src/tests/rapier.vibe-city-ports.test.ts:436:20

⎯⎯⎯⎯⎯⎯⎯⎯⎯⎯⎯⎯⎯⎯⎯⎯⎯⎯⎯⎯⎯⎯[46/53]⎯

 FAIL  src/tests/solver-mechanisms.test.ts > Solver mechanisms (requires WASM build) > addGravity is direction sensitive (bending vs axial)
AssertionError: expected 5 to be greater than 5
 ❯ src/tests/solver-mechanisms.test.ts:82:21
     80|     const bending = await overstressForGravity({ x: 0, y: -50, z: 0 },…
     81|     const axial = await overstressForGravity({ x: -50, y: 0, z: 0 }, f…
     82|     expect(bending).toBeGreaterThan(axial);
       |                     ^
     83|   });
     84| 

⎯⎯⎯⎯⎯⎯⎯⎯⎯⎯⎯⎯⎯⎯⎯⎯⎯⎯⎯⎯⎯⎯[47/53]⎯

 FAIL  src/tests/solver-mechanisms.test.ts > Solver mechanisms (requires WASM build) > addActorGravity is direction sensitive (the API the JS pipeline uses for rotation)
AssertionError: expected 5 to be greater than 5
 ❯ src/tests/solver-mechanisms.test.ts:88:21
     86|     const bending = await overstressForGravity({ x: 0, y: -50, z: 0 },…
     87|     const axial = await overstressForGravity({ x: -50, y: 0, z: 0 }, t…
     88|     expect(bending).toBeGreaterThan(axial);
       |                     ^
     89|   });
     90| 

⎯⎯⎯⎯⎯⎯⎯⎯⎯⎯⎯⎯⎯⎯⎯⎯⎯⎯⎯⎯⎯⎯[48/53]⎯

 FAIL  src/tests/solver-mechanisms.test.ts > Solver mechanisms (requires WASM build) > getExcessForces reports the released load after a bond fractures
AssertionError: expected 2 to be greater than 100
 ❯ src/tests/solver-mechanisms.test.ts:125:17
    123|     const mag = Math.hypot(excess!.force.x, excess!.force.y, excess!.f…
    124|     // Near-zero would mean the momentum-transfer mechanism is dormant.
    125|     expect(mag).toBeGreaterThan(100);
       |                 ^
    126|     solver.destroy();
    127|   });

⎯⎯⎯⎯⎯⎯⎯⎯⎯⎯⎯⎯⎯⎯⎯⎯⎯⎯⎯⎯⎯⎯[49/53]⎯

 FAIL  src/tests/tier1-defaults.test.ts > Island-aware solve default > an idle two-tower city under the default is bit-identical to the whole-graph solve
AssertionError: expected 0.28151628591407835 to be +0 // Object.is equality

- Expected
+ Received

- 0
+ 0.28151628591407835

 ❯ src/tests/tier1-defaults.test.ts:103:22
    101|     // An intact, converged structure fractures in neither mode and th…
    102|     // the solve-mode change cannot leak into the simulation.
    103|     expect(maxDelta).toBe(0);
       |                      ^
    104|     expect(island.getActiveBondsCount()).toBe(whole.getActiveBondsCoun…
    105|     island.dispose?.(); whole.dispose?.();

⎯⎯⎯⎯⎯⎯⎯⎯⎯⎯⎯⎯⎯⎯⎯⎯⎯⎯⎯⎯⎯⎯[50/53]⎯

 FAIL  src/tests/tier1-defaults.test.ts > Lazy intact colliders safety rails > an EXTERNAL body (e.g. a vehicle) wakes a dormant building and collides identically to eager
AssertionError: expected 0.22595417499542236 to be less than 0.000001
 ❯ src/tests/tier1-defaults.test.ts:176:22
    174|     for (let f = 0; f < lt.length; f++)
    175|       maxDelta = Math.max(maxDelta, Math.abs(lt[f].x - et[f].x), Math.…
    176|     expect(maxDelta).toBeLessThan(1e-6);
       |                      ^
    177| 
    178|     lazy.dispose?.(); eager.dispose?.();

⎯⎯⎯⎯⎯⎯⎯⎯⎯⎯⎯⎯⎯⎯⎯⎯⎯⎯⎯⎯⎯⎯[51/53]⎯


 Test Files  18 failed | 52 passed (70)
      Tests  53 failed | 473 passed | 1 skipped (527)
   Start at  18:52:42
   Duration  61.89s (transform 7.30s, setup 0ms, collect 19.01s, tests 147.68s, environment 26ms, prepare 10.28s)

