========= COMPUTE-SANITIZER
START GPU hierarchy: nodes=0 bonds=0
========= Barrier error detected. Divergent thread(s) in warp.
=========     at Nv::Blast::StressHierarchy::publishLeaders(const Nv::Blast::StressHierarchy::Input *, Nv::Blast::StressHierarchy::Buffers, Nv::Blast::StressHierarchy::Status *)+0x1a0 in StressHierarchyKernels.cuh:122
=========     by thread (32,0,0) in block (0,0,0)
=========     Saved host backtrace up to driver entry point at kernel launch time
=========         Host Frame: cuGraphLaunch [0x369c99] in libcuda.so.1
=========         Host Frame:  [0x2094a] in libcudart.so.12
=========         Host Frame: cudaGraphLaunch [0x7bf95] in libcudart.so.12
=========         Host Frame: Nv::Blast::StressHierarchy::Graph::enqueue(Nv::Blast::StressHierarchy::Input) [0xc553] in gpu_resident_hierarchy_test
=========         Host Frame: (anonymous namespace)::run((anonymous namespace)::Fixture, bool, bool, unsigned int) [0x8943] in gpu_resident_hierarchy_test
=========         Host Frame: main [0x30bd] in gpu_resident_hierarchy_test
========= 
========= Barrier error detected. Divergent thread(s) in warp.
=========     at Nv::Blast::StressHierarchy::publishLeaders(const Nv::Blast::StressHierarchy::Input *, Nv::Blast::StressHierarchy::Buffers, Nv::Blast::StressHierarchy::Status *)+0x1a0 in StressHierarchyKernels.cuh:122
=========     by thread (33,0,0) in block (0,0,0)
=========     Saved host backtrace up to driver entry point at kernel launch time
=========         Host Frame: cuGraphLaunch [0x369c99] in libcuda.so.1
=========         Host Frame:  [0x2094a] in libcudart.so.12
=========         Host Frame: cudaGraphLaunch [0x7bf95] in libcudart.so.12
=========         Host Frame: Nv::Blast::StressHierarchy::Graph::enqueue(Nv::Blast::StressHierarchy::Input) [0xc553] in gpu_resident_hierarchy_test
=========         Host Frame: (anonymous namespace)::run((anonymous namespace)::Fixture, bool, bool, unsigned int) [0x8943] in gpu_resident_hierarchy_test
=========         Host Frame: main [0x30bd] in gpu_resident_hierarchy_test
========= 
========= Barrier error detected. Divergent thread(s) in warp.
=========     at Nv::Blast::StressHierarchy::publishLeaders(const Nv::Blast::StressHierarchy::Input *, Nv::Blast::StressHierarchy::Buffers, Nv::Blast::StressHierarchy::Status *)+0x1a0 in StressHierarchyKernels.cuh:122
=========     by thread (34,0,0) in block (0,0,0)
=========     Saved host backtrace up to driver entry point at kernel launch time
=========         Host Frame: cuGraphLaunch [0x369c99] in libcuda.so.1
=========         Host Frame:  [0x2094a] in libcudart.so.12
=========         Host Frame: cudaGraphLaunch [0x7bf95] in libcudart.so.12
=========         Host Frame: Nv::Blast::StressHierarchy::Graph::enqueue(Nv::Blast::StressHierarchy::Input) [0xc553] in gpu_resident_hierarchy_test
=========         Host Frame: (anonymous namespace)::run((anonymous namespace)::Fixture, bool, bool, unsigned int) [0x8943] in gpu_resident_hierarchy_test
=========         Host Frame: main [0x30bd] in gpu_resident_hierarchy_test
========= 
========= Barrier error detected. Divergent thread(s) in warp.
=========     at Nv::Blast::StressHierarchy::publishLeaders(const Nv::Blast::StressHierarchy::Input *, Nv::Blast::StressHierarchy::Buffers, Nv::Blast::StressHierarchy::Status *)+0x1a0 in StressHierarchyKernels.cuh:122
=========     by thread (35,0,0) in block (0,0,0)
=========     Saved host backtrace up to driver entry point at kernel launch time
=========         Host Frame: cuGraphLaunch [0x369c99] in libcuda.so.1
=========         Host Frame:  [0x2094a] in libcudart.so.12
=========         Host Frame: cudaGraphLaunch [0x7bf95] in libcudart.so.12
=========         Host Frame: Nv::Blast::StressHierarchy::Graph::enqueue(Nv::Blast::StressHierarchy::Input) [0xc553] in gpu_resident_hierarchy_test
=========         Host Frame: (anonymous namespace)::run((anonymous namespace)::Fixture, bool, bool, unsigned int) [0x8943] in gpu_resident_hierarchy_test
=========         Host Frame: main [0x30bd] in gpu_resident_hierarchy_test
========= 
========= Barrier error detected. Divergent thread(s) in warp.
=========     at Nv::Blast::StressHierarchy::publishLeaders(const Nv::Blast::StressHierarchy::Input *, Nv::Blast::StressHierarchy::Buffers, Nv::Blast::StressHierarchy::Status *)+0x1a0 in StressHierarchyKernels.cuh:122
=========     by thread (36,0,0) in block (0,0,0)
=========     Saved host backtrace up to driver entry point at kernel launch time
=========         Host Frame: cuGraphLaunch [0x369c99] in libcuda.so.1
=========         Host Frame:  [0x2094a] in libcudart.so.12
=========         Host Frame: cudaGraphLaunch [0x7bf95] in libcudart.so.12
=========         Host Frame: Nv::Blast::StressHierarchy::Graph::enqueue(Nv::Blast::StressHierarchy::Input) [0xc553] in gpu_resident_hierarchy_test
=========         Host Frame: (anonymous namespace)::run((anonymous namespace)::Fixture, bool, bool, unsigned int) [0x8943] in gpu_resident_hierarchy_test
=========         Host Frame: main [0x30bd] in gpu_resident_hierarchy_test
========= 
========= Barrier error detected. Divergent thread(s) in warp.
=========     at Nv::Blast::StressHierarchy::publishLeaders(const Nv::Blast::StressHierarchy::Input *, Nv::Blast::StressHierarchy::Buffers, Nv::Blast::StressHierarchy::Status *)+0x1a0 in StressHierarchyKernels.cuh:122
=========     by thread (37,0,0) in block (0,0,0)
=========     Saved host backtrace up to driver entry point at kernel launch time
=========         Host Frame: cuGraphLaunch [0x369c99] in libcuda.so.1
=========         Host Frame:  [0x2094a] in libcudart.so.12
=========         Host Frame: cudaGraphLaunch [0x7bf95] in libcudart.so.12
=========         Host Frame: Nv::Blast::StressHierarchy::Graph::enqueue(Nv::Blast::StressHierarchy::Input) [0xc553] in gpu_resident_hierarchy_test
=========         Host Frame: (anonymous namespace)::run((anonymous namespace)::Fixture, bool, bool, unsigned int) [0x8943] in gpu_resident_hierarchy_test
=========         Host Frame: main [0x30bd] in gpu_resident_hierarchy_test
========= 
========= Barrier error detected. Divergent thread(s) in warp.
=========     at Nv::Blast::StressHierarchy::publishLeaders(const Nv::Blast::StressHierarchy::Input *, Nv::Blast::StressHierarchy::Buffers, Nv::Blast::StressHierarchy::Status *)+0x1a0 in StressHierarchyKernels.cuh:122
=========     by thread (38,0,0) in block (0,0,0)
=========     Saved host backtrace up to driver entry point at kernel launch time
=========         Host Frame: cuGraphLaunch [0x369c99] in libcuda.so.1
=========         Host Frame:  [0x2094a] in libcudart.so.12
=========         Host Frame: cudaGraphLaunch [0x7bf95] in libcudart.so.12
=========         Host Frame: Nv::Blast::StressHierarchy::Graph::enqueue(Nv::Blast::StressHierarchy::Input) [0xc553] in gpu_resident_hierarchy_test
=========         Host Frame: (anonymous namespace)::run((anonymous namespace)::Fixture, bool, bool, unsigned int) [0x8943] in gpu_resident_hierarchy_test
=========         Host Frame: main [0x30bd] in gpu_resident_hierarchy_test
========= 
========= Barrier error detected. Divergent thread(s) in warp.
=========     at Nv::Blast::StressHierarchy::publishLeaders(const Nv::Blast::StressHierarchy::Input *, Nv::Blast::StressHierarchy::Buffers, Nv::Blast::StressHierarchy::Status *)+0x1a0 in StressHierarchyKernels.cuh:122
=========     by thread (39,0,0) in block (0,0,0)
=========     Saved host backtrace up to driver entry point at kernel launch time
=========         Host Frame: cuGraphLaunch [0x369c99] in libcuda.so.1
=========         Host Frame:  [0x2094a] in libcudart.so.12
=========         Host Frame: cudaGraphLaunch [0x7bf95] in libcudart.so.12
=========         Host Frame: Nv::Blast::StressHierarchy::Graph::enqueue(Nv::Blast::StressHierarchy::Input) [0xc553] in gpu_resident_hierarchy_test
=========         Host Frame: (anonymous namespace)::run((anonymous namespace)::Fixture, bool, bool, unsigned int) [0x8943] in gpu_resident_hierarchy_test
=========         Host Frame: main [0x30bd] in gpu_resident_hierarchy_test
========= 
========= Barrier error detected. Divergent thread(s) in warp.
=========     at Nv::Blast::StressHierarchy::publishLeaders(const Nv::Blast::StressHierarchy::Input *, Nv::Blast::StressHierarchy::Buffers, Nv::Blast::StressHierarchy::Status *)+0x1a0 in StressHierarchyKernels.cuh:122
=========     by thread (40,0,0) in block (0,0,0)
=========     Saved host backtrace up to driver entry point at kernel launch time
=========         Host Frame: cuGraphLaunch [0x369c99] in libcuda.so.1
=========         Host Frame:  [0x2094a] in libcudart.so.12
=========         Host Frame: cudaGraphLaunch [0x7bf95] in libcudart.so.12
=========         Host Frame: Nv::Blast::StressHierarchy::Graph::enqueue(Nv::Blast::StressHierarchy::Input) [0xc553] in gpu_resident_hierarchy_test
=========         Host Frame: (anonymous namespace)::run((anonymous namespace)::Fixture, bool, bool, unsigned int) [0x8943] in gpu_resident_hierarchy_test
=========         Host Frame: main [0x30bd] in gpu_resident_hierarchy_test
========= 
========= Barrier error detected. Divergent thread(s) in warp.
=========     at Nv::Blast::StressHierarchy::publishLeaders(const Nv::Blast::StressHierarchy::Input *, Nv::Blast::StressHierarchy::Buffers, Nv::Blast::StressHierarchy::Status *)+0x1a0 in StressHierarchyKernels.cuh:122
=========     by thread (41,0,0) in block (0,0,0)
=========     Saved host backtrace up to driver entry point at kernel launch time
=========         Host Frame: cuGraphLaunch [0x369c99] in libcuda.so.1
=========         Host Frame:  [0x2094a] in libcudart.so.12
=========         Host Frame: cudaGraphLaunch [0x7bf95] in libcudart.so.12
=========         Host Frame: Nv::Blast::StressHierarchy::Graph::enqueue(Nv::Blast::StressHierarchy::Input) [0xc553] in gpu_resident_hierarchy_test
=========         Host Frame: (anonymous namespace)::run((anonymous namespace)::Fixture, bool, bool, unsigned int) [0x8943] in gpu_resident_hierarchy_test
=========         Host Frame: main [0x30bd] in gpu_resident_hierarchy_test
========= 
========= Barrier error detected. Divergent thread(s) in warp.
=========     at Nv::Blast::StressHierarchy::publishLeaders(const Nv::Blast::StressHierarchy::Input *, Nv::Blast::StressHierarchy::Buffers, Nv::Blast::StressHierarchy::Status *)+0x1a0 in StressHierarchyKernels.cuh:122
=========     by thread (42,0,0) in block (0,0,0)
=========     Saved host backtrace up to driver entry point at kernel launch time
=========         Host Frame: cuGraphLaunch [0x369c99] in libcuda.so.1
=========         Host Frame:  [0x2094a] in libcudart.so.12
=========         Host Frame: cudaGraphLaunch [0x7bf95] in libcudart.so.12
=========         Host Frame: Nv::Blast::StressHierarchy::Graph::enqueue(Nv::Blast::StressHierarchy::Input) [0xc553] in gpu_resident_hierarchy_test
=========         Host Frame: (anonymous namespace)::run((anonymous namespace)::Fixture, bool, bool, unsigned int) [0x8943] in gpu_resident_hierarchy_test
=========         Host Frame: main [0x30bd] in gpu_resident_hierarchy_test
========= 
========= Barrier error detected. Divergent thread(s) in warp.
=========     at Nv::Blast::StressHierarchy::publishLeaders(const Nv::Blast::StressHierarchy::Input *, Nv::Blast::StressHierarchy::Buffers, Nv::Blast::StressHierarchy::Status *)+0x1a0 in StressHierarchyKernels.cuh:122
=========     by thread (43,0,0) in block (0,0,0)
=========     Saved host backtrace up to driver entry point at kernel launch time
=========         Host Frame: cuGraphLaunch [0x369c99] in libcuda.so.1
=========         Host Frame:  [0x2094a] in libcudart.so.12
=========         Host Frame: cudaGraphLaunch [0x7bf95] in libcudart.so.12
=========         Host Frame: Nv::Blast::StressHierarchy::Graph::enqueue(Nv::Blast::StressHierarchy::Input) [0xc553] in gpu_resident_hierarchy_test
=========         Host Frame: (anonymous namespace)::run((anonymous namespace)::Fixture, bool, bool, unsigned int) [0x8943] in gpu_resident_hierarchy_test
=========         Host Frame: main [0x30bd] in gpu_resident_hierarchy_test
========= 
========= Barrier error detected. Divergent thread(s) in warp.
=========     at Nv::Blast::StressHierarchy::publishLeaders(const Nv::Blast::StressHierarchy::Input *, Nv::Blast::StressHierarchy::Buffers, Nv::Blast::StressHierarchy::Status *)+0x1a0 in StressHierarchyKernels.cuh:122
=========     by thread (44,0,0) in block (0,0,0)
=========     Saved host backtrace up to driver entry point at kernel launch time
=========         Host Frame: cuGraphLaunch [0x369c99] in libcuda.so.1
=========         Host Frame:  [0x2094a] in libcudart.so.12
=========         Host Frame: cudaGraphLaunch [0x7bf95] in libcudart.so.12
=========         Host Frame: Nv::Blast::StressHierarchy::Graph::enqueue(Nv::Blast::StressHierarchy::Input) [0xc553] in gpu_resident_hierarchy_test
=========         Host Frame: (anonymous namespace)::run((anonymous namespace)::Fixture, bool, bool, unsigned int) [0x8943] in gpu_resident_hierarchy_test
=========         Host Frame: main [0x30bd] in gpu_resident_hierarchy_test
========= 
========= Barrier error detected. Divergent thread(s) in warp.
=========     at Nv::Blast::StressHierarchy::publishLeaders(const Nv::Blast::StressHierarchy::Input *, Nv::Blast::StressHierarchy::Buffers, Nv::Blast::StressHierarchy::Status *)+0x1a0 in StressHierarchyKernels.cuh:122
=========     by thread (45,0,0) in block (0,0,0)
=========     Saved host backtrace up to driver entry point at kernel launch time
=========         Host Frame: cuGraphLaunch [0x369c99] in libcuda.so.1
=========         Host Frame:  [0x2094a] in libcudart.so.12
=========         Host Frame: cudaGraphLaunch [0x7bf95] in libcudart.so.12
=========         Host Frame: Nv::Blast::StressHierarchy::Graph::enqueue(Nv::Blast::StressHierarchy::Input) [0xc553] in gpu_resident_hierarchy_test
=========         Host Frame: (anonymous namespace)::run((anonymous namespace)::Fixture, bool, bool, unsigned int) [0x8943] in gpu_resident_hierarchy_test
=========         Host Frame: main [0x30bd] in gpu_resident_hierarchy_test
========= 
========= Barrier error detected. Divergent thread(s) in warp.
=========     at Nv::Blast::StressHierarchy::publishLeaders(const Nv::Blast::StressHierarchy::Input *, Nv::Blast::StressHierarchy::Buffers, Nv::Blast::StressHierarchy::Status *)+0x1a0 in StressHierarchyKernels.cuh:122
=========     by thread (46,0,0) in block (0,0,0)
=========     Saved host backtrace up to driver entry point at kernel launch time
=========         Host Frame: cuGraphLaunch [0x369c99] in libcuda.so.1
=========         Host Frame:  [0x2094a] in libcudart.so.12
=========         Host Frame: cudaGraphLaunch [0x7bf95] in libcudart.so.12
=========         Host Frame: Nv::Blast::StressHierarchy::Graph::enqueue(Nv::Blast::StressHierarchy::Input) [0xc553] in gpu_resident_hierarchy_test
=========         Host Frame: (anonymous namespace)::run((anonymous namespace)::Fixture, bool, bool, unsigned int) [0x8943] in gpu_resident_hierarchy_test
=========         Host Frame: main [0x30bd] in gpu_resident_hierarchy_test
========= 
========= Barrier error detected. Divergent thread(s) in warp.
=========     at Nv::Blast::StressHierarchy::publishLeaders(const Nv::Blast::StressHierarchy::Input *, Nv::Blast::StressHierarchy::Buffers, Nv::Blast::StressHierarchy::Status *)+0x1a0 in StressHierarchyKernels.cuh:122
=========     by thread (47,0,0) in block (0,0,0)
=========     Saved host backtrace up to driver entry point at kernel launch time
=========         Host Frame: cuGraphLaunch [0x369c99] in libcuda.so.1
=========         Host Frame:  [0x2094a] in libcudart.so.12
=========         Host Frame: cudaGraphLaunch [0x7bf95] in libcudart.so.12
=========         Host Frame: Nv::Blast::StressHierarchy::Graph::enqueue(Nv::Blast::StressHierarchy::Input) [0xc553] in gpu_resident_hierarchy_test
=========         Host Frame: (anonymous namespace)::run((anonymous namespace)::Fixture, bool, bool, unsigned int) [0x8943] in gpu_resident_hierarchy_test
=========         Host Frame: main [0x30bd] in gpu_resident_hierarchy_test
========= 
========= Barrier error detected. Divergent thread(s) in warp.
=========     at Nv::Blast::StressHierarchy::publishLeaders(const Nv::Blast::StressHierarchy::Input *, Nv::Blast::StressHierarchy::Buffers, Nv::Blast::StressHierarchy::Status *)+0x1a0 in StressHierarchyKernels.cuh:122
=========     by thread (48,0,0) in block (0,0,0)
=========     Saved host backtrace up to driver entry point at kernel launch time
=========         Host Frame: cuGraphLaunch [0x369c99] in libcuda.so.1
=========         Host Frame:  [0x2094a] in libcudart.so.12
=========         Host Frame: cudaGraphLaunch [0x7bf95] in libcudart.so.12
=========         Host Frame: Nv::Blast::StressHierarchy::Graph::enqueue(Nv::Blast::StressHierarchy::Input) [0xc553] in gpu_resident_hierarchy_test
=========         Host Frame: (anonymous namespace)::run((anonymous namespace)::Fixture, bool, bool, unsigned int) [0x8943] in gpu_resident_hierarchy_test
=========         Host Frame: main [0x30bd] in gpu_resident_hierarchy_test
========= 
========= Barrier error detected. Divergent thread(s) in warp.
=========     at Nv::Blast::StressHierarchy::publishLeaders(const Nv::Blast::StressHierarchy::Input *, Nv::Blast::StressHierarchy::Buffers, Nv::Blast::StressHierarchy::Status *)+0x1a0 in StressHierarchyKernels.cuh:122
=========     by thread (49,0,0) in block (0,0,0)
=========     Saved host backtrace up to driver entry point at kernel launch time
=========         Host Frame: cuGraphLaunch [0x369c99] in libcuda.so.1
=========         Host Frame:  [0x2094a] in libcudart.so.12
=========         Host Frame: cudaGraphLaunch [0x7bf95] in libcudart.so.12
=========         Host Frame: Nv::Blast::StressHierarchy::Graph::enqueue(Nv::Blast::StressHierarchy::Input) [0xc553] in gpu_resident_hierarchy_test
=========         Host Frame: (anonymous namespace)::run((anonymous namespace)::Fixture, bool, bool, unsigned int) [0x8943] in gpu_resident_hierarchy_test
=========         Host Frame: main [0x30bd] in gpu_resident_hierarchy_test
========= 
========= Barrier error detected. Divergent thread(s) in warp.
=========     at Nv::Blast::StressHierarchy::publishLeaders(const Nv::Blast::StressHierarchy::Input *, Nv::Blast::StressHierarchy::Buffers, Nv::Blast::StressHierarchy::Status *)+0x1a0 in StressHierarchyKernels.cuh:122
=========     by thread (50,0,0) in block (0,0,0)
=========     Saved host backtrace up to driver entry point at kernel launch time
=========         Host Frame: cuGraphLaunch [0x369c99] in libcuda.so.1
=========         Host Frame:  [0x2094a] in libcudart.so.12
=========         Host Frame: cudaGraphLaunch [0x7bf95] in libcudart.so.12
=========         Host Frame: Nv::Blast::StressHierarchy::Graph::enqueue(Nv::Blast::StressHierarchy::Input) [0xc553] in gpu_resident_hierarchy_test
=========         Host Frame: (anonymous namespace)::run((anonymous namespace)::Fixture, bool, bool, unsigned int) [0x8943] in gpu_resident_hierarchy_test
=========         Host Frame: main [0x30bd] in gpu_resident_hierarchy_test
========= 
========= Barrier error detected. Divergent thread(s) in warp.
=========     at Nv::Blast::StressHierarchy::publishLeaders(const Nv::Blast::StressHierarchy::Input *, Nv::Blast::StressHierarchy::Buffers, Nv::Blast::StressHierarchy::Status *)+0x1a0 in StressHierarchyKernels.cuh:122
=========     by thread (51,0,0) in block (0,0,0)
=========     Saved host backtrace up to driver entry point at kernel launch time
=========         Host Frame: cuGraphLaunch [0x369c99] in libcuda.so.1
=========         Host Frame:  [0x2094a] in libcudart.so.12
=========         Host Frame: cudaGraphLaunch [0x7bf95] in libcudart.so.12
=========         Host Frame: Nv::Blast::StressHierarchy::Graph::enqueue(Nv::Blast::StressHierarchy::Input) [0xc553] in gpu_resident_hierarchy_test
=========         Host Frame: (anonymous namespace)::run((anonymous namespace)::Fixture, bool, bool, unsigned int) [0x8943] in gpu_resident_hierarchy_test
=========         Host Frame: main [0x30bd] in gpu_resident_hierarchy_test
========= 
========= Barrier error detected. Divergent thread(s) in warp.
=========     at Nv::Blast::StressHierarchy::publishLeaders(const Nv::Blast::StressHierarchy::Input *, Nv::Blast::StressHierarchy::Buffers, Nv::Blast::StressHierarchy::Status *)+0x1a0 in StressHierarchyKernels.cuh:122
=========     by thread (52,0,0) in block (0,0,0)
=========     Saved host backtrace up to driver entry point at kernel launch time
=========         Host Frame: cuGraphLaunch [0x369c99] in libcuda.so.1
=========         Host Frame:  [0x2094a] in libcudart.so.12
=========         Host Frame: cudaGraphLaunch [0x7bf95] in libcudart.so.12
=========         Host Frame: Nv::Blast::StressHierarchy::Graph::enqueue(Nv::Blast::StressHierarchy::Input) [0xc553] in gpu_resident_hierarchy_test
=========         Host Frame: (anonymous namespace)::run((anonymous namespace)::Fixture, bool, bool, unsigned int) [0x8943] in gpu_resident_hierarchy_test
=========         Host Frame: main [0x30bd] in gpu_resident_hierarchy_test
========= 
========= Barrier error detected. Divergent thread(s) in warp.
=========     at Nv::Blast::StressHierarchy::publishLeaders(const Nv::Blast::StressHierarchy::Input *, Nv::Blast::StressHierarchy::Buffers, Nv::Blast::StressHierarchy::Status *)+0x1a0 in StressHierarchyKernels.cuh:122
=========     by thread (53,0,0) in block (0,0,0)
=========     Saved host backtrace up to driver entry point at kernel launch time
=========         Host Frame: cuGraphLaunch [0x369c99] in libcuda.so.1
=========         Host Frame:  [0x2094a] in libcudart.so.12
=========         Host Frame: cudaGraphLaunch [0x7bf95] in libcudart.so.12
=========         Host Frame: Nv::Blast::StressHierarchy::Graph::enqueue(Nv::Blast::StressHierarchy::Input) [0xc553] in gpu_resident_hierarchy_test
=========         Host Frame: (anonymous namespace)::run((anonymous namespace)::Fixture, bool, bool, unsigned int) [0x8943] in gpu_resident_hierarchy_test
=========         Host Frame: main [0x30bd] in gpu_resident_hierarchy_test
========= 
========= Barrier error detected. Divergent thread(s) in warp.
=========     at Nv::Blast::StressHierarchy::publishLeaders(const Nv::Blast::StressHierarchy::Input *, Nv::Blast::StressHierarchy::Buffers, Nv::Blast::StressHierarchy::Status *)+0x1a0 in StressHierarchyKernels.cuh:122
=========     by thread (54,0,0) in block (0,0,0)
=========     Saved host backtrace up to driver entry point at kernel launch time
=========         Host Frame: cuGraphLaunch [0x369c99] in libcuda.so.1
=========         Host Frame:  [0x2094a] in libcudart.so.12
=========         Host Frame: cudaGraphLaunch [0x7bf95] in libcudart.so.12
=========         Host Frame: Nv::Blast::StressHierarchy::Graph::enqueue(Nv::Blast::StressHierarchy::Input) [0xc553] in gpu_resident_hierarchy_test
=========         Host Frame: (anonymous namespace)::run((anonymous namespace)::Fixture, bool, bool, unsigned int) [0x8943] in gpu_resident_hierarchy_test
=========         Host Frame: main [0x30bd] in gpu_resident_hierarchy_test
========= 
========= Barrier error detected. Divergent thread(s) in warp.
=========     at Nv::Blast::StressHierarchy::publishLeaders(const Nv::Blast::StressHierarchy::Input *, Nv::Blast::StressHierarchy::Buffers, Nv::Blast::StressHierarchy::Status *)+0x1a0 in StressHierarchyKernels.cuh:122
=========     by thread (55,0,0) in block (0,0,0)
=========     Saved host backtrace up to driver entry point at kernel launch time
=========         Host Frame: cuGraphLaunch [0x369c99] in libcuda.so.1
=========         Host Frame:  [0x2094a] in libcudart.so.12
=========         Host Frame: cudaGraphLaunch [0x7bf95] in libcudart.so.12
=========         Host Frame: Nv::Blast::StressHierarchy::Graph::enqueue(Nv::Blast::StressHierarchy::Input) [0xc553] in gpu_resident_hierarchy_test
=========         Host Frame: (anonymous namespace)::run((anonymous namespace)::Fixture, bool, bool, unsigned int) [0x8943] in gpu_resident_hierarchy_test
=========         Host Frame: main [0x30bd] in gpu_resident_hierarchy_test
========= 
========= Barrier error detected. Divergent thread(s) in warp.
=========     at Nv::Blast::StressHierarchy::publishLeaders(const Nv::Blast::StressHierarchy::Input *, Nv::Blast::StressHierarchy::Buffers, Nv::Blast::StressHierarchy::Status *)+0x1a0 in StressHierarchyKernels.cuh:122
=========     by thread (56,0,0) in block (0,0,0)
=========     Saved host backtrace up to driver entry point at kernel launch time
=========         Host Frame: cuGraphLaunch [0x369c99] in libcuda.so.1
=========         Host Frame:  [0x2094a] in libcudart.so.12
=========         Host Frame: cudaGraphLaunch [0x7bf95] in libcudart.so.12
=========         Host Frame: Nv::Blast::StressHierarchy::Graph::enqueue(Nv::Blast::StressHierarchy::Input) [0xc553] in gpu_resident_hierarchy_test
=========         Host Frame: (anonymous namespace)::run((anonymous namespace)::Fixture, bool, bool, unsigned int) [0x8943] in gpu_resident_hierarchy_test
=========         Host Frame: main [0x30bd] in gpu_resident_hierarchy_test
========= 
========= Barrier error detected. Divergent thread(s) in warp.
=========     at Nv::Blast::StressHierarchy::publishLeaders(const Nv::Blast::StressHierarchy::Input *, Nv::Blast::StressHierarchy::Buffers, Nv::Blast::StressHierarchy::Status *)+0x1a0 in StressHierarchyKernels.cuh:122
=========     by thread (57,0,0) in block (0,0,0)
=========     Saved host backtrace up to driver entry point at kernel launch time
=========         Host Frame: cuGraphLaunch [0x369c99] in libcuda.so.1
=========         Host Frame:  [0x2094a] in libcudart.so.12
=========         Host Frame: cudaGraphLaunch [0x7bf95] in libcudart.so.12
=========         Host Frame: Nv::Blast::StressHierarchy::Graph::enqueue(Nv::Blast::StressHierarchy::Input) [0xc553] in gpu_resident_hierarchy_test
=========         Host Frame: (anonymous namespace)::run((anonymous namespace)::Fixture, bool, bool, unsigned int) [0x8943] in gpu_resident_hierarchy_test
=========         Host Frame: main [0x30bd] in gpu_resident_hierarchy_test
========= 
========= Barrier error detected. Divergent thread(s) in warp.
=========     at Nv::Blast::StressHierarchy::publishLeaders(const Nv::Blast::StressHierarchy::Input *, Nv::Blast::StressHierarchy::Buffers, Nv::Blast::StressHierarchy::Status *)+0x1a0 in StressHierarchyKernels.cuh:122
=========     by thread (58,0,0) in block (0,0,0)
=========     Saved host backtrace up to driver entry point at kernel launch time
=========         Host Frame: cuGraphLaunch [0x369c99] in libcuda.so.1
=========         Host Frame:  [0x2094a] in libcudart.so.12
=========         Host Frame: cudaGraphLaunch [0x7bf95] in libcudart.so.12
=========         Host Frame: Nv::Blast::StressHierarchy::Graph::enqueue(Nv::Blast::StressHierarchy::Input) [0xc553] in gpu_resident_hierarchy_test
=========         Host Frame: (anonymous namespace)::run((anonymous namespace)::Fixture, bool, bool, unsigned int) [0x8943] in gpu_resident_hierarchy_test
=========         Host Frame: main [0x30bd] in gpu_resident_hierarchy_test
========= 
========= Barrier error detected. Divergent thread(s) in warp.
=========     at Nv::Blast::StressHierarchy::publishLeaders(const Nv::Blast::StressHierarchy::Input *, Nv::Blast::StressHierarchy::Buffers, Nv::Blast::StressHierarchy::Status *)+0x1a0 in StressHierarchyKernels.cuh:122
=========     by thread (59,0,0) in block (0,0,0)
=========     Saved host backtrace up to driver entry point at kernel launch time
=========         Host Frame: cuGraphLaunch [0x369c99] in libcuda.so.1
=========         Host Frame:  [0x2094a] in libcudart.so.12
=========         Host Frame: cudaGraphLaunch [0x7bf95] in libcudart.so.12
=========         Host Frame: Nv::Blast::StressHierarchy::Graph::enqueue(Nv::Blast::StressHierarchy::Input) [0xc553] in gpu_resident_hierarchy_test
=========         Host Frame: (anonymous namespace)::run((anonymous namespace)::Fixture, bool, bool, unsigned int) [0x8943] in gpu_resident_hierarchy_test
=========         Host Frame: main [0x30bd] in gpu_resident_hierarchy_test
========= 
========= Barrier error detected. Divergent thread(s) in warp.
=========     at Nv::Blast::StressHierarchy::publishLeaders(const Nv::Blast::StressHierarchy::Input *, Nv::Blast::StressHierarchy::Buffers, Nv::Blast::StressHierarchy::Status *)+0x1a0 in StressHierarchyKernels.cuh:122
=========     by thread (60,0,0) in block (0,0,0)
=========     Saved host backtrace up to driver entry point at kernel launch time
=========         Host Frame: cuGraphLaunch [0x369c99] in libcuda.so.1
=========         Host Frame:  [0x2094a] in libcudart.so.12
=========         Host Frame: cudaGraphLaunch [0x7bf95] in libcudart.so.12
=========         Host Frame: Nv::Blast::StressHierarchy::Graph::enqueue(Nv::Blast::StressHierarchy::Input) [0xc553] in gpu_resident_hierarchy_test
=========         Host Frame: (anonymous namespace)::run((anonymous namespace)::Fixture, bool, bool, unsigned int) [0x8943] in gpu_resident_hierarchy_test
=========         Host Frame: main [0x30bd] in gpu_resident_hierarchy_test
========= 
========= Barrier error detected. Divergent thread(s) in warp.
=========     at Nv::Blast::StressHierarchy::publishLeaders(const Nv::Blast::StressHierarchy::Input *, Nv::Blast::StressHierarchy::Buffers, Nv::Blast::StressHierarchy::Status *)+0x1a0 in StressHierarchyKernels.cuh:122
=========     by thread (61,0,0) in block (0,0,0)
=========     Saved host backtrace up to driver entry point at kernel launch time
=========         Host Frame: cuGraphLaunch [0x369c99] in libcuda.so.1
=========         Host Frame:  [0x2094a] in libcudart.so.12
=========         Host Frame: cudaGraphLaunch [0x7bf95] in libcudart.so.12
=========         Host Frame: Nv::Blast::StressHierarchy::Graph::enqueue(Nv::Blast::StressHierarchy::Input) [0xc553] in gpu_resident_hierarchy_test
=========         Host Frame: (anonymous namespace)::run((anonymous namespace)::Fixture, bool, bool, unsigned int) [0x8943] in gpu_resident_hierarchy_test
=========         Host Frame: main [0x30bd] in gpu_resident_hierarchy_test
========= 
========= Barrier error detected. Divergent thread(s) in warp.
=========     at Nv::Blast::StressHierarchy::publishLeaders(const Nv::Blast::StressHierarchy::Input *, Nv::Blast::StressHierarchy::Buffers, Nv::Blast::StressHierarchy::Status *)+0x1a0 in StressHierarchyKernels.cuh:122
=========     by thread (62,0,0) in block (0,0,0)
=========     Saved host backtrace up to driver entry point at kernel launch time
=========         Host Frame: cuGraphLaunch [0x369c99] in libcuda.so.1
=========         Host Frame:  [0x2094a] in libcudart.so.12
=========         Host Frame: cudaGraphLaunch [0x7bf95] in libcudart.so.12
=========         Host Frame: Nv::Blast::StressHierarchy::Graph::enqueue(Nv::Blast::StressHierarchy::Input) [0xc553] in gpu_resident_hierarchy_test
=========         Host Frame: (anonymous namespace)::run((anonymous namespace)::Fixture, bool, bool, unsigned int) [0x8943] in gpu_resident_hierarchy_test
=========         Host Frame: main [0x30bd] in gpu_resident_hierarchy_test
========= 
========= Barrier error detected. Divergent thread(s) in warp.
=========     at Nv::Blast::StressHierarchy::publishLeaders(const Nv::Blast::StressHierarchy::Input *, Nv::Blast::StressHierarchy::Buffers, Nv::Blast::StressHierarchy::Status *)+0x1a0 in StressHierarchyKernels.cuh:122
=========     by thread (63,0,0) in block (0,0,0)
=========     Saved host backtrace up to driver entry point at kernel launch time
=========         Host Frame: cuGraphLaunch [0x369c99] in libcuda.so.1
=========         Host Frame:  [0x2094a] in libcudart.so.12
=========         Host Frame: cudaGraphLaunch [0x7bf95] in libcudart.so.12
=========         Host Frame: Nv::Blast::StressHierarchy::Graph::enqueue(Nv::Blast::StressHierarchy::Input) [0xc553] in gpu_resident_hierarchy_test
=========         Host Frame: (anonymous namespace)::run((anonymous namespace)::Fixture, bool, bool, unsigned int) [0x8943] in gpu_resident_hierarchy_test
=========         Host Frame: main [0x30bd] in gpu_resident_hierarchy_test
========= 
========= Barrier error detected. Divergent thread(s) in warp.
=========     at Nv::Blast::StressHierarchy::publishLeaders(const Nv::Blast::StressHierarchy::Input *, Nv::Blast::StressHierarchy::Buffers, Nv::Blast::StressHierarchy::Status *)+0x1a0 in StressHierarchyKernels.cuh:122
=========     by thread (64,0,0) in block (0,0,0)
=========     Saved host backtrace up to driver entry point at kernel launch time
=========         Host Frame: cuGraphLaunch [0x369c99] in libcuda.so.1
=========         Host Frame:  [0x2094a] in libcudart.so.12
=========         Host Frame: cudaGraphLaunch [0x7bf95] in libcudart.so.12
=========         Host Frame: Nv::Blast::StressHierarchy::Graph::enqueue(Nv::Blast::StressHierarchy::Input) [0xc553] in gpu_resident_hierarchy_test
=========         Host Frame: (anonymous namespace)::run((anonymous namespace)::Fixture, bool, bool, unsigned int) [0x8943] in gpu_resident_hierarchy_test
=========         Host Frame: main [0x30bd] in gpu_resident_hierarchy_test
========= 
========= Barrier error detected. Divergent thread(s) in warp.
=========     at Nv::Blast::StressHierarchy::publishLeaders(const Nv::Blast::StressHierarchy::Input *, Nv::Blast::StressHierarchy::Buffers, Nv::Blast::StressHierarchy::Status *)+0x1a0 in StressHierarchyKernels.cuh:122
=========     by thread (65,0,0) in block (0,0,0)
=========     Saved host backtrace up to driver entry point at kernel launch time
=========         Host Frame: cuGraphLaunch [0x369c99] in libcuda.so.1
=========         Host Frame:  [0x2094a] in libcudart.so.12
=========         Host Frame: cudaGraphLaunch [0x7bf95] in libcudart.so.12
=========         Host Frame: Nv::Blast::StressHierarchy::Graph::enqueue(Nv::Blast::StressHierarchy::Input) [0xc553] in gpu_resident_hierarchy_test
=========         Host Frame: (anonymous namespace)::run((anonymous namespace)::Fixture, bool, bool, unsigned int) [0x8943] in gpu_resident_hierarchy_test
=========         Host Frame: main [0x30bd] in gpu_resident_hierarchy_test
========= 
========= Barrier error detected. Divergent thread(s) in warp.
=========     at Nv::Blast::StressHierarchy::publishLeaders(const Nv::Blast::StressHierarchy::Input *, Nv::Blast::StressHierarchy::Buffers, Nv::Blast::StressHierarchy::Status *)+0x1a0 in StressHierarchyKernels.cuh:122
=========     by thread (66,0,0) in block (0,0,0)
=========     Saved host backtrace up to driver entry point at kernel launch time
=========         Host Frame: cuGraphLaunch [0x369c99] in libcuda.so.1
=========         Host Frame:  [0x2094a] in libcudart.so.12
=========         Host Frame: cudaGraphLaunch [0x7bf95] in libcudart.so.12
=========         Host Frame: Nv::Blast::StressHierarchy::Graph::enqueue(Nv::Blast::StressHierarchy::Input) [0xc553] in gpu_resident_hierarchy_test
=========         Host Frame: (anonymous namespace)::run((anonymous namespace)::Fixture, bool, bool, unsigned int) [0x8943] in gpu_resident_hierarchy_test
=========         Host Frame: main [0x30bd] in gpu_resident_hierarchy_test
========= 
========= Barrier error detected. Divergent thread(s) in warp.
=========     at Nv::Blast::StressHierarchy::publishLeaders(const Nv::Blast::StressHierarchy::Input *, Nv::Blast::StressHierarchy::Buffers, Nv::Blast::StressHierarchy::Status *)+0x1a0 in StressHierarchyKernels.cuh:122
=========     by thread (67,0,0) in block (0,0,0)
=========     Saved host backtrace up to driver entry point at kernel launch time
=========         Host Frame: cuGraphLaunch [0x369c99] in libcuda.so.1
=========         Host Frame:  [0x2094a] in libcudart.so.12
=========         Host Frame: cudaGraphLaunch [0x7bf95] in libcudart.so.12
=========         Host Frame: Nv::Blast::StressHierarchy::Graph::enqueue(Nv::Blast::StressHierarchy::Input) [0xc553] in gpu_resident_hierarchy_test
=========         Host Frame: (anonymous namespace)::run((anonymous namespace)::Fixture, bool, bool, unsigned int) [0x8943] in gpu_resident_hierarchy_test
=========         Host Frame: main [0x30bd] in gpu_resident_hierarchy_test
========= 
========= Barrier error detected. Divergent thread(s) in warp.
=========     at Nv::Blast::StressHierarchy::publishLeaders(const Nv::Blast::StressHierarchy::Input *, Nv::Blast::StressHierarchy::Buffers, Nv::Blast::StressHierarchy::Status *)+0x1a0 in StressHierarchyKernels.cuh:122
=========     by thread (68,0,0) in block (0,0,0)
=========     Saved host backtrace up to driver entry point at kernel launch time
=========         Host Frame: cuGraphLaunch [0x369c99] in libcuda.so.1
=========         Host Frame:  [0x2094a] in libcudart.so.12
=========         Host Frame: cudaGraphLaunch [0x7bf95] in libcudart.so.12
=========         Host Frame: Nv::Blast::StressHierarchy::Graph::enqueue(Nv::Blast::StressHierarchy::Input) [0xc553] in gpu_resident_hierarchy_test
=========         Host Frame: (anonymous namespace)::run((anonymous namespace)::Fixture, bool, bool, unsigned int) [0x8943] in gpu_resident_hierarchy_test
=========         Host Frame: main [0x30bd] in gpu_resident_hierarchy_test
========= 
========= Barrier error detected. Divergent thread(s) in warp.
=========     at Nv::Blast::StressHierarchy::publishLeaders(const Nv::Blast::StressHierarchy::Input *, Nv::Blast::StressHierarchy::Buffers, Nv::Blast::StressHierarchy::Status *)+0x1a0 in StressHierarchyKernels.cuh:122
=========     by thread (69,0,0) in block (0,0,0)
=========     Saved host backtrace up to driver entry point at kernel launch time
=========         Host Frame: cuGraphLaunch [0x369c99] in libcuda.so.1
=========         Host Frame:  [0x2094a] in libcudart.so.12
=========         Host Frame: cudaGraphLaunch [0x7bf95] in libcudart.so.12
=========         Host Frame: Nv::Blast::StressHierarchy::Graph::enqueue(Nv::Blast::StressHierarchy::Input) [0xc553] in gpu_resident_hierarchy_test
=========         Host Frame: (anonymous namespace)::run((anonymous namespace)::Fixture, bool, bool, unsigned int) [0x8943] in gpu_resident_hierarchy_test
=========         Host Frame: main [0x30bd] in gpu_resident_hierarchy_test
========= 
========= Barrier error detected. Divergent thread(s) in warp.
=========     at Nv::Blast::StressHierarchy::publishLeaders(const Nv::Blast::StressHierarchy::Input *, Nv::Blast::StressHierarchy::Buffers, Nv::Blast::StressHierarchy::Status *)+0x1a0 in StressHierarchyKernels.cuh:122
=========     by thread (70,0,0) in block (0,0,0)
=========     Saved host backtrace up to driver entry point at kernel launch time
=========         Host Frame: cuGraphLaunch [0x369c99] in libcuda.so.1
=========         Host Frame:  [0x2094a] in libcudart.so.12
=========         Host Frame: cudaGraphLaunch [0x7bf95] in libcudart.so.12
=========         Host Frame: Nv::Blast::StressHierarchy::Graph::enqueue(Nv::Blast::StressHierarchy::Input) [0xc553] in gpu_resident_hierarchy_test
=========         Host Frame: (anonymous namespace)::run((anonymous namespace)::Fixture, bool, bool, unsigned int) [0x8943] in gpu_resident_hierarchy_test
=========         Host Frame: main [0x30bd] in gpu_resident_hierarchy_test
========= 
========= Barrier error detected. Divergent thread(s) in warp.
=========     at Nv::Blast::StressHierarchy::publishLeaders(const Nv::Blast::StressHierarchy::Input *, Nv::Blast::StressHierarchy::Buffers, Nv::Blast::StressHierarchy::Status *)+0x1a0 in StressHierarchyKernels.cuh:122
=========     by thread (71,0,0) in block (0,0,0)
=========     Saved host backtrace up to driver entry point at kernel launch time
=========         Host Frame: cuGraphLaunch [0x369c99] in libcuda.so.1
=========         Host Frame:  [0x2094a] in libcudart.so.12
=========         Host Frame: cudaGraphLaunch [0x7bf95] in libcudart.so.12
=========         Host Frame: Nv::Blast::StressHierarchy::Graph::enqueue(Nv::Blast::StressHierarchy::Input) [0xc553] in gpu_resident_hierarchy_test
=========         Host Frame: (anonymous namespace)::run((anonymous namespace)::Fixture, bool, bool, unsigned int) [0x8943] in gpu_resident_hierarchy_test
=========         Host Frame: main [0x30bd] in gpu_resident_hierarchy_test
========= 
========= Barrier error detected. Divergent thread(s) in warp.
=========     at Nv::Blast::StressHierarchy::publishLeaders(const Nv::Blast::StressHierarchy::Input *, Nv::Blast::StressHierarchy::Buffers, Nv::Blast::StressHierarchy::Status *)+0x1a0 in StressHierarchyKernels.cuh:122
=========     by thread (72,0,0) in block (0,0,0)
=========     Saved host backtrace up to driver entry point at kernel launch time
=========         Host Frame: cuGraphLaunch [0x369c99] in libcuda.so.1
=========         Host Frame:  [0x2094a] in libcudart.so.12
=========         Host Frame: cudaGraphLaunch [0x7bf95] in libcudart.so.12
=========         Host Frame: Nv::Blast::StressHierarchy::Graph::enqueue(Nv::Blast::StressHierarchy::Input) [0xc553] in gpu_resident_hierarchy_test
=========         Host Frame: (anonymous namespace)::run((anonymous namespace)::Fixture, bool, bool, unsigned int) [0x8943] in gpu_resident_hierarchy_test
=========         Host Frame: main [0x30bd] in gpu_resident_hierarchy_test
========= 
========= Barrier error detected. Divergent thread(s) in warp.
=========     at Nv::Blast::StressHierarchy::publishLeaders(const Nv::Blast::StressHierarchy::Input *, Nv::Blast::StressHierarchy::Buffers, Nv::Blast::StressHierarchy::Status *)+0x1a0 in StressHierarchyKernels.cuh:122
=========     by thread (73,0,0) in block (0,0,0)
=========     Saved host backtrace up to driver entry point at kernel launch time
=========         Host Frame: cuGraphLaunch [0x369c99] in libcuda.so.1
=========         Host Frame:  [0x2094a] in libcudart.so.12
=========         Host Frame: cudaGraphLaunch [0x7bf95] in libcudart.so.12
=========         Host Frame: Nv::Blast::StressHierarchy::Graph::enqueue(Nv::Blast::StressHierarchy::Input) [0xc553] in gpu_resident_hierarchy_test
=========         Host Frame: (anonymous namespace)::run((anonymous namespace)::Fixture, bool, bool, unsigned int) [0x8943] in gpu_resident_hierarchy_test
=========         Host Frame: main [0x30bd] in gpu_resident_hierarchy_test
========= 
========= Barrier error detected. Divergent thread(s) in warp.
=========     at Nv::Blast::StressHierarchy::publishLeaders(const Nv::Blast::StressHierarchy::Input *, Nv::Blast::StressHierarchy::Buffers, Nv::Blast::StressHierarchy::Status *)+0x1a0 in StressHierarchyKernels.cuh:122
=========     by thread (74,0,0) in block (0,0,0)
=========     Saved host backtrace up to driver entry point at kernel launch time
=========         Host Frame: cuGraphLaunch [0x369c99] in libcuda.so.1
=========         Host Frame:  [0x2094a] in libcudart.so.12
=========         Host Frame: cudaGraphLaunch [0x7bf95] in libcudart.so.12
=========         Host Frame: Nv::Blast::StressHierarchy::Graph::enqueue(Nv::Blast::StressHierarchy::Input) [0xc553] in gpu_resident_hierarchy_test
=========         Host Frame: (anonymous namespace)::run((anonymous namespace)::Fixture, bool, bool, unsigned int) [0x8943] in gpu_resident_hierarchy_test
=========         Host Frame: main [0x30bd] in gpu_resident_hierarchy_test
========= 
========= Barrier error detected. Divergent thread(s) in warp.
=========     at Nv::Blast::StressHierarchy::publishLeaders(const Nv::Blast::StressHierarchy::Input *, Nv::Blast::StressHierarchy::Buffers, Nv::Blast::StressHierarchy::Status *)+0x1a0 in StressHierarchyKernels.cuh:122
=========     by thread (75,0,0) in block (0,0,0)
=========     Saved host backtrace up to driver entry point at kernel launch time
=========         Host Frame: cuGraphLaunch [0x369c99] in libcuda.so.1
=========         Host Frame:  [0x2094a] in libcudart.so.12
=========         Host Frame: cudaGraphLaunch [0x7bf95] in libcudart.so.12
=========         Host Frame: Nv::Blast::StressHierarchy::Graph::enqueue(Nv::Blast::StressHierarchy::Input) [0xc553] in gpu_resident_hierarchy_test
=========         Host Frame: (anonymous namespace)::run((anonymous namespace)::Fixture, bool, bool, unsigned int) [0x8943] in gpu_resident_hierarchy_test
=========         Host Frame: main [0x30bd] in gpu_resident_hierarchy_test
========= 
========= Barrier error detected. Divergent thread(s) in warp.
=========     at Nv::Blast::StressHierarchy::publishLeaders(const Nv::Blast::StressHierarchy::Input *, Nv::Blast::StressHierarchy::Buffers, Nv::Blast::StressHierarchy::Status *)+0x1a0 in StressHierarchyKernels.cuh:122
=========     by thread (76,0,0) in block (0,0,0)
=========     Saved host backtrace up to driver entry point at kernel launch time
=========         Host Frame: cuGraphLaunch [0x369c99] in libcuda.so.1
=========         Host Frame:  [0x2094a] in libcudart.so.12
=========         Host Frame: cudaGraphLaunch [0x7bf95] in libcudart.so.12
=========         Host Frame: Nv::Blast::StressHierarchy::Graph::enqueue(Nv::Blast::StressHierarchy::Input) [0xc553] in gpu_resident_hierarchy_test
=========         Host Frame: (anonymous namespace)::run((anonymous namespace)::Fixture, bool, bool, unsigned int) [0x8943] in gpu_resident_hierarchy_test
=========         Host Frame: main [0x30bd] in gpu_resident_hierarchy_test
========= 
========= Barrier error detected. Divergent thread(s) in warp.
=========     at Nv::Blast::StressHierarchy::publishLeaders(const Nv::Blast::StressHierarchy::Input *, Nv::Blast::StressHierarchy::Buffers, Nv::Blast::StressHierarchy::Status *)+0x1a0 in StressHierarchyKernels.cuh:122
=========     by thread (77,0,0) in block (0,0,0)
=========     Saved host backtrace up to driver entry point at kernel launch time
=========         Host Frame: cuGraphLaunch [0x369c99] in libcuda.so.1
=========         Host Frame:  [0x2094a] in libcudart.so.12
=========         Host Frame: cudaGraphLaunch [0x7bf95] in libcudart.so.12
=========         Host Frame: Nv::Blast::StressHierarchy::Graph::enqueue(Nv::Blast::StressHierarchy::Input) [0xc553] in gpu_resident_hierarchy_test
=========         Host Frame: (anonymous namespace)::run((anonymous namespace)::Fixture, bool, bool, unsigned int) [0x8943] in gpu_resident_hierarchy_test
=========         Host Frame: main [0x30bd] in gpu_resident_hierarchy_test
========= 
========= Barrier error detected. Divergent thread(s) in warp.
=========     at Nv::Blast::StressHierarchy::publishLeaders(const Nv::Blast::StressHierarchy::Input *, Nv::Blast::StressHierarchy::Buffers, Nv::Blast::StressHierarchy::Status *)+0x1a0 in StressHierarchyKernels.cuh:122
=========     by thread (78,0,0) in block (0,0,0)
=========     Saved host backtrace up to driver entry point at kernel launch time
=========         Host Frame: cuGraphLaunch [0x369c99] in libcuda.so.1
=========         Host Frame:  [0x2094a] in libcudart.so.12
=========         Host Frame: cudaGraphLaunch [0x7bf95] in libcudart.so.12
=========         Host Frame: Nv::Blast::StressHierarchy::Graph::enqueue(Nv::Blast::StressHierarchy::Input) [0xc553] in gpu_resident_hierarchy_test
=========         Host Frame: (anonymous namespace)::run((anonymous namespace)::Fixture, bool, bool, unsigned int) [0x8943] in gpu_resident_hierarchy_test
=========         Host Frame: main [0x30bd] in gpu_resident_hierarchy_test
========= 
========= Barrier error detected. Divergent thread(s) in warp.
=========     at Nv::Blast::StressHierarchy::publishLeaders(const Nv::Blast::StressHierarchy::Input *, Nv::Blast::StressHierarchy::Buffers, Nv::Blast::StressHierarchy::Status *)+0x1a0 in StressHierarchyKernels.cuh:122
=========     by thread (79,0,0) in block (0,0,0)
=========     Saved host backtrace up to driver entry point at kernel launch time
=========         Host Frame: cuGraphLaunch [0x369c99] in libcuda.so.1
=========         Host Frame:  [0x2094a] in libcudart.so.12
=========         Host Frame: cudaGraphLaunch [0x7bf95] in libcudart.so.12
=========         Host Frame: Nv::Blast::StressHierarchy::Graph::enqueue(Nv::Blast::StressHierarchy::Input) [0xc553] in gpu_resident_hierarchy_test
=========         Host Frame: (anonymous namespace)::run((anonymous namespace)::Fixture, bool, bool, unsigned int) [0x8943] in gpu_resident_hierarchy_test
=========         Host Frame: main [0x30bd] in gpu_resident_hierarchy_test
========= 
========= Barrier error detected. Divergent thread(s) in warp.
=========     at Nv::Blast::StressHierarchy::publishLeaders(const Nv::Blast::StressHierarchy::Input *, Nv::Blast::StressHierarchy::Buffers, Nv::Blast::StressHierarchy::Status *)+0x1a0 in StressHierarchyKernels.cuh:122
=========     by thread (80,0,0) in block (0,0,0)
=========     Saved host backtrace up to driver entry point at kernel launch time
=========         Host Frame: cuGraphLaunch [0x369c99] in libcuda.so.1
=========         Host Frame:  [0x2094a] in libcudart.so.12
=========         Host Frame: cudaGraphLaunch [0x7bf95] in libcudart.so.12
=========         Host Frame: Nv::Blast::StressHierarchy::Graph::enqueue(Nv::Blast::StressHierarchy::Input) [0xc553] in gpu_resident_hierarchy_test
=========         Host Frame: (anonymous namespace)::run((anonymous namespace)::Fixture, bool, bool, unsigned int) [0x8943] in gpu_resident_hierarchy_test
=========         Host Frame: main [0x30bd] in gpu_resident_hierarchy_test
========= 
========= Barrier error detected. Divergent thread(s) in warp.
=========     at Nv::Blast::StressHierarchy::publishLeaders(const Nv::Blast::StressHierarchy::Input *, Nv::Blast::StressHierarchy::Buffers, Nv::Blast::StressHierarchy::Status *)+0x1a0 in StressHierarchyKernels.cuh:122
=========     by thread (81,0,0) in block (0,0,0)
=========     Saved host backtrace up to driver entry point at kernel launch time
=========         Host Frame: cuGraphLaunch [0x369c99] in libcuda.so.1
=========         Host Frame:  [0x2094a] in libcudart.so.12
=========         Host Frame: cudaGraphLaunch [0x7bf95] in libcudart.so.12
=========         Host Frame: Nv::Blast::StressHierarchy::Graph::enqueue(Nv::Blast::StressHierarchy::Input) [0xc553] in gpu_resident_hierarchy_test
=========         Host Frame: (anonymous namespace)::run((anonymous namespace)::Fixture, bool, bool, unsigned int) [0x8943] in gpu_resident_hierarchy_test
=========         Host Frame: main [0x30bd] in gpu_resident_hierarchy_test
========= 
========= Barrier error detected. Divergent thread(s) in warp.
=========     at Nv::Blast::StressHierarchy::publishLeaders(const Nv::Blast::StressHierarchy::Input *, Nv::Blast::StressHierarchy::Buffers, Nv::Blast::StressHierarchy::Status *)+0x1a0 in StressHierarchyKernels.cuh:122
=========     by thread (82,0,0) in block (0,0,0)
=========     Saved host backtrace up to driver entry point at kernel launch time
=========         Host Frame: cuGraphLaunch [0x369c99] in libcuda.so.1
=========         Host Frame:  [0x2094a] in libcudart.so.12
=========         Host Frame: cudaGraphLaunch [0x7bf95] in libcudart.so.12
=========         Host Frame: Nv::Blast::StressHierarchy::Graph::enqueue(Nv::Blast::StressHierarchy::Input) [0xc553] in gpu_resident_hierarchy_test
=========         Host Frame: (anonymous namespace)::run((anonymous namespace)::Fixture, bool, bool, unsigned int) [0x8943] in gpu_resident_hierarchy_test
=========         Host Frame: main [0x30bd] in gpu_resident_hierarchy_test
========= 
========= Barrier error detected. Divergent thread(s) in warp.
=========     at Nv::Blast::StressHierarchy::publishLeaders(const Nv::Blast::StressHierarchy::Input *, Nv::Blast::StressHierarchy::Buffers, Nv::Blast::StressHierarchy::Status *)+0x1a0 in StressHierarchyKernels.cuh:122
=========     by thread (83,0,0) in block (0,0,0)
=========     Saved host backtrace up to driver entry point at kernel launch time
=========         Host Frame: cuGraphLaunch [0x369c99] in libcuda.so.1
=========         Host Frame:  [0x2094a] in libcudart.so.12
=========         Host Frame: cudaGraphLaunch [0x7bf95] in libcudart.so.12
=========         Host Frame: Nv::Blast::StressHierarchy::Graph::enqueue(Nv::Blast::StressHierarchy::Input) [0xc553] in gpu_resident_hierarchy_test
=========         Host Frame: (anonymous namespace)::run((anonymous namespace)::Fixture, bool, bool, unsigned int) [0x8943] in gpu_resident_hierarchy_test
=========         Host Frame: main [0x30bd] in gpu_resident_hierarchy_test
========= 
========= Barrier error detected. Divergent thread(s) in warp.
=========     at Nv::Blast::StressHierarchy::publishLeaders(const Nv::Blast::StressHierarchy::Input *, Nv::Blast::StressHierarchy::Buffers, Nv::Blast::StressHierarchy::Status *)+0x1a0 in StressHierarchyKernels.cuh:122
=========     by thread (84,0,0) in block (0,0,0)
=========     Saved host backtrace up to driver entry point at kernel launch time
=========         Host Frame: cuGraphLaunch [0x369c99] in libcuda.so.1
=========         Host Frame:  [0x2094a] in libcudart.so.12
=========         Host Frame: cudaGraphLaunch [0x7bf95] in libcudart.so.12
=========         Host Frame: Nv::Blast::StressHierarchy::Graph::enqueue(Nv::Blast::StressHierarchy::Input) [0xc553] in gpu_resident_hierarchy_test
=========         Host Frame: (anonymous namespace)::run((anonymous namespace)::Fixture, bool, bool, unsigned int) [0x8943] in gpu_resident_hierarchy_test
=========         Host Frame: main [0x30bd] in gpu_resident_hierarchy_test
========= 
========= Barrier error detected. Divergent thread(s) in warp.
=========     at Nv::Blast::StressHierarchy::publishLeaders(const Nv::Blast::StressHierarchy::Input *, Nv::Blast::StressHierarchy::Buffers, Nv::Blast::StressHierarchy::Status *)+0x1a0 in StressHierarchyKernels.cuh:122
=========     by thread (85,0,0) in block (0,0,0)
=========     Saved host backtrace up to driver entry point at kernel launch time
=========         Host Frame: cuGraphLaunch [0x369c99] in libcuda.so.1
=========         Host Frame:  [0x2094a] in libcudart.so.12
=========         Host Frame: cudaGraphLaunch [0x7bf95] in libcudart.so.12
=========         Host Frame: Nv::Blast::StressHierarchy::Graph::enqueue(Nv::Blast::StressHierarchy::Input) [0xc553] in gpu_resident_hierarchy_test
=========         Host Frame: (anonymous namespace)::run((anonymous namespace)::Fixture, bool, bool, unsigned int) [0x8943] in gpu_resident_hierarchy_test
=========         Host Frame: main [0x30bd] in gpu_resident_hierarchy_test
========= 
========= Barrier error detected. Divergent thread(s) in warp.
=========     at Nv::Blast::StressHierarchy::publishLeaders(const Nv::Blast::StressHierarchy::Input *, Nv::Blast::StressHierarchy::Buffers, Nv::Blast::StressHierarchy::Status *)+0x1a0 in StressHierarchyKernels.cuh:122
=========     by thread (86,0,0) in block (0,0,0)
=========     Saved host backtrace up to driver entry point at kernel launch time
=========         Host Frame: cuGraphLaunch [0x369c99] in libcuda.so.1
=========         Host Frame:  [0x2094a] in libcudart.so.12
=========         Host Frame: cudaGraphLaunch [0x7bf95] in libcudart.so.12
=========         Host Frame: Nv::Blast::StressHierarchy::Graph::enqueue(Nv::Blast::StressHierarchy::Input) [0xc553] in gpu_resident_hierarchy_test
=========         Host Frame: (anonymous namespace)::run((anonymous namespace)::Fixture, bool, bool, unsigned int) [0x8943] in gpu_resident_hierarchy_test
=========         Host Frame: main [0x30bd] in gpu_resident_hierarchy_test
========= 
========= Barrier error detected. Divergent thread(s) in warp.
=========     at Nv::Blast::StressHierarchy::publishLeaders(const Nv::Blast::StressHierarchy::Input *, Nv::Blast::StressHierarchy::Buffers, Nv::Blast::StressHierarchy::Status *)+0x1a0 in StressHierarchyKernels.cuh:122
=========     by thread (87,0,0) in block (0,0,0)
=========     Saved host backtrace up to driver entry point at kernel launch time
=========         Host Frame: cuGraphLaunch [0x369c99] in libcuda.so.1
=========         Host Frame:  [0x2094a] in libcudart.so.12
=========         Host Frame: cudaGraphLaunch [0x7bf95] in libcudart.so.12
=========         Host Frame: Nv::Blast::StressHierarchy::Graph::enqueue(Nv::Blast::StressHierarchy::Input) [0xc553] in gpu_resident_hierarchy_test
=========         Host Frame: (anonymous namespace)::run((anonymous namespace)::Fixture, bool, bool, unsigned int) [0x8943] in gpu_resident_hierarchy_test
=========         Host Frame: main [0x30bd] in gpu_resident_hierarchy_test
========= 
========= Barrier error detected. Divergent thread(s) in warp.
=========     at Nv::Blast::StressHierarchy::publishLeaders(const Nv::Blast::StressHierarchy::Input *, Nv::Blast::StressHierarchy::Buffers, Nv::Blast::StressHierarchy::Status *)+0x1a0 in StressHierarchyKernels.cuh:122
=========     by thread (88,0,0) in block (0,0,0)
=========     Saved host backtrace up to driver entry point at kernel launch time
=========         Host Frame: cuGraphLaunch [0x369c99] in libcuda.so.1
=========         Host Frame:  [0x2094a] in libcudart.so.12
=========         Host Frame: cudaGraphLaunch [0x7bf95] in libcudart.so.12
=========         Host Frame: Nv::Blast::StressHierarchy::Graph::enqueue(Nv::Blast::StressHierarchy::Input) [0xc553] in gpu_resident_hierarchy_test
=========         Host Frame: (anonymous namespace)::run((anonymous namespace)::Fixture, bool, bool, unsigned int) [0x8943] in gpu_resident_hierarchy_test
=========         Host Frame: main [0x30bd] in gpu_resident_hierarchy_test
========= 
========= Barrier error detected. Divergent thread(s) in warp.
=========     at Nv::Blast::StressHierarchy::publishLeaders(const Nv::Blast::StressHierarchy::Input *, Nv::Blast::StressHierarchy::Buffers, Nv::Blast::StressHierarchy::Status *)+0x1a0 in StressHierarchyKernels.cuh:122
=========     by thread (89,0,0) in block (0,0,0)
=========     Saved host backtrace up to driver entry point at kernel launch time
=========         Host Frame: cuGraphLaunch [0x369c99] in libcuda.so.1
=========         Host Frame:  [0x2094a] in libcudart.so.12
=========         Host Frame: cudaGraphLaunch [0x7bf95] in libcudart.so.12
=========         Host Frame: Nv::Blast::StressHierarchy::Graph::enqueue(Nv::Blast::StressHierarchy::Input) [0xc553] in gpu_resident_hierarchy_test
=========         Host Frame: (anonymous namespace)::run((anonymous namespace)::Fixture, bool, bool, unsigned int) [0x8943] in gpu_resident_hierarchy_test
=========         Host Frame: main [0x30bd] in gpu_resident_hierarchy_test
========= 
========= Barrier error detected. Divergent thread(s) in warp.
=========     at Nv::Blast::StressHierarchy::publishLeaders(const Nv::Blast::StressHierarchy::Input *, Nv::Blast::StressHierarchy::Buffers, Nv::Blast::StressHierarchy::Status *)+0x1a0 in StressHierarchyKernels.cuh:122
=========     by thread (90,0,0) in block (0,0,0)
=========     Saved host backtrace up to driver entry point at kernel launch time
=========         Host Frame: cuGraphLaunch [0x369c99] in libcuda.so.1
=========         Host Frame:  [0x2094a] in libcudart.so.12
=========         Host Frame: cudaGraphLaunch [0x7bf95] in libcudart.so.12
=========         Host Frame: Nv::Blast::StressHierarchy::Graph::enqueue(Nv::Blast::StressHierarchy::Input) [0xc553] in gpu_resident_hierarchy_test
=========         Host Frame: (anonymous namespace)::run((anonymous namespace)::Fixture, bool, bool, unsigned int) [0x8943] in gpu_resident_hierarchy_test
=========         Host Frame: main [0x30bd] in gpu_resident_hierarchy_test
========= 
========= Barrier error detected. Divergent thread(s) in warp.
=========     at Nv::Blast::StressHierarchy::publishLeaders(const Nv::Blast::StressHierarchy::Input *, Nv::Blast::StressHierarchy::Buffers, Nv::Blast::StressHierarchy::Status *)+0x1a0 in StressHierarchyKernels.cuh:122
=========     by thread (91,0,0) in block (0,0,0)
=========     Saved host backtrace up to driver entry point at kernel launch time
=========         Host Frame: cuGraphLaunch [0x369c99] in libcuda.so.1
=========         Host Frame:  [0x2094a] in libcudart.so.12
=========         Host Frame: cudaGraphLaunch [0x7bf95] in libcudart.so.12
=========         Host Frame: Nv::Blast::StressHierarchy::Graph::enqueue(Nv::Blast::StressHierarchy::Input) [0xc553] in gpu_resident_hierarchy_test
=========         Host Frame: (anonymous namespace)::run((anonymous namespace)::Fixture, bool, bool, unsigned int) [0x8943] in gpu_resident_hierarchy_test
=========         Host Frame: main [0x30bd] in gpu_resident_hierarchy_test
========= 
========= Barrier error detected. Divergent thread(s) in warp.
=========     at Nv::Blast::StressHierarchy::publishLeaders(const Nv::Blast::StressHierarchy::Input *, Nv::Blast::StressHierarchy::Buffers, Nv::Blast::StressHierarchy::Status *)+0x1a0 in StressHierarchyKernels.cuh:122
=========     by thread (92,0,0) in block (0,0,0)
=========     Saved host backtrace up to driver entry point at kernel launch time
=========         Host Frame: cuGraphLaunch [0x369c99] in libcuda.so.1
=========         Host Frame:  [0x2094a] in libcudart.so.12
=========         Host Frame: cudaGraphLaunch [0x7bf95] in libcudart.so.12
=========         Host Frame: Nv::Blast::StressHierarchy::Graph::enqueue(Nv::Blast::StressHierarchy::Input) [0xc553] in gpu_resident_hierarchy_test
=========         Host Frame: (anonymous namespace)::run((anonymous namespace)::Fixture, bool, bool, unsigned int) [0x8943] in gpu_resident_hierarchy_test
=========         Host Frame: main [0x30bd] in gpu_resident_hierarchy_test
========= 
========= Barrier error detected. Divergent thread(s) in warp.
=========     at Nv::Blast::StressHierarchy::publishLeaders(const Nv::Blast::StressHierarchy::Input *, Nv::Blast::StressHierarchy::Buffers, Nv::Blast::StressHierarchy::Status *)+0x1a0 in StressHierarchyKernels.cuh:122
=========     by thread (93,0,0) in block (0,0,0)
=========     Saved host backtrace up to driver entry point at kernel launch time
=========         Host Frame: cuGraphLaunch [0x369c99] in libcuda.so.1
=========         Host Frame:  [0x2094a] in libcudart.so.12
=========         Host Frame: cudaGraphLaunch [0x7bf95] in libcudart.so.12
=========         Host Frame: Nv::Blast::StressHierarchy::Graph::enqueue(Nv::Blast::StressHierarchy::Input) [0xc553] in gpu_resident_hierarchy_test
=========         Host Frame: (anonymous namespace)::run((anonymous namespace)::Fixture, bool, bool, unsigned int) [0x8943] in gpu_resident_hierarchy_test
=========         Host Frame: main [0x30bd] in gpu_resident_hierarchy_test
========= 
========= Barrier error detected. Divergent thread(s) in warp.
=========     at Nv::Blast::StressHierarchy::publishLeaders(const Nv::Blast::StressHierarchy::Input *, Nv::Blast::StressHierarchy::Buffers, Nv::Blast::StressHierarchy::Status *)+0x1a0 in StressHierarchyKernels.cuh:122
=========     by thread (94,0,0) in block (0,0,0)
=========     Saved host backtrace up to driver entry point at kernel launch time
=========         Host Frame: cuGraphLaunch [0x369c99] in libcuda.so.1
=========         Host Frame:  [0x2094a] in libcudart.so.12
=========         Host Frame: cudaGraphLaunch [0x7bf95] in libcudart.so.12
=========         Host Frame: Nv::Blast::StressHierarchy::Graph::enqueue(Nv::Blast::StressHierarchy::Input) [0xc553] in gpu_resident_hierarchy_test
=========         Host Frame: (anonymous namespace)::run((anonymous namespace)::Fixture, bool, bool, unsigned int) [0x8943] in gpu_resident_hierarchy_test
=========         Host Frame: main [0x30bd] in gpu_resident_hierarchy_test
========= 
========= Barrier error detected. Divergent thread(s) in warp.
=========     at Nv::Blast::StressHierarchy::publishLeaders(const Nv::Blast::StressHierarchy::Input *, Nv::Blast::StressHierarchy::Buffers, Nv::Blast::StressHierarchy::Status *)+0x1a0 in StressHierarchyKernels.cuh:122
=========     by thread (95,0,0) in block (0,0,0)
=========     Saved host backtrace up to driver entry point at kernel launch time
=========         Host Frame: cuGraphLaunch [0x369c99] in libcuda.so.1
=========         Host Frame:  [0x2094a] in libcudart.so.12
=========         Host Frame: cudaGraphLaunch [0x7bf95] in libcudart.so.12
=========         Host Frame: Nv::Blast::StressHierarchy::Graph::enqueue(Nv::Blast::StressHierarchy::Input) [0xc553] in gpu_resident_hierarchy_test
=========         Host Frame: (anonymous namespace)::run((anonymous namespace)::Fixture, bool, bool, unsigned int) [0x8943] in gpu_resident_hierarchy_test
=========         Host Frame: main [0x30bd] in gpu_resident_hierarchy_test
========= 
========= Barrier error detected. Divergent thread(s) in warp.
=========     at Nv::Blast::StressHierarchy::publishLeaders(const Nv::Blast::StressHierarchy::Input *, Nv::Blast::StressHierarchy::Buffers, Nv::Blast::StressHierarchy::Status *)+0x1a0 in StressHierarchyKernels.cuh:122
=========     by thread (96,0,0) in block (0,0,0)
=========     Saved host backtrace up to driver entry point at kernel launch time
=========         Host Frame: cuGraphLaunch [0x369c99] in libcuda.so.1
=========         Host Frame:  [0x2094a] in libcudart.so.12
=========         Host Frame: cudaGraphLaunch [0x7bf95] in libcudart.so.12
=========         Host Frame: Nv::Blast::StressHierarchy::Graph::enqueue(Nv::Blast::StressHierarchy::Input) [0xc553] in gpu_resident_hierarchy_test
=========         Host Frame: (anonymous namespace)::run((anonymous namespace)::Fixture, bool, bool, unsigned int) [0x8943] in gpu_resident_hierarchy_test
=========         Host Frame: main [0x30bd] in gpu_resident_hierarchy_test
========= 
========= Barrier error detected. Divergent thread(s) in warp.
=========     at Nv::Blast::StressHierarchy::publishLeaders(const Nv::Blast::StressHierarchy::Input *, Nv::Blast::StressHierarchy::Buffers, Nv::Blast::StressHierarchy::Status *)+0x1a0 in StressHierarchyKernels.cuh:122
=========     by thread (97,0,0) in block (0,0,0)
=========     Saved host backtrace up to driver entry point at kernel launch time
=========         Host Frame: cuGraphLaunch [0x369c99] in libcuda.so.1
=========         Host Frame:  [0x2094a] in libcudart.so.12
=========         Host Frame: cudaGraphLaunch [0x7bf95] in libcudart.so.12
=========         Host Frame: Nv::Blast::StressHierarchy::Graph::enqueue(Nv::Blast::StressHierarchy::Input) [0xc553] in gpu_resident_hierarchy_test
=========         Host Frame: (anonymous namespace)::run((anonymous namespace)::Fixture, bool, bool, unsigned int) [0x8943] in gpu_resident_hierarchy_test
=========         Host Frame: main [0x30bd] in gpu_resident_hierarchy_test
========= 
========= Barrier error detected. Divergent thread(s) in warp.
=========     at Nv::Blast::StressHierarchy::publishLeaders(const Nv::Blast::StressHierarchy::Input *, Nv::Blast::StressHierarchy::Buffers, Nv::Blast::StressHierarchy::Status *)+0x1a0 in StressHierarchyKernels.cuh:122
=========     by thread (98,0,0) in block (0,0,0)
=========     Saved host backtrace up to driver entry point at kernel launch time
=========         Host Frame: cuGraphLaunch [0x369c99] in libcuda.so.1
=========         Host Frame:  [0x2094a] in libcudart.so.12
=========         Host Frame: cudaGraphLaunch [0x7bf95] in libcudart.so.12
=========         Host Frame: Nv::Blast::StressHierarchy::Graph::enqueue(Nv::Blast::StressHierarchy::Input) [0xc553] in gpu_resident_hierarchy_test
=========         Host Frame: (anonymous namespace)::run((anonymous namespace)::Fixture, bool, bool, unsigned int) [0x8943] in gpu_resident_hierarchy_test
=========         Host Frame: main [0x30bd] in gpu_resident_hierarchy_test
========= 
========= Barrier error detected. Divergent thread(s) in warp.
=========     at Nv::Blast::StressHierarchy::publishLeaders(const Nv::Blast::StressHierarchy::Input *, Nv::Blast::StressHierarchy::Buffers, Nv::Blast::StressHierarchy::Status *)+0x1a0 in StressHierarchyKernels.cuh:122
=========     by thread (99,0,0) in block (0,0,0)
=========     Saved host backtrace up to driver entry point at kernel launch time
=========         Host Frame: cuGraphLaunch [0x369c99] in libcuda.so.1
=========         Host Frame:  [0x2094a] in libcudart.so.12
=========         Host Frame: cudaGraphLaunch [0x7bf95] in libcudart.so.12
=========         Host Frame: Nv::Blast::StressHierarchy::Graph::enqueue(Nv::Blast::StressHierarchy::Input) [0xc553] in gpu_resident_hierarchy_test
=========         Host Frame: (anonymous namespace)::run((anonymous namespace)::Fixture, bool, bool, unsigned int) [0x8943] in gpu_resident_hierarchy_test
=========         Host Frame: main [0x30bd] in gpu_resident_hierarchy_test
========= 
========= Barrier error detected. Divergent thread(s) in warp.
=========     at Nv::Blast::StressHierarchy::publishLeaders(const Nv::Blast::StressHierarchy::Input *, Nv::Blast::StressHierarchy::Buffers, Nv::Blast::StressHierarchy::Status *)+0x1a0 in StressHierarchyKernels.cuh:122
=========     by thread (100,0,0) in block (0,0,0)
=========     Saved host backtrace up to driver entry point at kernel launch time
=========         Host Frame: cuGraphLaunch [0x369c99] in libcuda.so.1
=========         Host Frame:  [0x2094a] in libcudart.so.12
=========         Host Frame: cudaGraphLaunch [0x7bf95] in libcudart.so.12
=========         Host Frame: Nv::Blast::StressHierarchy::Graph::enqueue(Nv::Blast::StressHierarchy::Input) [0xc553] in gpu_resident_hierarchy_test
=========         Host Frame: (anonymous namespace)::run((anonymous namespace)::Fixture, bool, bool, unsigned int) [0x8943] in gpu_resident_hierarchy_test
=========         Host Frame: main [0x30bd] in gpu_resident_hierarchy_test
========= 
========= Barrier error detected. Divergent thread(s) in warp.
=========     at Nv::Blast::StressHierarchy::publishLeaders(const Nv::Blast::StressHierarchy::Input *, Nv::Blast::StressHierarchy::Buffers, Nv::Blast::StressHierarchy::Status *)+0x1a0 in StressHierarchyKernels.cuh:122
=========     by thread (101,0,0) in block (0,0,0)
=========     Saved host backtrace up to driver entry point at kernel launch time
=========         Host Frame: cuGraphLaunch [0x369c99] in libcuda.so.1
=========         Host Frame:  [0x2094a] in libcudart.so.12
=========         Host Frame: cudaGraphLaunch [0x7bf95] in libcudart.so.12
=========         Host Frame: Nv::Blast::StressHierarchy::Graph::enqueue(Nv::Blast::StressHierarchy::Input) [0xc553] in gpu_resident_hierarchy_test
=========         Host Frame: (anonymous namespace)::run((anonymous namespace)::Fixture, bool, bool, unsigned int) [0x8943] in gpu_resident_hierarchy_test
=========         Host Frame: main [0x30bd] in gpu_resident_hierarchy_test
========= 
========= Barrier error detected. Divergent thread(s) in warp.
=========     at Nv::Blast::StressHierarchy::publishLeaders(const Nv::Blast::StressHierarchy::Input *, Nv::Blast::StressHierarchy::Buffers, Nv::Blast::StressHierarchy::Status *)+0x1a0 in StressHierarchyKernels.cuh:122
=========     by thread (102,0,0) in block (0,0,0)
=========     Saved host backtrace up to driver entry point at kernel launch time
=========         Host Frame: cuGraphLaunch [0x369c99] in libcuda.so.1
=========         Host Frame:  [0x2094a] in libcudart.so.12
=========         Host Frame: cudaGraphLaunch [0x7bf95] in libcudart.so.12
=========         Host Frame: Nv::Blast::StressHierarchy::Graph::enqueue(Nv::Blast::StressHierarchy::Input) [0xc553] in gpu_resident_hierarchy_test
=========         Host Frame: (anonymous namespace)::run((anonymous namespace)::Fixture, bool, bool, unsigned int) [0x8943] in gpu_resident_hierarchy_test
=========         Host Frame: main [0x30bd] in gpu_resident_hierarchy_test
========= 
========= Barrier error detected. Divergent thread(s) in warp.
=========     at Nv::Blast::StressHierarchy::publishLeaders(const Nv::Blast::StressHierarchy::Input *, Nv::Blast::StressHierarchy::Buffers, Nv::Blast::StressHierarchy::Status *)+0x1a0 in StressHierarchyKernels.cuh:122
=========     by thread (103,0,0) in block (0,0,0)
=========     Saved host backtrace up to driver entry point at kernel launch time
=========         Host Frame: cuGraphLaunch [0x369c99] in libcuda.so.1
=========         Host Frame:  [0x2094a] in libcudart.so.12
=========         Host Frame: cudaGraphLaunch [0x7bf95] in libcudart.so.12
=========         Host Frame: Nv::Blast::StressHierarchy::Graph::enqueue(Nv::Blast::StressHierarchy::Input) [0xc553] in gpu_resident_hierarchy_test
=========         Host Frame: (anonymous namespace)::run((anonymous namespace)::Fixture, bool, bool, unsigned int) [0x8943] in gpu_resident_hierarchy_test
=========         Host Frame: main [0x30bd] in gpu_resident_hierarchy_test
========= 
========= Barrier error detected. Divergent thread(s) in warp.
=========     at Nv::Blast::StressHierarchy::publishLeaders(const Nv::Blast::StressHierarchy::Input *, Nv::Blast::StressHierarchy::Buffers, Nv::Blast::StressHierarchy::Status *)+0x1a0 in StressHierarchyKernels.cuh:122
=========     by thread (104,0,0) in block (0,0,0)
=========     Saved host backtrace up to driver entry point at kernel launch time
=========         Host Frame: cuGraphLaunch [0x369c99] in libcuda.so.1
=========         Host Frame:  [0x2094a] in libcudart.so.12
=========         Host Frame: cudaGraphLaunch [0x7bf95] in libcudart.so.12
=========         Host Frame: Nv::Blast::StressHierarchy::Graph::enqueue(Nv::Blast::StressHierarchy::Input) [0xc553] in gpu_resident_hierarchy_test
=========         Host Frame: (anonymous namespace)::run((anonymous namespace)::Fixture, bool, bool, unsigned int) [0x8943] in gpu_resident_hierarchy_test
=========         Host Frame: main [0x30bd] in gpu_resident_hierarchy_test
========= 
========= Barrier error detected. Divergent thread(s) in warp.
=========     at Nv::Blast::StressHierarchy::publishLeaders(const Nv::Blast::StressHierarchy::Input *, Nv::Blast::StressHierarchy::Buffers, Nv::Blast::StressHierarchy::Status *)+0x1a0 in StressHierarchyKernels.cuh:122
=========     by thread (105,0,0) in block (0,0,0)
=========     Saved host backtrace up to driver entry point at kernel launch time
=========         Host Frame: cuGraphLaunch [0x369c99] in libcuda.so.1
=========         Host Frame:  [0x2094a] in libcudart.so.12
=========         Host Frame: cudaGraphLaunch [0x7bf95] in libcudart.so.12
=========         Host Frame: Nv::Blast::StressHierarchy::Graph::enqueue(Nv::Blast::StressHierarchy::Input) [0xc553] in gpu_resident_hierarchy_test
=========         Host Frame: (anonymous namespace)::run((anonymous namespace)::Fixture, bool, bool, unsigned int) [0x8943] in gpu_resident_hierarchy_test
=========         Host Frame: main [0x30bd] in gpu_resident_hierarchy_test
========= 
========= Barrier error detected. Divergent thread(s) in warp.
=========     at Nv::Blast::StressHierarchy::publishLeaders(const Nv::Blast::StressHierarchy::Input *, Nv::Blast::StressHierarchy::Buffers, Nv::Blast::StressHierarchy::Status *)+0x1a0 in StressHierarchyKernels.cuh:122
=========     by thread (106,0,0) in block (0,0,0)
=========     Saved host backtrace up to driver entry point at kernel launch time
=========         Host Frame: cuGraphLaunch [0x369c99] in libcuda.so.1
=========         Host Frame:  [0x2094a] in libcudart.so.12
=========         Host Frame: cudaGraphLaunch [0x7bf95] in libcudart.so.12
=========         Host Frame: Nv::Blast::StressHierarchy::Graph::enqueue(Nv::Blast::StressHierarchy::Input) [0xc553] in gpu_resident_hierarchy_test
=========         Host Frame: (anonymous namespace)::run((anonymous namespace)::Fixture, bool, bool, unsigned int) [0x8943] in gpu_resident_hierarchy_test
=========         Host Frame: main [0x30bd] in gpu_resident_hierarchy_test
========= 
========= Barrier error detected. Divergent thread(s) in warp.
=========     at Nv::Blast::StressHierarchy::publishLeaders(const Nv::Blast::StressHierarchy::Input *, Nv::Blast::StressHierarchy::Buffers, Nv::Blast::StressHierarchy::Status *)+0x1a0 in StressHierarchyKernels.cuh:122
=========     by thread (107,0,0) in block (0,0,0)
=========     Saved host backtrace up to driver entry point at kernel launch time
=========         Host Frame: cuGraphLaunch [0x369c99] in libcuda.so.1
=========         Host Frame:  [0x2094a] in libcudart.so.12
=========         Host Frame: cudaGraphLaunch [0x7bf95] in libcudart.so.12
=========         Host Frame: Nv::Blast::StressHierarchy::Graph::enqueue(Nv::Blast::StressHierarchy::Input) [0xc553] in gpu_resident_hierarchy_test
=========         Host Frame: (anonymous namespace)::run((anonymous namespace)::Fixture, bool, bool, unsigned int) [0x8943] in gpu_resident_hierarchy_test
=========         Host Frame: main [0x30bd] in gpu_resident_hierarchy_test
========= 
========= Barrier error detected. Divergent thread(s) in warp.
=========     at Nv::Blast::StressHierarchy::publishLeaders(const Nv::Blast::StressHierarchy::Input *, Nv::Blast::StressHierarchy::Buffers, Nv::Blast::StressHierarchy::Status *)+0x1a0 in StressHierarchyKernels.cuh:122
=========     by thread (108,0,0) in block (0,0,0)
=========     Saved host backtrace up to driver entry point at kernel launch time
=========         Host Frame: cuGraphLaunch [0x369c99] in libcuda.so.1
=========         Host Frame:  [0x2094a] in libcudart.so.12
=========         Host Frame: cudaGraphLaunch [0x7bf95] in libcudart.so.12
=========         Host Frame: Nv::Blast::StressHierarchy::Graph::enqueue(Nv::Blast::StressHierarchy::Input) [0xc553] in gpu_resident_hierarchy_test
=========         Host Frame: (anonymous namespace)::run((anonymous namespace)::Fixture, bool, bool, unsigned int) [0x8943] in gpu_resident_hierarchy_test
=========         Host Frame: main [0x30bd] in gpu_resident_hierarchy_test
========= 
========= Barrier error detected. Divergent thread(s) in warp.
=========     at Nv::Blast::StressHierarchy::publishLeaders(const Nv::Blast::StressHierarchy::Input *, Nv::Blast::StressHierarchy::Buffers, Nv::Blast::StressHierarchy::Status *)+0x1a0 in StressHierarchyKernels.cuh:122
=========     by thread (109,0,0) in block (0,0,0)
=========     Saved host backtrace up to driver entry point at kernel launch time
=========         Host Frame: cuGraphLaunch [0x369c99] in libcuda.so.1
=========         Host Frame:  [0x2094a] in libcudart.so.12
=========         Host Frame: cudaGraphLaunch [0x7bf95] in libcudart.so.12
=========         Host Frame: Nv::Blast::StressHierarchy::Graph::enqueue(Nv::Blast::StressHierarchy::Input) [0xc553] in gpu_resident_hierarchy_test
=========         Host Frame: (anonymous namespace)::run((anonymous namespace)::Fixture, bool, bool, unsigned int) [0x8943] in gpu_resident_hierarchy_test
=========         Host Frame: main [0x30bd] in gpu_resident_hierarchy_test
========= 
========= Barrier error detected. Divergent thread(s) in warp.
=========     at Nv::Blast::StressHierarchy::publishLeaders(const Nv::Blast::StressHierarchy::Input *, Nv::Blast::StressHierarchy::Buffers, Nv::Blast::StressHierarchy::Status *)+0x1a0 in StressHierarchyKernels.cuh:122
=========     by thread (110,0,0) in block (0,0,0)
=========     Saved host backtrace up to driver entry point at kernel launch time
=========         Host Frame: cuGraphLaunch [0x369c99] in libcuda.so.1
=========         Host Frame:  [0x2094a] in libcudart.so.12
=========         Host Frame: cudaGraphLaunch [0x7bf95] in libcudart.so.12
=========         Host Frame: Nv::Blast::StressHierarchy::Graph::enqueue(Nv::Blast::StressHierarchy::Input) [0xc553] in gpu_resident_hierarchy_test
=========         Host Frame: (anonymous namespace)::run((anonymous namespace)::Fixture, bool, bool, unsigned int) [0x8943] in gpu_resident_hierarchy_test
=========         Host Frame: main [0x30bd] in gpu_resident_hierarchy_test
========= 
========= Barrier error detected. Divergent thread(s) in warp.
=========     at Nv::Blast::StressHierarchy::publishLeaders(const Nv::Blast::StressHierarchy::Input *, Nv::Blast::StressHierarchy::Buffers, Nv::Blast::StressHierarchy::Status *)+0x1a0 in StressHierarchyKernels.cuh:122
=========     by thread (111,0,0) in block (0,0,0)
=========     Saved host backtrace up to driver entry point at kernel launch time
=========         Host Frame: cuGraphLaunch [0x369c99] in libcuda.so.1
=========         Host Frame:  [0x2094a] in libcudart.so.12
=========         Host Frame: cudaGraphLaunch [0x7bf95] in libcudart.so.12
=========         Host Frame: Nv::Blast::StressHierarchy::Graph::enqueue(Nv::Blast::StressHierarchy::Input) [0xc553] in gpu_resident_hierarchy_test
=========         Host Frame: (anonymous namespace)::run((anonymous namespace)::Fixture, bool, bool, unsigned int) [0x8943] in gpu_resident_hierarchy_test
=========         Host Frame: main [0x30bd] in gpu_resident_hierarchy_test
========= 
========= Barrier error detected. Divergent thread(s) in warp.
=========     at Nv::Blast::StressHierarchy::publishLeaders(const Nv::Blast::StressHierarchy::Input *, Nv::Blast::StressHierarchy::Buffers, Nv::Blast::StressHierarchy::Status *)+0x1a0 in StressHierarchyKernels.cuh:122
=========     by thread (112,0,0) in block (0,0,0)
=========     Saved host backtrace up to driver entry point at kernel launch time
=========         Host Frame: cuGraphLaunch [0x369c99] in libcuda.so.1
=========         Host Frame:  [0x2094a] in libcudart.so.12
=========         Host Frame: cudaGraphLaunch [0x7bf95] in libcudart.so.12
=========         Host Frame: Nv::Blast::StressHierarchy::Graph::enqueue(Nv::Blast::StressHierarchy::Input) [0xc553] in gpu_resident_hierarchy_test
=========         Host Frame: (anonymous namespace)::run((anonymous namespace)::Fixture, bool, bool, unsigned int) [0x8943] in gpu_resident_hierarchy_test
=========         Host Frame: main [0x30bd] in gpu_resident_hierarchy_test
========= 
========= Barrier error detected. Divergent thread(s) in warp.
=========     at Nv::Blast::StressHierarchy::publishLeaders(const Nv::Blast::StressHierarchy::Input *, Nv::Blast::StressHierarchy::Buffers, Nv::Blast::StressHierarchy::Status *)+0x1a0 in StressHierarchyKernels.cuh:122
=========     by thread (113,0,0) in block (0,0,0)
=========     Saved host backtrace up to driver entry point at kernel launch time
=========         Host Frame: cuGraphLaunch [0x369c99] in libcuda.so.1
=========         Host Frame:  [0x2094a] in libcudart.so.12
=========         Host Frame: cudaGraphLaunch [0x7bf95] in libcudart.so.12
=========         Host Frame: Nv::Blast::StressHierarchy::Graph::enqueue(Nv::Blast::StressHierarchy::Input) [0xc553] in gpu_resident_hierarchy_test
=========         Host Frame: (anonymous namespace)::run((anonymous namespace)::Fixture, bool, bool, unsigned int) [0x8943] in gpu_resident_hierarchy_test
=========         Host Frame: main [0x30bd] in gpu_resident_hierarchy_test
========= 
========= Barrier error detected. Divergent thread(s) in warp.
=========     at Nv::Blast::StressHierarchy::publishLeaders(const Nv::Blast::StressHierarchy::Input *, Nv::Blast::StressHierarchy::Buffers, Nv::Blast::StressHierarchy::Status *)+0x1a0 in StressHierarchyKernels.cuh:122
=========     by thread (114,0,0) in block (0,0,0)
=========     Saved host backtrace up to driver entry point at kernel launch time
=========         Host Frame: cuGraphLaunch [0x369c99] in libcuda.so.1
=========         Host Frame:  [0x2094a] in libcudart.so.12
=========         Host Frame: cudaGraphLaunch [0x7bf95] in libcudart.so.12
=========         Host Frame: Nv::Blast::StressHierarchy::Graph::enqueue(Nv::Blast::StressHierarchy::Input) [0xc553] in gpu_resident_hierarchy_test
=========         Host Frame: (anonymous namespace)::run((anonymous namespace)::Fixture, bool, bool, unsigned int) [0x8943] in gpu_resident_hierarchy_test
=========         Host Frame: main [0x30bd] in gpu_resident_hierarchy_test
========= 
========= Barrier error detected. Divergent thread(s) in warp.
=========     at Nv::Blast::StressHierarchy::publishLeaders(const Nv::Blast::StressHierarchy::Input *, Nv::Blast::StressHierarchy::Buffers, Nv::Blast::StressHierarchy::Status *)+0x1a0 in StressHierarchyKernels.cuh:122
=========     by thread (115,0,0) in block (0,0,0)
=========     Saved host backtrace up to driver entry point at kernel launch time
=========         Host Frame: cuGraphLaunch [0x369c99] in libcuda.so.1
=========         Host Frame:  [0x2094a] in libcudart.so.12
=========         Host Frame: cudaGraphLaunch [0x7bf95] in libcudart.so.12
=========         Host Frame: Nv::Blast::StressHierarchy::Graph::enqueue(Nv::Blast::StressHierarchy::Input) [0xc553] in gpu_resident_hierarchy_test
=========         Host Frame: (anonymous namespace)::run((anonymous namespace)::Fixture, bool, bool, unsigned int) [0x8943] in gpu_resident_hierarchy_test
=========         Host Frame: main [0x30bd] in gpu_resident_hierarchy_test
========= 
========= Barrier error detected. Divergent thread(s) in warp.
=========     at Nv::Blast::StressHierarchy::publishLeaders(const Nv::Blast::StressHierarchy::Input *, Nv::Blast::StressHierarchy::Buffers, Nv::Blast::StressHierarchy::Status *)+0x1a0 in StressHierarchyKernels.cuh:122
=========     by thread (116,0,0) in block (0,0,0)
=========     Saved host backtrace up to driver entry point at kernel launch time
=========         Host Frame: cuGraphLaunch [0x369c99] in libcuda.so.1
=========         Host Frame:  [0x2094a] in libcudart.so.12
=========         Host Frame: cudaGraphLaunch [0x7bf95] in libcudart.so.12
=========         Host Frame: Nv::Blast::StressHierarchy::Graph::enqueue(Nv::Blast::StressHierarchy::Input) [0xc553] in gpu_resident_hierarchy_test
=========         Host Frame: (anonymous namespace)::run((anonymous namespace)::Fixture, bool, bool, unsigned int) [0x8943] in gpu_resident_hierarchy_test
=========         Host Frame: main [0x30bd] in gpu_resident_hierarchy_test
========= 
========= Barrier error detected. Divergent thread(s) in warp.
=========     at Nv::Blast::StressHierarchy::publishLeaders(const Nv::Blast::StressHierarchy::Input *, Nv::Blast::StressHierarchy::Buffers, Nv::Blast::StressHierarchy::Status *)+0x1a0 in StressHierarchyKernels.cuh:122
=========     by thread (117,0,0) in block (0,0,0)
=========     Saved host backtrace up to driver entry point at kernel launch time
=========         Host Frame: cuGraphLaunch [0x369c99] in libcuda.so.1
=========         Host Frame:  [0x2094a] in libcudart.so.12
=========         Host Frame: cudaGraphLaunch [0x7bf95] in libcudart.so.12
=========         Host Frame: Nv::Blast::StressHierarchy::Graph::enqueue(Nv::Blast::StressHierarchy::Input) [0xc553] in gpu_resident_hierarchy_test
=========         Host Frame: (anonymous namespace)::run((anonymous namespace)::Fixture, bool, bool, unsigned int) [0x8943] in gpu_resident_hierarchy_test
=========         Host Frame: main [0x30bd] in gpu_resident_hierarchy_test
========= 
========= Barrier error detected. Divergent thread(s) in warp.
=========     at Nv::Blast::StressHierarchy::publishLeaders(const Nv::Blast::StressHierarchy::Input *, Nv::Blast::StressHierarchy::Buffers, Nv::Blast::StressHierarchy::Status *)+0x1a0 in StressHierarchyKernels.cuh:122
=========     by thread (118,0,0) in block (0,0,0)
=========     Saved host backtrace up to driver entry point at kernel launch time
=========         Host Frame: cuGraphLaunch [0x369c99] in libcuda.so.1
=========         Host Frame:  [0x2094a] in libcudart.so.12
=========         Host Frame: cudaGraphLaunch [0x7bf95] in libcudart.so.12
=========         Host Frame: Nv::Blast::StressHierarchy::Graph::enqueue(Nv::Blast::StressHierarchy::Input) [0xc553] in gpu_resident_hierarchy_test
=========         Host Frame: (anonymous namespace)::run((anonymous namespace)::Fixture, bool, bool, unsigned int) [0x8943] in gpu_resident_hierarchy_test
=========         Host Frame: main [0x30bd] in gpu_resident_hierarchy_test
========= 
========= Barrier error detected. Divergent thread(s) in warp.
=========     at Nv::Blast::StressHierarchy::publishLeaders(const Nv::Blast::StressHierarchy::Input *, Nv::Blast::StressHierarchy::Buffers, Nv::Blast::StressHierarchy::Status *)+0x1a0 in StressHierarchyKernels.cuh:122
=========     by thread (119,0,0) in block (0,0,0)
=========     Saved host backtrace up to driver entry point at kernel launch time
=========         Host Frame: cuGraphLaunch [0x369c99] in libcuda.so.1
=========         Host Frame:  [0x2094a] in libcudart.so.12
=========         Host Frame: cudaGraphLaunch [0x7bf95] in libcudart.so.12
=========         Host Frame: Nv::Blast::StressHierarchy::Graph::enqueue(Nv::Blast::StressHierarchy::Input) [0xc553] in gpu_resident_hierarchy_test
=========         Host Frame: (anonymous namespace)::run((anonymous namespace)::Fixture, bool, bool, unsigned int) [0x8943] in gpu_resident_hierarchy_test
=========         Host Frame: main [0x30bd] in gpu_resident_hierarchy_test
========= 
========= Barrier error detected. Divergent thread(s) in warp.
=========     at Nv::Blast::StressHierarchy::publishLeaders(const Nv::Blast::StressHierarchy::Input *, Nv::Blast::StressHierarchy::Buffers, Nv::Blast::StressHierarchy::Status *)+0x1a0 in StressHierarchyKernels.cuh:122
=========     by thread (120,0,0) in block (0,0,0)
=========     Saved host backtrace up to driver entry point at kernel launch time
=========         Host Frame: cuGraphLaunch [0x369c99] in libcuda.so.1
=========         Host Frame:  [0x2094a] in libcudart.so.12
=========         Host Frame: cudaGraphLaunch [0x7bf95] in libcudart.so.12
=========         Host Frame: Nv::Blast::StressHierarchy::Graph::enqueue(Nv::Blast::StressHierarchy::Input) [0xc553] in gpu_resident_hierarchy_test
=========         Host Frame: (anonymous namespace)::run((anonymous namespace)::Fixture, bool, bool, unsigned int) [0x8943] in gpu_resident_hierarchy_test
=========         Host Frame: main [0x30bd] in gpu_resident_hierarchy_test
========= 
========= Barrier error detected. Divergent thread(s) in warp.
=========     at Nv::Blast::StressHierarchy::publishLeaders(const Nv::Blast::StressHierarchy::Input *, Nv::Blast::StressHierarchy::Buffers, Nv::Blast::StressHierarchy::Status *)+0x1a0 in StressHierarchyKernels.cuh:122
=========     by thread (121,0,0) in block (0,0,0)
=========     Saved host backtrace up to driver entry point at kernel launch time
=========         Host Frame: cuGraphLaunch [0x369c99] in libcuda.so.1
=========         Host Frame:  [0x2094a] in libcudart.so.12
=========         Host Frame: cudaGraphLaunch [0x7bf95] in libcudart.so.12
=========         Host Frame: Nv::Blast::StressHierarchy::Graph::enqueue(Nv::Blast::StressHierarchy::Input) [0xc553] in gpu_resident_hierarchy_test
=========         Host Frame: (anonymous namespace)::run((anonymous namespace)::Fixture, bool, bool, unsigned int) [0x8943] in gpu_resident_hierarchy_test
=========         Host Frame: main [0x30bd] in gpu_resident_hierarchy_test
========= 
========= Barrier error detected. Divergent thread(s) in warp.
=========     at Nv::Blast::StressHierarchy::publishLeaders(const Nv::Blast::StressHierarchy::Input *, Nv::Blast::StressHierarchy::Buffers, Nv::Blast::StressHierarchy::Status *)+0x1a0 in StressHierarchyKernels.cuh:122
=========     by thread (122,0,0) in block (0,0,0)
=========     Saved host backtrace up to driver entry point at kernel launch time
=========         Host Frame: cuGraphLaunch [0x369c99] in libcuda.so.1
=========         Host Frame:  [0x2094a] in libcudart.so.12
=========         Host Frame: cudaGraphLaunch [0x7bf95] in libcudart.so.12
=========         Host Frame: Nv::Blast::StressHierarchy::Graph::enqueue(Nv::Blast::StressHierarchy::Input) [0xc553] in gpu_resident_hierarchy_test
=========         Host Frame: (anonymous namespace)::run((anonymous namespace)::Fixture, bool, bool, unsigned int) [0x8943] in gpu_resident_hierarchy_test
=========         Host Frame: main [0x30bd] in gpu_resident_hierarchy_test
========= 
========= Barrier error detected. Divergent thread(s) in warp.
=========     at Nv::Blast::StressHierarchy::publishLeaders(const Nv::Blast::StressHierarchy::Input *, Nv::Blast::StressHierarchy::Buffers, Nv::Blast::StressHierarchy::Status *)+0x1a0 in StressHierarchyKernels.cuh:122
=========     by thread (123,0,0) in block (0,0,0)
=========     Saved host backtrace up to driver entry point at kernel launch time
=========         Host Frame: cuGraphLaunch [0x369c99] in libcuda.so.1
=========         Host Frame:  [0x2094a] in libcudart.so.12
=========         Host Frame: cudaGraphLaunch [0x7bf95] in libcudart.so.12
=========         Host Frame: Nv::Blast::StressHierarchy::Graph::enqueue(Nv::Blast::StressHierarchy::Input) [0xc553] in gpu_resident_hierarchy_test
=========         Host Frame: (anonymous namespace)::run((anonymous namespace)::Fixture, bool, bool, unsigned int) [0x8943] in gpu_resident_hierarchy_test
=========         Host Frame: main [0x30bd] in gpu_resident_hierarchy_test
========= 
========= Barrier error detected. Divergent thread(s) in warp.
=========     at Nv::Blast::StressHierarchy::publishLeaders(const Nv::Blast::StressHierarchy::Input *, Nv::Blast::StressHierarchy::Buffers, Nv::Blast::StressHierarchy::Status *)+0x1a0 in StressHierarchyKernels.cuh:122
=========     by thread (124,0,0) in block (0,0,0)
=========     Saved host backtrace up to driver entry point at kernel launch time
=========         Host Frame: cuGraphLaunch [0x369c99] in libcuda.so.1
=========         Host Frame:  [0x2094a] in libcudart.so.12
=========         Host Frame: cudaGraphLaunch [0x7bf95] in libcudart.so.12
=========         Host Frame: Nv::Blast::StressHierarchy::Graph::enqueue(Nv::Blast::StressHierarchy::Input) [0xc553] in gpu_resident_hierarchy_test
=========         Host Frame: (anonymous namespace)::run((anonymous namespace)::Fixture, bool, bool, unsigned int) [0x8943] in gpu_resident_hierarchy_test
=========         Host Frame: main [0x30bd] in gpu_resident_hierarchy_test
========= 
========= Barrier error detected. Divergent thread(s) in warp.
=========     at Nv::Blast::StressHierarchy::publishLeaders(const Nv::Blast::StressHierarchy::Input *, Nv::Blast::StressHierarchy::Buffers, Nv::Blast::StressHierarchy::Status *)+0x1a0 in StressHierarchyKernels.cuh:122
=========     by thread (125,0,0) in block (0,0,0)
=========     Saved host backtrace up to driver entry point at kernel launch time
=========         Host Frame: cuGraphLaunch [0x369c99] in libcuda.so.1
=========         Host Frame:  [0x2094a] in libcudart.so.12
=========         Host Frame: cudaGraphLaunch [0x7bf95] in libcudart.so.12
=========         Host Frame: Nv::Blast::StressHierarchy::Graph::enqueue(Nv::Blast::StressHierarchy::Input) [0xc553] in gpu_resident_hierarchy_test
=========         Host Frame: (anonymous namespace)::run((anonymous namespace)::Fixture, bool, bool, unsigned int) [0x8943] in gpu_resident_hierarchy_test
=========         Host Frame: main [0x30bd] in gpu_resident_hierarchy_test
========= 
========= Barrier error detected. Divergent thread(s) in warp.
=========     at Nv::Blast::StressHierarchy::publishLeaders(const Nv::Blast::StressHierarchy::Input *, Nv::Blast::StressHierarchy::Buffers, Nv::Blast::StressHierarchy::Status *)+0x1a0 in StressHierarchyKernels.cuh:122
=========     by thread (126,0,0) in block (0,0,0)
=========     Saved host backtrace up to driver entry point at kernel launch time
=========         Host Frame: cuGraphLaunch [0x369c99] in libcuda.so.1
=========         Host Frame:  [0x2094a] in libcudart.so.12
=========         Host Frame: cudaGraphLaunch [0x7bf95] in libcudart.so.12
=========         Host Frame: Nv::Blast::StressHierarchy::Graph::enqueue(Nv::Blast::StressHierarchy::Input) [0xc553] in gpu_resident_hierarchy_test
=========         Host Frame: (anonymous namespace)::run((anonymous namespace)::Fixture, bool, bool, unsigned int) [0x8943] in gpu_resident_hierarchy_test
=========         Host Frame: main [0x30bd] in gpu_resident_hierarchy_test
========= 
========= Barrier error detected. Divergent thread(s) in warp.
=========     at Nv::Blast::StressHierarchy::publishLeaders(const Nv::Blast::StressHierarchy::Input *, Nv::Blast::StressHierarchy::Buffers, Nv::Blast::StressHierarchy::Status *)+0x1a0 in StressHierarchyKernels.cuh:122
=========     by thread (127,0,0) in block (0,0,0)
=========     Saved host backtrace up to driver entry point at kernel launch time
=========         Host Frame: cuGraphLaunch [0x369c99] in libcuda.so.1
=========         Host Frame:  [0x2094a] in libcudart.so.12
=========         Host Frame: cudaGraphLaunch [0x7bf95] in libcudart.so.12
=========         Host Frame: Nv::Blast::StressHierarchy::Graph::enqueue(Nv::Blast::StressHierarchy::Input) [0xc553] in gpu_resident_hierarchy_test
=========         Host Frame: (anonymous namespace)::run((anonymous namespace)::Fixture, bool, bool, unsigned int) [0x8943] in gpu_resident_hierarchy_test
=========         Host Frame: main [0x30bd] in gpu_resident_hierarchy_test
========= 
========= Barrier error detected. Divergent thread(s) in warp.
=========     at Nv::Blast::StressHierarchy::publishLeaders(const Nv::Blast::StressHierarchy::Input *, Nv::Blast::StressHierarchy::Buffers, Nv::Blast::StressHierarchy::Status *)+0x1a0 in StressHierarchyKernels.cuh:122
=========     by thread (0,0,0) in block (0,0,0)
=========     Saved host backtrace up to driver entry point at kernel launch time
=========         Host Frame: cuGraphLaunch [0x369c99] in libcuda.so.1
=========         Host Frame:  [0x2094a] in libcudart.so.12
=========         Host Frame: cudaGraphLaunch [0x7bf95] in libcudart.so.12
=========         Host Frame: Nv::Blast::StressHierarchy::Graph::enqueue(Nv::Blast::StressHierarchy::Input) [0xc553] in gpu_resident_hierarchy_test
=========         Host Frame: (anonymous namespace)::run((anonymous namespace)::Fixture, bool, bool, unsigned int) [0x8943] in gpu_resident_hierarchy_test
=========         Host Frame: main [0x30bd] in gpu_resident_hierarchy_test
========= 
========= Barrier error detected. Divergent thread(s) in warp.
=========     at Nv::Blast::StressHierarchy::publishLeaders(const Nv::Blast::StressHierarchy::Input *, Nv::Blast::StressHierarchy::Buffers, Nv::Blast::StressHierarchy::Status *)+0x1a0 in StressHierarchyKernels.cuh:122
=========     by thread (1,0,0) in block (0,0,0)
=========     Saved host backtrace up to driver entry point at kernel launch time
=========         Host Frame: cuGraphLaunch [0x369c99] in libcuda.so.1
=========         Host Frame:  [0x2094a] in libcudart.so.12
=========         Host Frame: cudaGraphLaunch [0x7bf95] in libcudart.so.12
=========         Host Frame: Nv::Blast::StressHierarchy::Graph::enqueue(Nv::Blast::StressHierarchy::Input) [0xc553] in gpu_resident_hierarchy_test
=========         Host Frame: (anonymous namespace)::run((anonymous namespace)::Fixture, bool, bool, unsigned int) [0x8943] in gpu_resident_hierarchy_test
=========         Host Frame: main [0x30bd] in gpu_resident_hierarchy_test
========= 
========= Barrier error detected. Divergent thread(s) in warp.
=========     at Nv::Blast::StressHierarchy::publishLeaders(const Nv::Blast::StressHierarchy::Input *, Nv::Blast::StressHierarchy::Buffers, Nv::Blast::StressHierarchy::Status *)+0x1a0 in StressHierarchyKernels.cuh:122
=========     by thread (2,0,0) in block (0,0,0)
=========     Saved host backtrace up to driver entry point at kernel launch time
=========         Host Frame: cuGraphLaunch [0x369c99] in libcuda.so.1
=========         Host Frame:  [0x2094a] in libcudart.so.12
=========         Host Frame: cudaGraphLaunch [0x7bf95] in libcudart.so.12
=========         Host Frame: Nv::Blast::StressHierarchy::Graph::enqueue(Nv::Blast::StressHierarchy::Input) [0xc553] in gpu_resident_hierarchy_test
=========         Host Frame: (anonymous namespace)::run((anonymous namespace)::Fixture, bool, bool, unsigned int) [0x8943] in gpu_resident_hierarchy_test
=========         Host Frame: main [0x30bd] in gpu_resident_hierarchy_test
========= 
========= Barrier error detected. Divergent thread(s) in warp.
=========     at Nv::Blast::StressHierarchy::publishLeaders(const Nv::Blast::StressHierarchy::Input *, Nv::Blast::StressHierarchy::Buffers, Nv::Blast::StressHierarchy::Status *)+0x1a0 in StressHierarchyKernels.cuh:122
=========     by thread (3,0,0) in block (0,0,0)
=========     Saved host backtrace up to driver entry point at kernel launch time
=========         Host Frame: cuGraphLaunch [0x369c99] in libcuda.so.1
=========         Host Frame:  [0x2094a] in libcudart.so.12
=========         Host Frame: cudaGraphLaunch [0x7bf95] in libcudart.so.12
=========         Host Frame: Nv::Blast::StressHierarchy::Graph::enqueue(Nv::Blast::StressHierarchy::Input) [0xc553] in gpu_resident_hierarchy_test
=========         Host Frame: (anonymous namespace)::run((anonymous namespace)::Fixture, bool, bool, unsigned int) [0x8943] in gpu_resident_hierarchy_test
=========         Host Frame: main [0x30bd] in gpu_resident_hierarchy_test
========= 
resident hierarchy: unspecified launch failure
========= Target application returned an error
========= ERROR SUMMARY: 256 errors
========= ERROR SUMMARY: 156 errors were not printed. Use --print-limit option to adjust the number of printed errors
