scenario,arm,repeat,restore_ms,complete_step_ms,teardown_ms,pinned_allocations,pinned_reuses,pinned_retained_peak_bytes,deserialize_ms,scene_create_ms,insert_ms,destruction_import_ms,pre_tick_validation_ms,post_tick_validation_ms,command_ms,simulate_fetch_ms,completion_ms,stress_iterations,broken_bonds,correction_passes,stress_passes,output_clusters,stress_islands,stress_active_nodes,stress_active_bonds,normal_contacts,friction_anchors,repeatability_passed,motion_comparison_measured,position_error_m,linear_error_m_s,angular_error_rad_s
bridge64-cold,A0,0,213.042661,11.701534,6.508767,22,0,239206412,0.140632,127.684383,0.788093,84.428529,1.994681,14.133788,9.7e-05,11.497533,0.203904,184,0,0,1,1,1,744,1500,0,0,True,True,0,0,0
bridge64-cold,A0,1,10.630654,8.561039,6.394306,22,11,239206412,0.141088,0.645632,0.500656,9.342553,1.581824,0.574652,0.000129,8.369145,0.191765,184,0,0,1,1,1,744,1500,0,0,True,True,0,0,0
bridge64-cold,A0,2,10.473605,8.50029,6.60403,22,22,239206412,0.123539,0.61591,0.503607,9.229969,1.441669,0.582296,0.000127,8.318461,0.181702,184,0,0,1,1,1,744,1500,0,0,True,True,0,0,0
bridge64-cold,A0,3,10.423211,8.422644,6.481032,22,33,239206412,0.123639,0.649275,0.487974,9.161725,1.447598,0.585202,0.000127,8.238576,0.183941,184,0,0,1,1,1,744,1500,0,0,True,True,0,0,0
bridge64-cold,A0,4,10.445243,8.469805,6.574569,22,44,239206412,0.123937,0.617361,0.486322,9.216939,1.435266,0.61949,9.6e-05,8.271215,0.198494,184,0,0,1,1,1,744,1500,0,0,True,True,0,0,0
bridge64-cold,A0,5,10.698919,8.578445,8.818115,22,55,239206412,0.135219,0.637007,0.497468,9.428582,1.470416,0.590982,0.000129,8.37318,0.205136,184,0,0,1,1,1,744,1500,0,0,True,True,0,0,0
bridge64-cold,A0,6,11.456521,8.519386,6.773562,22,66,239206412,0.137424,1.268476,0.512531,9.53748,1.46089,0.612003,9.9e-05,8.312382,0.206905,184,0,0,1,1,1,744,1500,0,0,True,True,0,0,0
bridge64-cold,A0,7,10.915864,8.523713,10.189786,22,77,239206412,0.129678,0.923303,0.510578,9.351584,1.40025,0.549465,0.0001,8.292751,0.230862,184,0,0,1,1,1,744,1500,0,0,True,True,0,0,0
bridge64-cold,A0,8,13.195259,8.909386,6.989432,22,88,239206412,0.133931,1.098089,0.525475,11.437006,1.478131,0.641627,0.000107,8.712873,0.196406,184,0,0,1,1,1,744,1500,0,0,True,True,0,0,0
bridge64-cold,A0,9,12.128445,8.610791,11.94795,22,99,239206412,0.134633,0.595918,0.537692,10.859533,1.540033,0.533535,0.000111,8.426323,0.184357,184,0,0,1,1,1,744,1500,0,0,True,True,0,0,0
bridge64-cold,A0,10,11.315702,8.4206,7.295296,22,110,239206412,0.152393,0.703999,0.582188,9.876435,1.523953,0.654398,0.000114,8.208205,0.212281,184,0,0,1,1,1,744,1500,0,0,True,True,0,0,0
bridge64-cold,A0,11,10.666046,8.416859,7.089985,22,121,239206412,0.142188,0.621546,0.560952,9.340688,1.43038,0.623495,0.000124,8.226969,0.189766,184,0,0,1,1,1,744,1500,0,0,True,True,0,0,0
bridge64-cold,A0,12,10.949618,8.679127,7.712924,22,132,239206412,0.133932,0.613948,0.511908,9.689144,1.451651,0.666171,0.000104,8.463432,0.215591,184,0,0,1,1,1,744,1500,0,0,True,True,0,0,0
bridge64-cold,A0,13,11.639215,9.605193,7.382858,22,143,239206412,0.164943,0.685285,0.553026,10.234873,1.593401,0.649135,0.000128,9.410083,0.194982,184,0,0,1,1,1,744,1500,0,0,True,True,0,0,0
bridge64-cold,A0,14,10.94374,8.5155,7.105293,22,154,239206412,0.152507,0.690817,0.535997,9.563709,1.435844,0.645967,0.000101,8.307617,0.207782,184,0,0,1,1,1,744,1500,0,0,True,True,0,0,0
bridge64-cold,A0,15,10.915044,8.417699,7.179318,22,165,239206412,0.133038,0.678573,0.540847,9.561894,1.455878,0.559031,0.000127,8.220375,0.197197,184,0,0,1,1,1,744,1500,0,0,True,True,0,0,0
bridge64-cold,A0,16,10.854965,8.472789,6.685669,22,176,239206412,0.128637,0.674875,0.509194,9.54167,1.437554,0.565647,0.000104,8.262981,0.209704,184,0,0,1,1,1,744,1500,0,0,True,True,0,0,0
bridge64-cold,A0,17,10.606029,8.390916,7.261149,22,187,239206412,0.129185,0.614337,0.506737,9.355159,1.426153,0.543085,0.000133,8.21712,0.173663,184,0,0,1,1,1,744,1500,0,0,True,True,0,0,0
bridge64-cold,A0,18,15.611116,8.380501,7.88475,22,198,239206412,0.137081,0.617588,0.532827,14.322994,1.590591,0.644557,0.000138,8.157348,0.223015,184,0,0,1,1,1,744,1500,0,0,True,True,0,0,0
bridge64-cold,A0,19,11.275421,8.784806,10.149403,22,209,239206412,0.168463,0.677292,0.563455,9.865567,1.489305,0.578884,0.000137,8.571299,0.21337,184,0,0,1,1,1,744,1500,0,0,True,True,0,0,0
bridge64-cold,A1,0,212.259739,11.233626,6.512001,22,0,239206412,0.159073,126.218111,0.797059,85.084577,1.980187,14.15788,0.000101,11.033355,0.20017,184,0,0,1,1,1,744,1500,0,0,True,True,0,0,0
bridge64-cold,A1,1,10.581284,8.722538,6.458118,22,11,239206412,0.143086,0.716985,0.488496,9.231996,1.594679,0.598371,9.7e-05,8.525064,0.197377,184,0,0,1,1,1,744,1500,0,0,True,True,0,0,0
bridge64-cold,A1,2,10.524852,8.487311,6.451208,22,22,239206412,0.124012,0.605202,0.516379,9.278492,1.49282,0.573853,0.000112,8.306328,0.180871,184,0,0,1,1,1,744,1500,0,0,True,True,0,0,0
bridge64-cold,A1,3,10.439023,8.589157,6.482577,22,33,239206412,0.122969,0.640656,0.471239,9.203418,1.468705,0.550708,9.5e-05,8.39002,0.199042,184,0,0,1,1,1,744,1500,0,0,True,True,0,0,0
bridge64-cold,A1,4,10.476562,8.488129,6.693488,22,44,239206412,0.137805,0.605265,0.492583,9.240158,1.472826,0.606161,0.000127,8.305406,0.182596,184,0,0,1,1,1,744,1500,0,0,True,True,0,0,0
bridge64-cold,A1,5,10.516255,8.461469,6.510826,22,55,239206412,0.124283,0.612161,0.493904,9.285198,1.524762,0.59277,0.000125,8.278504,0.18284,184,0,0,1,1,1,744,1500,0,0,True,True,0,0,0
bridge64-cold,A1,6,10.511864,8.434854,9.683505,22,66,239206412,0.124392,0.594212,0.471691,9.320783,1.436476,0.614743,0.000115,8.231711,0.203028,184,0,0,1,1,1,744,1500,0,0,True,True,0,0,0
bridge64-cold,A1,7,14.08815,8.417329,7.538375,22,77,239206412,0.131393,0.8578,0.496344,12.60189,1.46644,0.55111,0.000113,8.220496,0.19672,184,0,0,1,1,1,744,1500,0,0,True,True,0,0,0
bridge64-cold,A1,8,10.442764,8.529854,8.176916,22,88,239206412,0.125959,0.634076,0.489025,9.193046,1.489856,0.611452,0.000125,8.341341,0.188388,184,0,0,1,1,1,744,1500,0,0,True,True,0,0,0
bridge64-cold,A1,9,10.742614,8.463455,6.539278,22,99,239206412,0.129694,0.608655,0.509387,9.494126,1.510375,0.553551,0.000115,8.279428,0.183912,184,0,0,1,1,1,744,1500,0,0,True,True,0,0,0
bridge64-cold,A1,10,10.547229,8.520594,6.708219,22,110,239206412,0.126732,0.614771,0.476265,9.328866,1.442021,0.632204,0.000115,8.317451,0.203028,184,0,0,1,1,1,744,1500,0,0,True,True,0,0,0
bridge64-cold,A1,11,10.622053,8.479804,6.865225,22,121,239206412,0.128214,0.672692,0.492605,9.327928,1.477126,0.635701,0.000117,8.291974,0.187713,184,0,0,1,1,1,744,1500,0,0,True,True,0,0,0
bridge64-cold,A1,12,10.866007,8.499261,6.502252,22,132,239206412,0.128558,0.694088,0.506307,9.536283,1.517249,0.536567,0.000124,8.305271,0.193866,184,0,0,1,1,1,744,1500,0,0,True,True,0,0,0
bridge64-cold,A1,13,10.880518,9.117502,7.418384,22,143,239206412,0.123796,0.617817,0.470729,9.6675,1.554115,0.635074,0.000129,8.900174,0.217199,184,0,0,1,1,1,744,1500,0,0,True,True,0,0,0
bridge64-cold,A1,14,10.851402,8.66801,6.470734,22,154,239206412,0.162447,0.646563,0.517589,9.5239,1.45608,0.560739,0.000117,8.479128,0.188765,184,0,0,1,1,1,744,1500,0,0,True,True,0,0,0
bridge64-cold,A1,15,10.53142,8.518459,6.750136,22,165,239206412,0.125027,0.605853,0.487144,9.312774,1.474622,0.658955,0.000162,8.331026,0.187271,184,0,0,1,1,1,744,1500,0,0,True,True,0,0,0
bridge64-cold,A1,16,10.721421,8.668644,6.859806,22,176,239206412,0.142235,0.616799,0.511664,9.44993,1.401743,0.633188,0.000101,8.481914,0.186629,184,0,0,1,1,1,744,1500,0,0,True,True,0,0,0
bridge64-cold,A1,17,10.598331,8.722626,7.357367,22,187,239206412,0.128779,0.619312,0.489944,9.359601,1.42628,0.55577,0.000117,8.514739,0.20777,184,0,0,1,1,1,744,1500,0,0,True,True,0,0,0
bridge64-cold,A1,18,13.996964,8.638416,6.736466,22,198,239206412,0.123935,0.609849,0.48951,12.773009,1.485947,0.566648,0.000124,8.421639,0.216653,184,0,0,1,1,1,744,1500,0,0,True,True,0,0,0
bridge64-cold,A1,19,10.806694,9.012984,9.704005,22,209,239206412,0.128935,0.684743,0.515145,9.477126,1.492932,0.575534,0.00011,8.82096,0.191914,184,0,0,1,1,1,744,1500,0,0,True,True,0,0,0
bridge64-warm,A0,0,215.847931,11.724564,6.569816,22,0,239206412,0.16152,127.510655,0.801388,87.373383,2.072729,14.086407,0.000205,11.543543,0.180816,184,0,0,1,1,1,744,1500,0,0,True,True,0,0,0
bridge64-warm,A0,1,10.65179,8.68331,6.460094,22,11,239206412,0.159658,0.615257,0.495957,9.380197,1.641408,0.551109,0.000135,8.513602,0.169573,184,0,0,1,1,1,744,1500,0,0,True,True,0,0,0
bridge64-warm,A0,2,10.545483,9.142929,6.432197,22,22,239206412,0.141655,0.583308,0.484098,9.3357,1.436054,0.533425,0.000145,8.961816,0.180968,184,0,0,1,1,1,744,1500,0,0,True,True,0,0,0
bridge64-warm,A0,3,10.325037,9.034923,6.640836,22,33,239206412,0.127815,0.635119,0.483842,9.077428,1.482776,0.565953,0.000129,8.856166,0.178628,184,0,0,1,1,1,744,1500,0,0,True,True,0,0,0
bridge64-warm,A0,4,10.769522,8.946752,6.603979,22,44,239206412,0.126532,0.613559,0.481136,9.547637,1.463212,0.576813,0.000118,8.775885,0.170749,184,0,0,1,1,1,744,1500,0,0,True,True,0,0,0
bridge64-warm,A0,5,10.630978,8.621159,9.730682,22,55,239206412,0.148754,0.614727,0.490553,9.376328,1.486496,0.529564,0.000145,8.439775,0.181239,184,0,0,1,1,1,744,1500,0,0,True,True,0,0,0
bridge64-warm,A0,6,11.415354,9.029709,6.416845,22,66,239206412,0.150491,1.323671,0.470873,9.4697,1.452238,0.547341,0.000132,8.840162,0.189415,184,0,0,1,1,1,744,1500,0,0,True,True,0,0,0
bridge64-warm,A0,7,10.707054,8.461698,8.78257,22,77,239206412,0.146398,0.781574,0.501852,9.276585,1.403381,0.525429,0.00013,8.285552,0.176016,184,0,0,1,1,1,744,1500,0,0,True,True,0,0,0
bridge64-warm,A0,8,12.041071,8.710745,7.120252,22,88,239206412,0.137174,0.856519,0.537991,10.508711,1.47259,0.511648,0.000138,8.53183,0.178777,184,0,0,1,1,1,744,1500,0,0,True,True,0,0,0
bridge64-warm,A0,9,10.969657,8.571159,6.846936,22,99,239206412,0.139989,0.62444,0.521873,9.682661,1.481049,0.548708,0.000136,8.383361,0.187662,184,0,0,1,1,1,744,1500,0,0,True,True,0,0,0
bridge64-warm,A0,10,11.096126,8.485099,6.739689,22,110,239206412,0.139222,0.638777,0.532873,9.784491,1.479192,0.567052,0.000199,8.305904,0.178996,184,0,0,1,1,1,744,1500,0,0,True,True,0,0,0
bridge64-warm,A0,11,10.586881,9.068736,6.514408,22,121,239206412,0.14328,0.693887,0.480572,9.268335,1.477664,0.532096,0.000139,8.86101,0.207587,184,0,0,1,1,1,744,1500,0,0,True,True,0,0,0
bridge64-warm,A0,12,10.581105,8.381634,7.369775,22,132,239206412,0.132756,0.647107,0.492271,9.308299,1.483578,0.565117,0.000143,8.207162,0.174329,184,0,0,1,1,1,744,1500,0,0,True,True,0,0,0
bridge64-warm,A0,13,15.383736,8.734246,6.771764,22,143,239206412,0.155009,0.587513,0.528033,14.11243,1.495105,0.565884,0.000156,8.556654,0.177436,184,0,0,1,1,1,744,1500,0,0,True,True,0,0,0
bridge64-warm,A0,14,10.632797,8.10788,6.783539,22,154,239206412,0.150101,0.629362,0.511516,9.341142,1.445371,0.604615,0.00013,7.926847,0.180903,184,0,0,1,1,1,744,1500,0,0,True,True,0,0,0
bridge64-warm,A0,15,10.820481,8.301796,6.772278,22,165,239206412,0.133643,0.69049,0.511643,9.483894,1.479233,0.569299,0.000129,8.09607,0.205597,184,0,0,1,1,1,744,1500,0,0,True,True,0,0,0
bridge64-warm,A0,16,10.791127,8.205976,6.50706,22,176,239206412,0.131581,0.655343,0.518406,9.48511,1.467851,0.544811,0.000133,8.037431,0.168412,184,0,0,1,1,1,744,1500,0,0,True,True,0,0,0
bridge64-warm,A0,17,10.561234,8.336368,6.802626,22,187,239206412,0.128688,0.645776,0.489531,9.296587,1.499434,0.538519,0.000153,8.154758,0.181457,184,0,0,1,1,1,744,1500,0,0,True,True,0,0,0
bridge64-warm,A0,18,11.006037,8.644397,6.757129,22,198,239206412,0.134233,0.630637,0.529343,9.711077,1.417926,0.555719,0.000124,8.452991,0.191282,184,0,0,1,1,1,744,1500,0,0,True,True,0,0,0
bridge64-warm,A0,19,10.581598,8.558535,6.464349,22,209,239206412,0.133348,0.651529,0.49426,9.301792,1.4441,0.562202,0.000113,8.390357,0.168065,184,0,0,1,1,1,744,1500,0,0,True,True,0,0,0
bridge64-warm,A1,0,189.628952,10.514882,6.615294,22,0,239206412,0.126799,112.636481,0.699862,76.164993,1.775878,15.160749,8.2e-05,10.341077,0.173723,184,0,0,1,1,1,744,1500,0,0,True,True,0,0,0
bridge64-warm,A1,1,10.167075,8.052876,6.686082,22,11,239206412,0.14573,0.671818,0.507303,8.841265,1.490281,0.489098,8.3e-05,7.88388,0.168913,184,0,0,1,1,1,744,1500,0,0,True,True,0,0,0
bridge64-warm,A1,2,10.483789,7.779778,6.448255,22,22,239206412,0.133025,0.613583,0.527938,9.208506,1.510182,0.542374,9e-05,7.604021,0.175667,184,0,0,1,1,1,744,1500,0,0,True,True,0,0,0
bridge64-warm,A1,3,10.289438,8.553738,6.355734,22,33,239206412,0.126994,0.646183,0.490452,9.025216,1.386211,0.534411,8.8e-05,8.360781,0.192869,184,0,0,1,1,1,744,1500,0,0,True,True,0,0,0
bridge64-warm,A1,4,10.32575,7.539168,9.65877,22,44,239206412,0.126663,0.653708,0.474323,9.070383,1.323708,0.54542,8.9e-05,7.365205,0.173874,184,0,0,1,1,1,744,1500,0,0,True,True,0,0,0
bridge64-warm,A1,5,10.198997,8.424488,6.320575,22,55,239206412,0.129748,0.631785,0.475574,8.96123,1.395305,0.546503,8.4e-05,8.198146,0.226258,184,0,0,1,1,1,744,1500,0,0,True,True,0,0,0
bridge64-warm,A1,6,10.101941,7.665113,8.835038,22,66,239206412,0.123225,0.612307,0.467251,8.898425,1.379442,0.555167,8.6e-05,7.48781,0.177217,184,0,0,1,1,1,744,1500,0,0,True,True,0,0,0
bridge64-warm,A1,7,12.755876,7.980168,6.837449,22,77,239206412,0.140301,1.35545,0.498787,10.760669,1.425296,0.646614,9.2e-05,7.698279,0.281797,184,0,0,1,1,1,744,1500,0,0,True,True,0,0,0
bridge64-warm,A1,8,10.573152,7.855266,6.703926,22,88,239206412,0.131571,0.66019,0.495412,9.285246,1.405428,0.667658,8.7e-05,7.610609,0.24457,184,0,0,1,1,1,744,1500,0,0,True,True,0,0,0
bridge64-warm,A1,9,13.497771,8.359732,6.27011,22,99,239206412,0.153028,0.691445,0.491844,12.160746,1.442159,0.540008,8.5e-05,8.127157,0.23249,184,0,0,1,1,1,744,1500,0,0,True,True,0,0,0
bridge64-warm,A1,10,10.016961,7.846968,6.140127,22,110,239206412,0.125413,0.628535,0.474957,8.787238,1.279782,0.534965,9.5e-05,7.664866,0.182007,184,0,0,1,1,1,744,1500,0,0,True,True,0,0,0
bridge64-warm,A1,11,10.099613,7.394614,6.404602,22,121,239206412,0.140251,0.613912,0.474335,8.870423,1.311636,0.493378,8.3e-05,7.218686,0.175845,184,0,0,1,1,1,744,1500,0,0,True,True,0,0,0
bridge64-warm,A1,12,10.207677,7.772323,6.337103,22,132,239206412,0.126845,0.619325,0.470781,8.990159,1.373163,0.61592,9e-05,7.624043,0.14819,184,0,0,1,1,1,744,1500,0,0,True,True,0,0,0
bridge64-warm,A1,13,10.07004,7.981617,6.213147,22,143,239206412,0.127194,0.638829,0.496197,8.807081,1.302478,0.512339,9.1e-05,7.798419,0.183107,184,0,0,1,1,1,744,1500,0,0,True,True,0,0,0
bridge64-warm,A1,14,10.014282,7.262647,7.054634,22,154,239206412,0.122368,0.623519,0.491955,8.775792,1.353565,0.57471,8.4e-05,7.057945,0.204618,184,0,0,1,1,1,744,1500,0,0,True,True,0,0,0
bridge64-warm,A1,15,10.745876,7.740627,6.753495,22,165,239206412,0.144434,0.72767,0.50499,9.368046,1.354119,0.544963,9.5e-05,7.55017,0.190362,184,0,0,1,1,1,744,1500,0,0,True,True,0,0,0
bridge64-warm,A1,16,10.150164,7.292012,6.542078,22,176,239206412,0.140693,0.716141,0.463276,8.829215,1.279118,0.601747,8e-05,7.08717,0.204762,184,0,0,1,1,1,744,1500,0,0,True,True,0,0,0
bridge64-warm,A1,17,9.86495,7.25391,7.084028,22,187,239206412,0.126436,0.624374,0.46638,8.646959,1.367779,0.572349,8.4e-05,7.058171,0.195655,184,0,0,1,1,1,744,1500,0,0,True,True,0,0,0
bridge64-warm,A1,18,12.177829,7.409299,5.910473,22,198,239206412,0.126077,0.684533,0.472515,10.894056,1.315153,0.533205,8.4e-05,7.23027,0.178945,184,0,0,1,1,1,744,1500,0,0,True,True,0,0,0
bridge64-warm,A1,19,9.798366,7.42624,5.865134,22,209,239206412,0.118158,0.595007,0.452543,8.632102,1.307173,0.506244,8.3e-05,7.233857,0.1923,184,0,0,1,1,1,744,1500,0,0,True,True,0,0,0
building-cold,A0,0,189.261723,7.030874,6.051203,22,0,239206412,0.08687,113.083315,0.450568,75.639875,1.401553,7.415692,8e-05,6.858529,0.172265,88,0,0,1,1,1,380,784,0,0,True,True,0,0,0
building-cold,A0,1,9.753042,4.460556,5.765403,22,11,239206412,0.080117,0.668629,0.277148,8.726398,1.10619,0.395466,8.4e-05,4.299889,0.160583,88,0,0,1,1,1,380,784,0,0,True,True,0,0,0
building-cold,A0,2,8.920591,4.493586,5.831553,22,22,239206412,0.068837,0.517856,0.273287,8.060035,1.059411,0.389904,8.2e-05,4.326682,0.166822,88,0,0,1,1,1,380,784,0,0,True,True,0,0,0
building-cold,A0,3,9.005795,4.688388,5.696751,22,33,239206412,0.068373,0.512816,0.255891,8.168099,1.00744,0.37543,8.5e-05,4.522552,0.165751,88,0,0,1,1,1,380,784,0,0,True,True,0,0,0
building-cold,A0,4,8.972824,4.278244,5.701797,22,44,239206412,0.067805,0.54118,0.257894,8.105283,1.022136,0.368223,8.2e-05,4.106917,0.171245,88,0,0,1,1,1,380,784,0,0,True,True,0,0,0
building-cold,A0,5,8.900179,4.536754,5.721128,22,55,239206412,0.068716,0.512821,0.270976,8.046898,0.964824,0.361215,8.4e-05,4.372138,0.164532,88,0,0,1,1,1,380,784,0,0,True,True,0,0,0
building-cold,A0,6,8.956472,4.57215,5.648781,22,66,239206412,0.070057,0.51504,0.267526,8.103298,1.043842,0.37384,8.2e-05,4.408915,0.163153,88,0,0,1,1,1,380,784,0,0,True,True,0,0,0
building-cold,A0,7,9.117384,4.243618,5.772585,22,77,239206412,0.080323,0.665499,0.267127,8.103926,1.031938,0.389562,8.3e-05,4.074966,0.168569,88,0,0,1,1,1,380,784,0,0,True,True,0,0,0
building-cold,A0,8,9.036602,4.585596,6.364402,22,88,239206412,0.084387,0.533072,0.258959,8.159583,1.013096,0.363929,8.5e-05,4.422285,0.163226,88,0,0,1,1,1,380,784,0,0,True,True,0,0,0
building-cold,A0,9,11.155349,4.59031,5.71287,22,99,239206412,0.082284,0.502299,0.275416,10.294787,1.121314,0.393214,8.6e-05,4.428895,0.161329,88,0,0,1,1,1,380,784,0,0,True,True,0,0,0
building-cold,A0,10,8.967024,4.66406,5.763715,22,110,239206412,0.080156,0.501191,0.270754,8.114371,1.03769,0.359278,8.5e-05,4.490501,0.173474,88,0,0,1,1,1,380,784,0,0,True,True,0,0,0
building-cold,A0,11,8.85862,4.571596,8.29741,22,121,239206412,0.06776,0.512809,0.267634,8.009694,1.010189,0.372316,8.4e-05,4.403103,0.168409,88,0,0,1,1,1,380,784,0,0,True,True,0,0,0
building-cold,A0,12,11.30427,4.364868,5.652162,22,132,239206412,0.080875,1.153372,0.257482,9.81185,1.048731,0.351453,9.3e-05,4.192332,0.172443,88,0,0,1,1,1,380,784,0,0,True,True,0,0,0
building-cold,A0,13,9.06263,4.740713,6.075628,22,143,239206412,0.068199,0.521982,0.257536,8.21427,1.045723,0.384544,8.4e-05,4.576302,0.164327,88,0,0,1,1,1,380,784,0,0,True,True,0,0,0
building-cold,A0,14,9.10401,4.20602,6.243605,22,154,239206412,0.068582,0.513232,0.270803,8.250853,1.093543,0.421944,8.2e-05,4.058283,0.147655,88,0,0,1,1,1,380,784,0,0,True,True,0,0,0
building-cold,A0,15,9.418805,4.281739,6.073979,22,165,239206412,0.080953,0.6482,0.279629,8.409036,1.074637,0.376673,8.3e-05,4.117141,0.164515,88,0,0,1,1,1,380,784,0,0,True,True,0,0,0
building-cold,A0,16,9.222864,4.033965,5.774164,22,176,239206412,0.080126,0.648748,0.265068,8.228278,0.993164,0.390473,0.000114,3.855124,0.178727,88,0,0,1,1,1,380,784,0,0,True,True,0,0,0
building-cold,A0,17,8.864148,3.500174,5.634425,22,187,239206412,0.070498,0.518354,0.274817,7.999869,1.042969,0.392875,8.2e-05,3.333795,0.166297,88,0,0,1,1,1,380,784,0,0,True,True,0,0,0
building-cold,A0,18,8.909932,3.467949,5.735863,22,198,239206412,0.068673,0.499371,0.273313,8.067997,1.019391,0.361617,8.2e-05,3.290874,0.176993,88,0,0,1,1,1,380,784,0,0,True,True,0,0,0
building-cold,A0,19,9.004255,4.248507,5.711691,22,209,239206412,0.068548,0.590389,0.276458,8.068196,1.074236,0.354453,8.4e-05,4.08083,0.167593,88,0,0,1,1,1,380,784,0,0,True,True,0,0,0
building-cold,A1,0,209.772389,7.413749,6.431936,22,0,239206412,0.084077,124.522891,0.508307,84.656121,1.471991,8.203978,0.000143,7.242978,0.170628,88,0,0,1,1,1,380,784,0,0,True,True,0,0,0
building-cold,A1,1,9.891839,5.018881,7.835479,22,11,239206412,0.0871,0.625617,0.319816,8.858538,1.322492,0.45666,0.000112,4.819526,0.199243,88,0,0,1,1,1,380,784,0,0,True,True,0,0,0
building-cold,A1,2,10.334195,4.700971,7.069938,22,22,239206412,0.084484,0.664573,0.324439,9.259856,1.175609,0.419825,9.6e-05,4.524095,0.17678,88,0,0,1,1,1,380,784,0,0,True,True,0,0,0
building-cold,A1,3,10.085741,4.491381,6.460914,22,33,239206412,0.082937,0.622132,0.323612,9.05629,1.102639,0.399198,8.9e-05,4.324727,0.166565,88,0,0,1,1,1,380,784,0,0,True,True,0,0,0
building-cold,A1,4,9.774491,4.733619,10.530688,22,44,239206412,0.076811,0.611996,0.316792,8.768274,1.09213,0.695801,9.5e-05,4.522518,0.211006,88,0,0,1,1,1,380,784,0,0,True,True,0,0,0
building-cold,A1,5,14.558119,4.638287,8.466461,22,55,239206412,0.120639,0.801081,0.566577,13.068826,1.097179,0.611387,0.000108,4.509564,0.128615,88,0,0,1,1,1,380,784,0,0,True,True,0,0,0
building-cold,A1,6,9.616592,4.600011,6.79588,22,66,239206412,0.075351,0.573997,0.302116,8.664509,1.088124,0.421175,9.2e-05,4.434283,0.165636,88,0,0,1,1,1,380,784,0,0,True,True,0,0,0
building-cold,A1,7,9.832276,4.672046,11.549957,22,77,239206412,0.074361,0.726759,0.311023,8.719517,1.1258,0.556736,0.000106,4.511593,0.160347,88,0,0,1,1,1,380,784,0,0,True,True,0,0,0
building-cold,A1,8,17.224295,4.502431,10.205202,22,88,239206412,0.101524,0.992447,0.482174,15.646844,1.608245,0.685497,0.000448,4.35139,0.150593,88,0,0,1,1,1,380,784,0,0,True,True,0,0,0
building-cold,A1,9,15.316077,4.707275,6.316706,22,99,239206412,0.111772,0.713973,0.58048,13.908919,1.04722,0.411602,9.1e-05,4.526533,0.180651,88,0,0,1,1,1,380,784,0,0,True,True,0,0,0
building-cold,A1,10,9.580503,4.638958,6.270465,22,110,239206412,0.094572,0.578448,0.286274,8.62051,1.102453,0.391405,9.1e-05,4.479795,0.159072,88,0,0,1,1,1,380,784,0,0,True,True,0,0,0
building-cold,A1,11,9.524254,4.77964,6.180872,22,121,239206412,0.091453,0.591205,0.284509,8.55642,1.074356,0.39029,9.4e-05,4.614319,0.165227,88,0,0,1,1,1,380,784,0,0,True,True,0,0,0
building-cold,A1,12,9.633499,4.481393,6.216211,22,132,239206412,0.091227,0.616476,0.284855,8.640219,1.090509,0.410794,9.6e-05,4.317254,0.164043,88,0,0,1,1,1,380,784,0,0,True,True,0,0,0
building-cold,A1,13,9.769248,4.792209,6.151996,22,143,239206412,0.073852,0.566908,0.28549,8.842362,1.044272,0.394915,9.3e-05,4.622748,0.169368,88,0,0,1,1,1,380,784,0,0,True,True,0,0,0
building-cold,A1,14,9.63926,4.506853,6.228682,22,154,239206412,0.090663,0.594565,0.281177,8.672072,1.078926,0.411372,8.9e-05,4.362383,0.144381,88,0,0,1,1,1,380,784,0,0,True,True,0,0,0
building-cold,A1,15,9.99403,4.599219,6.540609,22,165,239206412,0.073721,0.637747,0.287102,8.994717,1.097322,0.387888,9.5e-05,4.437229,0.161895,88,0,0,1,1,1,380,784,0,0,True,True,0,0,0
building-cold,A1,16,9.760275,4.574848,6.795279,22,176,239206412,0.12109,0.638988,0.300244,8.699134,1.061552,0.415806,8.7e-05,4.410954,0.163807,88,0,0,1,1,1,380,784,0,0,True,True,0,0,0
building-cold,A1,17,9.627659,4.888277,7.136554,22,187,239206412,0.073411,0.623306,0.306983,8.623311,1.09408,0.379476,9.3e-05,4.726255,0.161929,88,0,0,1,1,1,380,784,0,0,True,True,0,0,0
building-cold,A1,18,9.71249,4.504636,6.427037,22,198,239206412,0.073464,0.63369,0.297567,8.706904,1.085475,0.376844,9.1e-05,4.343138,0.161407,88,0,0,1,1,1,380,784,0,0,True,True,0,0,0
building-cold,A1,19,9.659447,4.783733,6.241888,22,209,239206412,0.074921,0.586295,0.301585,8.69596,1.084302,0.418754,9e-05,4.604786,0.178857,88,0,0,1,1,1,380,784,0,0,True,True,0,0,0
building-fragmented,A0,0,213.638713,15.020766,7.1125,22,0,239206412,0.130846,128.150765,0.933512,84.422361,2.100943,13.742261,9.2e-05,14.847554,0.17312,4,0,0,1,378,3,6,3,4537,762,True,True,0,0,0
building-fragmented,A0,1,10.813512,8.851677,7.218205,22,11,239206412,0.157974,0.660388,0.581824,9.41249,1.778284,0.534213,0.000127,8.659583,0.191967,4,0,0,1,378,3,6,3,4537,762,True,True,0,0,0
building-fragmented,A0,2,10.686061,9.926378,7.381901,22,22,239206412,0.121962,0.631792,0.575401,9.356265,1.64058,0.54573,9.8e-05,9.805718,0.120562,4,0,0,1,378,3,6,3,4537,762,True,True,0,0,0
building-fragmented,A0,3,10.769957,7.991016,11.636339,22,33,239206412,0.131496,0.637773,0.564271,9.435688,1.613216,0.79521,0.000134,7.782722,0.20816,4,0,0,1,378,3,6,3,4537,762,True,True,0,0,0
building-fragmented,A0,4,15.032548,8.582287,7.483728,22,44,239206412,0.20782,0.786272,1.016856,13.020843,1.542233,0.645599,9.5e-05,8.46069,0.121502,4,0,0,1,378,3,6,3,4537,762,True,True,0,0,0
building-fragmented,A0,5,9.755898,7.831631,6.392615,22,55,239206412,0.108414,0.571713,0.509149,8.565904,1.457918,0.458459,8.6e-05,7.67323,0.158315,4,0,0,1,378,3,6,3,4537,762,True,True,0,0,0
building-fragmented,A0,6,9.820381,7.220218,20.227487,22,66,239206412,0.105721,0.571254,0.512672,8.630005,1.663459,0.718548,0.000135,7.000145,0.219938,4,0,0,1,378,3,6,3,4537,762,True,True,0,0,0
building-fragmented,A0,7,16.689887,8.048706,7.195268,22,77,239206412,0.198999,1.171067,1.059019,14.25969,2.110019,0.684304,0.000152,7.840834,0.20772,4,0,0,1,378,3,6,3,4537,762,True,True,0,0,0
building-fragmented,A0,8,10.105682,7.670557,6.476474,22,88,239206412,0.153817,0.668466,0.536983,8.74554,1.482554,0.41806,9.9e-05,7.490531,0.179927,4,0,0,1,378,3,6,3,4537,762,True,True,0,0,0
building-fragmented,A0,9,9.77121,7.021315,6.461507,22,99,239206412,0.113716,0.595159,0.521093,8.540538,1.493068,0.414178,8.6e-05,6.844499,0.17673,4,0,0,1,378,3,6,3,4537,762,True,True,0,0,0
building-fragmented,A0,10,9.714052,6.399903,6.327431,22,110,239206412,0.120541,0.565018,0.519069,8.508677,1.448221,0.426519,0.000103,6.242969,0.156831,4,0,0,1,378,3,6,3,4537,762,True,True,0,0,0
building-fragmented,A0,11,9.779378,7.05666,6.383178,22,121,239206412,0.105956,0.583245,0.508412,8.581104,1.455944,0.458044,0.000101,6.898549,0.15801,4,0,0,1,378,3,6,3,4537,762,True,True,0,0,0
building-fragmented,A0,12,9.770593,7.791586,6.348725,22,132,239206412,0.106141,0.596387,0.503334,8.56409,1.513455,0.426095,9.5e-05,7.637417,0.154074,4,0,0,1,378,3,6,3,4537,762,True,True,0,0,0
building-fragmented,A0,13,9.706552,7.391976,6.36316,22,143,239206412,0.106128,0.571565,0.494164,8.53401,1.473767,0.438817,8.4e-05,7.233014,0.158878,4,0,0,1,378,3,6,3,4537,762,True,True,0,0,0
building-fragmented,A0,14,9.721714,6.966753,6.348951,22,154,239206412,0.107389,0.585755,0.510372,8.517552,1.480394,0.430822,9.4e-05,6.81017,0.156489,4,0,0,1,378,3,6,3,4537,762,True,True,0,0,0
building-fragmented,A0,15,9.693969,7.869629,6.443563,22,165,239206412,0.106378,0.582209,0.518408,8.48626,1.503047,0.412341,8.4e-05,7.699147,0.170398,4,0,0,1,378,3,6,3,4537,762,True,True,0,0,0
building-fragmented,A0,16,13.42796,8.139744,7.58329,22,176,239206412,0.10564,0.583683,0.509887,12.227688,2.120039,0.708621,0.00015,7.930093,0.209501,4,0,0,1,378,3,6,3,4537,762,True,True,0,0,0
building-fragmented,A0,17,14.187582,7.858444,7.024266,22,187,239206412,0.149911,1.437623,0.798734,11.800526,1.483849,0.437625,0.000104,7.699399,0.158941,4,0,0,1,378,3,6,3,4537,762,True,True,0,0,0
building-fragmented,A0,18,9.771406,8.092472,11.724592,22,198,239206412,0.108156,0.588465,0.518628,8.555478,1.445491,0.473814,8.3e-05,7.917875,0.174514,4,0,0,1,378,3,6,3,4537,762,True,True,0,0,0
building-fragmented,A0,19,15.984802,8.353279,10.277345,22,209,239206412,0.144262,0.867052,0.815461,14.15717,2.112673,0.699564,0.000132,8.126367,0.22678,4,0,0,1,378,3,6,3,4537,762,True,True,0,0,0
building-fragmented,A1,0,211.654298,14.920165,7.17312,22,0,239206412,0.132498,125.287685,0.950495,85.282745,2.158776,13.652291,9.6e-05,14.747285,0.172784,4,0,0,1,378,3,6,3,4537,762,True,True,0,0,0
building-fragmented,A1,1,10.789574,9.155878,7.068275,22,11,239206412,0.139548,0.684892,0.579694,9.384657,1.729261,0.507191,9.1e-05,8.965293,0.190494,4,0,0,1,378,3,6,3,4537,762,True,True,0,0,0
building-fragmented,A1,2,10.737241,8.29709,7.768526,22,22,239206412,0.121339,0.607407,0.558752,9.449095,1.706276,0.478616,8.9e-05,8.121095,0.175906,4,0,0,1,378,3,6,3,4537,762,True,True,0,0,0
building-fragmented,A1,3,16.48964,9.403777,13.271116,22,33,239206412,0.187085,0.787798,1.062954,14.450949,2.326952,0.505402,0.000124,9.219296,0.184357,4,0,0,1,378,3,6,3,4537,762,True,True,0,0,0
building-fragmented,A1,4,10.727619,8.517117,6.516682,22,44,239206412,0.12489,0.649284,0.608915,9.343822,1.487588,0.438414,8.4e-05,8.350192,0.166841,4,0,0,1,378,3,6,3,4537,762,True,True,0,0,0
building-fragmented,A1,5,9.740081,8.86038,12.339052,22,55,239206412,0.107024,0.60007,0.511879,8.520507,1.457544,0.69975,8.2e-05,8.645514,0.214784,4,0,0,1,378,3,6,3,4537,762,True,True,0,0,0
building-fragmented,A1,6,15.632225,8.70989,7.106343,22,66,239206412,0.210503,0.793682,1.059128,13.568148,2.117177,0.640704,0.000128,8.49652,0.213242,4,0,0,1,378,3,6,3,4537,762,True,True,0,0,0
building-fragmented,A1,7,10.233317,8.103902,6.445737,22,77,239206412,0.122275,0.772602,0.520977,8.816802,1.488459,0.447999,8.1e-05,7.919393,0.184428,4,0,0,1,378,3,6,3,4537,762,True,True,0,0,0
building-fragmented,A1,8,9.820497,8.110859,6.350747,22,88,239206412,0.123565,0.585808,0.530531,8.579993,1.504061,0.418727,8.4e-05,7.939344,0.171431,4,0,0,1,378,3,6,3,4537,762,True,True,0,0,0
building-fragmented,A1,9,9.705973,7.715046,6.328903,22,99,239206412,0.107934,0.578532,0.532831,8.486043,1.492864,0.440901,8.2e-05,7.554439,0.160525,4,0,0,1,378,3,6,3,4537,762,True,True,0,0,0
building-fragmented,A1,10,9.694249,7.879994,6.305016,22,110,239206412,0.125379,0.496028,0.509683,8.56253,1.508851,0.444047,8.4e-05,7.710713,0.169197,4,0,0,1,378,3,6,3,4537,762,True,True,0,0,0
building-fragmented,A1,11,9.663946,8.308334,6.446356,22,121,239206412,0.106986,0.61864,0.514854,8.422901,1.473587,0.549397,8.1e-05,8.144389,0.163864,4,0,0,1,378,3,6,3,4537,762,True,True,0,0,0
building-fragmented,A1,12,9.646905,8.034853,6.510005,22,132,239206412,0.120019,0.56635,0.52628,8.433622,1.502228,0.430499,8.1e-05,7.844725,0.190047,4,0,0,1,378,3,6,3,4537,762,True,True,0,0,0
building-fragmented,A1,13,9.776511,8.163454,7.01496,22,143,239206412,0.107169,0.636995,0.520349,8.511311,1.436629,0.456051,8.4e-05,7.99079,0.17258,4,0,0,1,378,3,6,3,4537,762,True,True,0,0,0
building-fragmented,A1,14,10.242766,8.119289,11.845231,22,154,239206412,0.123435,0.675067,0.531669,8.91172,1.522978,0.463365,8.5e-05,7.960534,0.15867,4,0,0,1,378,3,6,3,4537,762,True,True,0,0,0
building-fragmented,A1,15,15.852096,7.954399,8.384392,22,165,239206412,0.212827,0.876693,1.027729,13.733579,1.95211,0.719054,8.5e-05,7.734013,0.220301,4,0,0,1,378,3,6,3,4537,762,True,True,0,0,0
building-fragmented,A1,16,9.892421,7.807166,6.374449,22,176,239206412,0.11779,0.653185,0.522628,8.59816,1.463935,0.432804,8.1e-05,7.642659,0.164426,4,0,0,1,378,3,6,3,4537,762,True,True,0,0,0
building-fragmented,A1,17,9.760952,8.13695,11.917386,22,187,239206412,0.106877,0.601547,0.511012,8.540899,1.474449,0.693783,8.3e-05,7.917901,0.218966,4,0,0,1,378,3,6,3,4537,762,True,True,0,0,0
building-fragmented,A1,18,15.05315,8.22644,7.338825,22,198,239206412,0.191073,0.781273,1.007038,13.07277,2.09408,0.683186,0.000106,8.001304,0.22503,4,0,0,1,378,3,6,3,4537,762,True,True,0,0,0
building-fragmented,A1,19,10.116682,8.503891,6.572104,22,209,239206412,0.136101,0.648152,0.537761,8.79404,1.455127,0.538668,8.1e-05,8.309695,0.194115,4,0,0,1,378,3,6,3,4537,762,True,True,0,0,0
building-warm,A0,0,210.214905,7.410943,6.453115,22,0,239206412,0.104502,126.09288,0.475155,83.540989,1.491083,15.105278,0.000171,7.222279,0.188493,88,0,0,1,1,1,380,784,0,0,True,True,0,0,0
building-warm,A0,1,9.754395,3.651871,6.741121,22,11,239206412,0.088108,0.620063,0.31581,8.729489,1.208371,0.412401,0.000119,3.482347,0.169405,88,0,0,1,1,1,380,784,0,0,True,True,0,0,0
building-warm,A0,2,9.802369,4.095881,5.702641,22,22,239206412,0.102807,0.705673,0.463401,8.529762,1.090555,0.406208,0.000108,3.928921,0.166852,88,0,0,1,1,1,380,784,0,0,True,True,0,0,0
building-warm,A0,3,8.73908,3.881289,5.588729,22,33,239206412,0.08376,0.508106,0.25227,7.894241,1.014072,0.362772,0.000102,3.718708,0.162479,88,0,0,1,1,1,380,784,0,0,True,True,0,0,0
building-warm,A0,4,8.7867,3.719897,5.5933,22,44,239206412,0.065468,0.520372,0.26603,7.934216,1.002924,0.369911,0.000108,3.550472,0.169317,88,0,0,1,1,1,380,784,0,0,True,True,0,0,0
building-warm,A0,5,8.78079,4.271451,5.521685,22,55,239206412,0.066494,0.507536,0.253542,7.952584,0.999206,0.356759,9.1e-05,4.086712,0.184648,88,0,0,1,1,1,380,784,0,0,True,True,0,0,0
building-warm,A0,6,8.854422,3.992562,5.581825,22,66,239206412,0.066683,0.513259,0.254355,8.019489,1.002547,0.376662,0.0001,3.831255,0.161207,88,0,0,1,1,1,380,784,0,0,True,True,0,0,0
building-warm,A0,7,9.369173,3.535722,7.615901,22,77,239206412,0.066166,0.681011,0.253769,8.36763,1.010283,0.374875,9.5e-05,3.364805,0.170822,88,0,0,1,1,1,380,784,0,0,True,True,0,0,0
building-warm,A0,8,9.428446,4.48899,5.607461,22,88,239206412,0.066172,1.18305,0.251656,7.92699,1.004217,0.364676,9.9e-05,4.331017,0.157874,88,0,0,1,1,1,380,784,0,0,True,True,0,0,0
building-warm,A0,9,8.70439,4.472805,5.517244,22,99,239206412,0.066547,0.432275,0.268148,7.936847,1.021158,0.372237,0.000106,4.316491,0.156208,88,0,0,1,1,1,380,784,0,0,True,True,0,0,0
building-warm,A0,10,11.206163,4.600361,6.567309,22,110,239206412,0.066505,0.526677,0.255364,10.356944,1.015184,0.397024,0.000103,4.435831,0.164427,88,0,0,1,1,1,380,784,0,0,True,True,0,0,0
building-warm,A0,11,8.837535,4.563364,5.505306,22,121,239206412,0.06517,0.522597,0.268074,7.98111,0.94485,0.38604,0.000118,4.394965,0.168281,88,0,0,1,1,1,380,784,0,0,True,True,0,0,0
building-warm,A0,12,8.828693,4.533797,5.609195,22,132,239206412,0.082313,0.503413,0.251684,7.990626,1.005825,0.326968,0.000112,4.363317,0.170368,88,0,0,1,1,1,380,784,0,0,True,True,0,0,0
building-warm,A0,13,9.7305,4.928126,9.415277,22,143,239206412,0.080656,0.50769,0.271332,8.87011,1.558731,0.585012,0.000167,4.707862,0.220097,88,0,0,1,1,1,380,784,0,0,True,True,0,0,0
building-warm,A0,14,10.294071,4.597138,6.353421,22,154,239206412,0.112491,0.755641,0.463004,8.962027,1.294781,0.53762,0.00017,4.386941,0.210027,88,0,0,1,1,1,380,784,0,0,True,True,0,0,0
building-warm,A0,15,8.982493,4.472746,5.675644,22,165,239206412,0.068574,0.546356,0.268628,8.098278,1.011193,0.361765,0.000105,4.300668,0.171973,88,0,0,1,1,1,380,784,0,0,True,True,0,0,0
building-warm,A0,16,8.75514,4.328095,5.554845,22,176,239206412,0.067014,0.51586,0.268213,7.903413,1.0531,0.363654,0.000102,4.14924,0.178753,88,0,0,1,1,1,380,784,0,0,True,True,0,0,0
building-warm,A0,17,8.781546,4.431453,5.589132,22,187,239206412,0.079708,0.500988,0.270681,7.929529,0.995658,0.347874,0.0001,4.265739,0.165614,88,0,0,1,1,1,380,784,0,0,True,True,0,0,0
building-warm,A0,18,8.834452,4.532506,5.511128,22,198,239206412,0.066346,0.504823,0.253794,8.008774,0.989918,0.338083,0.000113,4.376819,0.155574,88,0,0,1,1,1,380,784,0,0,True,True,0,0,0
building-warm,A0,19,8.959968,4.775333,5.472413,22,209,239206412,0.067396,0.554616,0.256389,8.080938,1.059266,0.341721,0.000108,4.613792,0.161433,88,0,0,1,1,1,380,784,0,0,True,True,0,0,0
building-warm,A1,0,211.141242,5.960441,5.874816,22,0,239206412,0.099603,126.537213,0.59957,83.903915,1.897582,7.891143,0.000137,5.717406,0.242898,88,0,0,1,1,1,380,784,0,0,True,True,0,0,0
building-warm,A1,1,9.450121,5.018086,5.616791,22,11,239206412,0.079757,0.693412,0.314761,8.361447,1.625595,0.580374,0.000135,4.773334,0.244617,88,0,0,1,1,1,380,784,0,0,True,True,0,0,0
building-warm,A1,2,9.325149,3.665807,5.616516,22,22,239206412,0.066972,0.591108,0.269193,8.397205,1.550794,0.599924,0.00012,3.425679,0.240008,88,0,0,1,1,1,380,784,0,0,True,True,0,0,0
building-warm,A1,3,9.440518,4.411045,5.62403,22,33,239206412,0.066729,0.613527,0.287016,8.472573,1.544368,0.577965,0.000121,4.157908,0.253016,88,0,0,1,1,1,380,784,0,0,True,True,0,0,0
building-warm,A1,4,9.328005,4.503431,5.443543,22,44,239206412,0.066957,0.569681,0.270629,8.420195,1.499659,0.57635,0.00012,4.261151,0.24216,88,0,0,1,1,1,380,784,0,0,True,True,0,0,0
building-warm,A1,5,9.250025,4.448747,5.647559,22,55,239206412,0.066515,0.581144,0.289781,8.311971,1.580678,0.581661,0.000135,4.156331,0.292281,88,0,0,1,1,1,380,784,0,0,True,True,0,0,0
building-warm,A1,6,9.465586,4.492702,6.305555,22,66,239206412,0.066965,0.64101,0.273424,8.483561,1.511632,0.583761,0.000141,4.257441,0.23512,88,0,0,1,1,1,380,784,0,0,True,True,0,0,0
building-warm,A1,7,12.317438,3.63588,6.156937,22,77,239206412,0.072327,1.366714,0.274668,10.603036,1.653594,0.566117,8.6e-05,3.407879,0.227915,88,0,0,1,1,1,380,784,0,0,True,True,0,0,0
building-warm,A1,8,9.521692,4.506081,5.65754,22,88,239206412,0.070737,0.601338,0.285126,8.563923,1.518168,0.597201,0.000406,4.249936,0.255739,88,0,0,1,1,1,380,784,0,0,True,True,0,0,0
building-warm,A1,9,9.268789,4.303801,9.145536,22,99,239206412,0.066731,0.61177,0.270916,8.318666,1.537548,0.555728,0.000135,4.056426,0.24724,88,0,0,1,1,1,380,784,0,0,True,True,0,0,0
building-warm,A1,10,11.795734,3.90064,5.537208,22,110,239206412,0.066235,1.098277,0.274082,10.356556,1.561071,0.591775,0.000126,3.64797,0.252544,88,0,0,1,1,1,380,784,0,0,True,True,0,0,0
building-warm,A1,11,9.414028,4.169407,5.682027,22,121,239206412,0.073205,0.578272,0.282403,8.47955,1.519985,0.589697,0.000145,3.929706,0.239556,88,0,0,1,1,1,380,784,0,0,True,True,0,0,0
building-warm,A1,12,9.738337,3.974874,5.739037,22,132,239206412,0.067313,0.614085,0.270726,8.785599,1.519289,0.577048,0.00012,3.738625,0.236129,88,0,0,1,1,1,380,784,0,0,True,True,0,0,0
building-warm,A1,13,9.335575,4.275054,5.691876,22,143,239206412,0.067769,0.61783,0.282448,8.3669,1.533754,0.582012,0.000129,4.036135,0.23879,88,0,0,1,1,1,380,784,0,0,True,True,0,0,0
building-warm,A1,14,9.189451,3.760128,5.71677,22,154,239206412,0.06784,0.620021,0.291197,8.209753,1.57338,0.587428,0.000135,3.524122,0.235871,88,0,0,1,1,1,380,784,0,0,True,True,0,0,0
building-warm,A1,15,9.305369,4.288044,5.659981,22,165,239206412,0.088654,0.632289,0.270771,8.313095,1.505228,0.586252,0.000132,4.033991,0.253921,88,0,0,1,1,1,380,784,0,0,True,True,0,0,0
building-warm,A1,16,9.255269,3.763839,5.617162,22,176,239206412,0.080949,0.591454,0.299574,8.28277,1.539185,0.61815,0.00013,3.527616,0.236093,88,0,0,1,1,1,380,784,0,0,True,True,0,0,0
building-warm,A1,17,9.275695,4.232483,5.712113,22,187,239206412,0.067548,0.57898,0.286065,8.342481,1.505754,0.578774,9.1e-05,3.973856,0.258536,88,0,0,1,1,1,380,784,0,0,True,True,0,0,0
building-warm,A1,18,9.319041,3.831991,5.596207,22,198,239206412,0.066478,0.611564,0.28671,8.353699,1.518212,0.573092,0.00012,3.593417,0.238454,88,0,0,1,1,1,380,784,0,0,True,True,0,0,0
building-warm,A1,19,9.347053,4.151452,5.620713,22,209,239206412,0.066839,0.625328,0.272857,8.381364,1.513045,0.560686,0.00013,3.902234,0.249088,88,0,0,1,1,1,380,784,0,0,True,True,0,0,0
cantilever64-cold,A0,0,190.489675,10.272427,3.49731,22,0,239206412,0.031498,117.392728,0.13909,72.925509,1.30421,2.561867,8.2e-05,10.028104,0.244241,984,0,0,1,1,1,63,63,0,0,True,True,0,0,0
cantilever64-cold,A0,1,6.012649,7.390624,3.409949,22,11,239206412,0.040309,0.620977,0.082491,5.268243,1.228634,0.459607,9.6e-05,7.161303,0.229225,984,0,0,1,1,1,63,63,0,0,True,True,0,0,0
cantilever64-cold,A0,2,6.120885,7.334884,3.439977,22,22,239206412,0.020227,0.650052,0.062847,5.387224,1.207168,0.423854,0.0001,7.088469,0.246315,984,0,0,1,1,1,63,63,0,0,True,True,0,0,0
cantilever64-cold,A0,3,6.082235,7.207101,3.533509,22,33,239206412,0.02013,0.643946,0.06407,5.353508,1.172713,0.44368,0.000103,6.986798,0.2202,984,0,0,1,1,1,63,63,0,0,True,True,0,0,0
cantilever64-cold,A0,4,6.149458,7.403915,3.529783,22,44,239206412,0.02167,0.653813,0.065848,5.407543,1.204546,0.471045,0.000109,7.105519,0.298287,984,0,0,1,1,1,63,63,0,0,True,True,0,0,0
cantilever64-cold,A0,5,6.17646,7.150645,3.668847,22,55,239206412,0.0213,0.594023,0.078175,5.482443,1.212899,0.449201,0.000103,6.903636,0.246906,984,0,0,1,1,1,63,63,0,0,True,True,0,0,0
cantilever64-cold,A0,6,6.310794,7.160099,3.795511,22,66,239206412,0.023157,0.576001,0.084048,5.627009,1.272207,0.469611,0.000102,6.920743,0.239254,984,0,0,1,1,1,63,63,0,0,True,True,0,0,0
cantilever64-cold,A0,7,6.417204,7.063605,3.936652,22,77,239206412,0.023825,0.65674,0.072092,5.663902,1.247192,0.467184,0.000123,6.82054,0.242942,984,0,0,1,1,1,63,63,0,0,True,True,0,0,0
cantilever64-cold,A0,8,6.499342,7.460247,3.961714,22,88,239206412,0.023731,0.645205,0.08746,5.742281,1.284369,0.495855,0.00012,7.19783,0.262297,984,0,0,1,1,1,63,63,0,0,True,True,0,0,0
cantilever64-cold,A0,9,6.406034,7.236312,4.185514,22,99,239206412,0.026081,0.556441,0.092555,5.730359,1.178211,0.47677,0.000121,6.983834,0.252357,984,0,0,1,1,1,63,63,0,0,True,True,0,0,0
cantilever64-cold,A0,10,6.602675,7.233969,4.184379,22,110,239206412,0.024356,0.541415,0.077513,5.958682,1.277781,0.472366,0.000112,6.989893,0.243964,984,0,0,1,1,1,63,63,0,0,True,True,0,0,0
cantilever64-cold,A0,11,6.891766,7.315959,5.631966,22,121,239206412,0.028521,0.640583,0.081645,6.140377,1.265897,0.478637,0.000131,7.063757,0.252071,984,0,0,1,1,1,63,63,0,0,True,True,0,0,0
cantilever64-cold,A0,12,8.560665,7.287568,4.490332,22,132,239206412,0.029406,0.887907,0.096382,7.546274,1.313916,0.505509,0.000143,7.032496,0.254929,984,0,0,1,1,1,63,63,0,0,True,True,0,0,0
cantilever64-cold,A0,13,7.203638,7.156505,4.481933,22,143,239206412,0.027849,0.637834,0.084652,6.452492,1.285187,0.501453,0.000135,6.911415,0.244955,984,0,0,1,1,1,63,63,0,0,True,True,0,0,0
cantilever64-cold,A0,14,7.605457,7.074358,7.464346,22,154,239206412,0.02751,0.586126,0.084362,6.906778,1.301278,0.501731,0.000126,6.823459,0.250773,984,0,0,1,1,1,63,63,0,0,True,True,0,0,0
cantilever64-cold,A0,15,8.747381,7.219891,4.727144,22,165,239206412,0.028952,2.253913,0.095645,6.367986,1.296184,0.480595,0.000162,6.954736,0.264993,984,0,0,1,1,1,63,63,0,0,True,True,0,0,0
cantilever64-cold,A0,16,7.210636,7.049022,5.076632,22,176,239206412,0.031356,0.618619,0.087728,6.472157,1.318018,0.481221,0.000155,6.832249,0.216618,984,0,0,1,1,1,63,63,0,0,True,True,0,0,0
cantilever64-cold,A0,17,7.270929,7.256814,4.723963,22,187,239206412,0.031976,0.627452,0.093149,6.517546,1.353933,0.513726,0.000153,7.004974,0.251687,984,0,0,1,1,1,63,63,0,0,True,True,0,0,0
cantilever64-cold,A0,18,7.231482,7.183476,4.979105,22,198,239206412,0.031467,0.598335,0.088244,6.512634,1.31543,0.457883,0.000114,6.936851,0.246511,984,0,0,1,1,1,63,63,0,0,True,True,0,0,0
cantilever64-cold,A0,19,7.378042,7.290616,5.026744,22,209,239206412,0.031218,0.613584,0.094232,6.638177,1.352713,0.488499,0.000178,7.0234,0.267038,984,0,0,1,1,1,63,63,0,0,True,True,0,0,0
cantilever64-cold,A1,0,205.729657,9.83211,3.886703,22,0,239206412,0.041912,125.833509,0.154789,79.698374,0.740588,2.183644,0.000124,9.72962,0.102366,984,0,0,1,1,1,63,63,0,0,True,True,0,0,0
cantilever64-cold,A1,1,6.075105,7.178387,5.651986,22,11,239206412,0.029415,0.482111,0.072965,5.489955,0.644043,0.250901,0.000113,7.048071,0.130203,984,0,0,1,1,1,63,63,0,0,True,True,0,0,0
cantilever64-cold,A1,2,7.971428,7.293194,5.611993,22,22,239206412,0.033919,0.62385,0.105726,7.207032,0.786427,0.274947,0.000177,7.149261,0.143756,984,0,0,1,1,1,63,63,0,0,True,True,0,0,0
cantilever64-cold,A1,3,8.044699,7.131669,5.52247,22,33,239206412,0.03235,0.626948,0.106525,7.277892,0.697758,0.256009,0.000193,6.989583,0.141893,984,0,0,1,1,1,63,63,0,0,True,True,0,0,0
cantilever64-cold,A1,4,8.176293,7.230971,5.613779,22,44,239206412,0.033858,0.661131,0.106923,7.373508,0.708303,0.256828,0.000203,7.055041,0.175727,984,0,0,1,1,1,63,63,0,0,True,True,0,0,0
cantilever64-cold,A1,5,8.159311,6.957804,5.955011,22,55,239206412,0.0605,0.745468,0.106615,7.245857,0.737187,0.240263,0.000185,6.815358,0.142261,984,0,0,1,1,1,63,63,0,0,True,True,0,0,0
cantilever64-cold,A1,6,8.018822,7.121572,5.560789,22,66,239206412,0.036327,0.786405,0.142156,7.053007,0.724108,0.270971,0.000175,6.978211,0.143186,984,0,0,1,1,1,63,63,0,0,True,True,0,0,0
cantilever64-cold,A1,7,8.622145,7.044075,5.628136,22,77,239206412,0.033994,0.650669,0.10609,7.830494,0.757177,0.25546,0.00019,6.943786,0.100099,984,0,0,1,1,1,63,63,0,0,True,True,0,0,0
cantilever64-cold,A1,8,7.90875,6.998752,5.670186,22,88,239206412,0.034652,0.630489,0.104213,7.138585,0.725999,0.283781,0.000175,6.855251,0.143326,984,0,0,1,1,1,63,63,0,0,True,True,0,0,0
cantilever64-cold,A1,9,8.017863,7.030816,7.837133,22,99,239206412,0.034406,0.652241,0.106113,7.224217,0.718833,0.2411,0.000203,6.893521,0.137092,984,0,0,1,1,1,63,63,0,0,True,True,0,0,0
cantilever64-cold,A1,10,8.735157,7.14931,5.904362,22,110,239206412,0.037278,0.62503,0.113716,7.958151,0.78481,0.253986,0.000198,6.956703,0.192409,984,0,0,1,1,1,63,63,0,0,True,True,0,0,0
cantilever64-cold,A1,11,8.000334,6.972047,5.602475,22,121,239206412,0.03775,0.649261,0.10564,7.206791,0.784289,0.280327,0.000188,6.820248,0.151611,984,0,0,1,1,1,63,63,0,0,True,True,0,0,0
cantilever64-cold,A1,12,8.656744,7.013736,5.714625,22,132,239206412,0.034393,0.627786,0.106153,7.887491,0.683706,0.234746,0.000171,6.916351,0.097214,984,0,0,1,1,1,63,63,0,0,True,True,0,0,0
cantilever64-cold,A1,13,8.002053,6.835722,5.660033,22,143,239206412,0.03547,0.65446,0.107262,7.20398,0.722903,0.242293,0.000179,6.741318,0.094225,984,0,0,1,1,1,63,63,0,0,True,True,0,0,0
cantilever64-cold,A1,14,8.400798,6.854311,5.250712,22,154,239206412,0.034223,0.748005,0.106249,7.511345,0.748539,0.248576,0.000166,6.718969,0.135176,984,0,0,1,1,1,63,63,0,0,True,True,0,0,0
cantilever64-cold,A1,15,7.927111,7.069973,5.660827,22,165,239206412,0.031744,0.650303,0.099686,7.144439,0.976822,0.347116,0.000192,6.877476,0.192305,984,0,0,1,1,1,63,63,0,0,True,True,0,0,0
cantilever64-cold,A1,16,7.945897,7.043467,5.602302,22,176,239206412,0.034076,0.668008,0.108438,7.134503,0.945317,0.333422,0.000176,6.85743,0.185861,984,0,0,1,1,1,63,63,0,0,True,True,0,0,0
cantilever64-cold,A1,17,7.994428,7.323884,5.358928,22,187,239206412,0.036322,0.681106,0.10857,7.167531,0.902858,0.340663,0.000181,7.114118,0.209585,984,0,0,1,1,1,63,63,0,0,True,True,0,0,0
cantilever64-cold,A1,18,7.792191,7.00778,5.340176,22,198,239206412,0.031707,0.635889,0.101478,7.022167,0.884266,0.328518,0.000177,6.812036,0.195567,984,0,0,1,1,1,63,63,0,0,True,True,0,0,0
cantilever64-cold,A1,19,7.8792,7.022403,5.328517,22,209,239206412,0.032682,0.62044,0.100295,7.124809,0.858754,0.342309,0.00019,6.824148,0.198065,984,0,0,1,1,1,63,63,0,0,True,True,0,0,0
cantilever64-warm,A0,0,215.735603,9.794548,4.089837,22,0,239206412,0.036313,133.209434,0.175158,82.313251,0.985816,2.549694,9.2e-05,9.586168,0.208288,984,0,0,1,1,1,63,63,0,0,True,True,0,0,0
cantilever64-warm,A0,1,6.374393,7.181091,3.939438,22,11,239206412,0.032548,0.592054,0.077822,5.670996,0.852405,0.301876,0.000147,6.982972,0.197972,984,0,0,1,1,1,63,63,0,0,True,True,0,0,0
cantilever64-warm,A0,2,7.024767,6.874296,3.95125,22,22,239206412,0.024508,0.556217,0.072735,6.370537,0.821743,0.285863,0.000129,6.68081,0.193357,984,0,0,1,1,1,63,63,0,0,True,True,0,0,0
cantilever64-warm,A0,3,6.580111,6.340187,3.925665,22,33,239206412,0.025928,0.622978,0.073362,5.85716,0.764094,0.297617,0.000124,6.144875,0.195188,984,0,0,1,1,1,63,63,0,0,True,True,0,0,0
cantilever64-warm,A0,4,6.296669,7.012722,3.969928,22,44,239206412,0.02568,0.548325,0.073945,5.648017,0.746764,0.317504,0.000134,6.827264,0.185324,984,0,0,1,1,1,63,63,0,0,True,True,0,0,0
cantilever64-warm,A0,5,6.410944,7.125114,4.049034,22,55,239206412,0.027728,0.610772,0.074472,5.697295,0.789666,0.299608,0.000124,6.929786,0.195204,984,0,0,1,1,1,63,63,0,0,True,True,0,0,0
cantilever64-warm,A0,6,6.52892,6.913423,4.072822,22,66,239206412,0.026926,0.610178,0.076854,5.814185,0.787198,0.307456,0.000142,6.702251,0.21103,984,0,0,1,1,1,63,63,0,0,True,True,0,0,0
cantilever64-warm,A0,7,6.465948,6.812093,4.436647,22,77,239206412,0.02362,0.600917,0.075737,5.764871,0.693863,0.316327,0.000104,6.603449,0.20854,984,0,0,1,1,1,63,63,0,0,True,True,0,0,0
cantilever64-warm,A0,8,6.720954,7.012662,5.196296,22,88,239206412,0.028899,0.557476,0.09528,6.038483,0.778513,0.315319,0.000112,6.83189,0.18066,984,0,0,1,1,1,63,63,0,0,True,True,0,0,0
cantilever64-warm,A0,9,7.417962,6.827308,4.323556,22,99,239206412,0.026338,1.294509,0.081027,6.015237,0.795037,0.291464,0.000123,6.602874,0.224311,984,0,0,1,1,1,63,63,0,0,True,True,0,0,0
cantilever64-warm,A0,10,6.668517,6.904152,4.349544,22,110,239206412,0.027085,0.579578,0.079875,5.981109,0.780537,0.294708,0.000115,6.692523,0.211514,984,0,0,1,1,1,63,63,0,0,True,True,0,0,0
cantilever64-warm,A0,11,8.261885,7.112567,6.487283,22,121,239206412,0.02774,0.56887,0.082355,7.582118,0.854678,0.294701,0.00012,6.914496,0.197951,984,0,0,1,1,1,63,63,0,0,True,True,0,0,0
cantilever64-warm,A0,12,8.779762,7.116109,4.766396,22,132,239206412,0.031615,2.275317,0.094874,6.376934,0.827679,0.324481,0.000156,6.922457,0.193496,984,0,0,1,1,1,63,63,0,0,True,True,0,0,0
cantilever64-warm,A0,13,7.047889,6.886293,4.790842,22,143,239206412,0.030702,0.565436,0.08871,6.362243,0.802007,0.38654,0.00016,6.758473,0.12766,984,0,0,1,1,1,63,63,0,0,True,True,0,0,0
cantilever64-warm,A0,14,7.363839,7.089109,4.779643,22,154,239206412,0.029986,0.568463,0.089329,6.675226,0.834378,0.32029,0.000159,6.87362,0.21533,984,0,0,1,1,1,63,63,0,0,True,True,0,0,0
cantilever64-warm,A0,15,7.165291,6.522035,5.255169,22,165,239206412,0.029115,0.573514,0.089561,6.472356,0.849928,0.371048,0.000171,6.277438,0.244426,984,0,0,1,1,1,63,63,0,0,True,True,0,0,0
cantilever64-warm,A0,16,7.334225,7.196399,5.080632,22,176,239206412,0.033689,0.635685,0.094315,6.569542,0.779787,0.327345,0.000135,6.981529,0.214735,984,0,0,1,1,1,63,63,0,0,True,True,0,0,0
cantilever64-warm,A0,17,7.252724,6.805082,5.06737,22,187,239206412,0.031851,0.59109,0.093535,6.535444,0.865507,0.328208,0.000156,6.567578,0.237348,984,0,0,1,1,1,63,63,0,0,True,True,0,0,0
cantilever64-warm,A0,18,7.232112,7.016277,5.430638,22,198,239206412,0.030612,0.609613,0.093868,6.497188,0.918528,0.386815,0.000119,6.75969,0.256468,984,0,0,1,1,1,63,63,0,0,True,True,0,0,0
cantilever64-warm,A0,19,7.422887,6.845972,5.367517,22,209,239206412,0.035365,0.632612,0.094861,6.659135,0.844586,0.391282,0.000146,6.580368,0.265458,984,0,0,1,1,1,63,63,0,0,True,True,0,0,0
cantilever64-warm,A1,0,210.263669,9.521216,3.866304,22,0,239206412,0.035143,129.445436,0.1546,80.627454,0.918062,2.463565,0.000144,9.337988,0.183084,984,0,0,1,1,1,63,63,0,0,True,True,0,0,0
cantilever64-warm,A1,1,6.081538,6.702101,3.831446,22,11,239206412,0.04397,0.519415,0.074525,5.442796,0.666298,0.214038,0.00012,6.556178,0.145803,984,0,0,1,1,1,63,63,0,0,True,True,0,0,0
cantilever64-warm,A1,2,5.938199,6.515929,3.816757,22,22,239206412,0.023647,0.568698,0.069908,5.275273,0.663103,0.239353,0.000113,6.363022,0.152794,984,0,0,1,1,1,63,63,0,0,True,True,0,0,0
cantilever64-warm,A1,3,6.018845,6.279821,3.94612,22,33,239206412,0.022229,0.541636,0.070748,5.383506,0.619749,0.223869,0.000136,6.117058,0.162627,984,0,0,1,1,1,63,63,0,0,True,True,0,0,0
cantilever64-warm,A1,4,6.166767,6.370417,3.97594,22,44,239206412,0.023734,0.484379,0.074332,5.583593,0.616657,0.221074,0.000136,6.215004,0.155277,984,0,0,1,1,1,63,63,0,0,True,True,0,0,0
cantilever64-warm,A1,5,6.284275,6.545376,4.196014,22,55,239206412,0.025278,0.526999,0.07422,5.65693,0.618038,0.241773,0.000135,6.394765,0.150476,984,0,0,1,1,1,63,63,0,0,True,True,0,0,0
cantilever64-warm,A1,6,6.415802,7.100303,4.233551,22,66,239206412,0.025396,0.549879,0.078633,5.761062,0.610808,0.217462,0.000152,6.956743,0.143408,984,0,0,1,1,1,63,63,0,0,True,True,0,0,0
cantilever64-warm,A1,7,6.78383,6.645528,4.47237,22,77,239206412,0.027491,0.6123,0.078281,6.064893,0.79274,0.299501,0.000152,6.433032,0.212344,984,0,0,1,1,1,63,63,0,0,True,True,0,0,0
cantilever64-warm,A1,8,6.641571,6.448983,4.367549,22,88,239206412,0.028228,0.530901,0.079614,6.00212,0.799783,0.355427,0.000143,6.223331,0.225509,984,0,0,1,1,1,63,63,0,0,True,True,0,0,0
cantilever64-warm,A1,9,7.690321,6.689645,4.591988,22,99,239206412,0.026713,0.564663,0.081956,7.016159,0.915955,0.310826,0.000165,6.482544,0.206936,984,0,0,1,1,1,63,63,0,0,True,True,0,0,0
cantilever64-warm,A1,10,6.75567,6.780537,4.636398,22,110,239206412,0.030696,0.543056,0.084669,6.096475,0.831129,0.298325,0.000149,6.581147,0.199241,984,0,0,1,1,1,63,63,0,0,True,True,0,0,0
cantilever64-warm,A1,11,6.888078,6.891158,6.835999,22,121,239206412,0.029632,0.551662,0.083631,6.222269,0.803232,0.469954,0.000161,6.818695,0.072302,984,0,0,1,1,1,63,63,0,0,True,True,0,0,0
cantilever64-warm,A1,12,8.574032,6.907491,4.812695,22,132,239206412,0.031235,1.478662,0.118316,6.944795,0.875389,0.432842,0.000184,6.648868,0.258439,984,0,0,1,1,1,63,63,0,0,True,True,0,0,0
cantilever64-warm,A1,13,7.447254,6.91769,4.796387,22,143,239206412,0.03083,0.612655,0.088534,6.714413,0.886303,0.39526,0.000164,6.656585,0.260941,984,0,0,1,1,1,63,63,0,0,True,True,0,0,0
cantilever64-warm,A1,14,7.202145,6.964465,4.901309,22,154,239206412,0.030151,0.673999,0.106018,6.391066,0.893447,0.330101,0.000176,6.713605,0.250684,984,0,0,1,1,1,63,63,0,0,True,True,0,0,0
cantilever64-warm,A1,15,7.39657,6.740572,5.085258,22,165,239206412,0.028995,0.629486,0.088083,6.649142,0.868226,0.35323,0.000178,6.546743,0.193651,984,0,0,1,1,1,63,63,0,0,True,True,0,0,0
cantilever64-warm,A1,16,7.349304,6.735675,4.927702,22,176,239206412,0.033845,0.595572,0.094326,6.624633,0.865915,0.333083,0.000173,6.583274,0.152228,984,0,0,1,1,1,63,63,0,0,True,True,0,0,0
cantilever64-warm,A1,17,7.25176,6.926558,4.822585,22,187,239206412,0.032697,0.583377,0.107666,6.527179,0.868519,0.335052,0.000188,6.726267,0.200103,984,0,0,1,1,1,63,63,0,0,True,True,0,0,0
cantilever64-warm,A1,18,7.062675,6.780945,4.805418,22,198,239206412,0.029268,0.593607,0.08978,6.349177,0.801672,0.325616,0.000169,6.645876,0.1349,984,0,0,1,1,1,63,63,0,0,True,True,0,0,0
cantilever64-warm,A1,19,7.13281,6.78531,4.853236,22,209,239206412,0.031515,0.595899,0.089105,6.4154,0.828507,0.318612,0.000175,6.581191,0.203944,984,0,0,1,1,1,63,63,0,0,True,True,0,0,0
chain256-cold,A0,0,188.632152,7.871381,3.410911,22,0,239206412,0.106412,116.244229,0.321614,71.958783,0.981873,4.758983,0.000109,7.7037,0.167572,492,0,0,1,1,1,255,255,0,0,True,True,0,0,0
chain256-cold,A0,1,6.085619,6.649641,3.28832,22,11,239206412,0.050294,0.561648,0.176962,5.29598,0.855505,0.286235,0.0001,6.492634,0.156907,492,0,0,1,1,1,255,255,0,0,True,True,0,0,0
chain256-cold,A0,2,5.987353,6.122747,3.277211,22,22,239206412,0.041037,0.502523,0.17064,5.272654,0.827405,0.299312,0.000101,5.951553,0.171093,492,0,0,1,1,1,255,255,0,0,True,True,0,0,0
chain256-cold,A0,3,6.046825,6.348607,3.302568,22,33,239206412,0.040655,0.526462,0.179757,5.299251,0.798818,0.285733,9.9e-05,6.187944,0.160564,492,0,0,1,1,1,255,255,0,0,True,True,0,0,0
chain256-cold,A0,4,5.947841,6.03134,3.412688,22,44,239206412,0.041258,0.498023,0.169625,5.238378,0.796489,0.31725,0.000102,5.857009,0.174229,492,0,0,1,1,1,255,255,0,0,True,True,0,0,0
chain256-cold,A0,5,6.205984,5.96565,3.500258,22,55,239206412,0.043038,0.520526,0.176189,5.465519,0.816214,0.305846,0.0001,5.767313,0.198237,492,0,0,1,1,1,255,255,0,0,True,True,0,0,0
chain256-cold,A0,6,6.544143,6.450338,3.490127,22,66,239206412,0.043474,0.531927,0.182296,5.785802,0.893639,0.329055,0.00011,6.281656,0.168572,492,0,0,1,1,1,255,255,0,0,True,True,0,0,0
chain256-cold,A0,7,6.349497,6.103874,3.685987,22,77,239206412,0.043964,0.483756,0.197553,5.623566,0.872782,0.352553,0.000111,5.920279,0.183484,492,0,0,1,1,1,255,255,0,0,True,True,0,0,0
chain256-cold,A0,8,6.550481,6.091704,3.761208,22,88,239206412,0.046828,0.575465,0.191364,5.736122,0.894406,0.316606,0.000115,5.922952,0.168637,492,0,0,1,1,1,255,255,0,0,True,True,0,0,0
chain256-cold,A0,9,6.487598,6.304273,3.845133,22,99,239206412,0.045606,0.523939,0.20903,5.708317,0.93472,0.339552,0.000117,6.116797,0.187359,492,0,0,1,1,1,255,255,0,0,True,True,0,0,0
chain256-cold,A0,10,6.627783,6.189111,3.843445,22,110,239206412,0.048352,0.519952,0.215294,5.843665,0.943412,0.338076,0.000119,5.996183,0.192809,492,0,0,1,1,1,255,255,0,0,True,True,0,0,0
chain256-cold,A0,11,6.81423,6.069875,4.054016,22,121,239206412,0.047544,0.535975,0.211016,6.019088,0.876967,0.37421,0.000116,5.88395,0.185809,492,0,0,1,1,1,255,255,0,0,True,True,0,0,0
chain256-cold,A0,12,6.814188,6.473079,4.07778,22,132,239206412,0.050043,0.563812,0.210151,5.989419,0.918317,0.327356,0.000116,6.319382,0.153581,492,0,0,1,1,1,255,255,0,0,True,True,0,0,0
chain256-cold,A0,13,7.071442,6.915042,4.15347,22,143,239206412,0.050845,0.558679,0.210897,6.250338,0.94933,0.362682,0.000124,6.714915,0.200003,492,0,0,1,1,1,255,255,0,0,True,True,0,0,0
chain256-cold,A0,14,7.459446,7.256583,4.333165,22,154,239206412,0.070296,0.570888,0.213412,6.604179,1.047818,0.413829,0.000128,7.068962,0.187493,492,0,0,1,1,1,255,255,0,0,True,True,0,0,0
chain256-cold,A0,15,7.24896,7.136523,4.352948,22,165,239206412,0.054333,0.552201,0.241987,6.399786,1.007605,0.413898,0.000129,6.947933,0.188461,492,0,0,1,1,1,255,255,0,0,True,True,0,0,0
chain256-cold,A0,16,7.398835,6.777884,5.75546,22,176,239206412,0.053683,0.568214,0.222219,6.554045,1.02104,0.440299,0.000136,6.651449,0.126299,492,0,0,1,1,1,255,255,0,0,True,True,0,0,0
chain256-cold,A0,17,8.816472,7.081999,4.767064,22,187,239206412,0.056119,1.081816,0.255986,7.421605,1.130439,0.400483,0.000141,6.855012,0.226846,492,0,0,1,1,1,255,255,0,0,True,True,0,0,0
chain256-cold,A0,18,7.700019,7.234533,4.651909,22,198,239206412,0.059979,0.705697,0.268308,6.665226,1.04131,0.409645,0.000153,7.089611,0.144769,492,0,0,1,1,1,255,255,0,0,True,True,0,0,0
chain256-cold,A0,19,8.896425,6.895143,5.025714,22,209,239206412,0.059419,0.762504,0.236982,7.836793,1.137043,0.40396,0.000185,6.679831,0.215127,492,0,0,1,1,1,255,255,0,0,True,True,0,0,0
chain256-cold,A1,0,188.949372,9.160528,3.586957,22,0,239206412,0.087831,114.781234,0.320567,73.75875,1.171751,5.218729,0.000125,8.985428,0.174975,492,0,0,1,1,1,255,255,0,0,True,True,0,0,0
chain256-cold,A1,1,7.102281,6.139284,3.378911,22,11,239206412,0.051651,0.575286,0.191961,6.282594,1.062722,0.37772,0.000129,5.965322,0.173833,492,0,0,1,1,1,255,255,0,0,True,True,0,0,0
chain256-cold,A1,2,6.464835,6.127343,3.376983,22,22,239206412,0.043985,0.563019,0.178525,5.678651,1.02301,0.355881,9.5e-05,5.943687,0.183561,492,0,0,1,1,1,255,255,0,0,True,True,0,0,0
chain256-cold,A1,3,6.460886,6.166079,3.413865,22,33,239206412,0.042053,0.532819,0.176857,5.708568,1.010167,0.377497,0.000117,5.994253,0.171709,492,0,0,1,1,1,255,255,0,0,True,True,0,0,0
chain256-cold,A1,4,6.33857,5.884664,3.430298,22,44,239206412,0.041836,0.545634,0.193514,5.556867,1.01576,0.370891,0.000115,5.713178,0.171371,492,0,0,1,1,1,255,255,0,0,True,True,0,0,0
chain256-cold,A1,5,6.253967,6.095181,3.374447,22,55,239206412,0.0419,0.556585,0.193317,5.461473,1.017834,0.370147,0.000129,5.918295,0.176757,492,0,0,1,1,1,255,255,0,0,True,True,0,0,0
chain256-cold,A1,6,6.279003,6.76477,3.41311,22,66,239206412,0.04163,0.549499,0.175226,5.511907,1.041999,0.420854,0.000161,6.593371,0.171238,492,0,0,1,1,1,255,255,0,0,True,True,0,0,0
chain256-cold,A1,7,6.58617,6.034097,3.532653,22,77,239206412,0.04196,0.557066,0.178617,5.80779,1.024979,0.362015,0.000106,5.844482,0.189509,492,0,0,1,1,1,255,255,0,0,True,True,0,0,0
chain256-cold,A1,8,6.682115,5.882529,3.607553,22,88,239206412,0.044199,0.536256,0.225816,5.875017,1.04786,0.389109,0.000141,5.708289,0.174099,492,0,0,1,1,1,255,255,0,0,True,True,0,0,0
chain256-cold,A1,9,6.73248,6.667062,3.657101,22,99,239206412,0.065459,0.565553,0.19052,5.910279,1.027138,0.39787,0.000149,6.484892,0.182021,492,0,0,1,1,1,255,255,0,0,True,True,0,0,0
chain256-cold,A1,10,6.584924,6.370016,3.865661,22,110,239206412,0.04574,0.579045,0.213024,5.746392,1.078015,0.413624,0.000174,6.191161,0.178681,492,0,0,1,1,1,255,255,0,0,True,True,0,0,0
chain256-cold,A1,11,8.761461,6.894372,3.785496,22,121,239206412,0.047013,1.689259,0.207093,6.817311,1.1015,0.403647,0.000159,6.706832,0.187381,492,0,0,1,1,1,255,255,0,0,True,True,0,0,0
chain256-cold,A1,12,6.66727,5.976236,4.003572,22,132,239206412,0.045899,0.536002,0.197191,5.887454,1.105967,0.399617,0.000155,5.790907,0.185174,492,0,0,1,1,1,255,255,0,0,True,True,0,0,0
chain256-cold,A1,13,7.036951,6.19116,5.728726,22,143,239206412,0.048796,0.540229,0.206684,6.240463,1.161321,0.447136,0.000163,5.983468,0.207529,492,0,0,1,1,1,255,255,0,0,True,True,0,0,0
chain256-cold,A1,14,8.975011,6.132269,4.094729,22,154,239206412,0.053063,1.440703,0.243982,7.236428,1.288967,0.453224,0.00016,5.917253,0.214856,492,0,0,1,1,1,255,255,0,0,True,True,0,0,0
chain256-cold,A1,15,6.860263,6.157188,4.368628,22,165,239206412,0.051106,0.560375,0.235601,6.012491,1.206381,0.479407,0.000157,5.964302,0.192729,492,0,0,1,1,1,255,255,0,0,True,True,0,0,0
chain256-cold,A1,16,7.339252,5.994219,4.341876,22,176,239206412,0.052463,0.590798,0.227889,6.467244,1.211231,0.406474,0.000213,5.787172,0.206834,492,0,0,1,1,1,255,255,0,0,True,True,0,0,0
chain256-cold,A1,17,7.40519,6.177984,4.292793,22,187,239206412,0.053872,0.582027,0.226856,6.541564,1.255159,0.498882,0.000159,5.983271,0.194554,492,0,0,1,1,1,255,255,0,0,True,True,0,0,0
chain256-cold,A1,18,7.209939,6.318691,4.272712,22,198,239206412,0.052486,0.592687,0.224077,6.339771,1.30021,0.450326,0.000169,6.114219,0.204303,492,0,0,1,1,1,255,255,0,0,True,True,0,0,0
chain256-cold,A1,19,7.199259,6.539717,4.345724,22,209,239206412,0.053057,0.563056,0.265256,6.317181,1.257553,0.434877,0.000133,6.324093,0.215491,492,0,0,1,1,1,255,255,0,0,True,True,0,0,0
chain256-warm,A0,0,212.950186,9.761734,3.94919,22,0,239206412,0.09828,130.578775,0.367538,81.904254,1.208124,5.464175,0.000131,9.548938,0.212665,492,0,0,1,1,1,255,255,0,0,True,True,0,0,0
chain256-warm,A0,1,7.094514,6.90673,3.772429,22,11,239206412,0.078427,0.67952,0.203293,6.132267,1.05621,0.372894,0.000153,6.699921,0.206656,492,0,0,1,1,1,255,255,0,0,True,True,0,0,0
chain256-warm,A0,2,6.890546,6.779833,3.775555,22,22,239206412,0.04861,0.609306,0.220062,6.011797,1.031018,0.406992,0.000152,6.591635,0.188046,492,0,0,1,1,1,255,255,0,0,True,True,0,0,0
chain256-warm,A0,3,6.902387,6.762777,3.782053,22,33,239206412,0.047477,0.572893,0.198327,6.083079,1.042899,0.396588,0.00016,6.547177,0.21544,492,0,0,1,1,1,255,255,0,0,True,True,0,0,0
chain256-warm,A0,4,6.85408,6.842096,3.791481,22,44,239206412,0.048615,0.571724,0.196813,6.03632,0.997193,0.390757,0.000155,6.654179,0.187762,492,0,0,1,1,1,255,255,0,0,True,True,0,0,0
chain256-warm,A0,5,6.804815,6.659385,4.97168,22,55,239206412,0.068403,0.574299,0.198094,5.963325,1.016251,0.375926,0.000158,6.449104,0.210123,492,0,0,1,1,1,255,255,0,0,True,True,0,0,0
chain256-warm,A0,6,7.31503,7.194349,3.781276,22,66,239206412,0.048275,1.193532,0.197995,5.874492,0.993052,0.361409,0.000125,6.980364,0.21386,492,0,0,1,1,1,255,255,0,0,True,True,0,0,0
chain256-warm,A0,7,6.946122,6.479483,3.7721,22,77,239206412,0.047909,0.55264,0.210737,6.134238,0.983369,0.422612,0.000112,6.287661,0.19171,492,0,0,1,1,1,255,255,0,0,True,True,0,0,0
chain256-warm,A0,8,6.755483,6.824573,5.656584,22,88,239206412,0.04771,0.510637,0.194256,6.002162,1.038446,0.454667,0.000109,6.635988,0.188476,492,0,0,1,1,1,255,255,0,0,True,True,0,0,0
chain256-warm,A0,9,8.575449,6.659052,4.102995,22,99,239206412,0.074685,1.013961,0.2258,7.260156,1.160432,0.440549,0.000167,6.387649,0.271236,492,0,0,1,1,1,255,255,0,0,True,True,0,0,0
chain256-warm,A0,10,7.458691,7.167947,4.702786,22,110,239206412,0.054303,0.678171,0.216056,6.509469,1.228025,0.420872,0.000178,6.917623,0.250146,492,0,0,1,1,1,255,255,0,0,True,True,0,0,0
chain256-warm,A0,11,8.755242,7.280256,4.380068,22,121,239206412,0.081053,1.926774,0.248267,6.498377,1.121075,0.487171,0.000177,6.973166,0.306913,492,0,0,1,1,1,255,255,0,0,True,True,0,0,0
chain256-warm,A0,12,7.591881,7.00115,5.900157,22,132,239206412,0.058418,0.707446,0.249255,6.576036,1.05594,0.483539,0.00019,6.869003,0.131957,492,0,0,1,1,1,255,255,0,0,True,True,0,0,0
chain256-warm,A0,13,7.546643,6.542141,4.383477,22,143,239206412,0.057851,0.702862,0.261188,6.523913,1.083268,0.381294,0.000186,6.324501,0.217454,492,0,0,1,1,1,255,255,0,0,True,True,0,0,0
chain256-warm,A0,14,7.862995,6.957033,4.543839,22,154,239206412,0.057616,0.666546,0.253105,6.884975,1.12197,0.440129,0.000138,6.739087,0.217808,492,0,0,1,1,1,255,255,0,0,True,True,0,0,0
chain256-warm,A0,15,7.727405,7.155683,4.574705,22,165,239206412,0.058396,0.705671,0.262157,6.700386,1.10789,0.434149,0.000138,6.945173,0.210372,492,0,0,1,1,1,255,255,0,0,True,True,0,0,0
chain256-warm,A0,16,7.97656,6.865017,4.57569,22,176,239206412,0.058816,0.696483,0.260523,6.959594,1.114217,0.442956,0.000125,6.638643,0.226249,492,0,0,1,1,1,255,255,0,0,True,True,0,0,0
chain256-warm,A0,17,7.928434,6.649361,4.759426,22,187,239206412,0.058626,0.702522,0.264292,6.901934,1.123564,0.48151,0.000186,6.428674,0.220501,492,0,0,1,1,1,255,255,0,0,True,True,0,0,0
chain256-warm,A0,18,7.796198,6.568363,4.788879,22,198,239206412,0.06113,0.718044,0.271646,6.744337,1.19501,0.464348,0.00018,6.346367,0.221816,492,0,0,1,1,1,255,255,0,0,True,True,0,0,0
chain256-warm,A0,19,8.064407,6.902024,4.829644,22,209,239206412,0.063324,0.73361,0.277527,6.989001,1.143103,0.444257,0.000199,6.664639,0.237186,492,0,0,1,1,1,255,255,0,0,True,True,0,0,0
chain256-warm,A1,0,205.244215,10.029662,3.862343,22,0,239206412,0.094893,125.482687,0.362399,79.303328,1.077344,5.214571,8.9e-05,9.847649,0.181924,492,0,0,1,1,1,255,255,0,0,True,True,0,0,0
chain256-warm,A1,1,6.850149,7.157156,3.673102,22,11,239206412,0.055729,0.635582,0.21329,5.9449,0.92048,0.305384,8.3e-05,6.993324,0.163749,492,0,0,1,1,1,255,255,0,0,True,True,0,0,0
chain256-warm,A1,2,6.622803,6.589685,3.66823,22,22,239206412,0.046359,0.609407,0.209443,5.756995,0.885995,0.313651,8.8e-05,6.428179,0.161418,492,0,0,1,1,1,255,255,0,0,True,True,0,0,0
chain256-warm,A1,3,6.80741,6.305592,3.832707,22,33,239206412,0.049978,0.496757,0.208162,6.051852,0.89748,0.332629,9.2e-05,6.135512,0.169988,492,0,0,1,1,1,255,255,0,0,True,True,0,0,0
chain256-warm,A1,4,6.738462,5.826041,3.827729,22,44,239206412,0.048409,0.545291,0.200091,5.943957,0.864644,0.351168,9.4e-05,5.665402,0.160545,492,0,0,1,1,1,255,255,0,0,True,True,0,0,0
chain256-warm,A1,5,6.64958,6.333474,4.006111,22,55,239206412,0.048621,0.52751,0.202275,5.870503,0.930414,0.347813,8.7e-05,6.145198,0.188189,492,0,0,1,1,1,255,255,0,0,True,True,0,0,0
chain256-warm,A1,6,6.886893,6.767861,4.025787,22,66,239206412,0.050537,0.566522,0.207209,6.062011,0.94205,0.347562,0.0001,6.585272,0.182489,492,0,0,1,1,1,255,255,0,0,True,True,0,0,0
chain256-warm,A1,7,7.149285,6.246217,4.029867,22,77,239206412,0.051042,0.605421,0.209779,6.282413,0.942981,0.354853,9.1e-05,6.060773,0.185353,492,0,0,1,1,1,255,255,0,0,True,True,0,0,0
chain256-warm,A1,8,6.9862,7.844666,4.431726,22,88,239206412,0.050392,0.581105,0.224159,6.129897,0.954192,0.370057,0.000147,7.665026,0.179493,492,0,0,1,1,1,255,255,0,0,True,True,0,0,0
chain256-warm,A1,9,7.136434,7.196379,4.424439,22,99,239206412,0.054708,0.578995,0.255355,6.246709,1.010238,0.364233,0.000101,7.008124,0.188154,492,0,0,1,1,1,255,255,0,0,True,True,0,0,0
chain256-warm,A1,10,8.503692,7.18719,4.64051,22,110,239206412,0.05486,0.66113,0.248814,7.538207,1.077828,0.38986,0.000111,6.993222,0.193857,492,0,0,1,1,1,255,255,0,0,True,True,0,0,0
chain256-warm,A1,11,7.463245,7.232961,4.670944,22,121,239206412,0.063959,0.648444,0.265925,6.484123,1.035733,0.412865,0.000113,7.055172,0.177676,492,0,0,1,1,1,255,255,0,0,True,True,0,0,0
chain256-warm,A1,12,7.897076,6.418168,7.795535,22,132,239206412,0.072337,0.705959,0.271528,6.846445,1.131279,0.382697,0.000152,6.236628,0.181388,492,0,0,1,1,1,255,255,0,0,True,True,0,0,0
chain256-warm,A1,13,9.642333,6.637865,5.146642,22,143,239206412,0.073569,1.269715,0.28771,8.010512,1.183668,0.534637,0.00012,6.391281,0.246464,492,0,0,1,1,1,255,255,0,0,True,True,0,0,0
chain256-warm,A1,14,7.967942,6.417338,4.653489,22,154,239206412,0.088768,0.642546,0.271812,6.964021,1.023088,0.487063,0.000108,6.176015,0.241215,492,0,0,1,1,1,255,255,0,0,True,True,0,0,0
chain256-warm,A1,15,8.109365,6.444718,4.954353,22,165,239206412,0.058142,0.655438,0.260338,7.134696,1.030923,0.476776,0.00011,6.182685,0.261923,492,0,0,1,1,1,255,255,0,0,True,True,0,0,0
chain256-warm,A1,16,7.690253,6.522271,4.950355,22,176,239206412,0.06151,0.704084,0.25658,6.667162,1.05225,0.605043,0.000114,6.346127,0.17603,492,0,0,1,1,1,255,255,0,0,True,True,0,0,0
chain256-warm,A1,17,7.640219,7.038545,4.944864,22,187,239206412,0.060036,0.703145,0.274497,6.601743,1.05033,0.718243,0.000106,6.868109,0.17033,492,0,0,1,1,1,255,255,0,0,True,True,0,0,0
chain256-warm,A1,18,7.742824,7.038267,4.877237,22,198,239206412,0.061692,0.718258,0.257522,6.704499,1.044086,0.670733,0.000111,6.734908,0.303248,492,0,0,1,1,1,255,255,0,0,True,True,0,0,0
chain256-warm,A1,19,7.78407,7.460956,5.257174,22,209,239206412,0.061103,0.697425,0.274013,6.750671,1.055595,0.472457,0.000119,6.730554,0.730283,492,0,0,1,1,1,255,255,0,0,True,True,0,0,0
chain32-cold,A0,0,208.556129,4.325372,4.008753,22,0,239206412,0.026729,126.510597,0.121525,81.896439,0.893605,1.779185,0.000136,4.161469,0.163767,32,0,0,1,1,1,31,31,0,0,True,True,0,0,0
chain32-cold,A0,1,6.115873,2.303767,4.027527,22,11,239206412,0.024123,0.703846,0.053683,5.33356,0.772997,0.296379,0.000142,2.144228,0.159397,32,0,0,1,1,1,31,31,0,0,True,True,0,0,0
chain32-cold,A0,2,6.103511,2.278189,3.923464,22,22,239206412,0.024069,0.610742,0.069297,5.398745,0.751456,0.267544,0.000134,2.109833,0.168222,32,0,0,1,1,1,31,31,0,0,True,True,0,0,0
chain32-cold,A0,3,6.21586,2.902052,3.935126,22,33,239206412,0.023212,0.656001,0.051236,5.484817,0.720157,0.234994,0.00014,2.724146,0.177766,32,0,0,1,1,1,31,31,0,0,True,True,0,0,0
chain32-cold,A0,4,6.121306,2.945403,3.56279,22,44,239206412,0.024215,0.635199,0.051043,5.410309,0.638621,0.226922,0.000126,2.782649,0.162628,32,0,0,1,1,1,31,31,0,0,True,True,0,0,0
chain32-cold,A0,5,5.660224,2.88907,3.463706,22,55,239206412,0.022609,0.574571,0.045067,5.017413,0.641524,0.225099,0.000123,2.730051,0.158896,32,0,0,1,1,1,31,31,0,0,True,True,0,0,0
chain32-cold,A0,6,5.674939,3.465258,3.452561,22,66,239206412,0.0163,0.583029,0.045312,5.029772,0.758336,0.237085,0.000128,3.298551,0.166579,32,0,0,1,1,1,31,31,0,0,True,True,0,0,0
chain32-cold,A0,7,5.888685,2.86938,3.49144,22,77,239206412,0.016543,0.628234,0.046258,5.197162,0.610392,0.235706,0.009677,2.708821,0.150882,32,0,0,1,1,1,31,31,0,0,True,True,0,0,0
chain32-cold,A0,8,5.685108,2.882633,3.404972,22,88,239206412,0.016387,0.553497,0.053867,5.0608,0.659467,0.234319,0.000119,2.731098,0.151416,32,0,0,1,1,1,31,31,0,0,True,True,0,0,0
chain32-cold,A0,9,5.700576,2.892092,3.496346,22,99,239206412,0.018228,0.609989,0.045289,5.026549,0.615194,0.234721,0.000123,2.728057,0.163912,32,0,0,1,1,1,31,31,0,0,True,True,0,0,0
chain32-cold,A0,10,5.718399,2.843098,3.414086,22,110,239206412,0.016881,0.644123,0.045763,5.011106,0.657012,0.226198,0.000138,2.669667,0.173293,32,0,0,1,1,1,31,31,0,0,True,True,0,0,0
chain32-cold,A0,11,5.762266,2.80269,3.440601,22,121,239206412,0.016942,0.611897,0.045158,5.087773,0.620114,0.222876,0.000128,2.651882,0.15068,32,0,0,1,1,1,31,31,0,0,True,True,0,0,0
chain32-cold,A0,12,5.823075,2.767744,3.589552,22,132,239206412,0.01683,0.595721,0.045473,5.164475,0.602861,0.25043,0.000109,2.617521,0.150114,32,0,0,1,1,1,31,31,0,0,True,True,0,0,0
chain32-cold,A0,13,6.900869,2.867486,3.496363,22,143,239206412,0.021033,1.525068,0.045632,5.308577,0.715492,0.234778,0.000109,2.707588,0.159789,32,0,0,1,1,1,31,31,0,0,True,True,0,0,0
chain32-cold,A0,14,5.903091,2.736382,3.459622,22,154,239206412,0.017899,0.583167,0.045596,5.255851,0.683979,0.240632,0.000116,2.582068,0.154198,32,0,0,1,1,1,31,31,0,0,True,True,0,0,0
chain32-cold,A0,15,5.925202,2.763049,3.427008,22,165,239206412,0.018821,0.587827,0.045665,5.272293,0.619693,0.228954,0.000128,2.601555,0.161366,32,0,0,1,1,1,31,31,0,0,True,True,0,0,0
chain32-cold,A0,16,5.743728,2.782085,3.856991,22,176,239206412,0.017881,0.555315,0.045839,5.124172,0.609876,0.233483,0.000119,2.631298,0.150668,32,0,0,1,1,1,31,31,0,0,True,True,0,0,0
chain32-cold,A0,17,8.166802,2.952235,4.505305,22,187,239206412,0.030815,2.425466,0.045177,5.664748,0.629284,0.250735,0.000119,2.750331,0.201785,32,0,0,1,1,1,31,31,0,0,True,True,0,0,0
chain32-cold,A0,18,6.586332,2.810719,3.43799,22,198,239206412,0.017632,1.364496,0.045511,5.158111,0.708869,0.228741,0.000136,2.642469,0.168114,32,0,0,1,1,1,31,31,0,0,True,True,0,0,0
chain32-cold,A0,19,5.996202,2.943857,3.490017,22,209,239206412,0.017417,0.667729,0.045873,5.264625,0.677849,0.320275,0.000115,2.769682,0.17406,32,0,0,1,1,1,31,31,0,0,True,True,0,0,0
chain32-cold,A1,0,207.523972,6.928729,3.91813,22,0,239206412,0.021636,127.879142,0.128924,79.493439,0.886789,1.933963,8.7e-05,6.719758,0.208884,32,0,0,1,1,1,31,31,0,0,True,True,0,0,0
chain32-cold,A1,1,6.250891,2.442078,3.856875,22,11,239206412,0.024082,0.597663,0.062218,5.566199,0.835354,0.235998,0.000103,2.265456,0.176519,32,0,0,1,1,1,31,31,0,0,True,True,0,0,0
chain32-cold,A1,2,6.119016,2.993984,3.816589,22,22,239206412,0.024035,0.637951,0.049299,5.407075,0.785021,0.217426,0.000103,2.813008,0.180873,32,0,0,1,1,1,31,31,0,0,True,True,0,0,0
chain32-cold,A1,3,5.992429,2.067945,3.794656,22,33,239206412,0.024762,0.558193,0.051693,5.357213,0.758769,0.25983,0.000103,1.895426,0.172416,32,0,0,1,1,1,31,31,0,0,True,True,0,0,0
chain32-cold,A1,4,6.035427,2.033408,3.837494,22,44,239206412,0.026314,0.540265,0.051982,5.416259,0.719755,0.291966,0.000116,1.866327,0.166965,32,0,0,1,1,1,31,31,0,0,True,True,0,0,0
chain32-cold,A1,5,6.048138,2.016251,3.737531,22,55,239206412,0.027294,0.596643,0.050631,5.372903,0.740967,0.221023,0.000102,1.846205,0.169944,32,0,0,1,1,1,31,31,0,0,True,True,0,0,0
chain32-cold,A1,6,6.031934,2.763873,3.769688,22,66,239206412,0.024998,0.616372,0.05142,5.338486,0.620121,0.252754,0.000108,2.594113,0.169652,32,0,0,1,1,1,31,31,0,0,True,True,0,0,0
chain32-cold,A1,7,6.233286,3.173814,3.781769,22,77,239206412,0.040196,0.592173,0.050932,5.549335,0.742636,0.247946,0.000108,2.973876,0.19983,32,0,0,1,1,1,31,31,0,0,True,True,0,0,0
chain32-cold,A1,8,6.141407,3.047117,3.846841,22,88,239206412,0.018726,0.618519,0.051613,5.451913,0.736008,0.255893,0.000105,2.846948,0.200064,32,0,0,1,1,1,31,31,0,0,True,True,0,0,0
chain32-cold,A1,9,5.951699,2.833979,3.81049,22,99,239206412,0.019069,0.562495,0.052804,5.316715,0.741221,0.23911,0.000105,2.650341,0.183533,32,0,0,1,1,1,31,31,0,0,True,True,0,0,0
chain32-cold,A1,10,6.080077,2.815929,6.21815,22,110,239206412,0.019381,0.547957,0.051392,5.460704,0.727378,0.26894,0.000106,2.649182,0.166641,32,0,0,1,1,1,31,31,0,0,True,True,0,0,0
chain32-cold,A1,11,6.864736,2.788608,3.790823,22,121,239206412,0.019662,0.999804,0.051343,5.793304,0.739026,0.301879,0.000103,2.621872,0.166633,32,0,0,1,1,1,31,31,0,0,True,True,0,0,0
chain32-cold,A1,12,6.16471,2.91236,3.651287,22,132,239206412,0.020447,0.551387,0.051145,5.541086,0.719868,0.212758,0.000113,2.741728,0.170519,32,0,0,1,1,1,31,31,0,0,True,True,0,0,0
chain32-cold,A1,13,5.653447,2.876689,3.412746,22,143,239206412,0.017757,0.553291,0.04679,5.034913,0.599893,0.206675,9.5e-05,2.718362,0.158232,32,0,0,1,1,1,31,31,0,0,True,True,0,0,0
chain32-cold,A1,14,5.754738,2.780142,3.92688,22,154,239206412,0.020298,0.562389,0.046918,5.124525,0.667177,0.213372,0.000108,2.620845,0.159189,32,0,0,1,1,1,31,31,0,0,True,True,0,0,0
chain32-cold,A1,15,6.463381,2.747582,3.95707,22,165,239206412,0.018252,0.917256,0.045948,5.4813,0.700236,0.25165,9.1e-05,2.584141,0.16335,32,0,0,1,1,1,31,31,0,0,True,True,0,0,0
chain32-cold,A1,16,5.790711,3.409041,3.460379,22,176,239206412,0.01724,0.644754,0.046017,5.082112,0.648832,0.199363,9.2e-05,3.250084,0.158865,32,0,0,1,1,1,31,31,0,0,True,True,0,0,0
chain32-cold,A1,17,5.516259,3.009315,3.551053,22,187,239206412,0.017434,0.608088,0.046687,4.843563,0.68451,0.266708,9.2e-05,2.842303,0.16692,32,0,0,1,1,1,31,31,0,0,True,True,0,0,0
chain32-cold,A1,18,6.74271,2.707872,3.526594,22,198,239206412,0.01735,0.58248,0.046168,6.096101,0.64723,0.25233,0.000103,2.544501,0.163268,32,0,0,1,1,1,31,31,0,0,True,True,0,0,0
chain32-cold,A1,19,5.699625,3.08477,3.411328,22,209,239206412,0.02106,0.5888,0.045177,5.044045,0.648788,0.274207,9.3e-05,2.925322,0.159355,32,0,0,1,1,1,31,31,0,0,True,True,0,0,0
chain32-warm,A0,0,209.620885,6.079256,3.985479,22,0,239206412,0.027334,129.04297,0.121459,80.428139,1.370761,2.362094,0.000155,5.834888,0.244213,32,0,0,1,1,1,31,31,0,0,True,True,0,0,0
chain32-warm,A0,1,6.399266,3.069313,3.798691,22,11,239206412,0.023904,0.671227,0.054732,5.648715,1.288069,0.486783,0.000115,2.827673,0.241525,32,0,0,1,1,1,31,31,0,0,True,True,0,0,0
chain32-warm,A0,2,7.263522,2.517863,3.877317,22,22,239206412,0.024937,0.666565,0.051842,6.519478,1.249402,0.46262,0.000115,2.262152,0.255596,32,0,0,1,1,1,31,31,0,0,True,True,0,0,0
chain32-warm,A0,3,6.493253,2.938958,3.776313,22,33,239206412,0.023895,0.707127,0.049974,5.711586,1.219617,0.457216,0.00011,2.676589,0.262259,32,0,0,1,1,1,31,31,0,0,True,True,0,0,0
chain32-warm,A0,4,6.228463,2.500964,3.936504,22,44,239206412,0.024283,0.692043,0.049664,5.46179,1.140021,0.454117,6.9e-05,2.248415,0.25248,32,0,0,1,1,1,31,31,0,0,True,True,0,0,0
chain32-warm,A0,5,6.587932,2.542244,3.796178,22,55,239206412,0.024566,0.66971,0.051897,5.841107,1.208394,0.473613,0.000125,2.29507,0.247049,32,0,0,1,1,1,31,31,0,0,True,True,0,0,0
chain32-warm,A0,6,6.353678,2.049719,3.891001,22,66,239206412,0.024799,0.666652,0.063952,5.59756,1.174484,0.465549,9.3e-05,1.784104,0.265522,32,0,0,1,1,1,31,31,0,0,True,True,0,0,0
chain32-warm,A0,7,6.345607,2.581925,3.940816,22,77,239206412,0.024964,0.552796,0.051589,5.715612,1.220904,0.485406,0.000105,2.340648,0.241172,32,0,0,1,1,1,31,31,0,0,True,True,0,0,0
chain32-warm,A0,8,6.396624,2.337775,3.899781,22,88,239206412,0.019181,0.656968,0.051185,5.668667,1.229933,0.469167,0.000104,2.113725,0.223946,32,0,0,1,1,1,31,31,0,0,True,True,0,0,0
chain32-warm,A0,9,6.283917,2.632432,3.772978,22,99,239206412,0.01873,0.597055,0.050585,5.616919,1.261187,0.486157,0.000111,2.377537,0.254784,32,0,0,1,1,1,31,31,0,0,True,True,0,0,0
chain32-warm,A0,10,6.405331,2.83124,3.816591,22,110,239206412,0.01962,0.595187,0.050946,5.73891,1.201243,0.456849,0.000115,2.575016,0.256109,32,0,0,1,1,1,31,31,0,0,True,True,0,0,0
chain32-warm,A0,11,6.055156,2.383827,3.512058,22,121,239206412,0.017632,0.707544,0.046793,5.282609,1.151941,0.422964,9.8e-05,2.139284,0.244445,32,0,0,1,1,1,31,31,0,0,True,True,0,0,0
chain32-warm,A0,12,5.898746,2.433117,3.893382,22,132,239206412,0.01754,0.683292,0.045458,5.151864,1.158301,0.456985,0.000103,2.19601,0.237004,32,0,0,1,1,1,31,31,0,0,True,True,0,0,0
chain32-warm,A0,13,7.419541,2.543234,3.521928,22,143,239206412,0.017396,1.750711,0.046502,5.604319,1.153623,0.432658,9.1e-05,2.299738,0.243405,32,0,0,1,1,1,31,31,0,0,True,True,0,0,0
chain32-warm,A0,14,6.170826,1.853,3.436984,22,154,239206412,0.018703,0.613868,0.061442,5.476271,1.148383,0.426206,0.000101,1.606177,0.246722,32,0,0,1,1,1,31,31,0,0,True,True,0,0,0
chain32-warm,A0,15,6.098868,2.559,3.49614,22,165,239206412,0.019293,0.698374,0.046628,5.333988,1.175318,0.440188,9.7e-05,2.327985,0.230918,32,0,0,1,1,1,31,31,0,0,True,True,0,0,0
chain32-warm,A0,16,6.595671,2.195603,3.868915,22,176,239206412,0.017509,0.651803,0.046416,5.879316,1.127349,0.44508,8.5e-05,1.975419,0.220099,32,0,0,1,1,1,31,31,0,0,True,True,0,0,0
chain32-warm,A0,17,7.410608,1.985141,3.445301,22,187,239206412,0.01749,2.327311,0.045991,5.019226,1.142152,0.469694,9.5e-05,1.731437,0.253609,32,0,0,1,1,1,31,31,0,0,True,True,0,0,0
chain32-warm,A0,18,6.094595,2.492994,3.473648,22,198,239206412,0.017893,0.646372,0.045873,5.383873,1.113527,0.449904,8.7e-05,2.255235,0.237672,32,0,0,1,1,1,31,31,0,0,True,True,0,0,0
chain32-warm,A0,19,6.272068,2.751821,3.511736,22,209,239206412,0.018008,0.667047,0.0458,5.540604,1.121851,0.447275,9.2e-05,2.51588,0.235849,32,0,0,1,1,1,31,31,0,0,True,True,0,0,0
chain32-warm,A1,0,204.486662,5.621271,3.854099,22,0,239206412,0.047671,125.72948,0.123225,78.58528,0.739599,1.683163,0.000152,5.513489,0.10763,32,0,0,1,1,1,31,31,0,0,True,True,0,0,0
chain32-warm,A1,1,5.882019,2.400162,3.824346,22,11,239206412,0.024013,0.565306,0.055264,5.236749,0.654816,0.207333,9.2e-05,2.290239,0.109831,32,0,0,1,1,1,31,31,0,0,True,True,0,0,0
chain32-warm,A1,2,6.000346,1.97229,3.799479,22,22,239206412,0.02289,0.531952,0.068168,5.376486,0.651669,0.206902,0.000141,1.851383,0.120766,32,0,0,1,1,1,31,31,0,0,True,True,0,0,0
chain32-warm,A1,3,6.029635,2.294099,3.790662,22,33,239206412,0.024594,0.574422,0.050612,5.379339,0.640304,0.213021,0.00011,2.214324,0.079665,32,0,0,1,1,1,31,31,0,0,True,True,0,0,0
chain32-warm,A1,4,5.962232,1.808305,3.621412,22,44,239206412,0.025293,0.589811,0.050295,5.296119,0.652645,0.212161,0.000139,1.707293,0.100873,32,0,0,1,1,1,31,31,0,0,True,True,0,0,0
chain32-warm,A1,5,5.435851,1.913497,3.275189,22,55,239206412,0.018049,0.515695,0.044549,4.857021,0.613217,0.202009,0.000115,1.799878,0.113504,32,0,0,1,1,1,31,31,0,0,True,True,0,0,0
chain32-warm,A1,6,5.495706,1.978775,3.361059,22,66,239206412,0.022413,0.581366,0.045334,4.845971,0.567358,0.21515,0.0001,1.884671,0.094004,32,0,0,1,1,1,31,31,0,0,True,True,0,0,0
chain32-warm,A1,7,5.557211,2.013878,3.376711,22,77,239206412,0.018639,0.553028,0.04454,4.940408,0.600807,0.196797,0.000101,1.917904,0.095873,32,0,0,1,1,1,31,31,0,0,True,True,0,0,0
chain32-warm,A1,8,5.465952,1.791287,3.278675,22,88,239206412,0.029777,0.552143,0.044559,4.838907,0.603445,0.208647,0.000125,1.692768,0.098394,32,0,0,1,1,1,31,31,0,0,True,True,0,0,0
chain32-warm,A1,9,5.81217,1.978814,3.305849,22,99,239206412,0.016164,0.584091,0.057385,5.153812,0.590206,0.218014,0.000108,1.83404,0.144666,32,0,0,1,1,1,31,31,0,0,True,True,0,0,0
chain32-warm,A1,10,5.520489,1.882508,3.366103,22,110,239206412,0.017843,0.564132,0.044999,4.892867,0.57991,0.217651,0.000121,1.739305,0.143082,32,0,0,1,1,1,31,31,0,0,True,True,0,0,0
chain32-warm,A1,11,5.586295,1.970302,3.276013,22,121,239206412,0.016526,0.580868,0.044815,4.943402,0.614934,0.223168,0.00011,1.810804,0.159388,32,0,0,1,1,1,31,31,0,0,True,True,0,0,0
chain32-warm,A1,12,5.537867,2.059313,3.281214,22,132,239206412,0.018864,0.537679,0.045225,4.935511,0.590421,0.195633,0.000138,1.900412,0.158763,32,0,0,1,1,1,31,31,0,0,True,True,0,0,0
chain32-warm,A1,13,5.450116,2.054747,3.391547,22,143,239206412,0.016587,0.561511,0.045174,4.826227,0.581986,0.21555,0.000125,1.907819,0.146803,32,0,0,1,1,1,31,31,0,0,True,True,0,0,0
chain32-warm,A1,14,7.440651,1.933362,3.35918,22,154,239206412,0.017113,0.557195,0.045317,6.820439,0.656983,0.218101,0.000127,1.776469,0.156766,32,0,0,1,1,1,31,31,0,0,True,True,0,0,0
chain32-warm,A1,15,5.732368,2.563019,3.358378,22,165,239206412,0.017893,0.569826,0.043904,5.100123,0.615494,0.21404,0.000128,2.400635,0.162256,32,0,0,1,1,1,31,31,0,0,True,True,0,0,0
chain32-warm,A1,16,6.438482,3.10527,3.908275,22,176,239206412,0.016922,0.605248,0.043803,5.771906,0.627569,0.227423,8.8e-05,2.951088,0.154094,32,0,0,1,1,1,31,31,0,0,True,True,0,0,0
chain32-warm,A1,17,5.712152,2.769593,3.327504,22,187,239206412,0.016317,0.640398,0.044043,5.010819,0.613075,0.228509,0.000128,2.610088,0.159377,32,0,0,1,1,1,31,31,0,0,True,True,0,0,0
chain32-warm,A1,18,5.546434,2.752977,3.311246,22,198,239206412,0.017178,0.585739,0.044546,4.898363,0.704347,0.221193,0.000121,2.59562,0.157236,32,0,0,1,1,1,31,31,0,0,True,True,0,0,0
chain32-warm,A1,19,5.650953,2.783998,3.410579,22,209,239206412,0.017377,0.575218,0.044232,5.013536,0.622553,0.240079,0.00012,2.625867,0.158011,32,0,0,1,1,1,31,31,0,0,True,True,0,0,0
dense12-cold,A0,0,223.036832,32.863033,8.351736,22,0,239206412,0.330972,127.026326,1.631096,94.047308,4.111604,29.255811,0.000145,32.617942,0.244946,34,0,0,1,1,1,1584,4488,0,0,True,True,0,0,0
dense12-cold,A0,1,18.66669,30.771923,8.050318,22,11,239206412,0.316468,0.700684,1.081081,16.56748,3.328921,1.149277,0.000146,30.508673,0.263104,34,0,0,1,1,1,1584,4488,0,0,True,True,0,0,0
dense12-cold,A0,2,19.829201,29.977774,10.274311,22,22,239206412,0.295643,0.750666,1.051896,17.730174,3.553312,1.371096,0.000171,29.712428,0.265175,34,0,0,1,1,1,1584,4488,0,0,True,True,0,0,0
dense12-cold,A0,3,28.273437,30.289933,15.88983,22,33,239206412,0.352285,0.721446,1.327442,25.871195,3.986599,1.462242,0.000156,30.068612,0.221165,34,0,0,1,1,1,1584,4488,0,0,True,True,0,0,0
dense12-cold,A0,4,25.612134,30.549099,12.830667,22,44,239206412,0.594112,0.97997,1.812968,22.223759,4.249251,1.618078,0.000174,30.328916,0.220009,34,0,0,1,1,1,1584,4488,0,0,True,True,0,0,0
dense12-cold,A0,5,24.328108,30.723684,13.655411,22,55,239206412,0.443795,0.875456,1.717842,21.289744,3.977772,1.729616,0.000214,30.572509,0.150961,34,0,0,1,1,1,1584,4488,0,0,True,True,0,0,0
dense12-cold,A0,6,25.574449,30.689415,16.290718,22,66,239206412,0.515821,0.921351,1.816772,22.319144,4.224828,1.877201,0.000222,30.507025,0.182168,34,0,0,1,1,1,1584,4488,0,0,True,True,0,0,0
dense12-cold,A0,7,34.26285,30.820237,16.525216,22,77,239206412,0.54202,1.229871,1.978172,30.511336,5.056678,1.890001,0.000265,30.765712,0.05426,34,0,0,1,1,1,1584,4488,0,0,True,True,0,0,0
dense12-cold,A0,8,28.186311,30.713482,15.037048,22,88,239206412,0.50941,1.002627,1.974104,24.698811,4.663903,1.797872,0.000194,30.486188,0.2271,34,0,0,1,1,1,1584,4488,0,0,True,True,0,0,0
dense12-cold,A0,9,25.930464,30.32692,15.054865,22,99,239206412,0.561196,0.943904,1.967924,22.456173,5.008088,1.816325,0.000252,30.08933,0.237338,34,0,0,1,1,1,1584,4488,0,0,True,True,0,0,0
dense12-cold,A0,10,26.234715,30.168771,15.043232,22,110,239206412,0.547744,0.99536,1.985289,22.704919,3.899344,1.70352,0.000217,30.026957,0.141597,34,0,0,1,1,1,1584,4488,0,0,True,True,0,0,0
dense12-cold,A0,11,26.204746,30.169088,14.885404,22,121,239206412,0.548625,0.885393,1.982602,22.786882,3.874799,1.676517,0.000224,29.975188,0.193676,34,0,0,1,1,1,1584,4488,0,0,True,True,0,0,0
dense12-cold,A0,12,28.634718,30.831538,15.448704,22,132,239206412,0.54635,0.956383,1.980643,25.149916,4.708006,1.828624,0.000255,30.554081,0.277202,34,0,0,1,1,1,1584,4488,0,0,True,True,0,0,0
dense12-cold,A0,13,29.709342,31.815106,16.14537,22,143,239206412,0.544072,1.002634,2.036796,26.124509,4.999685,1.986125,0.000213,31.626949,0.187944,34,0,0,1,1,1,1584,4488,0,0,True,True,0,0,0
dense12-cold,A0,14,28.341071,31.498662,16.063551,22,154,239206412,0.572752,1.003865,2.126182,24.63644,4.359931,2.011758,0.00023,31.306162,0.19227,34,0,0,1,1,1,1584,4488,0,0,True,True,0,0,0
dense12-cold,A0,15,28.92391,31.489303,15.918504,22,165,239206412,0.601817,1.011199,2.074361,25.23497,5.087677,1.998417,0.000206,31.304997,0.1841,34,0,0,1,1,1,1584,4488,0,0,True,True,0,0,0
dense12-cold,A0,16,34.574854,31.623477,19.724649,22,176,239206412,0.578177,1.002068,2.065335,30.927909,5.143585,2.033536,0.000225,31.55698,0.066272,34,0,0,1,1,1,1584,4488,0,0,True,True,0,0,0
dense12-cold,A0,17,31.728761,31.758368,15.484268,22,187,239206412,0.560716,0.998626,2.105418,28.0621,5.102284,1.876383,0.000185,31.563168,0.195015,34,0,0,1,1,1,1584,4488,0,0,True,True,0,0,0
dense12-cold,A0,18,27.7314,31.722365,14.924404,22,198,239206412,0.569118,1.049995,1.905922,24.205101,4.385006,1.858824,0.000167,31.413074,0.309124,34,0,0,1,1,1,1584,4488,0,0,True,True,0,0,0
dense12-cold,A0,19,27.410053,31.945455,15.034103,22,209,239206412,0.536228,1.026541,1.920466,23.92546,4.34753,1.875801,0.000219,31.755614,0.189622,34,0,0,1,1,1,1584,4488,0,0,True,True,0,0,0
dense12-cold,A1,0,222.378483,33.073033,7.576115,22,0,239206412,0.350644,126.010626,1.627814,94.388199,4.12609,26.700686,0.000155,32.812601,0.260277,34,0,0,1,1,1,1584,4488,0,0,True,True,0,0,0
dense12-cold,A1,1,17.625782,30.437463,8.286484,22,11,239206412,0.310241,0.715231,0.976955,15.622457,3.083533,1.189479,0.000128,30.16583,0.271505,34,0,0,1,1,1,1584,4488,0,0,True,True,0,0,0
dense12-cold,A1,2,18.958406,30.910637,9.406817,22,22,239206412,0.311053,0.730582,1.06608,16.849628,3.441267,1.274949,0.00013,30.64718,0.263327,34,0,0,1,1,1,1584,4488,0,0,True,True,0,0,0
dense12-cold,A1,3,20.125278,29.938138,12.802343,22,33,239206412,0.348936,0.655729,1.198115,17.921484,3.560757,1.541397,0.000127,29.651918,0.286093,34,0,0,1,1,1,1584,4488,0,0,True,True,0,0,0
dense12-cold,A1,4,27.950273,30.377531,15.164469,22,44,239206412,0.438391,1.653054,1.848594,24.009115,4.137523,1.537675,0.000174,30.229192,0.148165,34,0,0,1,1,1,1584,4488,0,0,True,True,0,0,0
dense12-cold,A1,5,25.094263,30.123311,13.789248,22,55,239206412,0.58,0.874266,1.964397,21.674499,4.505521,1.795327,0.000251,29.896828,0.226232,34,0,0,1,1,1,1584,4488,0,0,True,True,0,0,0
dense12-cold,A1,6,25.374406,30.230641,15.422837,22,66,239206412,0.500054,0.895515,1.838968,22.138784,4.166665,1.875573,0.000179,29.972562,0.2579,34,0,0,1,1,1,1584,4488,0,0,True,True,0,0,0
dense12-cold,A1,7,26.850983,30.552887,20.794669,22,77,239206412,0.557216,1.27322,1.997577,23.021616,4.536509,1.831754,0.000198,30.284425,0.268264,34,0,0,1,1,1,1584,4488,0,0,True,True,0,0,0
dense12-cold,A1,8,29.511185,30.67621,14.328115,22,88,239206412,0.579722,1.175698,1.983799,25.77069,4.728996,1.818018,0.000212,30.504794,0.171204,34,0,0,1,1,1,1584,4488,0,0,True,True,0,0,0
dense12-cold,A1,9,25.553047,30.747605,14.991671,22,99,239206412,0.519682,0.971195,1.831153,22.229765,4.709353,1.876637,0.000271,30.573915,0.173419,34,0,0,1,1,1,1584,4488,0,0,True,True,0,0,0
dense12-cold,A1,10,26.40642,30.797898,17.982932,22,110,239206412,0.546828,0.885724,1.98059,22.992004,4.159706,1.84974,0.000184,30.546206,0.251508,34,0,0,1,1,1,1584,4488,0,0,True,True,0,0,0
dense12-cold,A1,11,28.589001,30.459148,16.143418,22,121,239206412,0.530641,1.528015,1.969064,24.560052,4.520721,1.88468,0.000203,30.288173,0.170772,34,0,0,1,1,1,1584,4488,0,0,True,True,0,0,0
dense12-cold,A1,12,26.26166,31.135001,14.917202,22,132,239206412,0.564824,0.913903,1.99151,22.79012,4.292601,1.88169,0.000176,30.925995,0.20883,34,0,0,1,1,1,1584,4488,0,0,True,True,0,0,0
dense12-cold,A1,13,26.595904,30.398955,14.886215,22,143,239206412,0.540215,0.965568,1.982195,23.10658,4.103146,1.81899,0.000186,30.158716,0.240053,34,0,0,1,1,1,1584,4488,0,0,True,True,0,0,0
dense12-cold,A1,14,26.402888,30.22591,15.033041,22,154,239206412,0.550224,0.965478,1.985783,22.899806,4.693366,1.843778,0.000201,29.990308,0.235401,34,0,0,1,1,1,1584,4488,0,0,True,True,0,0,0
dense12-cold,A1,15,26.18419,30.817117,15.167366,22,165,239206412,0.565735,0.958883,1.992392,22.665775,4.08572,1.876854,0.000228,30.649606,0.167283,34,0,0,1,1,1,1584,4488,0,0,True,True,0,0,0
dense12-cold,A1,16,32.680379,31.414046,25.817301,22,176,239206412,0.55497,0.984443,1.987717,29.151849,5.088858,1.893178,0.000214,31.353817,0.060015,34,0,0,1,1,1,1584,4488,0,0,True,True,0,0,0
dense12-cold,A1,17,28.952653,32.189522,15.512731,22,187,239206412,0.564703,0.996109,2.019293,25.371157,4.864205,1.838248,0.000203,31.90823,0.281089,34,0,0,1,1,1,1584,4488,0,0,True,True,0,0,0
dense12-cold,A1,18,26.503833,31.180136,14.996014,22,198,239206412,0.561202,0.992939,1.956484,22.992111,4.209466,1.836866,0.000181,30.994081,0.185874,34,0,0,1,1,1,1584,4488,0,0,True,True,0,0,0
dense12-cold,A1,19,26.458182,31.303951,16.30418,22,209,239206412,0.519975,0.95457,1.996322,22.986157,4.150494,1.859668,0.000181,31.132,0.17177,34,0,0,1,1,1,1584,4488,0,0,True,True,0,0,0
dense12-warm,A0,0,224.054952,33.734196,8.654159,22,0,239206412,0.323301,127.883288,1.665034,94.182059,3.416702,29.117918,0.000122,33.629029,0.105045,34,0,0,1,1,1,1584,4488,0,0,True,True,0,0,0
dense12-warm,A0,1,18.713544,29.683356,8.55878,22,11,239206412,0.321165,0.672778,1.106925,16.611745,2.787696,0.863081,0.000134,29.535168,0.148054,34,0,0,1,1,1,1584,4488,0,0,True,True,0,0,0
dense12-warm,A0,2,24.868861,29.976649,18.613211,22,22,239206412,0.322715,1.179775,1.36713,21.998231,2.653688,0.951959,9.6e-05,29.810886,0.165667,34,0,0,1,1,1,1584,4488,0,0,True,True,0,0,0
dense12-warm,A0,3,24.337528,30.99777,13.138403,22,33,239206412,0.47062,0.839064,1.731118,21.295512,3.452458,1.467405,0.000183,30.848144,0.149443,34,0,0,1,1,1,1584,4488,0,0,True,True,0,0,0
dense12-warm,A0,4,25.427055,31.021779,14.891893,22,44,239206412,0.499576,0.915651,1.712491,22.298202,3.743454,1.305455,0.000221,30.829423,0.192135,34,0,0,1,1,1,1584,4488,0,0,True,True,0,0,0
dense12-warm,A0,5,25.379197,31.097749,15.34018,22,55,239206412,0.515147,0.933733,1.99264,21.93631,4.183882,1.438983,0.000228,30.968162,0.129359,34,0,0,1,1,1,1584,4488,0,0,True,True,0,0,0
dense12-warm,A0,6,26.420399,31.215483,15.499447,22,66,239206412,0.585148,0.984993,2.013149,22.835799,3.514315,1.518443,0.000134,31.04221,0.173139,34,0,0,1,1,1,1584,4488,0,0,True,True,0,0,0
dense12-warm,A0,7,29.574652,31.283614,15.875564,22,77,239206412,0.552919,1.280814,2.040786,25.698837,4.345953,1.48875,0.00016,31.110352,0.173102,34,0,0,1,1,1,1584,4488,0,0,True,True,0,0,0
dense12-warm,A0,8,26.098103,31.339675,15.324464,22,88,239206412,0.583286,0.876709,2.017101,22.619463,4.087342,1.437518,0.000146,31.148534,0.190995,34,0,0,1,1,1,1584,4488,0,0,True,True,0,0,0
dense12-warm,A0,9,26.547272,31.198421,15.015564,22,99,239206412,0.555074,0.954322,2.012314,23.024207,3.460314,1.480427,0.000136,31.006288,0.191997,34,0,0,1,1,1,1584,4488,0,0,True,True,0,0,0
dense12-warm,A0,10,27.595514,31.133029,14.943053,22,110,239206412,0.574893,0.88414,1.988654,24.146441,4.275851,1.486875,0.000247,30.990901,0.141881,34,0,0,1,1,1,1584,4488,0,0,True,True,0,0,0
dense12-warm,A0,11,32.490934,31.236622,22.43435,22,121,239206412,0.521979,0.874076,2.024093,29.069446,4.294074,1.498602,0.000248,31.08466,0.151714,34,0,0,1,1,1,1584,4488,0,0,True,True,0,0,0
dense12-warm,A0,12,27.968531,31.4564,15.486002,22,132,239206412,0.557346,0.976186,2.01714,24.416435,3.736999,1.481394,0.00014,31.274144,0.182116,34,0,0,1,1,1,1584,4488,0,0,True,True,0,0,0
dense12-warm,A0,13,26.227445,31.387332,14.962679,22,143,239206412,0.569117,0.975393,2.0206,22.660882,3.841498,1.50553,0.000224,31.180916,0.206192,34,0,0,1,1,1,1584,4488,0,0,True,True,0,0,0
dense12-warm,A0,14,26.652229,31.403644,14.904146,22,154,239206412,0.553352,0.947105,2.017822,23.132576,4.355254,1.500541,0.000245,31.203122,0.200277,34,0,0,1,1,1,1584,4488,0,0,True,True,0,0,0
dense12-warm,A0,15,26.55387,31.203068,14.253705,22,165,239206412,0.539834,0.920512,2.010425,23.081812,3.323235,1.405464,0.000171,31.075749,0.127148,34,0,0,1,1,1,1584,4488,0,0,True,True,0,0,0
dense12-warm,A0,16,25.509123,30.924832,14.181336,22,176,239206412,0.504061,0.896539,1.862441,22.244969,3.512879,1.366603,0.000197,30.743017,0.181618,34,0,0,1,1,1,1584,4488,0,0,True,True,0,0,0
dense12-warm,A0,17,27.823765,31.761051,15.034698,22,187,239206412,0.522582,0.856603,1.843026,24.600429,4.048424,1.570606,0.000161,31.584689,0.176201,34,0,0,1,1,1,1584,4488,0,0,True,True,0,0,0
dense12-warm,A0,18,26.107372,30.974499,15.193127,22,198,239206412,0.525558,0.940054,1.999155,22.641317,3.519771,1.530799,0.000208,30.817576,0.156715,34,0,0,1,1,1,1584,4488,0,0,True,True,0,0,0
dense12-warm,A0,19,26.255728,31.669853,15.860889,22,209,239206412,0.579071,0.882606,2.006127,22.786692,3.806557,1.534584,0.000191,31.520759,0.148903,34,0,0,1,1,1,1584,4488,0,0,True,True,0,0,0
dense12-warm,A1,0,207.414414,33.648387,7.551566,22,0,239206412,0.359728,119.346485,1.558998,86.148155,3.248371,25.630067,0.000112,33.475419,0.172856,34,0,0,1,1,1,1584,4488,0,0,True,True,0,0,0
dense12-warm,A1,1,17.104729,31.067317,7.267035,22,11,239206412,0.297729,0.651467,0.986856,15.167735,2.50493,0.827062,0.000115,30.884991,0.182211,34,0,0,1,1,1,1584,4488,0,0,True,True,0,0,0
dense12-warm,A1,2,16.947582,31.838562,12.889353,22,22,239206412,0.270442,0.597242,0.932557,15.146687,2.619243,1.009963,0.000117,31.633117,0.205328,34,0,0,1,1,1,1584,4488,0,0,True,True,0,0,0
dense12-warm,A1,3,22.569479,31.122129,11.386869,22,33,239206412,0.464854,0.784122,1.615995,19.703482,3.34222,1.234572,0.000158,30.922401,0.19957,34,0,0,1,1,1,1584,4488,0,0,True,True,0,0,0
dense12-warm,A1,4,23.260038,31.098158,15.189274,22,44,239206412,0.398142,0.754811,1.473422,20.632667,3.648378,1.561841,0.000185,30.855335,0.242638,34,0,0,1,1,1,1584,4488,0,0,True,True,0,0,0
dense12-warm,A1,5,25.30885,31.286319,14.985277,22,55,239206412,0.572479,1.047323,1.868391,21.819383,3.579136,1.537526,0.000177,31.065263,0.220879,34,0,0,1,1,1,1584,4488,0,0,True,True,0,0,0
dense12-warm,A1,6,26.965381,31.029457,15.159157,22,66,239206412,0.581025,0.968363,1.985222,23.429664,3.935202,1.618712,0.000196,30.882341,0.14692,34,0,0,1,1,1,1584,4488,0,0,True,True,0,0,0
dense12-warm,A1,7,26.275478,31.461741,14.912651,22,77,239206412,0.579317,1.281847,1.984908,22.428343,3.479369,1.346353,0.000185,31.260772,0.200784,34,0,0,1,1,1,1584,4488,0,0,True,True,0,0,0
dense12-warm,A1,8,26.769048,30.987142,16.396761,22,88,239206412,0.539708,0.970705,1.990876,23.266647,4.484482,1.648151,0.000201,30.823926,0.163015,34,0,0,1,1,1,1584,4488,0,0,True,True,0,0,0
dense12-warm,A1,9,28.527934,30.875194,15.042541,22,99,239206412,0.552681,0.878369,1.983359,25.112302,4.20706,1.626836,0.000215,30.689857,0.185122,34,0,0,1,1,1,1584,4488,0,0,True,True,0,0,0
dense12-warm,A1,10,26.429649,31.322908,14.234207,22,110,239206412,0.539717,0.954519,2.005393,22.928852,3.571636,1.506535,0.000201,31.069117,0.25359,34,0,0,1,1,1,1584,4488,0,0,True,True,0,0,0
dense12-warm,A1,11,24.47343,31.147259,13.693102,22,121,239206412,0.517137,0.920201,1.834814,21.200064,3.474342,1.511479,0.000172,30.953817,0.19327,34,0,0,1,1,1,1584,4488,0,0,True,True,0,0,0
dense12-warm,A1,12,25.709163,31.221128,22.034313,22,132,239206412,0.512255,0.870254,1.825373,22.500086,3.711798,1.611091,0.000185,30.943192,0.277751,34,0,0,1,1,1,1584,4488,0,0,True,True,0,0,0
dense12-warm,A1,13,38.432464,31.781157,15.032046,22,143,239206412,0.573048,2.33713,1.988211,33.532862,4.508027,1.661498,0.00024,31.609868,0.171049,34,0,0,1,1,1,1584,4488,0,0,True,True,0,0,0
dense12-warm,A1,14,26.047431,31.231367,14.65623,22,154,239206412,0.559283,0.960115,1.982439,22.544391,3.672709,1.63257,0.000189,30.962353,0.268825,34,0,0,1,1,1,1584,4488,0,0,True,True,0,0,0
dense12-warm,A1,15,26.222012,30.784817,15.062318,22,165,239206412,0.557202,0.837207,1.975335,22.851013,3.533204,1.592806,0.00018,30.534458,0.250179,34,0,0,1,1,1,1584,4488,0,0,True,True,0,0,0
dense12-warm,A1,16,28.08221,31.29287,16.391756,22,176,239206412,0.555215,1.055138,2.00974,24.461006,4.056887,1.705268,0.000201,31.227329,0.06534,34,0,0,1,1,1,1584,4488,0,0,True,True,0,0,0
dense12-warm,A1,17,28.60925,30.864875,14.68734,22,187,239206412,0.558758,0.988731,1.997525,25.063122,4.177823,1.614435,0.000235,30.685429,0.179211,34,0,0,1,1,1,1584,4488,0,0,True,True,0,0,0
dense12-warm,A1,18,27.862436,31.292901,14.923053,22,198,239206412,0.541863,0.854223,1.968012,24.497119,4.172894,1.61295,0.000222,31.019837,0.272842,34,0,0,1,1,1,1584,4488,0,0,True,True,0,0,0
dense12-warm,A1,19,27.506607,31.195815,14.674419,22,209,239206412,0.559697,1.003682,1.985957,23.956289,3.929811,1.611895,0.000216,31.020939,0.17466,34,0,0,1,1,1,1584,4488,0,0,True,True,0,0,0
destruction-cold,A0,0,185.957856,6.886448,3.489873,22,0,239206412,0.011355,114.663861,0.077439,71.204261,0.653625,1.240528,0.000111,6.713626,0.172711,1,0,0,1,1,1,1,1,0,0,True,True,0,0,0
destruction-cold,A0,1,5.30987,3.134719,3.395594,22,11,239206412,0.016556,0.578078,0.026129,4.688452,0.55282,0.180194,6.8e-05,2.969084,0.165567,1,0,0,1,1,1,1,1,0,0,True,True,0,0,0
destruction-cold,A0,2,5.409946,2.697786,3.390844,22,22,239206412,0.017736,0.585987,0.0226,4.783078,0.550553,0.17542,9.8e-05,2.536417,0.161271,1,0,0,1,1,1,1,1,0,0,True,True,0,0,0
destruction-cold,A0,3,5.439815,2.242068,3.380328,22,33,239206412,0.017552,0.57393,0.022274,4.825471,0.519637,0.193852,6.4e-05,2.069139,0.172865,1,0,0,1,1,1,1,1,0,0,True,True,0,0,0
destruction-cold,A0,4,5.322811,2.776005,5.44335,22,44,239206412,0.014312,0.608239,0.021242,4.678402,0.492198,0.173685,8.4e-05,2.622626,0.153295,1,0,0,1,1,1,1,1,0,0,True,True,0,0,0
destruction-cold,A0,5,6.676124,2.705373,3.459757,22,55,239206412,0.01807,1.76018,0.021578,4.875708,0.542943,0.178377,6.9e-05,2.532856,0.172448,1,0,0,1,1,1,1,1,0,0,True,True,0,0,0
destruction-cold,A0,6,5.435423,3.028939,3.464211,22,66,239206412,0.019293,0.604592,0.021208,4.789699,0.489184,0.175905,6.6e-05,2.868987,0.159886,1,0,0,1,1,1,1,1,0,0,True,True,0,0,0
destruction-cold,A0,7,5.481668,2.598313,3.375204,22,77,239206412,0.020251,0.57708,0.021388,4.862404,0.485149,0.20673,9.1e-05,2.443931,0.154291,1,0,0,1,1,1,1,1,0,0,True,True,0,0,0
destruction-cold,A0,8,5.539808,2.53264,3.618599,22,88,239206412,0.018659,0.572569,0.021264,4.926765,0.546592,0.196876,0.0001,2.359913,0.172627,1,0,0,1,1,1,1,1,0,0,True,True,0,0,0
destruction-cold,A0,9,5.501793,3.119642,3.42349,22,99,239206412,0.033597,0.560011,0.024605,4.883025,0.487541,0.157513,6.4e-05,2.960251,0.159327,1,0,0,1,1,1,1,1,0,0,True,True,0,0,0
destruction-cold,A0,10,5.430291,3.061899,3.442397,22,110,239206412,0.018776,0.589562,0.022213,4.799177,0.536053,0.175497,6.8e-05,2.90678,0.155051,1,0,0,1,1,1,1,1,0,0,True,True,0,0,0
destruction-cold,A0,11,5.475807,2.916909,3.450937,22,121,239206412,0.019221,0.57025,0.035813,4.849972,0.500162,0.184854,8.9e-05,2.747808,0.169012,1,0,0,1,1,1,1,1,0,0,True,True,0,0,0
destruction-cold,A0,12,5.461619,3.081001,3.453372,22,132,239206412,0.01758,0.591496,0.021766,4.830207,0.480243,0.242236,7.2e-05,2.913746,0.167183,1,0,0,1,1,1,1,1,0,0,True,True,0,0,0
destruction-cold,A0,13,5.396226,3.062104,3.57053,22,143,239206412,0.017481,0.637359,0.021995,4.718824,0.498499,0.17433,8e-05,2.905208,0.156816,1,0,0,1,1,1,1,1,0,0,True,True,0,0,0
destruction-cold,A0,14,5.687005,3.515476,3.428419,22,154,239206412,0.012646,0.638712,0.022385,5.012739,0.529022,0.223872,8.2e-05,3.334971,0.180423,1,0,0,1,1,1,1,1,0,0,True,True,0,0,0
destruction-cold,A0,15,5.297877,2.998052,3.515629,22,165,239206412,0.016234,0.622834,0.021744,4.6365,0.564584,0.174816,6.2e-05,2.848199,0.149791,1,0,0,1,1,1,1,1,0,0,True,True,0,0,0
destruction-cold,A0,16,5.391623,3.112227,3.437575,22,176,239206412,0.018091,0.60113,0.021516,4.750312,0.553928,0.188806,7.1e-05,2.953789,0.158367,1,0,0,1,1,1,1,1,0,0,True,True,0,0,0
destruction-cold,A0,17,5.324725,3.42658,4.447054,22,187,239206412,0.017697,0.579526,0.021637,4.705311,0.585771,0.190445,8.5e-05,3.272821,0.153674,1,0,0,1,1,1,1,1,0,0,True,True,0,0,0
destruction-cold,A0,18,5.576614,2.894094,3.433041,22,198,239206412,0.018366,1.033079,0.021451,4.503158,0.508111,0.182701,6.4e-05,2.731038,0.162992,1,0,0,1,1,1,1,1,0,0,True,True,0,0,0
destruction-cold,A0,19,5.249072,2.869616,3.484337,22,209,239206412,0.018977,0.561017,0.022067,4.646463,0.547876,0.175225,7.2e-05,2.714299,0.155245,1,0,0,1,1,1,1,1,0,0,True,True,0,0,0
destruction-cold,A1,0,212.010895,6.634902,4.474833,22,0,239206412,0.011204,130.282642,0.092901,81.622994,0.740732,1.373404,0.000161,6.455565,0.179176,1,0,0,1,1,1,1,1,0,0,True,True,0,0,0
destruction-cold,A1,1,5.89786,2.857397,3.997299,22,11,239206412,0.019139,0.608017,0.029224,5.240794,0.64685,0.242326,0.000115,2.677298,0.179984,1,0,0,1,1,1,1,1,0,0,True,True,0,0,0
destruction-cold,A1,2,5.982628,2.126429,3.374488,22,22,239206412,0.017029,0.557161,0.022586,5.385271,0.618542,0.183878,0.000102,1.969431,0.156896,1,0,0,1,1,1,1,1,0,0,True,True,0,0,0
destruction-cold,A1,3,5.332351,2.075237,3.33767,22,33,239206412,0.017219,0.591952,0.022393,4.700332,0.611865,0.20491,0.000139,1.911438,0.16366,1,0,0,1,1,1,1,1,0,0,True,True,0,0,0
destruction-cold,A1,4,5.770138,2.142156,3.368937,22,44,239206412,0.01858,0.57608,0.022795,5.152081,0.610178,0.194206,0.000113,1.984333,0.15771,1,0,0,1,1,1,1,1,0,0,True,True,0,0,0
destruction-cold,A1,5,6.205307,2.960203,4.0573,22,55,239206412,0.014717,0.602338,0.022943,5.564744,0.49084,0.207302,0.000111,2.802634,0.157458,1,0,0,1,1,1,1,1,0,0,True,True,0,0,0
destruction-cold,A1,6,5.582571,2.193952,3.457099,22,66,239206412,0.019063,0.539843,0.023608,4.999483,0.625362,0.189673,0.000109,2.022478,0.171365,1,0,0,1,1,1,1,1,0,0,True,True,0,0,0
destruction-cold,A1,7,5.638664,2.257269,3.517581,22,77,239206412,0.01861,0.579311,0.022874,5.017304,0.738489,0.206976,0.000448,2.09886,0.157961,1,0,0,1,1,1,1,1,0,0,True,True,0,0,0
destruction-cold,A1,8,5.50935,2.630927,3.429602,22,88,239206412,0.018832,0.595764,0.02352,4.870771,0.541111,0.196049,0.000104,2.454058,0.176765,1,0,0,1,1,1,1,1,0,0,True,True,0,0,0
destruction-cold,A1,9,5.974571,2.3284,3.481682,22,99,239206412,0.018645,0.592007,0.023587,5.339744,0.57491,0.204982,0.000108,2.175045,0.153247,1,0,0,1,1,1,1,1,0,0,True,True,0,0,0
destruction-cold,A1,10,5.532814,1.963937,3.592744,22,110,239206412,0.019929,0.56197,0.023539,4.926808,0.567574,0.219448,0.000102,1.805686,0.158149,1,0,0,1,1,1,1,1,0,0,True,True,0,0,0
destruction-cold,A1,11,5.443579,2.196276,3.32875,22,121,239206412,0.026311,0.586198,0.031828,4.798202,0.614279,0.198305,0.000109,2.034711,0.161456,1,0,0,1,1,1,1,1,0,0,True,True,0,0,0
destruction-cold,A1,12,5.531706,2.052239,4.444089,22,132,239206412,0.015259,0.594519,0.022427,4.899037,0.60504,0.184233,0.000112,1.891752,0.160375,1,0,0,1,1,1,1,1,0,0,True,True,0,0,0
destruction-cold,A1,13,5.308944,2.665093,4.38289,22,143,239206412,0.01854,0.576331,0.023188,4.690331,0.572288,0.22062,0.000113,2.507159,0.157821,1,0,0,1,1,1,1,1,0,0,True,True,0,0,0
destruction-cold,A1,14,5.871579,2.147759,3.387273,22,154,239206412,0.015266,0.566307,0.023484,5.251826,0.605001,0.20258,0.00014,1.976026,0.171593,1,0,0,1,1,1,1,1,0,0,True,True,0,0,0
destruction-cold,A1,15,5.420707,2.579656,3.46534,22,165,239206412,0.018906,0.614436,0.023825,4.763042,0.540112,0.203615,0.00012,2.402835,0.176701,1,0,0,1,1,1,1,1,0,0,True,True,0,0,0
destruction-cold,A1,16,5.757252,2.201046,3.45191,22,176,239206412,0.017907,0.649,0.024101,5.065682,0.575091,0.177166,0.000111,2.031878,0.169057,1,0,0,1,1,1,1,1,0,0,True,True,0,0,0
destruction-cold,A1,17,5.399316,2.932662,4.662835,22,187,239206412,0.015349,0.618953,0.023519,4.741008,0.496878,0.210187,9.7e-05,2.77007,0.162495,1,0,0,1,1,1,1,1,0,0,True,True,0,0,0
destruction-cold,A1,18,6.065136,3.786511,4.407463,22,198,239206412,0.018409,1.215237,0.023668,4.807236,0.579232,0.231381,9.7e-05,3.626229,0.160185,1,0,0,1,1,1,1,1,0,0,True,True,0,0,0
destruction-cold,A1,19,6.028901,1.803476,3.369397,22,209,239206412,0.019341,0.626546,0.023182,5.359294,0.580246,0.217718,0.000112,1.653803,0.149561,1,0,0,1,1,1,1,1,0,0,True,True,0,0,0
destruction-damaged,A0,0,204.214414,6.784647,3.451636,22,0,239206412,0.014104,133.626597,0.079251,70.493522,0.68858,1.214749,7.5e-05,6.617847,0.166725,1,0,0,1,1,1,1,1,0,0,True,True,0,0,0
destruction-damaged,A0,1,5.360437,3.265596,3.306259,22,11,239206412,0.015872,0.615107,0.026228,4.702635,0.604267,0.17271,8.6e-05,3.114894,0.150616,1,0,0,1,1,1,1,1,0,0,True,True,0,0,0
destruction-damaged,A0,2,5.369609,3.00678,3.333301,22,22,239206412,0.016635,0.562151,0.021376,4.768777,0.553092,0.179952,6.7e-05,2.849896,0.156817,1,0,0,1,1,1,1,1,0,0,True,True,0,0,0
destruction-damaged,A0,3,5.45783,3.078247,3.628178,22,33,239206412,0.01414,0.602019,0.02176,4.819361,0.479326,0.272753,6.8e-05,2.91062,0.167559,1,0,0,1,1,1,1,1,0,0,True,True,0,0,0
destruction-damaged,A0,4,5.830993,3.345476,3.465207,22,44,239206412,0.018987,0.677035,0.027484,5.106891,0.568338,0.204877,6.4e-05,3.190964,0.154448,1,0,0,1,1,1,1,1,0,0,True,True,0,0,0
destruction-damaged,A0,5,5.990662,3.249956,3.571553,22,55,239206412,0.020247,0.60456,0.023687,5.341642,0.525294,0.207318,9.7e-05,3.067524,0.182335,1,0,0,1,1,1,1,1,0,0,True,True,0,0,0
destruction-damaged,A0,6,5.410341,2.952071,3.353965,22,66,239206412,0.020016,0.588714,0.025597,4.775452,0.539227,0.173262,6.4e-05,2.797102,0.154905,1,0,0,1,1,1,1,1,0,0,True,True,0,0,0
destruction-damaged,A0,7,5.687341,3.077585,3.378729,22,77,239206412,0.017383,0.585466,0.02349,5.060497,0.494212,0.174585,6.3e-05,2.924123,0.153399,1,0,0,1,1,1,1,1,0,0,True,True,0,0,0
destruction-damaged,A0,8,5.558265,3.304776,3.315392,22,88,239206412,0.015108,0.556229,0.022309,4.964079,0.536676,0.173621,6.8e-05,3.151657,0.153051,1,0,0,1,1,1,1,1,0,0,True,True,0,0,0
destruction-damaged,A0,9,5.668218,3.158719,3.39963,22,99,239206412,0.017629,0.599242,0.023247,5.027583,0.565887,0.167366,6.8e-05,2.99963,0.159021,1,0,0,1,1,1,1,1,0,0,True,True,0,0,0
destruction-damaged,A0,10,5.404488,2.267792,3.466681,22,110,239206412,0.020368,0.545789,0.022343,4.815406,0.526761,0.195145,6.4e-05,2.112541,0.155187,1,0,0,1,1,1,1,1,0,0,True,True,0,0,0
destruction-damaged,A0,11,5.763471,2.05525,4.128735,22,121,239206412,0.018143,0.587118,0.022761,5.134916,0.572136,0.175016,7.5e-05,1.889445,0.16573,1,0,0,1,1,1,1,1,0,0,True,True,0,0,0
destruction-damaged,A0,12,6.082661,2.510607,3.342217,22,132,239206412,0.01964,0.563962,0.022845,5.475719,0.556019,0.181341,6.8e-05,2.357399,0.15314,1,0,0,1,1,1,1,1,0,0,True,True,0,0,0
destruction-damaged,A0,13,5.322296,2.137161,3.564819,22,143,239206412,0.016967,0.557905,0.021844,4.725092,0.506992,0.178184,7.9e-05,1.971989,0.165093,1,0,0,1,1,1,1,1,0,0,True,True,0,0,0
destruction-damaged,A0,14,5.56656,1.873915,3.332259,22,154,239206412,0.017488,0.572342,0.021726,4.954468,0.501166,0.175509,7.9e-05,1.702036,0.1718,1,0,0,1,1,1,1,1,0,0,True,True,0,0,0
destruction-damaged,A0,15,5.243339,2.875994,5.18757,22,165,239206412,0.018774,0.581765,0.022024,4.620284,0.514036,0.183302,6.6e-05,2.724769,0.151159,1,0,0,1,1,1,1,1,0,0,True,True,0,0,0
destruction-damaged,A0,16,6.484841,2.617939,4.923951,22,176,239206412,0.017482,1.6215,0.032153,4.813118,0.554099,0.175647,6.7e-05,2.449434,0.168438,1,0,0,1,1,1,1,1,0,0,True,True,0,0,0
destruction-damaged,A0,17,11.346893,3.559446,3.516958,22,187,239206412,0.016932,0.502273,0.022143,10.805046,0.563942,0.222681,7.1e-05,3.404658,0.154717,1,0,0,1,1,1,1,1,0,0,True,True,0,0,0
destruction-damaged,A0,18,5.263912,3.096726,3.396372,22,198,239206412,0.019572,0.591261,0.036634,4.615867,0.550728,0.175566,7.5e-05,2.939265,0.157386,1,0,0,1,1,1,1,1,0,0,True,True,0,0,0
destruction-damaged,A0,19,5.176625,3.256212,3.68111,22,209,239206412,0.019735,0.522921,0.023555,4.609892,0.515787,0.184423,8.2e-05,3.089917,0.166213,1,0,0,1,1,1,1,1,0,0,True,True,0,0,0
destruction-damaged,A1,0,208.183475,7.22617,3.809911,22,0,239206412,0.01346,125.678847,0.091406,82.398801,0.749494,1.272682,9.6e-05,7.064968,0.161106,1,0,0,1,1,1,1,1,0,0,True,True,0,0,0
destruction-damaged,A1,1,5.465992,3.808851,3.354184,22,11,239206412,0.018856,0.555141,0.040386,4.85096,0.562016,0.187298,8.5e-05,3.652903,0.155863,1,0,0,1,1,1,1,1,0,0,True,True,0,0,0
destruction-damaged,A1,2,5.371577,3.163864,3.27154,22,22,239206412,0.017645,0.543132,0.022241,4.787995,0.538441,0.211369,8.4e-05,2.997597,0.166183,1,0,0,1,1,1,1,1,0,0,True,True,0,0,0
destruction-damaged,A1,3,5.352531,3.190577,3.322705,22,33,239206412,0.016787,0.595675,0.02246,4.71708,0.528236,0.225624,8.2e-05,3.034625,0.15587,1,0,0,1,1,1,1,1,0,0,True,True,0,0,0
destruction-damaged,A1,4,5.305096,3.124106,3.352398,22,44,239206412,0.014985,0.559988,0.021561,4.708044,0.542467,0.179993,8.2e-05,2.962342,0.161682,1,0,0,1,1,1,1,1,0,0,True,True,0,0,0
destruction-damaged,A1,5,5.242646,3.678674,3.315879,22,55,239206412,0.016277,0.592588,0.021319,4.611931,0.494114,0.196816,8e-05,3.517001,0.161593,1,0,0,1,1,1,1,1,0,0,True,True,0,0,0
destruction-damaged,A1,6,5.381365,3.167857,3.426799,22,66,239206412,0.017013,0.616741,0.021261,4.725779,0.554627,0.199893,8.8e-05,3.010495,0.157274,1,0,0,1,1,1,1,1,0,0,True,True,0,0,0
destruction-damaged,A1,7,5.501689,3.469673,3.382188,22,77,239206412,0.017449,0.594398,0.021536,4.867754,0.513409,0.178148,6.5e-05,3.302289,0.167319,1,0,0,1,1,1,1,1,0,0,True,True,0,0,0
destruction-damaged,A1,8,5.370772,2.955424,3.368242,22,88,239206412,0.016619,0.588637,0.032765,4.732244,0.524089,0.177124,8e-05,2.802923,0.152421,1,0,0,1,1,1,1,1,0,0,True,True,0,0,0
destruction-damaged,A1,9,5.331945,3.135517,3.348003,22,99,239206412,0.018366,0.534335,0.021808,4.756916,0.513817,0.205096,8.9e-05,2.985244,0.150184,1,0,0,1,1,1,1,1,0,0,True,True,0,0,0
destruction-damaged,A1,10,5.412215,3.228636,3.677459,22,110,239206412,0.018424,0.579129,0.033963,4.780151,0.508065,0.180451,8.6e-05,3.073721,0.154829,1,0,0,1,1,1,1,1,0,0,True,True,0,0,0
destruction-damaged,A1,11,5.397134,3.233272,3.349037,22,121,239206412,0.020171,0.586823,0.021489,4.768087,0.621526,0.232892,9.2e-05,3.077821,0.155359,1,0,0,1,1,1,1,1,0,0,True,True,0,0,0
destruction-damaged,A1,12,5.373638,3.181702,3.376688,22,132,239206412,0.013978,0.591107,0.021593,4.74643,0.494607,0.176341,8.1e-05,3.027953,0.153668,1,0,0,1,1,1,1,1,0,0,True,True,0,0,0
destruction-damaged,A1,13,6.051496,3.903889,4.640764,22,143,239206412,0.017881,1.297359,0.021943,4.71376,0.554374,0.220234,8.8e-05,3.721969,0.181832,1,0,0,1,1,1,1,1,0,0,True,True,0,0,0
destruction-damaged,A1,14,6.83952,3.099785,3.387014,22,154,239206412,0.0178,1.02965,0.021993,5.769561,0.530688,0.226754,8.1e-05,2.919026,0.180678,1,0,0,1,1,1,1,1,0,0,True,True,0,0,0
destruction-damaged,A1,15,5.325402,3.049803,3.644275,22,165,239206412,0.018848,0.581903,0.021726,4.702372,0.545334,0.165988,8.5e-05,2.894339,0.155379,1,0,0,1,1,1,1,1,0,0,True,True,0,0,0
destruction-damaged,A1,16,5.413906,3.029206,3.331237,22,176,239206412,0.014209,0.599656,0.022748,4.776712,0.598861,0.170031,8.3e-05,2.878949,0.150174,1,0,0,1,1,1,1,1,0,0,True,True,0,0,0
destruction-damaged,A1,17,5.352369,3.66277,4.279295,22,187,239206412,0.018198,0.562528,0.021808,4.749332,0.538025,0.194592,8.3e-05,3.509164,0.153523,1,0,0,1,1,1,1,1,0,0,True,True,0,0,0
destruction-damaged,A1,18,6.639745,3.985197,3.818672,22,198,239206412,0.018797,0.990426,0.022676,5.607341,0.542985,0.204763,9e-05,3.826998,0.158109,1,0,0,1,1,1,1,1,0,0,True,True,0,0,0
destruction-damaged,A1,19,5.6814,3.256372,3.6951,22,209,239206412,0.029188,0.542927,0.025349,5.083331,0.572096,0.297306,8.5e-05,3.071075,0.185212,1,0,0,1,1,1,1,1,0,0,True,True,0,0,0
destruction-fractured,A0,0,221.029423,9.357663,4.07046,22,0,239206412,0.011101,128.53206,0.118785,92.36649,0.746001,1.395965,0.000155,9.178835,0.178673,0,0,0,1,2,0,0,0,1,1,True,True,0,0,0
destruction-fractured,A0,1,6.18615,4.831954,4.188121,22,11,239206412,0.017919,0.600018,0.047155,5.520274,0.669063,0.212029,0.000116,4.662686,0.169152,0,0,0,1,2,0,0,0,1,1,True,True,0,0,0
destruction-fractured,A0,2,5.974134,4.887055,3.966026,22,22,239206412,0.020725,0.546701,0.045967,5.360112,0.65966,0.194055,0.00011,4.72176,0.165185,0,0,0,1,2,0,0,0,1,1,True,True,0,0,0
destruction-fractured,A0,3,5.968331,2.958197,4.011747,22,33,239206412,0.019533,0.589592,0.032563,5.325946,0.661906,0.240353,0.000117,2.778438,0.179642,0,0,0,1,2,0,0,0,1,1,True,True,0,0,0
destruction-fractured,A0,4,5.964523,3.339232,4.251276,22,44,239206412,0.014586,0.547867,0.033239,5.368185,0.579703,0.213644,0.000139,3.170361,0.168732,0,0,0,1,2,0,0,0,1,1,True,True,0,0,0
destruction-fractured,A0,5,7.596438,3.350718,3.968434,22,55,239206412,0.02246,0.540375,0.032546,7.00036,0.650868,0.173482,0.000117,3.215335,0.135266,0,0,0,1,2,0,0,0,1,1,True,True,0,0,0
destruction-fractured,A0,6,6.28925,5.306258,3.964201,22,66,239206412,0.020707,0.67874,0.03206,5.557008,0.596635,0.278295,0.000148,5.110767,0.195343,0,0,0,1,2,0,0,0,1,1,True,True,0,0,0
destruction-fractured,A0,7,6.539564,4.849068,4.315053,22,77,239206412,0.020098,0.566563,0.032917,5.919348,0.675946,0.230295,0.00014,4.685322,0.163606,0,0,0,1,2,0,0,0,1,1,True,True,0,0,0
destruction-fractured,A0,8,6.065455,5.381327,4.498002,22,88,239206412,0.020185,0.546526,0.033277,5.464852,0.650532,0.270231,0.00014,5.1099,0.271287,0,0,0,1,2,0,0,0,1,1,True,True,0,0,0
destruction-fractured,A0,9,6.486918,4.961337,5.0733,22,99,239206412,0.029654,0.682727,0.040104,5.733641,0.605708,0.320014,0.000145,4.743128,0.218064,0,0,0,1,2,0,0,0,1,1,True,True,0,0,0
destruction-fractured,A0,10,6.505523,5.005024,4.239954,22,110,239206412,0.025929,0.55775,0.037834,5.882892,0.609946,0.198282,0.000122,4.814148,0.190754,0,0,0,1,2,0,0,0,1,1,True,True,0,0,0
destruction-fractured,A0,11,5.819218,4.802845,3.745792,22,121,239206412,0.020037,0.551754,0.031734,5.215067,0.612959,0.219277,0.000106,4.611073,0.191666,0,0,0,1,2,0,0,0,1,1,True,True,0,0,0
destruction-fractured,A0,12,5.552043,4.478811,3.77767,22,132,239206412,0.02028,0.549361,0.02983,4.951917,0.621703,0.277516,0.000131,4.362448,0.116232,0,0,0,1,2,0,0,0,1,1,True,True,0,0,0
destruction-fractured,A0,13,5.742909,5.013748,4.505568,22,143,239206412,0.020643,0.574347,0.030292,5.116974,0.611001,0.199892,0.000133,4.844638,0.168977,0,0,0,1,2,0,0,0,1,1,True,True,0,0,0
destruction-fractured,A0,14,6.880317,5.45604,4.074779,22,154,239206412,0.020184,1.237464,0.031193,5.590824,0.547751,0.306374,0.000125,5.281359,0.174556,0,0,0,1,2,0,0,0,1,1,True,True,0,0,0
destruction-fractured,A0,15,5.727229,4.58714,3.670549,22,165,239206412,0.021872,0.534478,0.031521,5.138789,0.595474,0.239289,0.000126,4.411514,0.1755,0,0,0,1,2,0,0,0,1,1,True,True,0,0,0
destruction-fractured,A0,16,5.666548,4.451528,3.728128,22,176,239206412,0.01618,0.508246,0.031092,5.110399,0.583306,0.263151,0.000105,4.285956,0.165467,0,0,0,1,2,0,0,0,1,1,True,True,0,0,0
destruction-fractured,A0,17,7.19724,4.597426,3.737082,22,187,239206412,0.019701,1.100835,0.030954,6.045187,0.572223,0.240325,0.00012,4.428128,0.169178,0,0,0,1,2,0,0,0,1,1,True,True,0,0,0
destruction-fractured,A0,18,5.724898,4.491752,3.687738,22,198,239206412,0.019238,0.494745,0.048936,5.161334,0.598144,0.213394,9.5e-05,4.319439,0.172218,0,0,0,1,2,0,0,0,1,1,True,True,0,0,0
destruction-fractured,A0,19,5.724846,4.770788,3.586194,22,209,239206412,0.020269,0.570038,0.030884,5.103072,0.596843,0.223787,0.000125,4.588312,0.182351,0,0,0,1,2,0,0,0,1,1,True,True,0,0,0
destruction-fractured,A1,0,206.978506,10.152203,4.029575,22,0,239206412,0.011045,125.706042,0.105042,81.155438,0.762977,1.365669,0.000117,9.989992,0.162094,0,0,0,1,2,0,0,0,1,1,True,True,0,0,0
destruction-fractured,A1,1,5.888888,4.920506,3.940208,22,11,239206412,0.017913,0.555859,0.036974,5.277491,0.648464,0.201245,0.000127,4.760149,0.16023,0,0,0,1,2,0,0,0,1,1,True,True,0,0,0
destruction-fractured,A1,2,5.799412,5.440733,3.965656,22,22,239206412,0.018031,0.561015,0.032466,5.187228,0.659411,0.224039,0.000115,5.280197,0.160421,0,0,0,1,2,0,0,0,1,1,True,True,0,0,0
destruction-fractured,A1,3,5.724713,4.562672,4.019126,22,33,239206412,0.019925,0.581428,0.032021,5.090724,0.594617,0.214868,0.00011,4.404422,0.15814,0,0,0,1,2,0,0,0,1,1,True,True,0,0,0
destruction-fractured,A1,4,5.737361,5.493578,3.952791,22,44,239206412,0.020171,0.554171,0.031914,5.130453,0.620963,0.244486,0.000116,5.315754,0.177708,0,0,0,1,2,0,0,0,1,1,True,True,0,0,0
destruction-fractured,A1,5,5.676784,4.759055,4.00731,22,55,239206412,0.02027,0.535906,0.032354,5.087587,0.635504,0.214296,0.000115,4.585962,0.172978,0,0,0,1,2,0,0,0,1,1,True,True,0,0,0
destruction-fractured,A1,6,5.800173,4.694433,3.977744,22,66,239206412,0.019467,0.562848,0.032742,5.184453,0.597428,0.200286,0.000124,4.536888,0.157421,0,0,0,1,2,0,0,0,1,1,True,True,0,0,0
destruction-fractured,A1,7,5.951139,4.682964,3.971011,22,77,239206412,0.019033,0.577545,0.038545,5.315343,0.622728,0.232876,0.000132,4.512619,0.170213,0,0,0,1,2,0,0,0,1,1,True,True,0,0,0
destruction-fractured,A1,8,5.743034,4.356155,4.048406,22,88,239206412,0.015503,0.553996,0.050513,5.122409,0.604493,0.188714,0.000113,4.180352,0.17569,0,0,0,1,2,0,0,0,1,1,True,True,0,0,0
destruction-fractured,A1,9,5.464127,4.501378,3.639295,22,99,239206412,0.014991,0.539478,0.032445,4.876516,0.616548,0.235604,0.000116,4.342064,0.159198,0,0,0,1,2,0,0,0,1,1,True,True,0,0,0
destruction-fractured,A1,10,5.553218,6.23898,3.872302,22,110,239206412,0.020532,0.539741,0.030147,4.962203,0.548453,0.241518,0.000106,6.077918,0.160956,0,0,0,1,2,0,0,0,1,1,True,True,0,0,0
destruction-fractured,A1,11,6.400436,5.905512,3.79143,22,121,239206412,0.013876,0.533333,0.031882,5.8207,0.550017,0.233284,0.00012,5.749599,0.155793,0,0,0,1,2,0,0,0,1,1,True,True,0,0,0
destruction-fractured,A1,12,5.650182,5.10926,5.832382,22,132,239206412,0.021775,0.578155,0.031188,5.018433,0.605548,0.268747,0.000127,4.951119,0.158014,0,0,0,1,2,0,0,0,1,1,True,True,0,0,0
destruction-fractured,A1,13,5.929211,4.637763,4.073749,22,143,239206412,0.020187,0.526851,0.032208,5.349302,0.656728,0.203932,0.000122,4.473336,0.164305,0,0,0,1,2,0,0,0,1,1,True,True,0,0,0
destruction-fractured,A1,14,6.216398,4.653085,5.226683,22,154,239206412,0.020349,0.517227,0.032469,5.645687,0.641128,0.220636,0.000111,4.496004,0.15697,0,0,0,1,2,0,0,0,1,1,True,True,0,0,0
destruction-fractured,A1,15,7.825744,4.66978,3.981834,22,165,239206412,0.020568,1.364632,0.034575,6.405304,0.613382,0.209986,0.000141,4.50938,0.160259,0,0,0,1,2,0,0,0,1,1,True,True,0,0,0
destruction-fractured,A1,16,5.741643,4.813428,4.464234,22,176,239206412,0.020704,0.515261,0.031832,5.17313,0.570719,0.195777,0.000102,4.623274,0.190052,0,0,0,1,2,0,0,0,1,1,True,True,0,0,0
destruction-fractured,A1,17,6.139359,5.975344,4.185722,22,187,239206412,0.024485,0.597853,0.037253,5.479025,0.523876,0.167817,0.000127,5.809074,0.166143,0,0,0,1,2,0,0,0,1,1,True,True,0,0,0
destruction-fractured,A1,18,5.763307,4.715931,3.989008,22,198,239206412,0.022531,0.559031,0.034973,5.145984,0.595688,0.201787,0.000109,4.558456,0.157366,0,0,0,1,2,0,0,0,1,1,True,True,0,0,0
destruction-fractured,A1,19,5.78712,4.537206,4.154548,22,209,239206412,0.021975,0.602709,0.032521,5.12928,0.644819,0.224105,0.000111,4.374941,0.162154,0,0,0,1,2,0,0,0,1,1,True,True,0,0,0
destruction-intact,A0,0,208.244642,6.459831,4.005031,22,0,239206412,0.019066,128.160673,0.088248,79.975676,0.625147,1.184441,0.000126,6.325289,0.134416,1,0,0,1,1,1,1,1,0,0,True,True,0,0,0
destruction-intact,A0,1,5.6093,3.214924,3.851518,22,11,239206412,0.017666,0.521795,0.028407,5.040704,0.554324,0.179633,8.9e-05,3.079242,0.135593,1,0,0,1,1,1,1,1,0,0,True,True,0,0,0
destruction-intact,A0,2,5.741776,3.28732,3.86614,22,22,239206412,0.019169,0.516553,0.025584,5.17988,0.528326,0.222289,8.3e-05,3.114858,0.172379,1,0,0,1,1,1,1,1,0,0,True,True,0,0,0
destruction-intact,A0,3,5.609529,3.396427,3.688241,22,33,239206412,0.015449,0.543361,0.025273,5.024931,0.579275,0.188158,8.9e-05,3.262948,0.13339,1,0,0,1,1,1,1,1,0,0,True,True,0,0,0
destruction-intact,A0,4,5.393186,2.895347,3.419427,22,44,239206412,0.016279,0.604251,0.025234,4.746817,0.475267,0.16847,9.5e-05,2.774016,0.121236,1,0,0,1,1,1,1,1,0,0,True,True,0,0,0
destruction-intact,A0,5,5.221294,2.962469,3.550091,22,55,239206412,0.017852,0.529027,0.023534,4.650374,0.421534,0.178017,9.6e-05,2.824983,0.13739,1,0,0,1,1,1,1,1,0,0,True,True,0,0,0
destruction-intact,A0,6,5.135526,3.077124,3.394551,22,66,239206412,0.017475,0.552477,0.022965,4.542114,0.501921,0.177899,8.8e-05,2.956376,0.12066,1,0,0,1,1,1,1,1,0,0,True,True,0,0,0
destruction-intact,A0,7,5.539425,3.045776,3.493739,22,77,239206412,0.017552,0.554363,0.023854,4.943209,0.483647,0.194042,0.00011,2.922325,0.123341,1,0,0,1,1,1,1,1,0,0,True,True,0,0,0
destruction-intact,A0,8,5.105384,3.142724,3.412577,22,88,239206412,0.016855,0.499808,0.023075,4.565101,0.455139,0.169943,8.4e-05,3.007616,0.135024,1,0,0,1,1,1,1,1,0,0,True,True,0,0,0
destruction-intact,A0,9,5.275066,2.95082,3.479347,22,99,239206412,0.017422,0.559171,0.033035,4.664773,0.458346,0.154233,9.6e-05,2.830464,0.12026,1,0,0,1,1,1,1,1,0,0,True,True,0,0,0
destruction-intact,A0,10,5.181358,2.879954,3.651428,22,110,239206412,0.01865,0.516743,0.021976,4.623441,0.460341,0.165085,9.1e-05,2.756953,0.12291,1,0,0,1,1,1,1,1,0,0,True,True,0,0,0
destruction-intact,A0,11,5.245535,3.714042,3.440432,22,121,239206412,0.013609,0.593277,0.023462,4.61465,0.472266,0.164678,0.000106,3.576837,0.137099,1,0,0,1,1,1,1,1,0,0,True,True,0,0,0
destruction-intact,A0,12,5.217855,3.002199,3.454341,22,132,239206412,0.017518,0.567614,0.021849,4.610332,0.571119,0.168218,0.000103,2.879987,0.122109,1,0,0,1,1,1,1,1,0,0,True,True,0,0,0
destruction-intact,A0,13,5.261215,2.365634,3.402794,22,143,239206412,0.013107,0.542755,0.022886,4.681945,0.438727,0.17304,8.5e-05,2.24402,0.121529,1,0,0,1,1,1,1,1,0,0,True,True,0,0,0
destruction-intact,A0,14,6.24688,2.764978,3.804157,22,154,239206412,0.019742,0.538588,0.0236,5.664493,0.458078,0.191947,8.1e-05,2.677192,0.087705,1,0,0,1,1,1,1,1,0,0,True,True,0,0,0
destruction-intact,A0,15,5.202961,3.004962,3.674077,22,165,239206412,0.017201,0.536,0.022972,4.626284,0.452788,0.177369,6e-05,2.867282,0.13762,1,0,0,1,1,1,1,1,0,0,True,True,0,0,0
destruction-intact,A0,16,5.071478,3.162135,3.447107,22,176,239206412,0.019649,0.560614,0.023593,4.467156,0.439173,0.16709,9.6e-05,3.040326,0.121713,1,0,0,1,1,1,1,1,0,0,True,True,0,0,0
destruction-intact,A0,17,5.171615,3.147399,3.477753,22,187,239206412,0.019884,0.541133,0.023307,4.586688,0.452059,0.162013,9.3e-05,3.013464,0.133842,1,0,0,1,1,1,1,1,0,0,True,True,0,0,0
destruction-intact,A0,18,6.020333,3.932631,4.501899,22,198,239206412,0.01825,0.554913,0.023706,5.422905,0.51408,0.169962,9.5e-05,3.796942,0.135594,1,0,0,1,1,1,1,1,0,0,True,True,0,0,0
destruction-intact,A0,19,7.186273,4.215403,3.494582,22,209,239206412,0.018453,1.094643,0.025818,6.046687,0.499748,0.16522,8.8e-05,4.095138,0.120177,1,0,0,1,1,1,1,1,0,0,True,True,0,0,0
destruction-intact,A1,0,202.159811,6.086308,4.001539,22,0,239206412,0.016535,124.061824,0.087109,77.993149,0.796301,1.285594,0.000108,5.899721,0.186479,1,0,0,1,1,1,1,1,0,0,True,True,0,0,0
destruction-intact,A1,1,6.119642,2.570231,6.035659,22,11,239206412,0.018606,0.607218,0.028937,5.464187,0.703019,0.234002,0.000117,2.37712,0.192994,1,0,0,1,1,1,1,1,0,0,True,True,0,0,0
destruction-intact,A1,2,5.849229,2.863721,3.744303,22,22,239206412,0.017485,0.639976,0.025317,5.165824,0.651998,0.251687,0.000108,2.690127,0.173486,1,0,0,1,1,1,1,1,0,0,True,True,0,0,0
destruction-intact,A1,3,5.788362,2.927236,3.736112,22,33,239206412,0.013928,0.521672,0.023889,5.228299,0.645285,0.199302,0.000101,2.807853,0.119282,1,0,0,1,1,1,1,1,0,0,True,True,0,0,0
destruction-intact,A1,4,5.778995,2.521553,3.801869,22,44,239206412,0.017567,0.572153,0.024375,5.164312,0.600006,0.235188,0.000135,2.381839,0.139579,1,0,0,1,1,1,1,1,0,0,True,True,0,0,0
destruction-intact,A1,5,5.960044,2.342097,3.736643,22,55,239206412,0.019672,0.55232,0.024598,5.362847,0.636644,0.238951,8.9e-05,2.12892,0.213088,1,0,0,1,1,1,1,1,0,0,True,True,0,0,0
destruction-intact,A1,6,5.761055,2.363992,3.714764,22,66,239206412,0.019882,0.540046,0.024425,5.176119,0.653355,0.261182,8.7e-05,2.134655,0.22925,1,0,0,1,1,1,1,1,0,0,True,True,0,0,0
destruction-intact,A1,7,5.969118,2.759518,3.742333,22,77,239206412,0.019488,0.57404,0.024158,5.350853,0.635985,0.202345,0.000128,2.640452,0.118938,1,0,0,1,1,1,1,1,0,0,True,True,0,0,0
destruction-intact,A1,8,5.667128,2.402098,3.400582,22,88,239206412,0.019961,0.554723,0.025274,5.06662,0.647707,0.205786,9.3e-05,2.228436,0.173569,1,0,0,1,1,1,1,1,0,0,True,True,0,0,0
destruction-intact,A1,9,5.612307,2.404839,3.471616,22,99,239206412,0.017444,0.601475,0.022295,4.970515,0.623745,0.200067,0.000103,2.183882,0.220854,1,0,0,1,1,1,1,1,0,0,True,True,0,0,0
destruction-intact,A1,10,5.40113,2.578662,3.340725,22,110,239206412,0.018277,0.578007,0.022399,4.781948,0.583494,0.197565,8.2e-05,2.400995,0.177585,1,0,0,1,1,1,1,1,0,0,True,True,0,0,0
destruction-intact,A1,11,5.433002,2.400917,3.385683,22,121,239206412,0.019539,0.579864,0.022026,4.811096,0.583049,0.198029,8.1e-05,2.228346,0.17249,1,0,0,1,1,1,1,1,0,0,True,True,0,0,0
destruction-intact,A1,12,5.435515,2.543084,3.351256,22,132,239206412,0.018296,0.575301,0.02259,4.818849,0.592961,0.254262,0.000104,2.35993,0.18305,1,0,0,1,1,1,1,1,0,0,True,True,0,0,0
destruction-intact,A1,13,5.99279,2.835243,4.723581,22,143,239206412,0.016369,0.621486,0.023345,5.3311,0.583944,0.245682,8.1e-05,2.659329,0.175833,1,0,0,1,1,1,1,1,0,0,True,True,0,0,0
destruction-intact,A1,14,7.693582,2.184574,3.334217,22,154,239206412,0.019783,2.543456,0.022593,5.107244,0.549672,0.19698,0.000105,1.993274,0.191195,1,0,0,1,1,1,1,1,0,0,True,True,0,0,0
destruction-intact,A1,15,5.350427,2.048229,3.369214,22,165,239206412,0.017881,0.605299,0.021623,4.705151,0.575935,0.281463,0.000105,1.879652,0.168472,1,0,0,1,1,1,1,1,0,0,True,True,0,0,0
destruction-intact,A1,16,5.462024,2.710144,3.425561,22,176,239206412,0.017721,0.619633,0.022427,4.801727,0.582088,0.19425,0.000102,2.536339,0.173703,1,0,0,1,1,1,1,1,0,0,True,True,0,0,0
destruction-intact,A1,17,5.492514,2.368729,3.37013,22,187,239206412,0.034947,0.596546,0.023063,4.837422,0.539217,0.19975,0.000115,2.170604,0.19801,1,0,0,1,1,1,1,1,0,0,True,True,0,0,0
destruction-intact,A1,18,5.995082,2.58444,3.534908,22,198,239206412,0.039781,0.639695,0.023238,5.29188,0.697676,0.206027,0.000102,2.333297,0.251041,1,0,0,1,1,1,1,1,0,0,True,True,0,0,0
destruction-intact,A1,19,5.746056,2.751324,3.68317,22,209,239206412,0.019998,0.617559,0.026749,5.08114,0.654064,0.264222,9.3e-05,2.538801,0.21243,1,0,0,1,1,1,1,1,0,0,True,True,0,0,0
destruction-onset,A0,0,227.54509,7.451875,3.850896,22,0,239206412,0.013928,148.989594,0.106578,78.434072,0.699813,1.286793,0.000122,7.349357,0.102396,1,0,0,1,1,1,1,1,0,0,True,True,0,0,0
destruction-onset,A0,1,5.776824,3.69713,3.775492,22,11,239206412,0.016749,0.612929,0.047641,5.098719,0.597106,0.194035,8.6e-05,3.597625,0.099419,1,0,0,1,1,1,1,1,0,0,True,True,0,0,0
destruction-onset,A0,2,5.849695,3.714876,3.766524,22,22,239206412,0.014497,0.606454,0.043165,5.184851,0.630276,0.224833,9.1e-05,3.615255,0.09953,1,0,0,1,1,1,1,1,0,0,True,True,0,0,0
destruction-onset,A0,3,5.762336,3.671077,3.744798,22,33,239206412,0.015485,0.541281,0.031066,5.173855,0.676437,0.214999,9.6e-05,3.517256,0.153725,1,0,0,1,1,1,1,1,0,0,True,True,0,0,0
destruction-onset,A0,4,5.763629,3.708628,3.831598,22,44,239206412,0.015268,0.59171,0.031183,5.124828,0.625282,0.203782,9.1e-05,3.493572,0.214965,1,0,0,1,1,1,1,1,0,0,True,True,0,0,0
destruction-onset,A0,5,5.826068,3.775517,3.776797,22,55,239206412,0.019851,0.597894,0.031255,5.17641,0.633617,0.202268,0.000108,3.611473,0.163936,1,0,0,1,1,1,1,1,0,0,True,True,0,0,0
destruction-onset,A0,6,5.82379,4.029543,3.858362,22,66,239206412,0.020496,0.574154,0.048837,5.179604,0.590264,0.22629,0.000115,3.872836,0.156592,1,0,0,1,1,1,1,1,0,0,True,True,0,0,0
destruction-onset,A0,7,5.921425,4.031287,3.849221,22,77,239206412,0.019141,0.625309,0.031931,5.244334,0.63106,0.216691,0.000117,3.847446,0.183724,1,0,0,1,1,1,1,1,0,0,True,True,0,0,0
destruction-onset,A0,8,5.941543,3.647495,4.583369,22,88,239206412,0.020212,0.59162,0.045295,5.283736,0.600849,0.214547,8.5e-05,3.487237,0.160173,1,0,0,1,1,1,1,1,0,0,True,True,0,0,0
destruction-onset,A0,9,6.075281,3.751673,3.793505,22,99,239206412,0.019858,0.55433,0.030443,5.470016,0.657101,0.238899,0.000127,3.581405,0.170141,1,0,0,1,1,1,1,1,0,0,True,True,0,0,0
destruction-onset,A0,10,5.752149,3.512168,4.09302,22,110,239206412,0.02173,0.567263,0.030002,5.132581,0.655848,0.232238,0.000111,3.365813,0.146244,1,0,0,1,1,1,1,1,0,0,True,True,0,0,0
destruction-onset,A0,11,5.66906,3.565638,3.799809,22,121,239206412,0.021777,0.549342,0.032028,5.065341,0.590012,0.200336,7.8e-05,3.395067,0.170493,1,0,0,1,1,1,1,1,0,0,True,True,0,0,0
destruction-onset,A0,12,7.898517,4.010955,5.121021,22,132,239206412,0.015964,0.725192,0.056493,7.100037,0.740189,0.261516,0.000119,3.844193,0.166643,1,0,0,1,1,1,1,1,0,0,True,True,0,0,0
destruction-onset,A0,13,8.420336,3.612135,3.889309,22,143,239206412,0.015196,2.323818,0.032112,6.048492,0.676479,0.242996,0.000122,3.447278,0.164735,1,0,0,1,1,1,1,1,0,0,True,True,0,0,0
destruction-onset,A0,14,5.910648,4.004248,4.123493,22,154,239206412,0.021949,0.55252,0.03063,5.304914,0.638332,0.24524,7.7e-05,3.827547,0.176624,1,0,0,1,1,1,1,1,0,0,True,True,0,0,0
destruction-onset,A0,15,5.901535,3.853636,5.156037,22,165,239206412,0.025281,0.600785,0.034306,5.240315,0.62627,0.203227,0.00012,3.714307,0.139209,1,0,0,1,1,1,1,1,0,0,True,True,0,0,0
destruction-onset,A0,16,6.231809,4.460121,3.873541,22,176,239206412,0.024666,0.556638,0.039056,5.610667,0.602598,0.228691,0.000101,4.291838,0.168182,1,0,0,1,1,1,1,1,0,0,True,True,0,0,0
destruction-onset,A0,17,5.835182,3.618059,3.830573,22,187,239206412,0.021203,0.63677,0.033733,5.142777,0.580281,0.196816,7.4e-05,3.467091,0.150894,1,0,0,1,1,1,1,1,0,0,True,True,0,0,0
destruction-onset,A0,18,6.25505,5.0395,4.413275,22,198,239206412,0.017412,0.623505,0.042778,5.570746,0.60246,0.197118,0.000115,4.883933,0.155452,1,0,0,1,1,1,1,1,0,0,True,True,0,0,0
destruction-onset,A0,19,5.849704,3.614194,3.756001,22,209,239206412,0.021493,0.607829,0.030076,5.189728,0.591558,0.210535,0.000103,3.461893,0.152198,1,0,0,1,1,1,1,1,0,0,True,True,0,0,0
destruction-onset,A1,0,198.105891,5.251917,3.701425,22,0,239206412,0.017698,125.840621,0.100081,72.146592,0.744018,1.296493,0.000106,5.09067,0.161141,1,0,0,1,1,1,1,1,0,0,True,True,0,0,0
destruction-onset,A1,1,5.932117,3.202774,3.525929,22,11,239206412,0.014947,0.729495,0.043069,5.143928,0.631611,0.210604,8.4e-05,2.975356,0.227334,1,0,0,1,1,1,1,1,0,0,True,True,0,0,0
destruction-onset,A1,2,5.651344,3.693837,3.594375,22,22,239206412,0.015234,0.624164,0.029071,4.982184,0.603798,0.173268,7.2e-05,3.484955,0.20881,1,0,0,1,1,1,1,1,0,0,True,True,0,0,0
destruction-onset,A1,3,5.956968,2.502423,3.480857,22,33,239206412,0.014262,0.689301,0.028797,5.223981,0.635541,0.200717,0.000109,2.283982,0.218332,1,0,0,1,1,1,1,1,0,0,True,True,0,0,0
destruction-onset,A1,4,5.830988,3.622694,3.615914,22,44,239206412,0.012957,0.631369,0.028008,5.158069,0.556044,0.238911,0.000119,3.390731,0.231844,1,0,0,1,1,1,1,1,0,0,True,True,0,0,0
destruction-onset,A1,5,5.546188,3.100663,3.72638,22,55,239206412,0.019888,0.637554,0.029775,4.85835,0.609953,0.182107,7.6e-05,2.93776,0.162827,1,0,0,1,1,1,1,1,0,0,True,True,0,0,0
destruction-onset,A1,6,5.754712,2.880787,3.602326,22,66,239206412,0.014946,0.604715,0.030294,5.104118,0.620544,0.232773,6.5e-05,2.708819,0.171903,1,0,0,1,1,1,1,1,0,0,True,True,0,0,0
destruction-onset,A1,7,5.771717,2.672671,3.490817,22,77,239206412,0.039039,0.582092,0.030301,5.119671,0.639284,0.246467,0.000104,2.499229,0.173338,1,0,0,1,1,1,1,1,0,0,True,True,0,0,0
destruction-onset,A1,8,5.847752,2.907451,3.627082,22,88,239206412,0.018341,0.627653,0.028027,5.17307,0.643464,0.250244,7.2e-05,2.743695,0.163684,1,0,0,1,1,1,1,1,0,0,True,True,0,0,0
destruction-onset,A1,9,5.485535,2.590527,3.509013,22,99,239206412,0.022877,0.563334,0.031236,4.867401,0.538109,0.206023,0.000115,2.433077,0.157335,1,0,0,1,1,1,1,1,0,0,True,True,0,0,0
destruction-onset,A1,10,5.526235,2.251,3.54082,22,110,239206412,0.019513,0.598061,0.027384,4.880674,0.605749,0.242452,8e-05,2.093676,0.157244,1,0,0,1,1,1,1,1,0,0,True,True,0,0,0
destruction-onset,A1,11,5.931124,3.164986,3.593882,22,121,239206412,0.018218,0.764036,0.02753,5.120726,0.652256,0.214231,8.4e-05,2.969608,0.195294,1,0,0,1,1,1,1,1,0,0,True,True,0,0,0
destruction-onset,A1,12,5.846703,2.937808,3.592213,22,132,239206412,0.019318,0.619871,0.045187,5.16174,0.504947,0.175402,0.000117,2.744519,0.193172,1,0,0,1,1,1,1,1,0,0,True,True,0,0,0
destruction-onset,A1,13,5.723331,2.846007,3.549796,22,143,239206412,0.018323,0.680949,0.028177,4.99524,0.654955,0.264253,0.000118,2.638035,0.207854,1,0,0,1,1,1,1,1,0,0,True,True,0,0,0
destruction-onset,A1,14,6.357075,3.398398,4.161407,22,154,239206412,0.019928,0.582519,0.027886,5.726189,0.617566,0.273387,9.1e-05,3.192163,0.206144,1,0,0,1,1,1,1,1,0,0,True,True,0,0,0
destruction-onset,A1,15,5.196852,2.755961,3.515286,22,165,239206412,0.019587,0.512123,0.028567,4.635995,0.427767,0.167059,0.00012,2.674004,0.081837,1,0,0,1,1,1,1,1,0,0,True,True,0,0,0
destruction-onset,A1,16,5.26075,2.625813,3.466105,22,176,239206412,0.019056,0.502853,0.027879,4.710347,0.414839,0.122998,9.3e-05,2.541622,0.084098,1,0,0,1,1,1,1,1,0,0,True,True,0,0,0
destruction-onset,A1,17,5.211263,2.65417,3.446098,22,187,239206412,0.020511,0.483702,0.027355,4.679077,0.414322,0.156405,0.000113,2.573852,0.080205,1,0,0,1,1,1,1,1,0,0,True,True,0,0,0
destruction-onset,A1,18,5.476437,3.360672,4.240912,22,198,239206412,0.025313,0.60805,0.028342,4.814123,0.6427,0.200224,0.000118,3.203186,0.157368,1,0,0,1,1,1,1,1,0,0,True,True,0,0,0
destruction-onset,A1,19,6.539717,3.564279,11.205246,22,209,239206412,0.037915,1.108416,0.028433,5.364338,0.596926,0.213174,9.5e-05,3.407067,0.157117,1,0,0,1,1,1,1,1,0,0,True,True,0,0,0
destruction-stimulus,A0,0,204.31126,7.996117,4.032826,22,0,239206412,0.01006,125.527876,0.123084,78.649422,0.682679,1.449852,0.022863,7.769624,0.20363,1,0,0,1,1,1,1,1,0,0,True,True,0,0,0
destruction-stimulus,A0,1,6.313267,4.070723,3.859124,22,11,239206412,0.016061,0.628961,0.051873,5.615659,0.644844,0.220635,0.002298,3.916168,0.152257,1,0,0,1,1,1,1,1,0,0,True,True,0,0,0
destruction-stimulus,A0,2,5.817748,3.723791,3.81843,22,22,239206412,0.01785,0.551846,0.034669,5.212696,0.581718,0.207838,0.00167,3.574898,0.147223,1,0,0,1,1,1,1,1,0,0,True,True,0,0,0
destruction-stimulus,A0,3,5.852881,3.395471,3.789894,22,33,239206412,0.014852,0.618533,0.039832,5.179004,0.585856,0.215051,0.001462,3.227986,0.166023,1,0,0,1,1,1,1,1,0,0,True,True,0,0,0
destruction-stimulus,A0,4,5.791656,3.648831,3.81049,22,44,239206412,0.019688,0.621117,0.032236,5.117993,0.578055,0.243829,0.001377,3.497166,0.150288,1,0,0,1,1,1,1,1,0,0,True,True,0,0,0
destruction-stimulus,A0,5,5.647457,3.180431,3.882471,22,55,239206412,0.014445,0.556756,0.03102,5.044675,0.59489,0.218489,0.001831,3.028845,0.149755,1,0,0,1,1,1,1,1,0,0,True,True,0,0,0
destruction-stimulus,A0,6,5.766529,2.817865,3.848068,22,66,239206412,0.014818,0.524709,0.03008,5.19633,0.594552,0.194995,0.001442,2.661134,0.155289,1,0,0,1,1,1,1,1,0,0,True,True,0,0,0
destruction-stimulus,A0,7,5.82883,3.041758,3.778958,22,77,239206412,0.014975,0.514998,0.030196,5.268108,0.614526,0.242001,0.001588,2.890089,0.150081,1,0,0,1,1,1,1,1,0,0,True,True,0,0,0
destruction-stimulus,A0,8,5.679286,3.076718,3.719897,22,88,239206412,0.014707,0.595641,0.02994,5.038316,0.597111,0.215846,0.001403,2.92322,0.152095,1,0,0,1,1,1,1,1,0,0,True,True,0,0,0
destruction-stimulus,A0,9,5.630488,2.58844,3.796033,22,99,239206412,0.019775,0.553205,0.030388,5.026527,0.598223,0.22528,0.001719,2.425694,0.161027,1,0,0,1,1,1,1,1,0,0,True,True,0,0,0
destruction-stimulus,A0,10,5.726398,3.181232,3.993015,22,110,239206412,0.020992,0.518928,0.030532,5.155274,0.645407,0.220855,0.00154,3.031035,0.148657,1,0,0,1,1,1,1,1,0,0,True,True,0,0,0
destruction-stimulus,A0,11,5.591293,3.804568,4.4344,22,121,239206412,0.020091,0.566152,0.030729,4.973704,0.617601,0.218716,0.001574,3.653016,0.149978,1,0,0,1,1,1,1,1,0,0,True,True,0,0,0
destruction-stimulus,A0,12,5.891094,2.780309,3.865935,22,132,239206412,0.021663,0.592161,0.031723,5.245028,0.586427,0.243146,0.001834,2.628841,0.149634,1,0,0,1,1,1,1,1,0,0,True,True,0,0,0
destruction-stimulus,A0,13,5.903324,2.630983,4.043878,22,143,239206412,0.036774,0.580135,0.032416,5.253358,0.552281,0.211855,0.001365,2.480264,0.149354,1,0,0,1,1,1,1,1,0,0,True,True,0,0,0
destruction-stimulus,A0,14,6.020612,2.76534,3.487507,22,154,239206412,0.018,1.211309,0.028662,4.762155,0.562509,0.210519,0.001322,2.62188,0.142138,1,0,0,1,1,1,1,1,0,0,True,True,0,0,0
destruction-stimulus,A0,15,5.211885,3.091548,3.394346,22,165,239206412,0.014397,0.563853,0.02772,4.605341,0.548315,0.214526,0.00139,2.933931,0.156227,1,0,0,1,1,1,1,1,0,0,True,True,0,0,0
destruction-stimulus,A0,16,5.378427,2.426656,3.356694,22,176,239206412,0.017897,0.592195,0.02792,4.739895,0.540466,0.217906,0.001351,2.270282,0.155023,1,0,0,1,1,1,1,1,0,0,True,True,0,0,0
destruction-stimulus,A0,17,5.250518,2.507283,4.521559,22,187,239206412,0.020285,0.585899,0.027945,4.615805,0.557278,0.217379,0.001343,2.365529,0.140411,1,0,0,1,1,1,1,1,0,0,True,True,0,0,0
destruction-stimulus,A0,18,5.994013,2.823029,3.970666,22,198,239206412,0.018556,0.573855,0.027806,5.373198,0.569536,0.216508,0.001474,2.660952,0.160603,1,0,0,1,1,1,1,1,0,0,True,True,0,0,0
destruction-stimulus,A0,19,7.274641,2.427543,3.370545,22,209,239206412,0.019314,1.269913,0.028729,5.956062,0.560638,0.224731,0.001489,2.285474,0.14058,1,0,0,1,1,1,1,1,0,0,True,True,0,0,0
destruction-stimulus,A1,0,206.855401,6.705431,3.834365,22,0,239206412,0.017371,128.319437,0.107159,78.410306,0.756691,1.285334,0.002877,6.567453,0.135101,1,0,0,1,1,1,1,1,0,0,True,True,0,0,0
destruction-stimulus,A1,1,5.855442,2.863168,3.722404,22,11,239206412,0.015239,0.606315,0.061241,5.171582,0.638348,0.218192,0.001762,2.724941,0.136465,1,0,0,1,1,1,1,1,0,0,True,True,0,0,0
destruction-stimulus,A1,2,5.776894,3.133854,3.752616,22,22,239206412,0.014506,0.559526,0.030749,5.171425,0.66776,0.216043,0.001698,3.00132,0.130836,1,0,0,1,1,1,1,1,0,0,True,True,0,0,0
destruction-stimulus,A1,3,5.801995,2.496052,3.796235,22,33,239206412,0.014796,0.576979,0.031992,5.177541,0.60944,0.207498,0.001548,2.364663,0.129841,1,0,0,1,1,1,1,1,0,0,True,True,0,0,0
destruction-stimulus,A1,4,5.790602,2.731841,3.787043,22,44,239206412,0.019877,0.632457,0.031833,5.105777,0.596068,0.225816,0.00153,2.58277,0.147541,1,0,0,1,1,1,1,1,0,0,True,True,0,0,0
destruction-stimulus,A1,5,5.832857,2.275087,3.728569,22,55,239206412,0.018362,0.630647,0.031277,5.151927,0.618573,0.211795,0.001698,2.126094,0.147295,1,0,0,1,1,1,1,1,0,0,True,True,0,0,0
destruction-stimulus,A1,6,5.752447,2.674925,3.810759,22,66,239206412,0.020067,0.60504,0.031794,5.0949,0.648401,0.22816,0.001764,2.543608,0.129553,1,0,0,1,1,1,1,1,0,0,True,True,0,0,0
destruction-stimulus,A1,7,5.939592,2.707057,3.802961,22,77,239206412,0.018429,0.592634,0.033199,5.294637,0.639738,0.20926,0.001826,2.569746,0.135485,1,0,0,1,1,1,1,1,0,0,True,True,0,0,0
destruction-stimulus,A1,8,5.719256,2.377884,3.737793,22,88,239206412,0.02042,0.551635,0.031742,5.114861,0.605421,0.227007,0.001931,2.248666,0.127287,1,0,0,1,1,1,1,1,0,0,True,True,0,0,0
destruction-stimulus,A1,9,5.630679,2.665571,3.809873,22,99,239206412,0.017283,0.532956,0.031215,5.048523,0.611537,0.207374,0.001517,2.528038,0.136016,1,0,0,1,1,1,1,1,0,0,True,True,0,0,0
destruction-stimulus,A1,10,5.827169,2.838501,3.794315,22,110,239206412,0.02098,0.606545,0.031454,5.167512,0.61264,0.224741,0.001551,2.724265,0.112685,1,0,0,1,1,1,1,1,0,0,True,True,0,0,0
destruction-stimulus,A1,11,5.672334,2.442955,3.781578,22,121,239206412,0.016496,0.593681,0.031771,5.029635,0.618771,0.212624,0.001583,2.282686,0.158686,1,0,0,1,1,1,1,1,0,0,True,True,0,0,0
destruction-stimulus,A1,12,5.797913,2.32139,3.852586,22,132,239206412,0.022137,0.637445,0.046413,5.091231,0.613259,0.225716,0.001656,2.150501,0.169233,1,0,0,1,1,1,1,1,0,0,True,True,0,0,0
destruction-stimulus,A1,13,5.640005,2.69824,5.020753,22,143,239206412,0.014569,0.518369,0.031815,5.074555,0.637197,0.205948,0.001749,2.538882,0.157609,1,0,0,1,1,1,1,1,0,0,True,True,0,0,0
destruction-stimulus,A1,14,6.214431,2.559529,3.748259,22,154,239206412,0.016061,0.539752,0.031783,5.62611,0.647835,0.226627,0.00185,2.395204,0.162475,1,0,0,1,1,1,1,1,0,0,True,True,0,0,0
destruction-stimulus,A1,15,5.77959,3.233685,3.78396,22,165,239206412,0.021183,0.553349,0.032055,5.172306,0.647721,0.208309,0.001757,3.100306,0.131622,1,0,0,1,1,1,1,1,0,0,True,True,0,0,0
destruction-stimulus,A1,16,6.007051,2.926959,3.802783,22,176,239206412,0.019692,0.605162,0.031278,5.350242,0.648798,0.220973,0.001771,2.743806,0.181382,1,0,0,1,1,1,1,1,0,0,True,True,0,0,0
destruction-stimulus,A1,17,5.681817,2.659586,4.541391,22,187,239206412,0.020006,0.597672,0.032741,5.030724,0.637205,0.219676,0.001649,2.493135,0.164802,1,0,0,1,1,1,1,1,0,0,True,True,0,0,0
destruction-stimulus,A1,18,6.233591,3.337187,4.887578,22,198,239206412,0.01853,1.084259,0.028164,5.102087,0.547629,0.218255,0.00139,3.1834,0.152397,1,0,0,1,1,1,1,1,0,0,True,True,0,0,0
destruction-stimulus,A1,19,14.540364,2.544421,3.566441,22,209,239206412,0.019366,0.488854,0.027985,14.003621,0.677429,0.274161,0.002069,2.363677,0.178675,1,0,0,1,1,1,1,1,0,0,True,True,0,0,0
flying,A0,0,130.305476,3.052404,0.634687,22,0,239206412,0.017533,130.176924,0.109546,9.1e-05,0.595807,0.261804,0.000142,3.051775,0.000487,0,0,0,0,0,0,0,0,0,0,True,True,0,0,0
flying,A0,1,0.684905,2.113929,0.54365,22,11,239206412,0.015319,0.641619,0.027254,9.1e-05,0.258262,0.004814,0.000108,2.113429,0.000392,0,0,0,0,0,0,0,0,0,0,True,True,0,0,0
flying,A0,2,0.590962,2.061309,0.537425,22,22,239206412,0.01258,0.55167,0.026045,7.8e-05,0.26078,0.004276,0.000116,2.060731,0.000462,0,0,0,0,0,0,0,0,0,0,True,True,0,0,0
flying,A0,3,0.612391,1.946879,0.542913,22,33,239206412,0.007975,0.579598,0.024079,0.000108,0.244168,0.004374,0.000107,1.946382,0.00039,0,0,0,0,0,0,0,0,0,0,True,True,0,0,0
flying,A0,4,0.581108,1.904356,0.553812,22,44,239206412,0.013037,0.542275,0.025211,9.2e-05,0.251616,0.004147,9.1e-05,1.903812,0.000453,0,0,0,0,0,0,0,0,0,0,True,True,0,0,0
flying,A0,5,0.652916,2.118938,0.594076,22,55,239206412,0.013692,0.613885,0.024745,9.6e-05,0.260474,0.015084,0.00014,2.118357,0.000441,0,0,0,0,0,0,0,0,0,0,True,True,0,0,0
flying,A0,6,0.578477,2.155041,0.578817,22,66,239206412,0.012725,0.538655,0.026382,8.4e-05,0.25828,0.00463,0.000127,2.154393,0.000521,0,0,0,0,0,0,0,0,0,0,True,True,0,0,0
flying,A0,7,0.704159,1.800895,0.588332,22,77,239206412,0.014501,0.634112,0.054863,0.000101,0.26447,0.004639,0.000152,1.800268,0.000475,0,0,0,0,0,0,0,0,0,0,True,True,0,0,0
flying,A0,8,0.583844,1.775991,0.633686,22,88,239206412,0.013977,0.541428,0.027748,0.000111,0.291785,0.004814,0.000128,1.775322,0.000541,0,0,0,0,0,0,0,0,0,0,True,True,0,0,0
flying,A0,9,0.593357,1.844009,0.596676,22,99,239206412,0.014158,0.552089,0.026377,0.000109,0.290719,0.004662,0.000122,1.843522,0.000365,0,0,0,0,0,0,0,0,0,0,True,True,0,0,0
flying,A0,10,0.608152,1.863638,0.612823,22,110,239206412,0.014898,0.565826,0.026705,0.00011,0.271394,0.004561,0.000133,1.863071,0.000434,0,0,0,0,0,0,0,0,0,0,True,True,0,0,0
flying,A0,11,0.565804,2.475,0.649932,22,121,239206412,0.015318,0.523189,0.02654,0.000102,0.308426,0.005006,0.000112,2.474403,0.000485,0,0,0,0,0,0,0,0,0,0,True,True,0,0,0
flying,A0,12,0.579161,2.075746,0.635522,22,132,239206412,0.0157,0.535813,0.026908,0.000122,0.30896,0.004811,0.000148,2.07526,0.000338,0,0,0,0,0,0,0,0,0,0,True,True,0,0,0
flying,A0,13,0.64451,1.647582,0.666865,22,143,239206412,0.016402,0.597452,0.029863,0.000125,0.300439,0.005368,0.000162,1.647042,0.000378,0,0,0,0,0,0,0,0,0,0,True,True,0,0,0
flying,A0,14,0.659881,1.860008,0.658482,22,154,239206412,0.01778,0.611919,0.029347,0.000113,0.335083,0.005036,0.000158,1.85936,0.00049,0,0,0,0,0,0,0,0,0,0,True,True,0,0,0
flying,A0,15,0.643306,1.980139,0.67603,22,165,239206412,0.016346,0.596843,0.029297,9.4e-05,0.300796,0.005397,0.000138,1.979437,0.000564,0,0,0,0,0,0,0,0,0,0,True,True,0,0,0
flying,A0,16,0.589534,2.000656,0.704606,22,176,239206412,0.01737,0.542737,0.028616,0.000107,0.327167,0.005453,0.00016,2.00001,0.000486,0,0,0,0,0,0,0,0,0,0,True,True,0,0,0
flying,A0,17,0.617998,1.996142,0.689051,22,187,239206412,0.01728,0.569184,0.030681,0.000118,0.33397,0.005238,0.000156,1.995439,0.000547,0,0,0,0,0,0,0,0,0,0,True,True,0,0,0
flying,A0,18,0.66688,1.669113,0.698567,22,198,239206412,0.017356,0.61763,0.03107,0.000122,0.31336,0.005362,0.000182,1.66835,0.000581,0,0,0,0,0,0,0,0,0,0,True,True,0,0,0
flying,A0,19,0.609983,1.94354,0.740441,22,209,239206412,0.019154,0.558864,0.031051,0.000123,0.334591,0.005507,0.00019,1.942815,0.000535,0,0,0,0,0,0,0,0,0,0,True,True,0,0,0
flying,A1,0,126.773397,2.880637,1.636823,22,0,239206412,0.011429,126.660718,0.100267,0.000105,0.602255,0.245571,0.000125,2.880078,0.000434,0,0,0,0,0,0,0,0,0,0,True,True,0,0,0
flying,A1,1,0.756261,2.173473,0.566311,22,11,239206412,0.015551,0.712758,0.027243,6.5e-05,0.256242,0.004609,7.8e-05,2.172945,0.00045,0,0,0,0,0,0,0,0,0,0,True,True,0,0,0
flying,A1,2,0.672972,1.978651,0.525659,22,22,239206412,0.01275,0.634318,0.025309,6.3e-05,0.251736,0.00405,7.7e-05,1.978055,0.000519,0,0,0,0,0,0,0,0,0,0,True,True,0,0,0
flying,A1,3,0.67201,1.779065,0.549217,22,33,239206412,0.009677,0.63809,0.023652,6.5e-05,0.239242,0.003835,9e-05,1.778661,0.000314,0,0,0,0,0,0,0,0,0,0,True,True,0,0,0
flying,A1,4,0.663266,1.839152,0.564488,22,44,239206412,0.009729,0.628954,0.023901,6.3e-05,0.27367,0.004262,8.2e-05,1.838688,0.000382,0,0,0,0,0,0,0,0,0,0,True,True,0,0,0
flying,A1,5,0.664728,1.678374,0.539987,22,55,239206412,0.010463,0.630292,0.02331,6.1e-05,0.255777,0.004339,9.2e-05,1.677975,0.000307,0,0,0,0,0,0,0,0,0,0,True,True,0,0,0
flying,A1,6,0.69389,1.79909,0.525474,22,66,239206412,0.007687,0.660472,0.025104,6.4e-05,0.239699,0.004007,8.4e-05,1.798535,0.000471,0,0,0,0,0,0,0,0,0,0,True,True,0,0,0
flying,A1,7,0.680333,1.679781,0.551978,22,77,239206412,0.009461,0.64546,0.024762,6.4e-05,0.240305,0.004048,8e-05,1.679386,0.000315,0,0,0,0,0,0,0,0,0,0,True,True,0,0,0
flying,A1,8,0.649466,1.672054,0.567804,22,88,239206412,0.008949,0.617188,0.02271,6.3e-05,0.256609,0.003881,8.5e-05,1.67155,0.000419,0,0,0,0,0,0,0,0,0,0,True,True,0,0,0
flying,A1,9,0.657054,1.765219,0.53817,22,99,239206412,0.009343,0.62453,0.022618,6.1e-05,0.269981,0.004107,8.1e-05,1.76473,0.000408,0,0,0,0,0,0,0,0,0,0,True,True,0,0,0
flying,A1,10,0.693914,1.735142,0.529025,22,110,239206412,0.013921,0.628831,0.05053,6.4e-05,0.240264,0.004184,9e-05,1.734611,0.000441,0,0,0,0,0,0,0,0,0,0,True,True,0,0,0
flying,A1,11,0.668631,1.094751,0.556109,22,121,239206412,0.008991,0.636183,0.022836,8.8e-05,0.237267,0.003987,8.2e-05,1.094259,0.00041,0,0,0,0,0,0,0,0,0,0,True,True,0,0,0
flying,A1,12,0.623659,1.720001,0.538424,22,132,239206412,0.012608,0.587497,0.022952,6.4e-05,0.247761,0.00405,8e-05,1.719409,0.000512,0,0,0,0,0,0,0,0,0,0,True,True,0,0,0
flying,A1,13,0.694786,1.136282,0.549588,22,143,239206412,0.012665,0.657663,0.02385,6.3e-05,0.240261,0.00409,7.9e-05,1.135757,0.000446,0,0,0,0,0,0,0,0,0,0,True,True,0,0,0
flying,A1,14,0.677932,1.473559,0.570955,22,154,239206412,0.014089,0.640314,0.022919,6.6e-05,0.264186,0.004116,8.6e-05,1.473013,0.00046,0,0,0,0,0,0,0,0,0,0,True,True,0,0,0
flying,A1,15,0.646189,0.999075,0.534853,22,165,239206412,0.012865,0.609156,0.023575,6.1e-05,0.261284,0.004173,8.2e-05,0.998533,0.00046,0,0,0,0,0,0,0,0,0,0,True,True,0,0,0
flying,A1,16,0.675105,1.492055,0.538506,22,176,239206412,0.012761,0.639434,0.022322,5.7e-05,0.240657,0.003828,8.2e-05,1.491651,0.000322,0,0,0,0,0,0,0,0,0,0,True,True,0,0,0
flying,A1,17,0.685077,1.111441,0.561521,22,187,239206412,0.012751,0.649175,0.022559,6.1e-05,0.23771,0.00403,9.2e-05,1.110983,0.000366,0,0,0,0,0,0,0,0,0,0,True,True,0,0,0
flying,A1,18,0.673013,1.436647,0.555517,22,198,239206412,0.012792,0.63714,0.022478,6.1e-05,0.255959,0.00402,8.6e-05,1.436169,0.000392,0,0,0,0,0,0,0,0,0,0,True,True,0,0,0
flying,A1,19,0.677823,0.978109,0.522485,22,209,239206412,0.014686,0.619565,0.042942,6.3e-05,0.25208,0.004091,7.1e-05,0.977634,0.000404,0,0,0,0,0,0,0,0,0,0,True,True,0,0,0
ladder128-cold,A0,0,209.674665,8.333881,6.439468,22,0,239206412,0.116498,124.720652,0.386774,84.449803,1.19131,5.851039,0.000141,8.164687,0.169053,192,0,0,1,1,1,285,316,0,0,True,True,0,0,0
ladder128-cold,A0,1,9.675828,5.626567,6.649025,22,11,239206412,0.06236,0.740542,0.229496,8.642769,1.023007,0.334266,0.000112,5.463262,0.163193,192,0,0,1,1,1,285,316,0,0,True,True,0,0,0
ladder128-cold,A0,2,9.578402,5.813493,6.753508,22,22,239206412,0.061154,0.656155,0.214461,8.645938,1.013193,0.381833,0.00012,5.619811,0.193562,192,0,0,1,1,1,285,316,0,0,True,True,0,0,0
ladder128-cold,A0,3,9.17022,5.570523,5.691855,22,33,239206412,0.059357,0.74815,0.218004,8.14396,0.829509,0.340795,9.9e-05,5.369372,0.201052,192,0,0,1,1,1,285,316,0,0,True,True,0,0,0
ladder128-cold,A0,4,8.679966,5.304432,5.530788,22,44,239206412,0.048175,0.528482,0.184015,7.91868,0.799361,0.289555,0.0001,5.148969,0.155363,192,0,0,1,1,1,285,316,0,0,True,True,0,0,0
ladder128-cold,A0,5,8.469769,5.211132,5.651927,22,55,239206412,0.046733,0.521003,0.183984,7.717443,0.791574,0.285219,9.6e-05,5.046258,0.164778,192,0,0,1,1,1,285,316,0,0,True,True,0,0,0
ladder128-cold,A0,6,8.649819,5.235234,5.535816,22,66,239206412,0.058156,0.50024,0.184021,7.906867,0.877073,0.325076,8.5e-05,5.0778,0.157349,192,0,0,1,1,1,285,316,0,0,True,True,0,0,0
ladder128-cold,A0,7,8.640943,5.298633,5.578739,22,77,239206412,0.045569,0.686153,0.185368,7.723315,0.801533,0.286729,9.8e-05,5.139215,0.15932,192,0,0,1,1,1,285,316,0,0,True,True,0,0,0
ladder128-cold,A0,8,8.373302,5.317101,5.983104,22,88,239206412,0.046213,0.52241,0.19523,7.608784,0.81517,0.28944,9.8e-05,5.150894,0.166109,192,0,0,1,1,1,285,316,0,0,True,True,0,0,0
ladder128-cold,A0,9,8.522505,5.224675,5.815501,22,99,239206412,0.046684,0.53948,0.204535,7.731134,0.75829,0.289282,9.2e-05,5.067262,0.157321,192,0,0,1,1,1,285,316,0,0,True,True,0,0,0
ladder128-cold,A0,10,8.598707,5.313957,10.989422,22,110,239206412,0.06762,0.512757,0.184247,7.833379,0.987107,0.356978,0.000122,5.103443,0.210392,192,0,0,1,1,1,285,316,0,0,True,True,0,0,0
ladder128-cold,A0,11,10.622664,5.312483,5.748812,22,121,239206412,0.051749,1.394843,0.200204,8.975235,0.820467,0.322499,0.000102,5.118057,0.194324,192,0,0,1,1,1,285,316,0,0,True,True,0,0,0
ladder128-cold,A0,12,8.730115,5.245159,5.599015,22,132,239206412,0.049277,0.550363,0.188657,7.941145,0.890127,0.305867,0.000111,5.087295,0.157753,192,0,0,1,1,1,285,316,0,0,True,True,0,0,0
ladder128-cold,A0,13,9.670721,5.403294,5.577116,22,143,239206412,0.046686,0.542197,0.188563,8.892659,0.869706,0.295809,0.000105,5.238995,0.164194,192,0,0,1,1,1,285,316,0,0,True,True,0,0,0
ladder128-cold,A0,14,8.719492,5.394045,5.591495,22,154,239206412,0.047758,0.55321,0.188827,7.929084,0.853428,0.320826,8.8e-05,5.210584,0.183373,192,0,0,1,1,1,285,316,0,0,True,True,0,0,0
ladder128-cold,A0,15,8.632199,5.112962,5.536754,22,165,239206412,0.04652,0.552704,0.190952,7.841408,0.851362,0.316876,0.000105,4.945146,0.167711,192,0,0,1,1,1,285,316,0,0,True,True,0,0,0
ladder128-cold,A0,16,8.730595,5.365543,5.71825,22,176,239206412,0.047282,0.538607,0.186418,7.957748,0.835969,0.321243,0.000108,5.186084,0.179351,192,0,0,1,1,1,285,316,0,0,True,True,0,0,0
ladder128-cold,A0,17,8.760284,5.162413,5.691494,22,187,239206412,0.046333,0.538726,0.186799,7.98789,0.823577,0.31853,0.0001,5.004113,0.1582,192,0,0,1,1,1,285,316,0,0,True,True,0,0,0
ladder128-cold,A0,18,8.750163,5.251551,5.598811,22,198,239206412,0.065167,0.537147,0.186754,7.960503,0.879577,0.31168,0.000105,5.049998,0.201448,192,0,0,1,1,1,285,316,0,0,True,True,0,0,0
ladder128-cold,A0,19,8.712801,5.414404,5.70476,22,209,239206412,0.047011,0.549726,0.187988,7.927437,0.899286,0.385919,0.000107,5.244155,0.170142,192,0,0,1,1,1,285,316,0,0,True,True,0,0,0
ladder128-cold,A1,0,207.328659,7.736356,5.78432,22,0,239206412,0.10716,126.67152,0.401379,80.146956,1.025227,5.260321,0.000113,7.554967,0.181276,192,0,0,1,1,1,285,316,0,0,True,True,0,0,0
ladder128-cold,A1,1,8.625152,5.688369,5.642253,22,11,239206412,0.056393,0.473286,0.213046,7.88164,0.869915,0.285087,0.000115,5.525001,0.163253,192,0,0,1,1,1,285,316,0,0,True,True,0,0,0
ladder128-cold,A1,2,8.549302,5.284678,5.550467,22,22,239206412,0.046084,0.511657,0.20231,7.788735,0.860698,0.296439,0.000109,5.130878,0.153691,192,0,0,1,1,1,285,316,0,0,True,True,0,0,0
ladder128-cold,A1,3,8.547531,5.078509,5.609266,22,33,239206412,0.063033,0.51982,0.184366,7.779686,0.842231,0.284124,0.000112,4.918197,0.1602,192,0,0,1,1,1,285,316,0,0,True,True,0,0,0
ladder128-cold,A1,4,8.594944,5.124141,5.667585,22,44,239206412,0.046732,0.504373,0.20491,7.838306,0.840515,0.311548,0.000115,4.988624,0.135402,192,0,0,1,1,1,285,316,0,0,True,True,0,0,0
ladder128-cold,A1,5,8.71578,5.087625,5.538257,22,55,239206412,0.070095,0.523252,0.184748,7.937085,0.813393,0.287143,0.000103,4.928329,0.159193,192,0,0,1,1,1,285,316,0,0,True,True,0,0,0
ladder128-cold,A1,6,8.713308,5.335972,5.593781,22,66,239206412,0.045877,0.504807,0.199086,7.963007,0.825369,0.321926,9e-05,5.161828,0.174054,192,0,0,1,1,1,285,316,0,0,True,True,0,0,0
ladder128-cold,A1,7,8.77017,5.115652,5.651529,22,77,239206412,0.047111,0.670299,0.199815,7.852382,0.819574,0.354295,8.9e-05,4.950106,0.165457,192,0,0,1,1,1,285,316,0,0,True,True,0,0,0
ladder128-cold,A1,8,8.675235,5.089517,5.619224,22,88,239206412,0.047075,0.520298,0.184615,7.92262,0.839455,0.301548,0.000107,4.92548,0.16393,192,0,0,1,1,1,285,316,0,0,True,True,0,0,0
ladder128-cold,A1,9,8.335134,5.161789,5.498301,22,99,239206412,0.047385,0.523728,0.20111,7.562325,0.854873,0.319051,0.000102,5.002714,0.158973,192,0,0,1,1,1,285,316,0,0,True,True,0,0,0
ladder128-cold,A1,10,8.691937,5.69504,6.184743,22,110,239206412,0.046752,0.545533,0.18538,7.913707,0.785462,0.346335,0.000109,5.528414,0.166517,192,0,0,1,1,1,285,316,0,0,True,True,0,0,0
ladder128-cold,A1,11,8.957274,6.183584,9.715176,22,121,239206412,0.055669,0.589867,0.210241,8.100754,0.907256,0.293334,0.000109,6.01766,0.165815,192,0,0,1,1,1,285,316,0,0,True,True,0,0,0
ladder128-cold,A1,12,11.639607,5.389728,5.746205,22,132,239206412,0.057132,1.219479,0.213115,10.14917,0.824347,0.307075,0.000107,5.230756,0.158865,192,0,0,1,1,1,285,316,0,0,True,True,0,0,0
ladder128-cold,A1,13,8.496467,5.394327,5.787326,22,143,239206412,0.051768,0.537067,0.200301,7.706577,0.872431,0.284049,0.000109,5.229018,0.1652,192,0,0,1,1,1,285,316,0,0,True,True,0,0,0
ladder128-cold,A1,14,8.530306,5.034393,5.650642,22,154,239206412,0.046862,0.514483,0.184769,7.783378,0.773903,0.308676,8.3e-05,4.877181,0.157129,192,0,0,1,1,1,285,316,0,0,True,True,0,0,0
ladder128-cold,A1,15,8.428864,5.141422,5.689474,22,165,239206412,0.047888,0.548386,0.188193,7.643764,0.817673,0.302544,0.000108,4.982131,0.159183,192,0,0,1,1,1,285,316,0,0,True,True,0,0,0
ladder128-cold,A1,16,8.655096,4.85185,5.649576,22,176,239206412,0.059214,0.531744,0.203283,7.860187,0.752216,0.305921,9.8e-05,4.687604,0.164148,192,0,0,1,1,1,285,316,0,0,True,True,0,0,0
ladder128-cold,A1,17,8.65215,5.026887,5.631524,22,187,239206412,0.046441,0.527788,0.183355,7.882608,0.811106,0.348944,0.000113,4.860316,0.166458,192,0,0,1,1,1,285,316,0,0,True,True,0,0,0
ladder128-cold,A1,18,8.658439,4.887791,5.652992,22,198,239206412,0.070112,0.536864,0.185226,7.865595,0.83416,0.312112,0.000115,4.711706,0.17597,192,0,0,1,1,1,285,316,0,0,True,True,0,0,0
ladder128-cold,A1,19,8.518631,5.429283,5.675667,22,209,239206412,0.04781,0.509077,0.20345,7.757748,0.845796,0.321919,9.6e-05,5.257615,0.171572,192,0,0,1,1,1,285,316,0,0,True,True,0,0,0
ladder128-warm,A0,0,210.599716,8.213811,6.2758,22,0,239206412,0.103993,128.255335,0.387489,81.852081,1.171037,5.785177,0.000134,8.061806,0.151871,192,0,0,1,1,1,285,316,0,0,True,True,0,0,0
ladder128-warm,A0,1,9.225718,5.621379,6.157322,22,11,239206412,0.062133,0.642338,0.225374,8.294964,0.979727,0.327,0.000136,5.468467,0.152776,192,0,0,1,1,1,285,316,0,0,True,True,0,0,0
ladder128-warm,A0,2,9.2305,5.492201,6.298978,22,22,239206412,0.05116,0.5608,0.212161,8.40571,0.908812,0.327836,0.000131,5.337036,0.155034,192,0,0,1,1,1,285,316,0,0,True,True,0,0,0
ladder128-warm,A0,3,9.251601,5.356646,6.260972,22,33,239206412,0.06477,0.503379,0.208984,8.473793,0.859012,0.332782,0.000129,5.202101,0.154416,192,0,0,1,1,1,285,316,0,0,True,True,0,0,0
ladder128-warm,A0,4,9.143101,5.203546,6.235267,22,44,239206412,0.052123,0.530937,0.228226,8.331176,0.902337,0.345753,0.000104,5.044233,0.159209,192,0,0,1,1,1,285,316,0,0,True,True,0,0,0
ladder128-warm,A0,5,9.105292,5.23835,6.258852,22,55,239206412,0.064768,0.476709,0.209255,8.353837,0.82904,0.327109,0.000123,5.075213,0.163014,192,0,0,1,1,1,285,316,0,0,True,True,0,0,0
ladder128-warm,A0,6,9.158278,5.138482,6.187558,22,66,239206412,0.069424,0.537965,0.207437,8.342868,0.922643,0.337392,0.000134,4.985064,0.153284,192,0,0,1,1,1,285,316,0,0,True,True,0,0,0
ladder128-warm,A0,7,9.291016,4.97455,8.933537,22,77,239206412,0.051284,0.670725,0.211055,8.357354,0.878221,0.321526,0.000127,4.820582,0.153841,192,0,0,1,1,1,285,316,0,0,True,True,0,0,0
ladder128-warm,A0,8,9.708041,5.334276,6.136424,22,88,239206412,0.064079,0.810605,0.22876,8.604013,0.843013,0.337633,0.000106,5.176489,0.157681,192,0,0,1,1,1,285,316,0,0,True,True,0,0,0
ladder128-warm,A0,9,9.212605,5.107055,7.286807,22,99,239206412,0.052201,1.138326,0.21127,7.810148,0.795732,0.320225,0.000115,4.95866,0.14828,192,0,0,1,1,1,285,316,0,0,True,True,0,0,0
ladder128-warm,A0,10,15.942607,5.444657,6.095102,22,110,239206412,0.049717,3.927149,0.21437,11.750668,0.91507,0.32254,0.00013,5.292691,0.151836,192,0,0,1,1,1,285,316,0,0,True,True,0,0,0
ladder128-warm,A0,11,11.042866,5.3753,6.071383,22,121,239206412,0.051535,0.544225,0.211352,10.235084,0.826296,0.334858,9.2e-05,5.212749,0.162459,192,0,0,1,1,1,285,316,0,0,True,True,0,0,0
ladder128-warm,A0,12,8.767329,5.096602,6.030993,22,132,239206412,0.050366,0.500567,0.202806,8.013016,0.798559,0.321552,9.9e-05,4.929136,0.167367,192,0,0,1,1,1,285,316,0,0,True,True,0,0,0
ladder128-warm,A0,13,8.58848,5.414235,5.668929,22,143,239206412,0.049423,0.466804,0.204845,7.866826,0.808251,0.305623,0.000217,5.266139,0.147879,192,0,0,1,1,1,285,316,0,0,True,True,0,0,0
ladder128-warm,A0,14,8.452583,5.070625,5.727074,22,154,239206412,0.048829,0.525399,0.195653,7.682152,0.828151,0.342202,9.1e-05,4.914579,0.155955,192,0,0,1,1,1,285,316,0,0,True,True,0,0,0
ladder128-warm,A0,15,8.446344,5.063878,5.642826,22,165,239206412,0.048266,0.518472,0.194368,7.684712,0.802752,0.312168,0.000115,4.918176,0.145587,192,0,0,1,1,1,285,316,0,0,True,True,0,0,0
ladder128-warm,A0,16,8.426747,5.004099,5.610984,22,176,239206412,0.046016,0.484592,0.206891,7.688735,0.837163,0.301707,9.7e-05,4.857519,0.146483,192,0,0,1,1,1,285,316,0,0,True,True,0,0,0
ladder128-warm,A0,17,8.358997,5.125799,5.576998,22,187,239206412,0.04657,0.498818,0.212777,7.600265,0.807277,0.338778,0.000118,4.978592,0.147089,192,0,0,1,1,1,285,316,0,0,True,True,0,0,0
ladder128-warm,A0,18,8.250678,5.033419,5.562208,22,198,239206412,0.046402,0.502175,0.187774,7.513781,0.804983,0.342897,8.3e-05,4.88826,0.145076,192,0,0,1,1,1,285,316,0,0,True,True,0,0,0
ladder128-warm,A0,19,8.369863,5.42448,5.458096,22,209,239206412,0.047,0.507969,0.187341,7.62701,0.778075,0.290798,9.5e-05,5.281113,0.143272,192,0,0,1,1,1,285,316,0,0,True,True,0,0,0
ladder128-warm,A1,0,248.357875,6.611247,6.911241,22,0,239206412,0.09885,134.573608,0.663862,113.020488,1.206469,6.220571,0.000106,6.431863,0.179278,192,0,0,1,1,1,285,316,0,0,True,True,0,0,0
ladder128-warm,A1,1,9.733984,5.090708,6.617471,22,11,239206412,0.060857,0.617734,0.290925,8.763632,1.149339,0.352789,0.000177,4.898824,0.191707,192,0,0,1,1,1,285,316,0,0,True,True,0,0,0
ladder128-warm,A1,2,10.682666,6.325158,6.687934,22,22,239206412,0.090803,0.829204,0.370575,9.391391,2.132316,0.300881,0.000141,6.149066,0.175951,192,0,0,1,1,1,285,316,0,0,True,True,0,0,0
ladder128-warm,A1,3,9.659463,4.935194,6.503493,22,33,239206412,0.060077,0.550813,0.235268,8.8124,0.909386,0.403952,0.000146,4.726359,0.208689,192,0,0,1,1,1,285,316,0,0,True,True,0,0,0
ladder128-warm,A1,4,11.285557,5.255838,6.626807,22,44,239206412,0.075373,0.682492,0.372288,10.154759,1.117347,0.344909,0.000136,5.087152,0.16855,192,0,0,1,1,1,285,316,0,0,True,True,0,0,0
ladder128-warm,A1,5,11.3612,4.785684,6.545552,22,55,239206412,0.087498,0.878876,0.388815,10.004971,1.07981,0.37391,0.000206,4.570989,0.214489,192,0,0,1,1,1,285,316,0,0,True,True,0,0,0
ladder128-warm,A1,6,9.263384,4.524252,8.072451,22,66,239206412,0.06881,0.63809,0.189642,8.366137,0.904394,0.333687,0.000124,4.377067,0.147061,192,0,0,1,1,1,285,316,0,0,True,True,0,0,0
ladder128-warm,A1,7,13.903059,4.555201,5.838811,22,77,239206412,0.05136,1.086773,0.223787,12.540401,0.825438,0.330884,0.000123,4.35705,0.198028,192,0,0,1,1,1,285,316,0,0,True,True,0,0,0
ladder128-warm,A1,8,8.810591,4.787311,5.948121,22,88,239206412,0.047059,0.550928,0.251388,7.960563,0.925189,0.344549,0.000134,4.596798,0.190379,192,0,0,1,1,1,285,316,0,0,True,True,0,0,0
ladder128-warm,A1,9,8.936245,4.611787,5.813263,22,99,239206412,0.048244,0.551532,0.220453,8.115354,0.91726,0.290263,0.000166,4.42719,0.184431,192,0,0,1,1,1,285,316,0,0,True,True,0,0,0
ladder128-warm,A1,10,9.722255,4.804308,6.417529,22,110,239206412,0.050068,0.524441,0.187438,8.959581,0.884895,0.366616,0.000134,4.688049,0.116125,192,0,0,1,1,1,285,316,0,0,True,True,0,0,0
ladder128-warm,A1,11,8.707552,4.411094,6.11865,22,121,239206412,0.052092,0.494494,0.207058,7.953298,0.778368,0.299866,0.000127,4.275883,0.135084,192,0,0,1,1,1,285,316,0,0,True,True,0,0,0
ladder128-warm,A1,12,10.176126,4.815026,6.195999,22,132,239206412,0.047212,0.53267,0.217323,9.378321,0.925118,0.327265,0.000132,4.590793,0.224101,192,0,0,1,1,1,285,316,0,0,True,True,0,0,0
ladder128-warm,A1,13,8.942496,4.503732,5.953114,22,143,239206412,0.046192,0.590579,0.184841,8.120142,0.85812,0.330008,0.000135,4.326162,0.177435,192,0,0,1,1,1,285,316,0,0,True,True,0,0,0
ladder128-warm,A1,14,10.495293,4.802614,6.435184,22,154,239206412,0.047503,0.624563,0.290298,9.5321,0.833992,0.521801,0.000124,4.566964,0.235526,192,0,0,1,1,1,285,316,0,0,True,True,0,0,0
ladder128-warm,A1,15,8.968761,4.586469,5.735235,22,165,239206412,0.046839,0.550212,0.187179,8.183898,0.852595,0.328071,0.000123,4.406937,0.179409,192,0,0,1,1,1,285,316,0,0,True,True,0,0,0
ladder128-warm,A1,16,8.822578,4.493453,5.751448,22,176,239206412,0.047451,0.550169,0.216632,8.007661,0.924474,0.29093,0.000128,4.364284,0.129041,192,0,0,1,1,1,285,316,0,0,True,True,0,0,0
ladder128-warm,A1,17,8.91471,4.989703,5.665639,22,187,239206412,0.047093,0.537599,0.192698,8.136692,0.902101,0.303811,0.000129,4.845627,0.143947,192,0,0,1,1,1,285,316,0,0,True,True,0,0,0
ladder128-warm,A1,18,8.623304,4.511757,5.781316,22,198,239206412,0.05689,0.498336,0.224249,7.843198,0.911205,0.340036,0.000133,4.308049,0.203575,192,0,0,1,1,1,285,316,0,0,True,True,0,0,0
ladder128-warm,A1,19,8.726497,5.047481,5.788585,22,209,239206412,0.047091,0.55683,0.189089,7.932783,0.870124,0.324838,0.0001,4.84999,0.197391,192,0,0,1,1,1,285,316,0,0,True,True,0,0,0
panel32-cold,A0,0,211.54711,23.376105,7.610137,22,0,239206412,0.216359,125.988429,1.05801,84.283363,2.432185,19.044875,0.000113,23.210458,0.165534,492,0,0,1,1,1,1020,1984,0,0,True,True,0,0,0
panel32-cold,A0,1,11.231858,21.213288,7.778836,22,11,239206412,0.207051,0.661532,0.6985,9.663906,1.96578,0.642509,0.000108,21.044218,0.168962,492,0,0,1,1,1,1020,1984,0,0,True,True,0,0,0
panel32-cold,A0,2,11.291176,21.031827,14.595269,22,22,239206412,0.171618,0.641466,0.690297,9.787021,1.814033,0.956225,0.00012,20.850467,0.18124,492,0,0,1,1,1,1020,1984,0,0,True,True,0,0,0
panel32-cold,A0,3,13.977935,20.638156,16.231916,22,33,239206412,0.277089,0.755697,0.991055,11.95306,2.07272,0.812512,0.00015,20.449523,0.188483,492,0,0,1,1,1,1020,1984,0,0,True,True,0,0,0
panel32-cold,A0,4,16.273383,20.551105,11.231144,22,44,239206412,0.227635,0.920234,0.961846,14.162562,2.291923,0.835463,0.000229,20.358497,0.192379,492,0,0,1,1,1,1020,1984,0,0,True,True,0,0,0
panel32-cold,A0,5,14.344007,20.761729,12.891456,22,55,239206412,0.269142,0.766504,0.995025,12.31249,2.033522,0.767501,0.000136,20.572141,0.189452,492,0,0,1,1,1,1020,1984,0,0,True,True,0,0,0
panel32-cold,A0,6,15.117041,21.229797,12.128937,22,66,239206412,0.255717,0.813356,1.050015,12.996975,2.338119,0.963842,0.000166,21.02756,0.202071,492,0,0,1,1,1,1020,1984,0,0,True,True,0,0,0
panel32-cold,A0,7,16.127107,21.080643,14.560374,22,77,239206412,0.275579,1.179565,1.094576,13.576129,2.321518,1.101375,0.000164,20.805253,0.275226,492,0,0,1,1,1,1020,1984,0,0,True,True,0,0,0
panel32-cold,A0,8,16.274248,20.979897,14.415644,22,88,239206412,0.346009,0.907044,1.146592,13.873439,2.658289,0.968195,0.000158,20.771004,0.208735,492,0,0,1,1,1,1020,1984,0,0,True,True,0,0,0
panel32-cold,A0,9,16.069388,20.550283,13.91953,22,99,239206412,0.310621,0.95355,1.157085,13.646944,2.111075,0.797892,0.00015,20.374083,0.17605,492,0,0,1,1,1,1020,1984,0,0,True,True,0,0,0
panel32-cold,A0,10,16.618122,20.346872,16.193179,22,110,239206412,0.33017,0.901774,1.243765,14.141401,2.461279,1.027653,0.000151,20.225025,0.121696,492,0,0,1,1,1,1020,1984,0,0,True,True,0,0,0
panel32-cold,A0,11,17.189012,20.439466,12.918934,22,121,239206412,0.297452,0.927739,1.321036,14.641327,2.399561,0.964255,0.000221,20.22134,0.217905,492,0,0,1,1,1,1020,1984,0,0,True,True,0,0,0
panel32-cold,A0,12,16.1671,20.597358,12.883876,22,132,239206412,0.279071,0.879246,1.142233,13.865429,2.334284,0.897107,0.000168,20.390946,0.206244,492,0,0,1,1,1,1020,1984,0,0,True,True,0,0,0
panel32-cold,A0,13,16.380416,20.590443,13.884148,22,143,239206412,0.274627,0.866527,1.135865,14.102348,2.577657,0.899536,0.000253,20.396987,0.193203,492,0,0,1,1,1,1020,1984,0,0,True,True,0,0,0
panel32-cold,A0,14,16.374037,20.439288,13.859642,22,154,239206412,0.323052,0.90472,1.272827,13.872039,2.241858,1.013683,0.000153,20.253327,0.185808,492,0,0,1,1,1,1020,1984,0,0,True,True,0,0,0
panel32-cold,A0,15,16.648775,20.580729,14.304669,22,165,239206412,0.323066,0.90285,1.267954,14.153442,2.506599,1.015684,0.000181,20.442083,0.138465,492,0,0,1,1,1,1020,1984,0,0,True,True,0,0,0
panel32-cold,A0,16,16.82356,20.921301,13.883211,22,176,239206412,0.352511,0.920228,1.250042,14.299738,2.35484,0.9642,0.000174,20.730228,0.190899,492,0,0,1,1,1,1020,1984,0,0,True,True,0,0,0
panel32-cold,A0,17,18.732491,21.314428,14.638228,22,187,239206412,0.345135,1.295823,1.242184,15.848084,2.708139,1.236638,0.000203,21.220806,0.093419,492,0,0,1,1,1,1020,1984,0,0,True,True,0,0,0
panel32-cold,A0,18,17.956854,20.848334,13.970518,22,198,239206412,0.316463,0.986617,1.265306,15.3869,2.586527,0.909696,0.000187,20.633024,0.215123,492,0,0,1,1,1,1020,1984,0,0,True,True,0,0,0
panel32-cold,A0,19,16.348815,20.950245,12.84594,22,209,239206412,0.354447,0.945323,1.226948,13.821049,2.205014,0.922028,0.00022,20.766242,0.183783,492,0,0,1,1,1,1020,1984,0,0,True,True,0,0,0
panel32-cold,A1,0,213.710125,23.649057,7.79456,22,0,239206412,0.219276,127.056897,1.057506,85.375497,2.412773,19.086451,9e-05,23.473636,0.175331,492,0,0,1,1,1,1020,1984,0,0,True,True,0,0,0
panel32-cold,A1,1,10.202735,20.737449,6.701172,22,11,239206412,0.176342,0.615661,0.611223,8.798749,1.799336,0.543006,8.3e-05,20.549688,0.187678,492,0,0,1,1,1,1020,1984,0,0,True,True,0,0,0
panel32-cold,A1,2,10.117312,20.612809,8.559242,22,22,239206412,0.147898,0.550453,0.561624,8.856709,1.735553,0.601444,9.3e-05,20.445679,0.167037,492,0,0,1,1,1,1020,1984,0,0,True,True,0,0,0
panel32-cold,A1,3,12.225372,19.989153,11.485611,22,33,239206412,0.186998,0.65129,0.748136,10.638194,1.825332,0.782442,9.7e-05,19.82486,0.164196,492,0,0,1,1,1,1020,1984,0,0,True,True,0,0,0
panel32-cold,A1,4,13.417731,20.862519,14.564541,22,44,239206412,0.242036,0.761469,0.949285,11.463878,1.89649,0.773199,0.000123,20.688892,0.173504,492,0,0,1,1,1,1020,1984,0,0,True,True,0,0,0
panel32-cold,A1,5,16.938397,20.663196,12.993719,22,55,239206412,0.272845,0.893404,1.060796,14.710106,2.262289,1.004162,0.000132,20.426458,0.236606,492,0,0,1,1,1,1020,1984,0,0,True,True,0,0,0
panel32-cold,A1,6,15.462835,20.650494,12.857565,22,66,239206412,0.312192,0.740878,1.081803,13.326812,2.47386,0.970536,0.00013,20.413373,0.236991,492,0,0,1,1,1,1020,1984,0,0,True,True,0,0,0
panel32-cold,A1,7,15.661556,21.621153,13.587905,22,77,239206412,0.272569,1.18395,1.114402,13.089492,2.230943,0.970396,0.000129,21.457849,0.163175,492,0,0,1,1,1,1020,1984,0,0,True,True,0,0,0
panel32-cold,A1,8,16.074181,20.679887,12.925293,22,88,239206412,0.334087,0.953778,1.180718,13.604306,2.491844,1.078441,0.000147,20.424178,0.255562,492,0,0,1,1,1,1020,1984,0,0,True,True,0,0,0
panel32-cold,A1,9,16.060693,20.307148,13.854849,22,99,239206412,0.304889,0.907871,1.138344,13.708536,2.319946,1.010624,0.000125,20.107843,0.19918,492,0,0,1,1,1,1020,1984,0,0,True,True,0,0,0
panel32-cold,A1,10,16.208302,20.138194,13.452186,22,110,239206412,0.323076,0.906358,1.26764,13.70997,2.592623,1.091953,0.00014,20.090734,0.04732,492,0,0,1,1,1,1020,1984,0,0,True,True,0,0,0
panel32-cold,A1,11,19.021461,20.463029,15.344548,22,121,239206412,0.287634,0.908363,1.155514,16.668789,2.593253,0.983615,0.00014,20.247992,0.214897,492,0,0,1,1,1,1020,1984,0,0,True,True,0,0,0
panel32-cold,A1,12,18.007972,20.439052,13.164794,22,132,239206412,0.327079,0.963165,1.248151,15.468209,2.836304,1.039262,0.000151,20.260041,0.17886,492,0,0,1,1,1,1020,1984,0,0,True,True,0,0,0
panel32-cold,A1,13,16.194332,20.876698,13.81705,22,143,239206412,0.282003,0.901255,1.135619,13.87428,2.452795,0.883311,0.000137,20.653149,0.223412,492,0,0,1,1,1,1020,1984,0,0,True,True,0,0,0
panel32-cold,A1,14,16.165628,20.63135,13.808673,22,154,239206412,0.294926,0.926185,1.142436,13.782887,2.47756,1.053031,0.000154,20.410531,0.220665,492,0,0,1,1,1,1020,1984,0,0,True,True,0,0,0
panel32-cold,A1,15,16.413037,20.732492,13.856068,22,165,239206412,0.323437,0.912369,1.245963,13.929943,2.270614,0.984131,0.000135,20.502443,0.229914,492,0,0,1,1,1,1020,1984,0,0,True,True,0,0,0
panel32-cold,A1,16,16.670036,20.484329,13.572964,22,176,239206412,0.312568,0.959834,1.320582,14.075707,2.449468,1.065518,0.000133,20.288265,0.195931,492,0,0,1,1,1,1020,1984,0,0,True,True,0,0,0
panel32-cold,A1,17,16.885815,20.652266,14.108995,22,187,239206412,0.295578,0.991673,1.167054,14.429948,2.378244,0.992847,0.000128,20.456581,0.195557,492,0,0,1,1,1,1020,1984,0,0,True,True,0,0,0
panel32-cold,A1,18,20.113527,20.276955,14.061377,22,198,239206412,0.311061,0.956592,1.253971,17.59059,2.812535,1.060062,0.000207,20.128187,0.148561,492,0,0,1,1,1,1020,1984,0,0,True,True,0,0,0
panel32-cold,A1,19,17.996187,20.88391,12.896984,22,209,239206412,0.313841,0.941404,1.225407,15.5143,2.581967,1.038075,0.000153,20.655566,0.228191,492,0,0,1,1,1,1020,1984,0,0,True,True,0,0,0
panel32-warm,A0,0,212.239019,22.700264,8.726238,22,0,239206412,0.201196,125.638354,1.252579,85.145909,2.405729,19.049344,0.000145,22.527214,0.172905,492,0,0,1,1,1,1020,1984,0,0,True,True,0,0,0
panel32-warm,A0,1,11.358723,20.673195,9.822741,22,11,239206412,0.212536,0.662155,0.721867,9.761277,1.963695,0.798943,0.000139,20.479511,0.193545,492,0,0,1,1,1,1020,1984,0,0,True,True,0,0,0
panel32-warm,A0,2,12.952817,20.759716,12.879037,22,22,239206412,0.214095,0.705986,0.890626,11.141354,2.157926,0.792336,0.000115,20.573549,0.186052,492,0,0,1,1,1,1020,1984,0,0,True,True,0,0,0
panel32-warm,A0,3,14.185165,20.622542,18.483527,22,33,239206412,0.232652,0.969073,0.886523,12.095953,2.085296,0.839315,0.00016,20.419693,0.202689,492,0,0,1,1,1,1020,1984,0,0,True,True,0,0,0
panel32-warm,A0,4,20.227431,20.536542,13.818469,22,44,239206412,0.297221,1.068516,1.258961,17.601542,2.596393,1.062722,0.00021,20.312905,0.223427,492,0,0,1,1,1,1020,1984,0,0,True,True,0,0,0
panel32-warm,A0,5,15.793382,20.863529,13.73689,22,55,239206412,0.303838,0.863791,1.170472,13.453948,2.439933,0.875383,0.000158,20.662058,0.201313,492,0,0,1,1,1,1020,1984,0,0,True,True,0,0,0
panel32-warm,A0,6,16.324082,20.455442,12.750887,22,66,239206412,0.294902,0.932874,1.147935,13.947028,2.395329,0.943025,0.000189,20.29663,0.158623,492,0,0,1,1,1,1020,1984,0,0,True,True,0,0,0
panel32-warm,A0,7,16.232268,20.387362,13.850825,22,77,239206412,0.272236,1.132719,1.182428,13.643563,2.311142,0.962925,0.00016,20.231383,0.155819,492,0,0,1,1,1,1020,1984,0,0,True,True,0,0,0
panel32-warm,A0,8,18.929973,20.998111,14.530123,22,88,239206412,0.296404,1.02766,1.241713,16.362914,3.044636,1.108147,0.00017,20.807758,0.190183,492,0,0,1,1,1,1020,1984,0,0,True,True,0,0,0
panel32-warm,A0,9,18.599364,20.368069,13.853021,22,99,239206412,0.33475,1.112333,1.256109,15.894833,2.784332,1.100772,0.000213,20.105124,0.262732,492,0,0,1,1,1,1020,1984,0,0,True,True,0,0,0
panel32-warm,A0,10,18.047714,20.096386,14.739901,22,110,239206412,0.337154,1.130446,1.250396,15.328525,2.891191,1.211471,0.000154,19.909202,0.18703,492,0,0,1,1,1,1020,1984,0,0,True,True,0,0,0
panel32-warm,A0,11,18.812679,20.605394,13.098954,22,121,239206412,0.332433,0.864411,1.25188,16.362673,3.023541,0.963283,0.000224,20.454937,0.150233,492,0,0,1,1,1,1020,1984,0,0,True,True,0,0,0
panel32-warm,A0,12,16.10976,20.097361,12.696001,22,132,239206412,0.284835,0.881535,1.153604,13.78867,2.259496,0.946915,0.000192,19.929651,0.167518,492,0,0,1,1,1,1020,1984,0,0,True,True,0,0,0
panel32-warm,A0,13,16.005337,20.451284,12.692158,22,143,239206412,0.272739,0.866944,1.147199,13.717206,2.238022,0.871567,0.000139,20.267547,0.183598,492,0,0,1,1,1,1020,1984,0,0,True,True,0,0,0
panel32-warm,A0,14,15.912348,20.336832,12.693851,22,154,239206412,0.322413,0.788023,1.146912,13.653795,2.267784,0.88068,0.000147,20.151763,0.184922,492,0,0,1,1,1,1020,1984,0,0,True,True,0,0,0
panel32-warm,A0,15,15.980227,20.390206,12.147399,22,165,239206412,0.292342,0.86034,1.138018,13.688371,2.074962,0.887155,0.000188,20.230626,0.159392,492,0,0,1,1,1,1020,1984,0,0,True,True,0,0,0
panel32-warm,A0,16,16.515484,20.387807,13.766427,22,176,239206412,0.257289,0.817232,1.068604,14.371263,2.587138,1.060561,0.000208,20.168826,0.218773,492,0,0,1,1,1,1020,1984,0,0,True,True,0,0,0
panel32-warm,A0,17,18.949907,21.372701,14.879681,22,187,239206412,0.315114,0.872369,1.207711,16.553549,2.592095,1.079744,0.000194,21.128772,0.243735,492,0,0,1,1,1,1020,1984,0,0,True,True,0,0,0
panel32-warm,A0,18,17.781678,20.424353,12.926724,22,198,239206412,0.339899,0.936772,1.266649,15.237017,2.662077,0.993666,0.000212,20.199987,0.224154,492,0,0,1,1,1,1020,1984,0,0,True,True,0,0,0
panel32-warm,A0,19,17.027196,20.672554,13.742647,22,209,239206412,0.334347,0.926345,1.16241,14.602793,2.545681,1.121271,0.000189,20.525029,0.147336,492,0,0,1,1,1,1020,1984,0,0,True,True,0,0,0
panel32-warm,A1,0,237.981084,24.582143,11.70832,22,0,239206412,0.213153,143.022677,1.117988,93.626333,2.446525,20.729519,0.000132,24.33458,0.247431,492,0,0,1,1,1,1020,1984,0,0,True,True,0,0,0
panel32-warm,A1,1,13.788358,21.271504,10.219068,22,11,239206412,0.224634,1.190209,0.989349,11.383221,2.391402,1.153148,0.000145,21.028957,0.242402,492,0,0,1,1,1,1020,1984,0,0,True,True,0,0,0
panel32-warm,A1,2,17.689707,20.695507,19.770738,22,22,239206412,0.220634,0.720326,0.798308,15.949419,4.055464,1.988991,0.000341,20.601586,0.09358,492,0,0,1,1,1,1020,1984,0,0,True,True,0,0,0
panel32-warm,A1,3,31.220922,20.950406,18.395047,22,33,239206412,0.302207,0.917571,1.220352,28.779573,3.174704,1.059869,0.000176,20.786923,0.163307,492,0,0,1,1,1,1020,1984,0,0,True,True,0,0,0
panel32-warm,A1,4,20.080691,20.832981,14.839268,22,44,239206412,0.334735,1.405294,1.290662,17.048709,2.91149,1.322688,0.000186,20.656518,0.176277,492,0,0,1,1,1,1020,1984,0,0,True,True,0,0,0
panel32-warm,A1,5,18.519991,20.654841,13.072155,22,55,239206412,0.299932,1.043241,1.248113,15.927461,2.676859,1.021408,0.000214,20.365569,0.289058,492,0,0,1,1,1,1020,1984,0,0,True,True,0,0,0
panel32-warm,A1,6,20.402749,21.272247,14.730642,22,66,239206412,0.290297,0.919057,1.221398,17.970665,3.296448,1.20932,0.000267,21.084858,0.187122,492,0,0,1,1,1,1020,1984,0,0,True,True,0,0,0
panel32-warm,A1,7,20.121435,20.832958,14.62486,22,77,239206412,0.322532,1.278288,1.426828,17.092048,3.247547,1.132781,0.000263,20.670669,0.162026,492,0,0,1,1,1,1020,1984,0,0,True,True,0,0,0
panel32-warm,A1,8,18.008808,20.743025,15.321645,22,88,239206412,0.30075,0.961171,1.338927,15.406644,2.703857,1.245522,0.000225,20.674101,0.068699,492,0,0,1,1,1,1020,1984,0,0,True,True,0,0,0
panel32-warm,A1,9,18.416961,20.121905,21.024923,22,99,239206412,0.325067,1.00498,1.379146,15.70646,3.217675,1.245592,0.000221,20.038767,0.082917,492,0,0,1,1,1,1020,1984,0,0,True,True,0,0,0
panel32-warm,A1,10,20.200375,21.095184,14.83622,22,110,239206412,0.317472,1.095312,1.412865,17.373382,3.005309,1.114769,0.000252,20.859153,0.235779,492,0,0,1,1,1,1020,1984,0,0,True,True,0,0,0
panel32-warm,A1,11,16.936547,21.117382,14.658491,22,121,239206412,0.408262,0.975732,1.337637,14.213726,2.625313,1.127194,0.000176,20.87921,0.237996,492,0,0,1,1,1,1020,1984,0,0,True,True,0,0,0
panel32-warm,A1,12,17.066913,20.790343,13.532851,22,132,239206412,0.299643,0.891792,1.321396,14.552832,2.593037,1.116883,0.000216,20.578069,0.212058,492,0,0,1,1,1,1020,1984,0,0,True,True,0,0,0
panel32-warm,A1,13,16.711799,21.066339,14.638636,22,143,239206412,0.276804,0.928642,1.252143,14.253154,2.358159,1.002416,0.000206,20.849555,0.216578,492,0,0,1,1,1,1020,1984,0,0,True,True,0,0,0
panel32-warm,A1,14,16.574626,21.088033,13.788439,22,154,239206412,0.298244,0.900018,1.341225,14.033616,2.42206,1.054046,0.000151,20.860736,0.227146,492,0,0,1,1,1,1020,1984,0,0,True,True,0,0,0
panel32-warm,A1,15,21.321679,20.94644,20.424384,22,165,239206412,0.279833,0.934023,1.209453,18.897121,2.96715,1.110789,0.000212,20.723419,0.222809,492,0,0,1,1,1,1020,1984,0,0,True,True,0,0,0
panel32-warm,A1,16,23.071611,21.047219,14.600154,22,176,239206412,0.300315,1.178358,1.331677,20.25999,2.95831,1.130005,0.000197,20.787551,0.259471,492,0,0,1,1,1,1020,1984,0,0,True,True,0,0,0
panel32-warm,A1,17,17.514871,21.042194,15.318381,22,187,239206412,0.324916,1.023611,1.304547,14.860471,2.735287,1.09001,0.000161,20.834772,0.207261,492,0,0,1,1,1,1020,1984,0,0,True,True,0,0,0
panel32-warm,A1,18,18.619451,20.65925,14.570956,22,198,239206412,0.395966,1.043082,1.236313,15.942875,2.785372,1.184227,0.000243,20.488904,0.170103,492,0,0,1,1,1,1020,1984,0,0,True,True,0,0,0
panel32-warm,A1,19,19.905315,21.060165,13.359181,22,209,239206412,0.396033,0.946596,1.196875,17.36467,2.457789,1.105546,0.000218,20.860653,0.199294,492,0,0,1,1,1,1020,1984,0,0,True,True,0,0,0
resting,A0,0,130.231984,2.808636,0.63988,22,0,239206412,0.012098,130.121228,0.097434,0.00016,0.619174,0.269231,0.000115,2.807953,0.000568,0,0,0,0,0,0,0,0,0,0,True,True,0,0,0
resting,A0,1,0.725943,2.313297,0.558635,22,11,239206412,0.019999,0.679065,0.026181,7.2e-05,0.30363,0.004405,8.9e-05,2.312765,0.000443,0,0,0,0,0,0,0,0,0,0,True,True,0,0,0
resting,A0,2,0.677258,1.467713,0.55847,22,22,239206412,0.011455,0.639007,0.026199,8.4e-05,0.265914,0.003929,0.000131,1.467125,0.000457,0,0,0,0,0,0,0,0,0,0,True,True,0,0,0
resting,A0,3,0.625082,2.063685,0.574128,22,33,239206412,0.009946,0.58958,0.024885,7.3e-05,0.275143,0.004222,0.000122,2.063141,0.000422,0,0,0,0,0,0,0,0,0,0,True,True,0,0,0
resting,A0,4,0.608537,1.435001,0.561568,22,44,239206412,0.008042,0.557051,0.042792,8.7e-05,0.248062,0.003962,0.000131,1.434438,0.000432,0,0,0,0,0,0,0,0,0,0,True,True,0,0,0
resting,A0,5,0.662198,1.264393,0.600223,22,55,239206412,0.013598,0.617982,0.029851,8.2e-05,0.249008,0.004165,0.000132,1.26383,0.000431,0,0,0,0,0,0,0,0,0,0,True,True,0,0,0
resting,A0,6,0.584226,1.401127,0.611605,22,66,239206412,0.013249,0.52382,0.046472,8.6e-05,0.280942,0.004084,0.00012,1.400618,0.000389,0,0,0,0,0,0,0,0,0,0,True,True,0,0,0
resting,A0,7,0.706632,2.04678,0.540417,22,77,239206412,0.009191,0.672476,0.02435,7e-05,0.281467,0.00425,0.000132,2.046141,0.000507,0,0,0,0,0,0,0,0,0,0,True,True,0,0,0
resting,A0,8,0.696591,1.416378,0.539104,22,88,239206412,0.010059,0.660706,0.025188,6.2e-05,0.248125,0.003995,0.000114,1.415837,0.000427,0,0,0,0,0,0,0,0,0,0,True,True,0,0,0
resting,A0,9,0.66508,1.238313,0.564082,22,99,239206412,0.010262,0.629152,0.024998,6.4e-05,0.249435,0.004074,0.000131,1.237802,0.00038,0,0,0,0,0,0,0,0,0,0,True,True,0,0,0
resting,A0,10,0.578435,1.232359,0.608879,22,110,239206412,0.008654,0.543982,0.025186,6.4e-05,0.246262,0.003974,0.000139,1.231754,0.000466,0,0,0,0,0,0,0,0,0,0,True,True,0,0,0
resting,A0,11,0.698155,1.465309,0.596585,22,121,239206412,0.010145,0.662901,0.024512,6.3e-05,0.284612,0.004219,0.000137,1.464686,0.000486,0,0,0,0,0,0,0,0,0,0,True,True,0,0,0
resting,A0,12,0.653558,1.236925,0.579048,22,132,239206412,0.010225,0.618091,0.02448,8.6e-05,0.285964,0.004113,0.000118,1.236371,0.000436,0,0,0,0,0,0,0,0,0,0,True,True,0,0,0
resting,A0,13,0.556137,1.316488,0.546206,22,143,239206412,0.011604,0.51912,0.024758,6.1e-05,0.271387,0.00412,0.000124,1.315936,0.000428,0,0,0,0,0,0,0,0,0,0,True,True,0,0,0
resting,A0,14,0.695743,1.454925,0.537974,22,154,239206412,0.011949,0.658387,0.024845,6.6e-05,0.24898,0.004191,0.000124,1.454348,0.000453,0,0,0,0,0,0,0,0,0,0,True,True,0,0,0
resting,A0,15,0.657889,1.248094,0.544278,22,165,239206412,0.011818,0.620978,0.024393,6.3e-05,0.247919,0.004097,0.000131,1.247515,0.000448,0,0,0,0,0,0,0,0,0,0,True,True,0,0,0
resting,A0,16,0.618263,1.439783,0.564636,22,176,239206412,0.011245,0.582291,0.024032,6.7e-05,0.252079,0.003978,0.000113,1.43929,0.00038,0,0,0,0,0,0,0,0,0,0,True,True,0,0,0
resting,A0,17,0.665991,1.360216,0.599175,22,187,239206412,0.010539,0.631113,0.023738,6.5e-05,0.246952,0.00422,0.000132,1.359666,0.000418,0,0,0,0,0,0,0,0,0,0,True,True,0,0,0
resting,A0,18,0.654004,1.29951,0.615231,22,198,239206412,0.010418,0.599039,0.04379,9.4e-05,0.262733,0.004131,0.000135,1.298974,0.000401,0,0,0,0,0,0,0,0,0,0,True,True,0,0,0
resting,A0,19,0.671403,1.349167,0.59728,22,209,239206412,0.009446,0.636818,0.02444,6.4e-05,0.285814,0.004184,9.1e-05,1.348688,0.000388,0,0,0,0,0,0,0,0,0,0,True,True,0,0,0
resting,A1,0,114.605557,2.749886,0.578287,22,0,239206412,0.009718,114.506502,0.088312,0.000101,0.557658,0.281052,8.5e-05,2.749322,0.000479,0,0,0,0,0,0,0,0,0,0,True,True,0,0,0
resting,A1,1,0.731323,2.044717,0.513266,22,11,239206412,0.014828,0.691165,0.024582,6e-05,0.234837,0.004137,0.000111,2.044203,0.000403,0,0,0,0,0,0,0,0,0,0,True,True,0,0,0
resting,A1,2,0.647511,2.086225,0.479468,22,22,239206412,0.010279,0.613964,0.022665,5.7e-05,0.232738,0.003817,8.5e-05,2.085723,0.000417,0,0,0,0,0,0,0,0,0,0,True,True,0,0,0
resting,A1,3,0.657742,1.450086,0.486732,22,33,239206412,0.008605,0.628646,0.019871,6e-05,0.22862,0.003812,0.000108,1.449526,0.000452,0,0,0,0,0,0,0,0,0,0,True,True,0,0,0
resting,A1,4,0.665597,1.378946,0.503596,22,44,239206412,0.009275,0.634488,0.021109,5.9e-05,0.219136,0.003779,0.00011,1.378341,0.000495,0,0,0,0,0,0,0,0,0,0,True,True,0,0,0
resting,A1,5,0.6389,1.323681,0.61132,22,55,239206412,0.009303,0.60727,0.021705,5.9e-05,0.243673,0.003699,8.1e-05,1.32315,0.00045,0,0,0,0,0,0,0,0,0,0,True,True,0,0,0
resting,A1,6,0.637596,1.384053,0.501491,22,66,239206412,0.009149,0.606257,0.021566,5.8e-05,0.234951,0.003604,0.000112,1.383487,0.000454,0,0,0,0,0,0,0,0,0,0,True,True,0,0,0
resting,A1,7,0.658271,1.482973,0.476187,22,77,239206412,0.008987,0.627295,0.021444,5.1e-05,0.230047,0.003843,0.000101,1.482476,0.000396,0,0,0,0,0,0,0,0,0,0,True,True,0,0,0
resting,A1,8,0.664304,2.056096,0.499629,22,88,239206412,0.010572,0.631789,0.021349,5.6e-05,0.221273,0.00378,9.9e-05,2.055507,0.00049,0,0,0,0,0,0,0,0,0,0,True,True,0,0,0
resting,A1,9,0.670102,1.299855,0.494255,22,99,239206412,0.012109,0.61742,0.04,5.7e-05,0.237072,0.003663,0.000106,1.299314,0.000435,0,0,0,0,0,0,0,0,0,0,True,True,0,0,0
resting,A1,10,0.633141,1.36101,0.474676,22,110,239206412,0.012219,0.599179,0.021129,5.9e-05,0.233695,0.003675,0.000112,1.360475,0.000423,0,0,0,0,0,0,0,0,0,0,True,True,0,0,0
resting,A1,11,0.62156,1.227619,1.004335,22,121,239206412,0.011557,0.588793,0.020533,5.7e-05,0.428916,0.003851,0.000107,1.227052,0.00046,0,0,0,0,0,0,0,0,0,0,True,True,0,0,0
resting,A1,12,0.629695,1.296023,0.476543,22,132,239206412,0.012668,0.595823,0.020641,5.9e-05,0.240664,0.003608,0.000109,1.295439,0.000475,0,0,0,0,0,0,0,0,0,0,True,True,0,0,0
resting,A1,13,0.654916,1.319271,0.484083,22,143,239206412,0.011662,0.621583,0.021066,6.1e-05,0.217953,0.003531,0.000103,1.318671,0.000497,0,0,0,0,0,0,0,0,0,0,True,True,0,0,0
resting,A1,14,0.704245,1.427081,0.503243,22,154,239206412,0.012022,0.670785,0.020837,6.4e-05,0.221075,0.003667,0.000108,1.426488,0.000485,0,0,0,0,0,0,0,0,0,0,True,True,0,0,0
resting,A1,15,0.65093,1.381896,0.513246,22,165,239206412,0.012304,0.617481,0.020576,5.5e-05,0.233383,0.003611,9.4e-05,1.381307,0.000495,0,0,0,0,0,0,0,0,0,0,True,True,0,0,0
resting,A1,16,0.640445,1.303522,0.489556,22,176,239206412,0.01154,0.6069,0.02132,5.8e-05,0.250617,0.003735,8.3e-05,1.303082,0.000357,0,0,0,0,0,0,0,0,0,0,True,True,0,0,0
resting,A1,17,0.62567,1.422678,0.478051,22,187,239206412,0.011739,0.592328,0.02091,5.8e-05,0.218422,0.003748,0.000111,1.422151,0.000416,0,0,0,0,0,0,0,0,0,0,True,True,0,0,0
resting,A1,18,0.615764,1.240643,0.503741,22,198,239206412,0.011571,0.582811,0.020744,6e-05,0.220394,0.003657,0.000103,1.240039,0.000501,0,0,0,0,0,0,0,0,0,0,True,True,0,0,0
resting,A1,19,0.639924,1.269439,0.501258,22,209,239206412,0.012428,0.606009,0.020861,5.9e-05,0.232335,0.003613,0.000102,1.268909,0.000428,0,0,0,0,0,0,0,0,0,0,True,True,0,0,0
sliding,A0,0,129.520336,4.01395,0.676393,22,0,239206412,0.01162,129.390051,0.117502,0.000167,0.628093,0.245595,0.00013,4.013398,0.000422,0,0,0,0,0,0,0,0,0,0,True,True,0,0,0
sliding,A0,1,0.672513,4.245342,0.598636,22,11,239206412,0.017273,0.628382,0.02616,8.9e-05,0.259584,0.0049,0.000104,4.244922,0.000316,0,0,0,0,0,0,0,0,0,0,True,True,0,0,0
sliding,A0,2,0.584098,3.721621,0.656153,22,22,239206412,0.012519,0.544105,0.026896,7.3e-05,0.263294,0.004505,0.000153,3.721134,0.000334,0,0,0,0,0,0,0,0,0,0,True,True,0,0,0
sliding,A0,3,0.68055,2.724727,0.596113,22,33,239206412,0.009529,0.646197,0.024161,9.1e-05,0.33797,0.004323,8.3e-05,2.724142,0.000502,0,0,0,0,0,0,0,0,0,0,True,True,0,0,0
sliding,A0,4,0.593415,2.321646,0.606731,22,44,239206412,0.013959,0.523753,0.055002,9.4e-05,0.266096,0.004339,0.000113,2.321019,0.000514,0,0,0,0,0,0,0,0,0,0,True,True,0,0,0
sliding,A0,5,0.706475,2.429069,0.555661,22,55,239206412,0.015162,0.665608,0.025017,7.4e-05,0.2484,0.00437,0.000105,2.428498,0.000466,0,0,0,0,0,0,0,0,0,0,True,True,0,0,0
sliding,A0,6,0.673916,2.328281,0.608446,22,66,239206412,0.01502,0.633077,0.02515,9.1e-05,0.286973,0.004558,8.4e-05,2.327862,0.000335,0,0,0,0,0,0,0,0,0,0,True,True,0,0,0
sliding,A0,7,0.649435,2.227602,0.689097,22,77,239206412,0.013268,0.610153,0.025305,9.6e-05,0.288767,0.004249,0.000115,2.226988,0.000499,0,0,0,0,0,0,0,0,0,0,True,True,0,0,0
sliding,A0,8,0.767169,2.75506,0.70434,22,88,239206412,0.013631,0.727797,0.025043,9.3e-05,0.296147,0.004356,0.000112,2.754526,0.000422,0,0,0,0,0,0,0,0,0,0,True,True,0,0,0
sliding,A0,9,0.664197,2.309232,0.74762,22,99,239206412,0.01389,0.623617,0.025889,9.4e-05,0.270596,0.004507,0.000158,2.30856,0.000514,0,0,0,0,0,0,0,0,0,0,True,True,0,0,0
sliding,A0,10,0.654564,2.555239,0.761809,22,110,239206412,0.01597,0.612248,0.025724,9.2e-05,0.278473,0.004422,9.5e-05,2.554644,0.0005,0,0,0,0,0,0,0,0,0,0,True,True,0,0,0
sliding,A0,11,0.65019,2.792234,0.849532,22,121,239206412,0.014042,0.610719,0.024711,9.2e-05,0.247677,0.004524,0.000131,2.791627,0.000476,0,0,0,0,0,0,0,0,0,0,True,True,0,0,0
sliding,A0,12,0.788722,4.0234,0.615434,22,132,239206412,0.015294,0.744299,0.028507,9.5e-05,0.394767,0.00466,0.000115,4.022756,0.000529,0,0,0,0,0,0,0,0,0,0,True,True,0,0,0
sliding,A0,13,0.573198,3.415019,0.63024,22,143,239206412,0.015399,0.530842,0.026314,9.9e-05,0.293463,0.004875,0.000174,3.414368,0.000477,0,0,0,0,0,0,0,0,0,0,True,True,0,0,0
sliding,A0,14,0.640497,2.526193,0.698932,22,154,239206412,0.016657,0.59664,0.026462,9.8e-05,0.288636,0.004721,0.000166,2.525501,0.000526,0,0,0,0,0,0,0,0,0,0,True,True,0,0,0
sliding,A0,15,0.615893,2.55716,0.723382,22,165,239206412,0.016083,0.569608,0.029438,0.000101,0.304293,0.005025,0.000178,2.556394,0.000588,0,0,0,0,0,0,0,0,0,0,True,True,0,0,0
sliding,A0,16,0.649454,2.748888,0.717425,22,176,239206412,0.016265,0.60246,0.029916,8.2e-05,0.3054,0.005142,0.000109,2.748175,0.000604,0,0,0,0,0,0,0,0,0,0,True,True,0,0,0
sliding,A0,17,0.609618,2.373234,0.714111,22,187,239206412,0.016611,0.562223,0.030026,8.4e-05,0.324526,0.005103,0.000141,2.372568,0.000525,0,0,0,0,0,0,0,0,0,0,True,True,0,0,0
sliding,A0,18,0.601647,2.813774,0.750104,22,198,239206412,0.018533,0.552239,0.030002,8e-05,0.331126,0.005264,0.000195,2.813028,0.000551,0,0,0,0,0,0,0,0,0,0,True,True,0,0,0
sliding,A0,19,0.663224,2.96778,0.80174,22,209,239206412,0.018301,0.612413,0.031683,8.6e-05,0.317473,0.005342,0.000117,2.967077,0.000586,0,0,0,0,0,0,0,0,0,0,True,True,0,0,0
sliding,A1,0,132.401744,3.556051,0.680815,22,0,239206412,0.010791,132.295707,0.093746,8.6e-05,0.621191,0.270421,0.000102,3.555513,0.000436,0,0,0,0,0,0,0,0,0,0,True,True,0,0,0
sliding,A1,1,0.661491,2.552101,0.584371,22,11,239206412,0.018112,0.616059,0.026586,8.7e-05,0.26297,0.004763,9.4e-05,2.551546,0.000461,0,0,0,0,0,0,0,0,0,0,True,True,0,0,0
sliding,A1,2,0.612012,2.867207,0.597723,22,22,239206412,0.013152,0.571858,0.026342,8.6e-05,0.248619,0.004311,0.000108,2.866651,0.000448,0,0,0,0,0,0,0,0,0,0,True,True,0,0,0
sliding,A1,3,0.578817,2.036053,0.683785,22,33,239206412,0.009329,0.526002,0.042824,8.9e-05,0.248478,0.003834,0.000113,2.035481,0.000459,0,0,0,0,0,0,0,0,0,0,True,True,0,0,0
sliding,A1,4,0.633167,2.118016,0.698667,22,44,239206412,0.015273,0.588582,0.028563,0.000103,0.27893,0.004668,0.000101,2.11741,0.000505,0,0,0,0,0,0,0,0,0,0,True,True,0,0,0
sliding,A1,5,0.589499,2.949594,0.633934,22,55,239206412,0.012939,0.548761,0.027062,9.6e-05,0.29784,0.004736,0.000124,2.949034,0.000436,0,0,0,0,0,0,0,0,0,0,True,True,0,0,0
sliding,A1,6,0.578026,1.998916,0.710493,22,66,239206412,0.017804,0.531429,0.028059,9.8e-05,0.292813,0.004792,0.000124,1.998283,0.000509,0,0,0,0,0,0,0,0,0,0,True,True,0,0,0
sliding,A1,7,0.700553,2.005858,0.713828,22,77,239206412,0.01368,0.65658,0.029517,0.000107,0.323341,0.004902,0.00015,2.005189,0.000519,0,0,0,0,0,0,0,0,0,0,True,True,0,0,0
sliding,A1,8,0.624741,1.7995,0.722103,22,88,239206412,0.010887,0.582434,0.030594,0.000105,0.308859,0.004631,0.000138,1.798875,0.000487,0,0,0,0,0,0,0,0,0,0,True,True,0,0,0
sliding,A1,9,0.643766,2.23473,0.720395,22,99,239206412,0.018288,0.591942,0.032748,0.000111,0.310113,0.00505,0.000138,2.234096,0.000496,0,0,0,0,0,0,0,0,0,0,True,True,0,0,0
sliding,A1,10,0.634885,1.917747,0.744842,22,110,239206412,0.012995,0.588588,0.032531,0.000119,0.309063,0.005147,0.000122,1.917091,0.000534,0,0,0,0,0,0,0,0,0,0,True,True,0,0,0
sliding,A1,11,0.655448,2.407895,0.770322,22,121,239206412,0.012575,0.595437,0.046581,0.000113,0.315036,0.005176,0.000126,2.407252,0.000517,0,0,0,0,0,0,0,0,0,0,True,True,0,0,0
sliding,A1,12,0.684065,2.357805,0.753302,22,132,239206412,0.018623,0.630431,0.03415,0.000118,0.327089,0.005303,0.000132,2.357142,0.000531,0,0,0,0,0,0,0,0,0,0,True,True,0,0,0
sliding,A1,13,0.681975,2.396514,0.76034,22,143,239206412,0.018801,0.628148,0.034202,8.3e-05,0.326765,0.005326,0.000136,2.395834,0.000544,0,0,0,0,0,0,0,0,0,0,True,True,0,0,0
sliding,A1,14,0.715122,2.150046,0.834609,22,154,239206412,0.019805,0.660108,0.034411,8.8e-05,0.373608,0.005283,0.000132,2.14941,0.000504,0,0,0,0,0,0,0,0,0,0,True,True,0,0,0
sliding,A1,15,0.667862,2.431032,0.825238,22,165,239206412,0.01875,0.612991,0.035214,9.1e-05,0.387785,0.005846,0.000151,2.43029,0.000591,0,0,0,0,0,0,0,0,0,0,True,True,0,0,0
sliding,A1,16,0.714393,2.425977,0.797404,22,176,239206412,0.020356,0.658128,0.034977,8.8e-05,0.347739,0.005662,0.000145,2.425263,0.000569,0,0,0,0,0,0,0,0,0,0,True,True,0,0,0
sliding,A1,17,0.715643,2.066191,0.852589,22,187,239206412,0.0442,0.635024,0.035497,9e-05,0.381526,0.005998,0.000158,2.065542,0.000491,0,0,0,0,0,0,0,0,0,0,True,True,0,0,0
sliding,A1,18,0.728778,1.911128,0.848698,22,198,239206412,0.022305,0.667783,0.037694,9.7e-05,0.415548,0.00627,0.000168,1.910369,0.000591,0,0,0,0,0,0,0,0,0,0,True,True,0,0,0
sliding,A1,19,0.726148,2.225118,0.88706,22,209,239206412,0.022519,0.665858,0.036773,0.000103,0.419445,0.005881,0.000145,2.224427,0.000546,0,0,0,0,0,0,0,0,0,0,True,True,0,0,0
tower64-cold,A0,0,202.345081,110.274218,8.791942,22,0,239206412,0.367526,115.010428,1.91758,85.048519,4.234543,37.745808,9.5e-05,110.101732,0.172391,137,0,0,1,1,1,2304,4788,0,0,True,True,0,0,0
tower64-cold,A0,1,17.890006,107.495755,9.206192,22,11,239206412,0.424994,0.565172,1.390645,15.508487,3.428442,1.240577,9.5e-05,107.299731,0.195929,137,0,0,1,1,1,2304,4788,0,0,True,True,0,0,0
tower64-cold,A0,2,21.535121,107.94321,13.457639,22,22,239206412,0.422592,0.621116,1.458662,19.031924,4.391751,1.752826,0.000123,107.685532,0.257555,137,0,0,1,1,1,2304,4788,0,0,True,True,0,0,0
tower64-cold,A0,3,25.819159,107.912894,16.774013,22,33,239206412,0.612724,0.828989,2.175407,22.201021,5.17602,2.122244,0.00017,107.744713,0.168011,137,0,0,1,1,1,2304,4788,0,0,True,True,0,0,0
tower64-cold,A0,4,38.653895,108.61518,15.754121,22,44,239206412,0.753414,0.953846,2.696523,34.248897,5.475304,2.10751,0.000164,108.344568,0.270448,137,0,0,1,1,1,2304,4788,0,0,True,True,0,0,0
tower64-cold,A0,5,30.266319,107.446792,22.190652,22,55,239206412,0.732217,0.977151,2.717429,25.838291,5.577455,2.127479,0.000164,107.276529,0.170099,137,0,0,1,1,1,2304,4788,0,0,True,True,0,0,0
tower64-cold,A0,6,30.80483,108.186466,16.043615,22,66,239206412,0.762316,1.070685,2.740623,26.230026,5.655093,2.133694,0.000161,108.017933,0.168372,137,0,0,1,1,1,2304,4788,0,0,True,True,0,0,0
tower64-cold,A0,7,31.382505,107.870931,16.340854,22,77,239206412,0.767114,1.337217,2.720129,26.556801,6.01149,2.274819,0.000164,107.7934,0.077367,137,0,0,1,1,1,2304,4788,0,0,True,True,0,0,0
tower64-cold,A0,8,35.925888,108.189312,16.193002,22,88,239206412,0.762264,1.020178,2.715268,31.426901,5.618431,2.150297,0.000154,107.998952,0.190206,137,0,0,1,1,1,2304,4788,0,0,True,True,0,0,0
tower64-cold,A0,9,30.438581,107.768759,15.853948,22,99,239206412,0.763092,1.000968,2.721895,25.951455,5.276774,2.106941,0.00017,107.603998,0.164591,137,0,0,1,1,1,2304,4788,0,0,True,True,0,0,0
tower64-cold,A0,10,30.115295,108.154334,16.02141,22,110,239206412,0.717527,0.949711,2.676845,25.769885,5.483273,2.135959,0.000184,107.962019,0.192131,137,0,0,1,1,1,2304,4788,0,0,True,True,0,0,0
tower64-cold,A0,11,30.157167,107.486178,16.636714,22,121,239206412,0.740434,0.973206,2.701379,25.740985,5.483006,2.135871,0.000164,107.318839,0.167175,137,0,0,1,1,1,2304,4788,0,0,True,True,0,0,0
tower64-cold,A0,12,31.566369,106.827847,16.392173,22,132,239206412,0.750469,0.971473,2.714978,27.128212,5.571211,1.795599,0.000187,106.63688,0.19078,137,0,0,1,1,1,2304,4788,0,0,True,True,0,0,0
tower64-cold,A0,13,31.31256,108.035118,15.71093,22,143,239206412,0.771318,1.739916,2.723754,26.076382,5.663928,2.101595,0.000201,107.875402,0.159515,137,0,0,1,1,1,2304,4788,0,0,True,True,0,0,0
tower64-cold,A0,14,29.776908,107.682837,19.107726,22,154,239206412,0.733274,0.872634,2.678905,25.491004,5.085006,2.213305,0.000171,107.601241,0.081425,137,0,0,1,1,1,2304,4788,0,0,True,True,0,0,0
tower64-cold,A0,15,31.194668,107.831195,16.360071,22,165,239206412,0.746747,0.924268,2.703178,26.819233,5.666451,2.145942,0.000183,107.652864,0.178148,137,0,0,1,1,1,2304,4788,0,0,True,True,0,0,0
tower64-cold,A0,16,29.960083,107.318577,16.017197,22,176,239206412,0.75774,1.002173,2.704743,25.494256,5.587583,2.123219,0.000214,107.144976,0.173387,137,0,0,1,1,1,2304,4788,0,0,True,True,0,0,0
tower64-cold,A0,17,37.180755,107.659658,15.86975,22,187,239206412,0.757528,0.991961,2.72129,32.7088,5.521276,2.129204,0.000198,107.466381,0.193079,137,0,0,1,1,1,2304,4788,0,0,True,True,0,0,0
tower64-cold,A0,18,30.197846,107.295169,16.249606,22,198,239206412,0.709239,0.962525,2.741642,25.783247,5.498557,2.144937,0.000197,107.029072,0.2659,137,0,0,1,1,1,2304,4788,0,0,True,True,0,0,0
tower64-cold,A0,19,34.975725,107.710058,16.458149,22,209,239206412,0.797726,1.002342,2.734731,30.439653,5.639059,2.216073,0.000218,107.576199,0.133641,137,0,0,1,1,1,2304,4788,0,0,True,True,0,0,0
tower64-cold,A1,0,227.442002,111.560704,9.769128,22,0,239206412,0.42523,129.791739,2.184906,95.039054,4.698685,54.79896,0.000145,111.324355,0.236204,137,0,0,1,1,1,2304,4788,0,0,True,True,0,0,0
tower64-cold,A1,1,19.609646,107.542053,16.566859,22,11,239206412,0.444881,0.660635,1.517032,16.986222,3.742344,2.12758,0.000128,107.310859,0.231066,137,0,0,1,1,1,2304,4788,0,0,True,True,0,0,0
tower64-cold,A1,2,29.846113,109.082168,16.165814,22,22,239206412,0.748471,1.015819,2.760543,25.319941,4.935958,2.029471,0.000212,108.892421,0.189535,137,0,0,1,1,1,2304,4788,0,0,True,True,0,0,0
tower64-cold,A1,3,30.480449,108.638721,17.796484,22,33,239206412,0.746988,0.969754,2.724793,26.037479,5.468061,2.160598,0.000184,108.470513,0.168024,137,0,0,1,1,1,2304,4788,0,0,True,True,0,0,0
tower64-cold,A1,4,31.021426,107.382919,15.862515,22,44,239206412,0.786902,1.033468,2.778074,26.421663,5.533863,2.090851,0.000224,107.212071,0.170624,137,0,0,1,1,1,2304,4788,0,0,True,True,0,0,0
tower64-cold,A1,5,29.717281,107.936802,20.348562,22,55,239206412,0.757562,0.879963,2.721103,25.357287,5.67419,2.224477,0.000236,107.828402,0.108164,137,0,0,1,1,1,2304,4788,0,0,True,True,0,0,0
tower64-cold,A1,6,31.04103,107.513903,16.063299,22,66,239206412,0.770299,1.054531,2.747011,26.467972,5.613728,2.13943,0.000246,107.327025,0.186632,137,0,0,1,1,1,2304,4788,0,0,True,True,0,0,0
tower64-cold,A1,7,30.507314,106.962494,24.235443,22,77,239206412,0.744526,1.297921,2.711537,25.751964,5.556236,2.088689,0.000247,106.786701,0.175546,137,0,0,1,1,1,2304,4788,0,0,True,True,0,0,0
tower64-cold,A1,8,31.073813,107.196535,16.601434,22,88,239206412,0.769879,0.985574,2.738989,26.578121,5.62954,2.227769,0.000245,107.112988,0.083302,137,0,0,1,1,1,2304,4788,0,0,True,True,0,0,0
tower64-cold,A1,9,30.480687,107.363012,16.550325,22,99,239206412,0.772875,0.944357,2.779972,25.98219,4.790305,2.107696,0.000205,107.061426,0.301381,137,0,0,1,1,1,2304,4788,0,0,True,True,0,0,0
tower64-cold,A1,10,44.374306,110.09466,16.199975,22,110,239206412,0.748294,1.00656,2.752956,39.865216,5.553864,2.102488,0.000253,109.898617,0.19579,137,0,0,1,1,1,2304,4788,0,0,True,True,0,0,0
tower64-cold,A1,11,30.49897,108.029433,23.553392,22,121,239206412,0.765252,0.988763,2.736667,26.006953,5.538828,2.107843,0.000217,107.84515,0.184066,137,0,0,1,1,1,2304,4788,0,0,True,True,0,0,0
tower64-cold,A1,12,30.612097,108.77088,16.501413,22,132,239206412,0.752299,1.009164,2.734548,26.114803,5.201371,2.173057,0.000231,108.55288,0.217769,137,0,0,1,1,1,2304,4788,0,0,True,True,0,0,0
tower64-cold,A1,13,30.50027,108.204415,16.617118,22,143,239206412,0.770599,1.028099,2.741385,25.95878,5.008651,2.148617,0.000226,108.025217,0.178972,137,0,0,1,1,1,2304,4788,0,0,True,True,0,0,0
tower64-cold,A1,14,30.959325,107.597199,16.102735,22,154,239206412,0.731983,0.93423,2.769772,26.521931,5.594779,2.173604,0.000237,107.365024,0.231938,137,0,0,1,1,1,2304,4788,0,0,True,True,0,0,0
tower64-cold,A1,15,30.665614,107.12808,18.142183,22,165,239206412,0.771472,1.033411,2.786239,26.072965,5.571411,2.132572,0.000261,106.936072,0.191747,137,0,0,1,1,1,2304,4788,0,0,True,True,0,0,0
tower64-cold,A1,16,30.369333,108.079925,16.908646,22,176,239206412,0.763191,0.90082,2.748656,25.955436,5.212126,2.281723,0.00017,108.021505,0.05825,137,0,0,1,1,1,2304,4788,0,0,True,True,0,0,0
tower64-cold,A1,17,32.284458,107.163945,16.393634,22,187,239206412,0.762196,0.902457,2.736159,27.8823,5.695182,2.099664,0.000243,106.985553,0.178149,137,0,0,1,1,1,2304,4788,0,0,True,True,0,0,0
tower64-cold,A1,18,30.891621,108.219023,18.467957,22,198,239206412,0.745631,1.062562,2.773894,26.308071,5.659905,2.306149,0.000183,108.130809,0.088031,137,0,0,1,1,1,2304,4788,0,0,True,True,0,0,0
tower64-cold,A1,19,38.109527,108.916788,16.956843,22,209,239206412,0.781603,2.501935,2.747373,32.077118,5.742049,2.139754,0.00022,108.728406,0.188162,137,0,0,1,1,1,2304,4788,0,0,True,True,0,0,0
tower64-warm,A0,0,203.947023,110.602792,7.702831,22,0,239206412,0.362596,114.132722,1.907422,87.543404,4.163002,36.025032,8.3e-05,110.422388,0.180321,137,0,0,1,1,1,2304,4788,0,0,True,True,0,0,0
tower64-warm,A0,1,17.61816,108.001605,15.315382,22,11,239206412,0.409834,0.631736,1.302321,15.273597,3.182194,1.225174,8e-05,107.810516,0.191009,137,0,0,1,1,1,2304,4788,0,0,True,True,0,0,0
tower64-warm,A0,2,30.110843,107.867716,15.997643,22,22,239206412,0.726318,0.988882,2.697353,25.697039,5.540151,2.105039,0.00016,107.699396,0.16816,137,0,0,1,1,1,2304,4788,0,0,True,True,0,0,0
tower64-warm,A0,3,29.870952,108.358349,16.309188,22,33,239206412,0.752434,0.978212,2.712663,25.426135,5.451002,2.076868,0.000425,108.09811,0.259814,137,0,0,1,1,1,2304,4788,0,0,True,True,0,0,0
tower64-warm,A0,4,40.374501,107.85007,15.614374,22,44,239206412,0.723586,0.96667,2.717976,35.965172,5.463348,2.060127,0.000163,107.610952,0.238955,137,0,0,1,1,1,2304,4788,0,0,True,True,0,0,0
tower64-warm,A0,5,30.075633,108.640903,19.928969,22,55,239206412,0.743749,0.939029,2.669365,25.722124,5.46613,2.263707,0.000224,108.556097,0.084582,137,0,0,1,1,1,2304,4788,0,0,True,True,0,0,0
tower64-warm,A0,6,30.100553,107.902369,15.850894,22,66,239206412,0.764587,1.010763,2.699371,25.624276,4.791511,2.111116,0.000138,107.731895,0.170336,137,0,0,1,1,1,2304,4788,0,0,True,True,0,0,0
tower64-warm,A0,7,30.541853,107.888663,15.717452,22,77,239206412,0.752651,1.276761,2.696904,25.814053,5.48146,2.064241,0.000157,107.646097,0.242409,137,0,0,1,1,1,2304,4788,0,0,True,True,0,0,0
tower64-warm,A0,8,31.788662,107.397297,15.875178,22,88,239206412,0.744937,0.95108,2.686392,27.404837,5.362827,2.094125,0.000165,107.231499,0.165633,137,0,0,1,1,1,2304,4788,0,0,True,True,0,0,0
tower64-warm,A0,9,29.89484,108.698093,16.350862,22,99,239206412,0.727783,0.964398,2.700793,25.500553,5.542225,2.238737,0.000161,108.620189,0.077743,137,0,0,1,1,1,2304,4788,0,0,True,True,0,0,0
tower64-warm,A0,10,29.705861,108.307148,15.94942,22,110,239206412,0.755217,0.994766,2.70661,25.247882,5.590613,2.061258,0.000217,108.075043,0.231888,137,0,0,1,1,1,2304,4788,0,0,True,True,0,0,0
tower64-warm,A0,11,30.069424,107.340064,15.832325,22,121,239206412,0.751097,0.966631,2.669304,25.681138,5.508434,2.088137,0.000164,107.175207,0.164693,137,0,0,1,1,1,2304,4788,0,0,True,True,0,0,0
tower64-warm,A0,12,30.108465,106.921165,21.709177,22,132,239206412,0.744244,0.938401,2.638085,25.786516,5.409968,2.184305,0.00016,106.811668,0.109337,137,0,0,1,1,1,2304,4788,0,0,True,True,0,0,0
tower64-warm,A0,13,31.222892,108.520755,16.228835,22,143,239206412,0.74087,1.05001,2.706881,26.72383,5.477814,2.188453,0.00019,108.416366,0.104199,137,0,0,1,1,1,2304,4788,0,0,True,True,0,0,0
tower64-warm,A0,14,30.017504,107.483829,15.956854,22,154,239206412,0.767717,1.000043,2.681047,25.567196,5.561762,2.10957,0.000161,107.312877,0.170791,137,0,0,1,1,1,2304,4788,0,0,True,True,0,0,0
tower64-warm,A0,15,30.373639,108.054827,16.140586,22,165,239206412,0.75754,0.964357,2.690786,25.959318,5.38933,2.223114,0.000167,107.981969,0.072691,137,0,0,1,1,1,2304,4788,0,0,True,True,0,0,0
tower64-warm,A0,16,30.044849,108.404949,18.862738,22,176,239206412,0.714959,0.980765,2.704619,25.643108,5.118088,2.232957,0.000147,108.314871,0.089931,137,0,0,1,1,1,2304,4788,0,0,True,True,0,0,0
tower64-warm,A0,17,31.056201,107.569333,16.020415,22,187,239206412,0.746363,1.531156,2.670231,26.107202,5.052395,2.06511,0.000151,107.330251,0.238931,137,0,0,1,1,1,2304,4788,0,0,True,True,0,0,0
tower64-warm,A0,18,29.902365,107.332912,15.52063,22,198,239206412,0.751195,0.96111,2.698571,25.490102,5.475355,2.060364,0.000164,107.093702,0.239046,137,0,0,1,1,1,2304,4788,0,0,True,True,0,0,0
tower64-warm,A0,19,29.70329,107.701648,16.09952,22,209,239206412,0.713017,0.9408,2.685302,25.362846,5.502997,2.102039,0.000168,107.503791,0.197689,137,0,0,1,1,1,2304,4788,0,0,True,True,0,0,0
tower64-warm,A1,0,204.904995,110.731879,8.40414,22,0,239206412,0.404724,116.0899,1.893501,86.515989,4.25474,36.014355,0.000131,110.518557,0.213191,137,0,0,1,1,1,2304,4788,0,0,True,True,0,0,0
tower64-warm,A1,1,18.540554,111.346631,9.929813,22,11,239206412,0.416851,0.744208,1.327644,16.051014,3.633535,1.22189,9.9e-05,111.132375,0.214157,137,0,0,1,1,1,2304,4788,0,0,True,True,0,0,0
tower64-warm,A1,2,20.295175,108.921297,9.594103,22,22,239206412,0.480829,0.645547,1.531136,17.636723,3.504191,1.407414,0.00012,108.645174,0.276003,137,0,0,1,1,1,2304,4788,0,0,True,True,0,0,0
tower64-warm,A1,3,20.21082,108.405958,14.101503,22,33,239206412,0.461413,0.781226,1.542985,17.424253,3.432016,1.505869,0.00013,108.180709,0.225119,137,0,0,1,1,1,2304,4788,0,0,True,True,0,0,0
tower64-warm,A1,4,27.296302,111.088879,16.141516,22,44,239206412,0.637828,0.887564,2.328166,23.441557,5.263154,2.214222,0.000164,110.889901,0.198814,137,0,0,1,1,1,2304,4788,0,0,True,True,0,0,0
tower64-warm,A1,5,30.237279,108.716133,25.855274,22,55,239206412,0.755234,0.91293,2.672687,25.895056,5.994772,3.813223,0.000184,108.584718,0.131231,137,0,0,1,1,1,2304,4788,0,0,True,True,0,0,0
tower64-warm,A1,6,31.415757,107.573442,11.912875,22,66,239206412,1.231175,2.234087,4.517634,23.43141,4.166627,1.591144,0.000194,107.388318,0.18493,137,0,0,1,1,1,2304,4788,0,0,True,True,0,0,0
tower64-warm,A1,7,23.829227,108.049663,11.530873,22,77,239206412,0.584769,1.03614,1.916043,20.291155,4.104013,1.567838,0.000201,107.843514,0.205948,137,0,0,1,1,1,2304,4788,0,0,True,True,0,0,0
tower64-warm,A1,8,23.092766,107.896942,16.285849,22,88,239206412,0.53472,0.733189,1.895264,19.928504,4.057092,2.175566,0.000142,107.671019,0.225781,137,0,0,1,1,1,2304,4788,0,0,True,True,0,0,0
tower64-warm,A1,9,30.958622,108.343114,15.817851,22,99,239206412,0.759527,0.897265,2.654239,26.646137,5.625251,2.153213,0.000245,108.168313,0.174556,137,0,0,1,1,1,2304,4788,0,0,True,True,0,0,0
tower64-warm,A1,10,30.199212,108.352953,21.316186,22,110,239206412,0.759066,0.885323,2.637683,25.915722,5.622688,2.238191,0.000211,108.28468,0.068062,137,0,0,1,1,1,2304,4788,0,0,True,True,0,0,0
tower64-warm,A1,11,32.936422,107.71055,12.031877,22,121,239206412,0.771385,0.962541,2.681825,28.519162,5.624014,1.62716,0.000177,107.450372,0.260001,137,0,0,1,1,1,2304,4788,0,0,True,True,0,0,0
tower64-warm,A1,12,23.678038,107.183171,14.85373,22,132,239206412,0.548097,0.780829,1.937748,20.410373,4.103905,1.537075,0.000129,107.027633,0.155409,137,0,0,1,1,1,2304,4788,0,0,True,True,0,0,0
tower64-warm,A1,13,23.685351,107.907042,11.965945,22,143,239206412,0.57523,0.936728,1.917539,20.25476,4.10079,1.585405,0.000146,107.657472,0.249424,137,0,0,1,1,1,2304,4788,0,0,True,True,0,0,0
tower64-warm,A1,14,23.564609,107.811999,11.233054,22,154,239206412,0.561184,0.773864,1.930489,20.297875,4.114145,1.505491,0.000187,107.601351,0.210461,137,0,0,1,1,1,2304,4788,0,0,True,True,0,0,0
tower64-warm,A1,15,23.176981,107.863254,17.080142,22,165,239206412,0.510411,0.714877,1.903584,20.047092,4.035437,2.176298,0.000147,107.669148,0.193959,137,0,0,1,1,1,2304,4788,0,0,True,True,0,0,0
tower64-warm,A1,16,32.353922,108.313697,16.40936,22,176,239206412,0.756974,1.019101,2.714996,27.861445,5.637193,2.256373,0.000263,108.224321,0.089113,137,0,0,1,1,1,2304,4788,0,0,True,True,0,0,0
tower64-warm,A1,17,30.466079,108.565759,16.304394,22,187,239206412,0.778452,1.011439,2.700505,25.974165,5.795765,2.184999,0.000201,108.369518,0.19604,137,0,0,1,1,1,2304,4788,0,0,True,True,0,0,0
tower64-warm,A1,18,39.623955,108.316725,15.889822,22,198,239206412,0.755247,0.997178,2.680669,35.189448,5.603844,2.12054,0.000187,108.154009,0.162529,137,0,0,1,1,1,2304,4788,0,0,True,True,0,0,0
tower64-warm,A1,19,30.163962,108.430441,19.193951,22,209,239206412,0.762324,0.961751,2.693479,25.745152,5.599361,2.261163,0.000284,108.362889,0.067268,137,0,0,1,1,1,2304,4788,0,0,True,True,0,0,0
city25-intact-idle,A0,0,361.848747,12.707923,19.27072,22,0,493302412,1.925536,227.10804,7.921168,124.893288,16.760061,133.309881,0.000118,12.505379,0.202426,88,0,0,1,25,25,9500,19600,0,0,True,True,0,0,0
city25-intact-idle,A0,1,41.29053,10.151837,19.430891,22,11,493302412,2.030737,0.760173,6.390755,32.10815,12.932338,3.436874,0.000111,10.00171,0.150016,88,0,0,1,25,25,9500,19600,0,0,True,True,0,0,0
city25-intact-idle,A0,2,43.053719,9.759261,26.406778,22,22,493302412,2.020029,0.775212,6.255073,34.002576,11.848395,3.412573,0.00012,9.547064,0.212077,88,0,0,1,25,25,9500,19600,0,0,True,True,0,0,0
city25-intact-idle,A0,3,43.093776,9.862225,24.086574,22,33,493302412,2.03128,0.772344,6.223546,34.06588,11.611216,3.487579,0.000118,9.671119,0.190988,88,0,0,1,25,25,9500,19600,0,0,True,True,0,0,0
city25-intact-idle,A0,4,41.531727,9.455342,18.618319,22,44,493302412,2.029498,0.806572,6.35728,32.337689,11.452189,3.410915,0.00011,9.294618,0.160614,88,0,0,1,25,25,9500,19600,0,0,True,True,0,0,0
city25-intact-idle,A0,5,40.876894,9.398468,19.040164,22,55,493302412,2.008384,0.773759,6.232599,31.861493,11.261011,3.401874,0.000117,9.227707,0.170644,88,0,0,1,25,25,9500,19600,0,0,True,True,0,0,0
city25-intact-idle,A0,6,46.415538,9.51417,32.904492,22,66,493302412,2.016626,0.772339,6.269038,37.356789,11.549122,3.430393,8.1e-05,9.321328,0.192761,88,0,0,1,25,25,9500,19600,0,0,True,True,0,0,0
city25-intact-idle,A0,7,42.195433,9.413529,18.958799,22,77,493302412,2.031471,0.752157,6.238803,33.172341,11.589148,3.445444,0.000109,9.240567,0.172853,88,0,0,1,25,25,9500,19600,0,0,True,True,0,0,0
city25-intact-idle,A0,8,40.749856,9.415628,18.616922,22,88,493302412,2.018242,0.748176,6.232977,31.749817,11.372055,3.421054,0.000112,9.259924,0.155592,88,0,0,1,25,25,9500,19600,0,0,True,True,0,0,0
city25-intact-idle,A0,9,40.721001,9.531321,18.950701,22,99,493302412,1.980589,0.749091,6.221332,31.769271,11.20786,3.411013,0.00011,9.370185,0.161026,88,0,0,1,25,25,9500,19600,0,0,True,True,0,0,0
city25-intact-idle,A0,10,54.661749,9.542742,36.812266,22,110,493302412,2.009558,0.819903,6.355961,45.475637,11.939077,3.443397,0.000119,9.392422,0.150201,88,0,0,1,25,25,9500,19600,0,0,True,True,0,0,0
city25-intact-idle,A0,11,43.990828,9.361059,18.950831,22,121,493302412,2.018174,1.146906,6.275539,34.549495,11.637572,3.422076,0.000119,9.198517,0.162423,88,0,0,1,25,25,9500,19600,0,0,True,True,0,0,0
city25-intact-idle,A0,12,41.183443,9.332712,18.850575,22,132,493302412,2.024048,0.786164,6.283403,32.089154,11.276828,3.522583,0.000113,9.189083,0.143516,88,0,0,1,25,25,9500,19600,0,0,True,True,0,0,0
city25-intact-idle,A0,13,40.698326,9.357823,18.894373,22,143,493302412,2.000612,0.767815,6.226022,31.703166,11.232998,3.421302,0.000109,9.177886,0.179828,88,0,0,1,25,25,9500,19600,0,0,True,True,0,0,0
city25-intact-idle,A0,14,49.507756,9.37164,36.393002,22,154,493302412,1.996366,0.80425,6.304939,40.401591,11.556118,3.439106,0.00011,9.2149,0.15663,88,0,0,1,25,25,9500,19600,0,0,True,True,0,0,0
city25-intact-idle,A0,15,43.842119,9.518028,19.352326,22,165,493302412,2.005208,0.807051,6.242749,34.78616,11.659554,3.447065,0.00011,9.370336,0.147582,88,0,0,1,25,25,9500,19600,0,0,True,True,0,0,0
city25-intact-idle,A0,16,42.186736,9.453652,18.764924,22,176,493302412,2.032202,0.769843,6.294664,33.089393,11.634652,3.389528,0.000121,9.264621,0.18891,88,0,0,1,25,25,9500,19600,0,0,True,True,0,0,0
city25-intact-idle,A0,17,40.923957,9.5162,18.933399,22,187,493302412,2.020881,0.717838,6.257663,31.926887,11.3799,3.456729,0.000107,9.309349,0.206744,88,0,0,1,25,25,9500,19600,0,0,True,True,0,0,0
city25-intact-idle,A0,18,48.201212,9.796702,21.864455,22,198,493302412,2.029636,0.806379,6.266092,39.098423,11.888326,3.398847,0.000107,9.646362,0.150233,88,0,0,1,25,25,9500,19600,0,0,True,True,0,0,0
city25-intact-idle,A0,19,42.109989,9.264556,19.220851,22,209,493302412,2.010915,1.204076,6.281503,32.61279,11.535864,3.570757,0.00012,9.093608,0.170828,88,0,0,1,25,25,9500,19600,0,0,True,True,0,0,0
city25-intact-idle,A1,0,374.241328,12.920121,18.989126,22,0,493302412,2.101549,249.073638,8.02622,115.03914,16.834473,133.131625,8.3e-05,12.721398,0.19864,88,0,0,1,25,25,9500,19600,0,0,True,True,0,0,0
city25-intact-idle,A1,1,41.900641,10.214327,18.92693,22,11,493302412,2.033362,0.826982,6.349813,32.689865,13.105149,3.402732,8.3e-05,10.023027,0.191217,88,0,0,1,25,25,9500,19600,0,0,True,True,0,0,0
city25-intact-idle,A1,2,55.005958,10.439789,19.507881,22,22,493302412,2.016765,0.723572,6.211692,46.053217,11.258466,4.738011,8.1e-05,10.18087,0.258838,88,0,0,1,25,25,9500,19600,0,0,True,True,0,0,0
city25-intact-idle,A1,3,41.204134,9.756986,18.567534,22,33,493302412,2.022511,0.75861,6.246795,32.175514,11.362613,3.38084,8.3e-05,9.538653,0.21825,88,0,0,1,25,25,9500,19600,0,0,True,True,0,0,0
city25-intact-idle,A1,4,48.339702,9.774256,18.826963,22,44,493302412,2.044034,0.731644,6.280274,39.283015,11.755668,3.470347,8.2e-05,9.564739,0.209435,88,0,0,1,25,25,9500,19600,0,0,True,True,0,0,0
city25-intact-idle,A1,5,41.323276,9.586829,19.024351,22,55,493302412,2.02978,0.758231,6.326856,32.207713,11.635188,3.408098,8.3e-05,9.364089,0.222657,88,0,0,1,25,25,9500,19600,0,0,True,True,0,0,0
city25-intact-idle,A1,6,56.144084,9.688431,19.158492,22,66,493302412,2.016318,0.749214,6.238941,47.138961,11.263453,3.419604,8.3e-05,9.481828,0.20652,88,0,0,1,25,25,9500,19600,0,0,True,True,0,0,0
city25-intact-idle,A1,7,41.306401,9.617705,18.540564,22,77,493302412,2.017526,0.753578,6.28323,32.251408,11.414681,3.413826,8.2e-05,9.439625,0.177998,88,0,0,1,25,25,9500,19600,0,0,True,True,0,0,0
city25-intact-idle,A1,8,41.267327,9.473621,18.716931,22,88,493302412,2.021499,0.724403,6.174906,32.345443,11.296918,3.387226,9.1e-05,9.269346,0.204184,88,0,0,1,25,25,9500,19600,0,0,True,True,0,0,0
city25-intact-idle,A1,9,41.06323,9.461059,27.086005,22,99,493302412,1.998726,0.730761,6.209868,32.123181,11.432727,3.486641,8.2e-05,9.266476,0.194501,88,0,0,1,25,25,9500,19600,0,0,True,True,0,0,0
city25-intact-idle,A1,10,49.512381,9.576013,19.274884,22,110,493302412,2.015721,0.735156,6.237609,40.523174,11.732291,3.4945,8.1e-05,9.342393,0.233539,88,0,0,1,25,25,9500,19600,0,0,True,True,0,0,0
city25-intact-idle,A1,11,41.67059,9.393822,19.548316,22,121,493302412,2.02245,0.715031,6.295713,32.63667,11.532448,3.443048,8e-05,9.20137,0.192372,88,0,0,1,25,25,9500,19600,0,0,True,True,0,0,0
city25-intact-idle,A1,12,41.842355,9.420251,18.50673,22,132,493302412,2.032103,0.761151,6.268355,32.779973,11.455954,3.394414,8.5e-05,9.211969,0.208197,88,0,0,1,25,25,9500,19600,0,0,True,True,0,0,0
city25-intact-idle,A1,13,41.015697,9.521372,19.558192,22,143,493302412,2.015114,0.751911,6.211244,32.036678,11.262595,3.438325,8e-05,9.295302,0.22599,88,0,0,1,25,25,9500,19600,0,0,True,True,0,0,0
city25-intact-idle,A1,14,42.860998,9.533065,24.498519,22,154,493302412,2.019185,0.748198,6.360827,33.731833,11.472124,3.422758,8.1e-05,9.310154,0.22283,88,0,0,1,25,25,9500,19600,0,0,True,True,0,0,0
city25-intact-idle,A1,15,43.854203,9.411559,18.905446,22,165,493302412,2.020189,0.750341,6.616121,34.466865,11.885652,3.669004,8.1e-05,9.221451,0.190027,88,0,0,1,25,25,9500,19600,0,0,True,True,0,0,0
city25-intact-idle,A1,16,42.028926,9.535314,27.607557,22,176,493302412,2.416598,0.723855,6.460486,32.427297,11.701722,3.830026,9.2e-05,9.318075,0.217147,88,0,0,1,25,25,9500,19600,0,0,True,True,0,0,0
city25-intact-idle,A1,17,42.256977,9.624578,19.361443,22,187,493302412,2.023315,0.796487,6.327866,33.108439,11.283264,3.433375,6e-05,9.416635,0.207883,88,0,0,1,25,25,9500,19600,0,0,True,True,0,0,0
city25-intact-idle,A1,18,43.53297,9.382644,27.444991,22,198,493302412,2.023467,0.735259,6.378968,34.394501,11.511019,3.412497,0.000132,9.178029,0.204483,88,0,0,1,25,25,9500,19600,0,0,True,True,0,0,0
city25-intact-idle,A1,19,43.597314,9.461047,19.967404,22,209,493302412,2.070792,0.994664,6.264524,34.266525,11.739842,3.839498,8.7e-05,9.239069,0.221891,88,0,0,1,25,25,9500,19600,0,0,True,True,0,0,0
city25-airborne,A0,0,376.665234,16.752976,19.431512,22,0,493302412,1.902361,244.15926,8.174582,122.428379,16.59796,134.361462,8.4e-05,16.579483,0.173409,88,0,0,1,25,25,9500,19600,0,0,True,True,0,0,0
city25-airborne,A0,1,41.455021,11.10528,20.230341,22,11,493302412,2.018726,0.740074,6.350342,32.345214,12.968803,3.555499,8.2e-05,10.929517,0.175681,88,0,0,1,25,25,9500,19600,0,0,True,True,0,0,0
city25-airborne,A0,2,41.950359,8.86448,25.686604,22,22,493302412,2.004266,0.758004,6.277,32.910236,11.411355,3.504041,8.5e-05,8.696233,0.168162,88,0,0,1,25,25,9500,19600,0,0,True,True,0,0,0
city25-airborne,A0,3,43.723313,10.362379,19.228829,22,33,493302412,2.00912,0.744733,6.506893,34.461809,11.673345,3.490292,0.000118,10.190916,0.171345,88,0,0,1,25,25,9500,19600,0,0,True,True,0,0,0
city25-airborne,A0,4,40.738465,10.590609,18.432456,22,44,493302412,2.01968,0.747743,6.2256,31.744798,11.211523,3.447859,8.1e-05,10.396064,0.194464,88,0,0,1,25,25,9500,19600,0,0,True,True,0,0,0
city25-airborne,A0,5,40.449776,10.386622,18.740244,22,55,493302412,1.989117,0.721547,6.248738,31.489704,11.248776,3.456892,8.1e-05,10.201833,0.184708,88,0,0,1,25,25,9500,19600,0,0,True,True,0,0,0
city25-airborne,A0,6,48.977806,10.753763,37.681722,22,66,493302412,1.99137,0.74083,6.318188,39.926732,11.503732,3.474503,8.6e-05,10.578826,0.174851,88,0,0,1,25,25,9500,19600,0,0,True,True,0,0,0
city25-airborne,A0,7,44.564285,10.680491,18.606571,22,77,493302412,2.022567,0.773364,6.260075,35.507585,11.536457,3.473978,8e-05,10.510193,0.170218,88,0,0,1,25,25,9500,19600,0,0,True,True,0,0,0
city25-airborne,A0,8,40.931609,10.481484,19.317784,22,88,493302412,2.017342,0.735356,6.261825,31.916427,11.193235,3.495956,8.4e-05,10.309362,0.172038,88,0,0,1,25,25,9500,19600,0,0,True,True,0,0,0
city25-airborne,A0,9,42.279068,10.4811,19.04939,22,99,493302412,2.034307,0.810915,6.330584,33.102538,11.51432,3.474227,0.000117,10.30715,0.173833,88,0,0,1,25,25,9500,19600,0,0,True,True,0,0,0
city25-airborne,A0,10,48.529428,10.494104,35.512983,22,110,493302412,2.015173,0.776212,6.471951,39.265358,11.630818,3.483569,0.000113,10.321316,0.172675,88,0,0,1,25,25,9500,19600,0,0,True,True,0,0,0
city25-airborne,A0,11,42.941286,10.452037,18.839852,22,121,493302412,2.009702,0.768979,6.229271,33.932673,11.521976,3.485115,0.000119,10.283233,0.168685,88,0,0,1,25,25,9500,19600,0,0,True,True,0,0,0
city25-airborne,A0,12,41.156305,10.718287,18.826534,22,132,493302412,2.020179,0.72587,6.236559,32.173055,11.211497,3.745032,0.000111,10.53226,0.185916,88,0,0,1,25,25,9500,19600,0,0,True,True,0,0,0
city25-airborne,A0,13,40.84952,10.589392,18.759766,22,143,493302412,1.999165,0.753048,6.269926,31.826654,11.195141,3.453248,8.1e-05,10.419719,0.169592,88,0,0,1,25,25,9500,19600,0,0,True,True,0,0,0
city25-airborne,A0,14,45.736523,10.584255,34.935258,22,154,493302412,2.001636,0.761727,6.312056,36.660385,11.356843,3.451831,8.3e-05,10.411356,0.172816,88,0,0,1,25,25,9500,19600,0,0,True,True,0,0,0
city25-airborne,A0,15,43.249162,10.495984,18.839631,22,165,493302412,2.042351,0.869352,6.485844,33.850815,11.573209,3.472019,8.1e-05,10.342327,0.153576,88,0,0,1,25,25,9500,19600,0,0,True,True,0,0,0
city25-airborne,A0,16,43.671925,10.732114,19.171783,22,176,493302412,2.020075,0.73702,6.363949,34.550129,11.76086,3.48055,8.5e-05,10.556459,0.17557,88,0,0,1,25,25,9500,19600,0,0,True,True,0,0,0
city25-airborne,A0,17,41.015158,10.569902,18.95619,22,187,493302412,2.016183,0.75337,6.295827,31.949126,11.282693,3.478759,8.4e-05,10.38224,0.187578,88,0,0,1,25,25,9500,19600,0,0,True,True,0,0,0
city25-airborne,A0,18,46.252298,10.216851,37.271895,22,198,493302412,2.012774,0.772073,6.314447,37.152377,11.556871,3.519535,8.2e-05,10.044767,0.172002,88,0,0,1,25,25,9500,19600,0,0,True,True,0,0,0
city25-airborne,A0,19,42.680082,10.509241,18.733638,22,209,493302412,2.061354,0.765255,6.28625,33.566491,11.690442,3.462119,0.000106,10.339442,0.169693,88,0,0,1,25,25,9500,19600,0,0,True,True,0,0,0
city25-airborne,A1,0,371.089188,14.109736,19.585922,22,0,493302412,2.231557,245.948411,8.088433,114.819928,16.768792,134.438333,8e-05,13.910476,0.19918,88,0,0,1,25,25,9500,19600,0,0,True,True,0,0,0
city25-airborne,A1,1,42.637251,11.122172,19.094259,22,11,493302412,2.069177,0.740197,6.407299,33.419815,13.032416,3.520615,0.000155,10.951815,0.170202,88,0,0,1,25,25,9500,19600,0,0,True,True,0,0,0
city25-airborne,A1,2,46.012575,10.905411,19.522205,22,22,493302412,2.048402,0.755199,6.261252,36.946964,11.644428,3.681331,8.2e-05,10.703368,0.201961,88,0,0,1,25,25,9500,19600,0,0,True,True,0,0,0
city25-airborne,A1,3,41.724039,10.875031,19.042497,22,33,493302412,2.063974,0.750114,6.248615,32.660705,11.534855,3.517286,9.4e-05,10.704686,0.170251,88,0,0,1,25,25,9500,19600,0,0,True,True,0,0,0
city25-airborne,A1,4,41.328784,10.700901,18.951355,22,44,493302412,2.063591,0.731606,6.252042,32.28085,11.395066,3.543293,9.3e-05,10.52607,0.174738,88,0,0,1,25,25,9500,19600,0,0,True,True,0,0,0
city25-airborne,A1,5,41.864418,10.731567,19.272548,22,55,493302412,2.056749,0.671706,6.30226,32.833015,11.726407,3.577388,8.1e-05,10.549808,0.181678,88,0,0,1,25,25,9500,19600,0,0,True,True,0,0,0
city25-airborne,A1,6,55.43128,10.524984,19.367176,22,66,493302412,2.057742,0.777696,6.245959,46.349242,11.58773,3.605327,8e-05,10.336438,0.188466,88,0,0,1,25,25,9500,19600,0,0,True,True,0,0,0
city25-airborne,A1,7,41.624729,10.520173,19.021174,22,77,493302412,2.071715,0.773637,6.297538,32.481101,11.618296,3.524803,8.1e-05,10.330524,0.189568,88,0,0,1,25,25,9500,19600,0,0,True,True,0,0,0
city25-airborne,A1,8,41.867299,10.998598,19.548119,22,88,493302412,2.05352,0.782803,6.240439,32.78989,11.651035,3.580458,8e-05,10.783454,0.215064,88,0,0,1,25,25,9500,19600,0,0,True,True,0,0,0
city25-airborne,A1,9,42.197159,10.808843,19.499837,22,99,493302412,2.049629,0.784642,6.334519,33.027665,11.62282,3.593468,8.1e-05,10.605356,0.203406,88,0,0,1,25,25,9500,19600,0,0,True,True,0,0,0
city25-airborne,A1,10,56.813293,10.568901,19.428456,22,110,493302412,2.064286,0.777331,6.313932,47.657044,11.495098,3.539068,8.9e-05,10.40236,0.166452,88,0,0,1,25,25,9500,19600,0,0,True,True,0,0,0
city25-airborne,A1,11,41.673569,10.704888,18.922808,22,121,493302412,2.049891,0.77787,6.343624,32.501511,11.461996,3.525468,8e-05,10.528488,0.17632,88,0,0,1,25,25,9500,19600,0,0,True,True,0,0,0
city25-airborne,A1,12,41.608135,10.517851,18.869721,22,132,493302412,2.051626,0.732978,6.304318,32.518531,11.481419,3.546539,7.5e-05,10.343167,0.174609,88,0,0,1,25,25,9500,19600,0,0,True,True,0,0,0
city25-airborne,A1,13,41.598841,10.56529,22.276966,22,143,493302412,2.05356,0.738054,6.271405,32.53509,11.630868,3.60006,8.1e-05,10.386196,0.179013,88,0,0,1,25,25,9500,19600,0,0,True,True,0,0,0
city25-airborne,A1,14,56.239449,10.79976,19.821952,22,154,493302412,2.062785,0.781107,6.290724,47.104225,11.712926,3.689688,8.1e-05,10.616427,0.183252,88,0,0,1,25,25,9500,19600,0,0,True,True,0,0,0
city25-airborne,A1,15,42.098556,9.979968,19.617834,22,165,493302412,2.073723,0.799408,6.376051,32.848621,11.560089,3.55951,0.000147,9.809716,0.170105,88,0,0,1,25,25,9500,19600,0,0,True,True,0,0,0
city25-airborne,A1,16,42.136232,10.271224,19.062036,22,176,493302412,2.060139,0.723151,6.33288,33.019332,11.568375,3.482242,8.1e-05,10.073013,0.19813,88,0,0,1,25,25,9500,19600,0,0,True,True,0,0,0
city25-airborne,A1,17,42.018728,10.550953,23.621925,22,187,493302412,2.059708,0.765349,6.304546,32.888413,11.669971,3.565973,0.000153,10.371822,0.178978,88,0,0,1,25,25,9500,19600,0,0,True,True,0,0,0
city25-airborne,A1,18,58.347302,8.590531,19.467089,22,198,493302412,2.067979,0.768066,6.338414,49.172131,11.697145,3.515748,8.1e-05,8.443633,0.146817,88,0,0,1,25,25,9500,19600,0,0,True,True,0,0,0
city25-airborne,A1,19,41.742692,10.522148,19.071918,22,209,493302412,2.062076,0.776721,6.352016,32.551152,11.488559,3.525643,8.1e-05,10.346944,0.175123,88,0,0,1,25,25,9500,19600,0,0,True,True,0,0,0
city25-initial-impact,A0,0,368.164035,49.891963,24.742654,22,0,493302412,2.184557,240.815299,7.997027,117.166052,17.286027,158.192818,8e-05,49.65035,0.241533,304,3412,1,2,537,77,9040,16188,3931,625,True,True,0,0,0
city25-initial-impact,A0,1,43.714671,37.309214,21.83934,22,11,493302412,2.027314,1.758029,6.325965,33.602556,13.429467,3.830933,9e-05,37.057435,0.251689,304,3412,1,2,537,77,9040,16188,3931,625,True,True,0,0,0
city25-initial-impact,A0,2,42.180873,40.244058,21.155327,22,22,493302412,2.019702,0.863461,6.288952,33.008096,11.996518,3.808689,9.1e-05,39.987261,0.256706,304,3412,1,2,537,77,9040,16188,3931,625,True,True,0,0,0
city25-initial-impact,A0,3,41.77096,39.525657,21.436888,22,33,493302412,2.035333,0.801763,6.295961,32.63725,11.725613,3.748837,8.7e-05,39.280373,0.245197,304,3412,1,2,537,77,9040,16188,3931,625,True,True,0,0,0
city25-initial-impact,A0,4,42.161152,40.420454,27.015151,22,44,493302412,2.045024,0.834374,6.296494,32.984561,12.064655,4.158318,9.4e-05,40.092137,0.328223,304,3412,1,2,537,77,9040,16188,3931,625,True,True,0,0,0
city25-initial-impact,A0,5,43.09495,38.607342,20.852474,22,55,493302412,2.243567,0.947476,6.808745,33.094472,11.885055,3.727258,0.000101,38.342923,0.264318,304,3412,1,2,537,77,9040,16188,3931,625,True,True,0,0,0
city25-initial-impact,A0,6,41.758408,38.91967,23.578058,22,66,493302412,2.020675,0.874725,6.239106,32.62324,11.933144,4.79562,9.3e-05,38.664054,0.255523,304,3412,1,2,537,77,9040,16188,3931,625,True,True,0,0,0
city25-initial-impact,A0,7,44.997341,38.503715,21.163375,22,77,493302412,2.160953,0.938475,6.383101,35.514147,11.926725,3.711594,8.7e-05,38.260153,0.243475,304,3412,1,2,537,77,9040,16188,3931,625,True,True,0,0,0
city25-initial-impact,A0,8,43.148896,39.840483,22.924547,22,88,493302412,2.030172,1.560244,6.357113,33.200505,11.876339,4.036541,9e-05,39.596617,0.243776,304,3412,1,2,537,77,9040,16188,3931,625,True,True,0,0,0
city25-initial-impact,A0,9,42.275033,40.203332,21.205703,22,99,493302412,2.114834,0.794979,6.317704,33.046849,12.103451,3.713224,9.6e-05,39.960518,0.242718,304,3412,1,2,537,77,9040,16188,3931,625,True,True,0,0,0
city25-initial-impact,A0,10,46.162261,38.534196,21.474823,22,110,493302412,2.042254,0.906024,6.303841,36.9095,11.887814,3.844989,8.4e-05,38.276194,0.257918,304,3412,1,2,537,77,9040,16188,3931,625,True,True,0,0,0
city25-initial-impact,A0,11,42.414673,36.839917,21.009611,22,121,493302412,2.026532,1.126034,6.329478,32.931982,11.90581,3.711467,9.5e-05,36.598363,0.241459,304,3412,1,2,537,77,9040,16188,3931,625,True,True,0,0,0
city25-initial-impact,A0,12,41.8813,38.837243,21.468971,22,132,493302412,2.03108,1.010253,6.227266,32.612084,11.634415,3.876777,8.8e-05,38.551131,0.286024,304,3412,1,2,537,77,9040,16188,3931,625,True,True,0,0,0
city25-initial-impact,A0,13,50.249159,38.463467,22.350349,22,143,493302412,2.030981,0.845235,6.296464,41.075872,12.009988,3.910064,9.7e-05,38.217591,0.245779,304,3412,1,2,537,77,9040,16188,3931,625,True,True,0,0,0
city25-initial-impact,A0,14,44.137017,39.136636,21.480996,22,154,493302412,2.042555,0.929272,6.221528,34.942995,12.029358,3.715705,0.000101,38.894253,0.242282,304,3412,1,2,537,77,9040,16188,3931,625,True,True,0,0,0
city25-initial-impact,A0,15,41.79141,38.682126,20.929951,22,165,493302412,2.039404,0.855715,6.27347,32.622233,11.788413,3.751667,9.5e-05,38.428686,0.253345,304,3412,1,2,537,77,9040,16188,3931,625,True,True,0,0,0
city25-initial-impact,A0,16,43.107391,37.801073,31.353898,22,176,493302412,2.033851,0.830087,6.257375,33.985461,12.002292,3.697885,8.8e-05,37.559316,0.241669,304,3412,1,2,537,77,9040,16188,3931,625,True,True,0,0,0
city25-initial-impact,A0,17,45.327186,38.648805,23.39925,22,187,493302412,2.290778,0.915473,6.92917,35.191076,12.567566,4.630093,0.000103,38.391325,0.257377,304,3412,1,2,537,77,9040,16188,3931,625,True,True,0,0,0
city25-initial-impact,A0,18,49.297533,38.279764,22.497921,22,198,493302412,2.123728,0.894183,6.49177,39.786831,12.091526,3.923008,9.3e-05,38.013994,0.265677,304,3412,1,2,537,77,9040,16188,3931,625,True,True,0,0,0
city25-initial-impact,A0,19,49.266612,42.012348,21.862574,22,209,493302412,2.112576,0.913053,6.303737,39.936534,11.984505,3.870248,8.5e-05,41.769537,0.242726,304,3412,1,2,537,77,9040,16188,3931,625,True,True,0,0,0
city25-initial-impact,A1,0,372.113356,47.934617,30.969919,22,0,493302412,2.253801,244.875289,8.21872,116.764776,16.934773,157.549417,0.000113,47.75069,0.183814,304,3412,1,2,537,77,9040,16188,3931,625,True,True,0,0,0
city25-initial-impact,A1,1,50.237144,41.553698,26.437994,22,11,493302412,2.291002,0.832257,6.781562,40.331452,13.262843,5.037154,9e-05,41.430877,0.122731,304,3412,1,2,537,77,9040,16188,3931,625,True,True,0,0,0
city25-initial-impact,A1,2,46.021501,43.912516,25.795317,22,22,493302412,2.213627,0.744104,6.541988,36.521001,11.986984,4.409166,0.000135,42.630348,1.282033,304,3412,1,2,537,77,9040,16188,3931,625,True,True,0,0,0
city25-initial-impact,A1,3,43.134469,38.213895,22.033458,22,33,493302412,2.270023,0.837942,6.548881,33.476744,11.785832,3.863067,0.000123,38.022167,0.191605,304,3412,1,2,537,77,9040,16188,3931,625,True,True,0,0,0
city25-initial-impact,A1,4,55.947695,37.583248,22.061267,22,44,493302412,2.143115,0.801123,6.432764,46.569984,11.808416,3.725044,0.000118,37.405814,0.177316,304,3412,1,2,537,77,9040,16188,3931,625,True,True,0,0,0
city25-initial-impact,A1,5,42.89908,38.880597,21.434701,22,55,493302412,2.153455,0.817068,6.603583,33.324127,11.530824,3.562529,0.000126,38.701613,0.178858,304,3412,1,2,537,77,9040,16188,3931,625,True,True,0,0,0
city25-initial-impact,A1,6,42.559546,40.410924,21.865581,22,66,493302412,2.155769,0.749074,6.397217,33.256782,11.540279,3.868771,6.8e-05,40.228946,0.18191,304,3412,1,2,537,77,9040,16188,3931,625,True,True,0,0,0
city25-initial-impact,A1,7,55.163723,38.503548,21.659739,22,77,493302412,2.163619,0.742633,6.477946,45.778766,11.562783,3.771692,0.000106,38.32857,0.174872,304,3412,1,2,537,77,9040,16188,3931,625,True,True,0,0,0
city25-initial-impact,A1,8,46.426796,37.601394,21.382182,22,88,493302412,2.171225,0.78135,6.521314,36.952208,11.998069,3.609621,0.000123,37.459889,0.141382,304,3412,1,2,537,77,9040,16188,3931,625,True,True,0,0,0
city25-initial-impact,A1,9,42.763049,36.707469,21.692961,22,99,493302412,2.156546,0.733163,6.555815,33.316793,11.652667,3.711259,0.000114,36.51986,0.187495,304,3412,1,2,537,77,9040,16188,3931,625,True,True,0,0,0
city25-initial-impact,A1,10,54.769666,37.846895,23.669372,22,110,493302412,2.167348,0.763218,6.504816,45.333441,11.607597,3.907922,0.000118,37.665922,0.180855,304,3412,1,2,537,77,9040,16188,3931,625,True,True,0,0,0
city25-initial-impact,A1,11,43.255447,36.41012,22.190999,22,121,493302412,2.280862,0.803636,6.768797,33.401345,11.96537,3.674937,0.000123,36.225582,0.184415,304,3412,1,2,537,77,9040,16188,3931,625,True,True,0,0,0
city25-initial-impact,A1,12,43.359753,37.552406,22.258791,22,132,493302412,2.191212,0.945462,6.859973,33.362168,12.050601,3.825376,0.000136,37.369408,0.182862,304,3412,1,2,537,77,9040,16188,3931,625,True,True,0,0,0
city25-initial-impact,A1,13,57.1067,37.44698,21.842686,22,143,493302412,2.163797,0.792497,6.439915,47.709565,11.548044,3.781758,0.000109,37.269306,0.177565,304,3412,1,2,537,77,9040,16188,3931,625,True,True,0,0,0
city25-initial-impact,A1,14,43.009533,37.920773,21.21036,22,154,493302412,2.217091,0.760923,6.492105,33.538684,11.654613,3.671458,0.000117,37.747402,0.173254,304,3412,1,2,537,77,9040,16188,3931,625,True,True,0,0,0
city25-initial-impact,A1,15,42.668919,36.631053,22.355895,22,165,493302412,2.205502,0.788585,6.494241,33.179591,11.510124,3.815268,8.4e-05,36.454654,0.176315,304,3412,1,2,537,77,9040,16188,3931,625,True,True,0,0,0
city25-initial-impact,A1,16,59.512343,38.245899,24.9099,22,176,493302412,2.198405,0.76857,6.713241,49.831327,11.919715,4.292839,8.9e-05,38.038208,0.207602,304,3412,1,2,537,77,9040,16188,3931,625,True,True,0,0,0
city25-initial-impact,A1,17,48.762495,39.334815,21.625469,22,187,493302412,2.259453,0.814134,6.680294,39.007758,11.79617,3.557788,0.000128,39.163445,0.171242,304,3412,1,2,537,77,9040,16188,3931,625,True,True,0,0,0
city25-initial-impact,A1,18,43.3898,37.84698,22.339825,22,198,493302412,2.184411,0.782553,6.60539,33.816697,11.855746,3.734577,0.000112,37.666503,0.180365,304,3412,1,2,537,77,9040,16188,3931,625,True,True,0,0,0
city25-initial-impact,A1,19,51.045476,37.522362,21.910299,22,209,493302412,2.235017,0.800834,6.585229,41.4236,11.665079,3.749179,8.2e-05,37.33917,0.18311,304,3412,1,2,537,77,9040,16188,3931,625,True,True,0,0,0
city25-post-impact,A0,0,373.070004,29.413356,28.901394,22,0,493302412,2.288199,243.898416,8.483862,118.398612,17.706084,169.917967,0.00013,29.221746,0.19148,332,0,0,1,526,53,9027,16776,4675,1060,True,True,0,0,0
city25-post-impact,A0,1,44.647876,23.652126,22.858578,22,11,493302412,2.222063,0.752367,6.87087,34.801622,13.677138,4.077306,0.000131,23.477079,0.174916,332,0,0,1,526,53,9027,16776,4675,1060,True,True,0,0,0
city25-post-impact,A0,2,44.377958,21.962137,20.369019,22,22,493302412,2.190944,0.801466,6.832257,34.552483,12.264082,4.082806,0.000128,21.786778,0.175231,332,0,0,1,526,53,9027,16776,4675,1060,True,True,0,0,0
city25-post-impact,A0,3,43.912119,21.126827,20.367314,22,33,493302412,2.197568,0.738412,6.751075,34.224317,12.11515,4.073676,0.000103,20.944868,0.181856,332,0,0,1,526,53,9027,16776,4675,1060,True,True,0,0,0
city25-post-impact,A0,4,46.003439,22.044786,49.62444,22,44,493302412,2.164453,0.752091,6.820669,36.265408,12.514298,4.204947,0.00012,21.832287,0.212379,332,0,0,1,526,53,9027,16776,4675,1060,True,True,0,0,0
city25-post-impact,A0,5,48.56499,23.053332,21.318917,22,55,493302412,2.518393,0.794336,7.878773,37.372605,12.408473,4.654649,0.000132,22.874922,0.178278,332,0,0,1,526,53,9027,16776,4675,1060,True,True,0,0,0
city25-post-impact,A0,6,44.775015,21.483402,21.688493,22,66,493302412,2.200586,0.715726,6.813949,35.043931,12.393938,4.155776,0.000129,21.304965,0.178308,332,0,0,1,526,53,9027,16776,4675,1060,True,True,0,0,0
city25-post-impact,A0,7,45.170873,21.446887,21.507329,22,77,493302412,2.200374,0.754844,6.889724,35.325116,12.513497,4.190838,0.00014,21.27069,0.176057,332,0,0,1,526,53,9027,16776,4675,1060,True,True,0,0,0
city25-post-impact,A0,8,53.158097,21.504871,21.167078,22,88,493302412,2.200026,0.794646,6.791166,43.371467,12.282108,4.207835,0.000138,21.32554,0.179193,332,0,0,1,526,53,9027,16776,4675,1060,True,True,0,0,0
city25-post-impact,A0,9,44.652919,25.72091,25.684724,22,99,493302412,2.218631,0.770209,6.819024,34.843947,12.261954,4.197416,0.000136,25.53892,0.181854,332,0,0,1,526,53,9027,16776,4675,1060,True,True,0,0,0
city25-post-impact,A0,10,45.002471,21.528755,22.364553,22,110,493302412,2.191945,0.793846,6.892894,35.122974,12.37312,4.154619,0.000129,21.353804,0.174822,332,0,0,1,526,53,9027,16776,4675,1060,True,True,0,0,0
city25-post-impact,A0,11,45.71185,22.189914,21.327839,22,121,493302412,2.199479,1.432933,6.908114,35.17054,12.307344,4.387959,8.3e-05,21.976278,0.213553,332,0,0,1,526,53,9027,16776,4675,1060,True,True,0,0,0
city25-post-impact,A0,12,46.524498,21.806726,20.624639,22,132,493302412,2.201633,1.982315,6.889101,35.450473,12.339424,4.138012,0.000131,21.629253,0.177342,332,0,0,1,526,53,9027,16776,4675,1060,True,True,0,0,0
city25-post-impact,A0,13,44.419778,21.705939,21.372398,22,143,493302412,2.18651,0.764699,6.810138,34.657593,12.252559,4.221788,0.000133,21.541096,0.16471,332,0,0,1,526,53,9027,16776,4675,1060,True,True,0,0,0
city25-post-impact,A0,14,54.054763,21.397675,32.936624,22,154,493302412,2.18833,0.797172,6.84829,44.220091,12.522324,4.2207,0.000139,21.218834,0.178702,332,0,0,1,526,53,9027,16776,4675,1060,True,True,0,0,0
city25-post-impact,A0,15,47.993557,21.58568,20.728497,22,165,493302412,2.274879,0.971908,6.989503,37.756206,12.746431,4.099431,0.000166,21.385257,0.200257,332,0,0,1,526,53,9027,16776,4675,1060,True,True,0,0,0
city25-post-impact,A0,16,44.840488,21.274405,20.515906,22,176,493302412,2.268249,0.733525,6.859641,34.978321,12.247505,4.105232,0.000136,21.091325,0.182944,332,0,0,1,526,53,9027,16776,4675,1060,True,True,0,0,0
city25-post-impact,A0,17,45.601029,21.113725,21.653321,22,187,493302412,2.25995,0.735882,6.857745,35.746632,12.450011,4.390654,0.000129,20.98119,0.132406,332,0,0,1,526,53,9027,16776,4675,1060,True,True,0,0,0
city25-post-impact,A0,18,74.466015,23.780109,33.563186,22,198,493302412,2.239337,0.749948,6.883935,64.59185,22.689877,8.196804,0.000261,23.574646,0.205202,332,0,0,1,526,53,9027,16776,4675,1060,True,True,0,0,0
city25-post-impact,A0,19,51.627137,21.689139,23.89821,22,209,493302412,2.66787,0.863592,8.249017,39.845643,13.911977,4.932103,0.000147,21.467884,0.221108,332,0,0,1,526,53,9027,16776,4675,1060,True,True,0,0,0
city25-post-impact,A1,0,384.68501,28.915042,23.193993,22,0,493302412,2.66451,250.587111,9.157247,122.275318,18.294999,174.716043,8e-05,28.695492,0.21947,332,0,0,1,526,53,9027,16776,4675,1060,True,True,0,0,0
city25-post-impact,A1,1,52.318391,23.720148,27.685015,22,11,493302412,2.209902,0.789904,6.952404,42.365362,14.449491,4.322431,8.3e-05,23.515745,0.20432,332,0,0,1,526,53,9027,16776,4675,1060,True,True,0,0,0
city25-post-impact,A1,2,46.883145,24.184912,23.787801,22,22,493302412,2.175951,0.819113,6.941503,36.945643,13.108439,4.369031,0.000161,24.017113,0.167638,332,0,0,1,526,53,9027,16776,4675,1060,True,True,0,0,0
city25-post-impact,A1,3,45.79038,26.52107,31.314448,22,33,493302412,2.52825,0.830085,6.863896,35.567421,12.556697,4.280681,8.6e-05,26.296945,0.224039,332,0,0,1,526,53,9027,16776,4675,1060,True,True,0,0,0
city25-post-impact,A1,4,56.752501,23.818877,21.636616,22,44,493302412,2.198042,0.8174,6.852142,46.884079,12.397185,4.101873,8.2e-05,23.614295,0.2045,332,0,0,1,526,53,9027,16776,4675,1060,True,True,0,0,0
city25-post-impact,A1,5,45.643613,21.588703,21.771092,22,55,493302412,2.184528,0.805554,7.235974,35.41677,12.70624,4.095651,8.2e-05,21.364413,0.224208,332,0,0,1,526,53,9027,16776,4675,1060,True,True,0,0,0
city25-post-impact,A1,6,50.326865,24.271909,21.947911,22,66,493302412,2.197188,0.79169,9.14578,38.191411,13.400365,5.19778,8.3e-05,24.022519,0.249307,332,0,0,1,526,53,9027,16776,4675,1060,True,True,0,0,0
city25-post-impact,A1,7,48.507576,21.753104,21.4043,22,77,493302412,2.235505,0.827902,6.912173,38.531164,12.435826,4.519225,8.3e-05,21.530992,0.222029,332,0,0,1,526,53,9027,16776,4675,1060,True,True,0,0,0
city25-post-impact,A1,8,45.837332,21.558228,21.125743,22,88,493302412,2.19688,0.835658,6.897408,35.906638,12.578854,4.358509,8.2e-05,21.341357,0.216789,332,0,0,1,526,53,9027,16776,4675,1060,True,True,0,0,0
city25-post-impact,A1,9,44.878686,21.218251,20.923788,22,99,493302412,2.19907,0.747788,6.878163,35.052977,12.200489,4.063414,8.4e-05,21.004759,0.213408,332,0,0,1,526,53,9027,16776,4675,1060,True,True,0,0,0
city25-post-impact,A1,10,46.639072,22.65803,21.945868,22,110,493302412,2.51076,0.789022,7.151521,36.187094,12.394157,4.1502,8.1e-05,22.443125,0.214824,332,0,0,1,526,53,9027,16776,4675,1060,True,True,0,0,0
city25-post-impact,A1,11,55.180632,18.429715,21.938177,22,121,493302412,2.538279,0.792161,6.820376,45.029116,13.473497,4.482126,8.3e-05,18.26506,0.164572,332,0,0,1,526,53,9027,16776,4675,1060,True,True,0,0,0
city25-post-impact,A1,12,45.477925,18.699035,20.824364,22,132,493302412,2.183271,0.796189,6.850895,35.646817,12.297486,4.311836,0.000108,18.515042,0.183885,332,0,0,1,526,53,9027,16776,4675,1060,True,True,0,0,0
city25-post-impact,A1,13,45.380153,21.62935,21.356518,22,143,493302412,2.232278,0.828023,6.882712,35.436312,12.288443,4.08289,8.4e-05,21.457271,0.171995,332,0,0,1,526,53,9027,16776,4675,1060,True,True,0,0,0
city25-post-impact,A1,14,48.637584,21.924429,21.289574,22,154,493302412,2.531588,0.768902,7.040545,38.295484,12.546743,4.456535,8.4e-05,21.733815,0.19053,332,0,0,1,526,53,9027,16776,4675,1060,True,True,0,0,0
city25-post-impact,A1,15,46.248856,21.009541,21.34052,22,165,493302412,2.188533,0.785357,7.027774,36.24643,12.380251,4.2325,8.1e-05,20.77713,0.23233,332,0,0,1,526,53,9027,16776,4675,1060,True,True,0,0,0
city25-post-impact,A1,16,45.405505,21.840246,30.482655,22,176,493302412,2.449935,0.798219,6.859878,35.296663,12.348084,4.334504,8e-05,21.606831,0.233335,332,0,0,1,526,53,9027,16776,4675,1060,True,True,0,0,0
city25-post-impact,A1,17,47.412808,21.852234,31.348574,22,187,493302412,2.191791,0.851661,6.961849,37.406518,13.31856,4.293247,0.000117,21.668325,0.183792,332,0,0,1,526,53,9027,16776,4675,1060,True,True,0,0,0
city25-post-impact,A1,18,51.168194,21.685506,23.629649,22,198,493302412,2.779385,1.141722,7.851513,39.394529,12.532644,4.920362,8.5e-05,21.474878,0.210543,332,0,0,1,526,53,9027,16776,4675,1060,True,True,0,0,0
city25-post-impact,A1,19,46.571036,21.298031,21.19231,22,209,493302412,2.216294,0.783661,7.220618,36.34975,12.521501,4.297606,0.000118,21.071322,0.226591,332,0,0,1,526,53,9027,16776,4675,1060,True,True,0,0,0
city25-cascading-fracture,A0,0,373.596992,49.896434,22.486258,22,0,493302412,2.006616,227.312925,8.321861,135.954845,17.747611,171.593679,8.7e-05,49.701175,0.195172,388,10,1,2,610,64,8954,16476,10900,2028,True,True,0,0,0
city25-cascading-fracture,A0,1,44.597934,39.841143,24.188379,22,11,493302412,2.160818,0.81034,6.873675,34.752139,14.130405,4.276266,0.000115,39.64111,0.199918,388,10,1,2,610,64,8954,16476,10900,2028,True,True,0,0,0
city25-cascading-fracture,A0,2,43.935331,39.64571,21.468294,22,22,493302412,2.112659,0.822254,6.771836,34.227931,12.238724,3.991542,8e-05,39.471125,0.174505,388,10,1,2,610,64,8954,16476,10900,2028,True,True,0,0,0
city25-cascading-fracture,A0,3,43.964195,36.245316,21.793343,22,33,493302412,2.114953,0.731693,6.686436,34.430419,12.047506,4.119827,8.6e-05,36.121538,0.123692,388,10,1,2,610,64,8954,16476,10900,2028,True,True,0,0,0
city25-cascading-fracture,A0,4,46.058231,40.36853,22.552184,22,44,493302412,2.137181,0.738398,6.737824,36.444199,13.050779,4.229767,8e-05,40.183828,0.184622,388,10,1,2,610,64,8954,16476,10900,2028,True,True,0,0,0
city25-cascading-fracture,A0,5,44.199306,40.444426,21.470122,22,55,493302412,2.127625,0.679647,6.71917,34.672236,12.2635,3.989729,8.3e-05,40.267551,0.176792,388,10,1,2,610,64,8954,16476,10900,2028,True,True,0,0,0
city25-cascading-fracture,A0,6,44.01248,37.19494,21.659489,22,66,493302412,2.168859,0.727496,6.750254,34.365234,12.157895,4.009737,6.9e-05,37.012574,0.182297,388,10,1,2,610,64,8954,16476,10900,2028,True,True,0,0,0
city25-cascading-fracture,A0,7,47.825828,37.178165,21.834674,22,77,493302412,2.182626,0.739952,6.792365,38.110244,12.149718,4.002786,8.3e-05,36.985174,0.192908,388,10,1,2,610,64,8954,16476,10900,2028,True,True,0,0,0
city25-cascading-fracture,A0,8,44.390465,37.152614,21.892385,22,88,493302412,2.142339,0.719507,6.772944,34.754936,12.277235,4.012816,8.2e-05,36.972261,0.180271,388,10,1,2,610,64,8954,16476,10900,2028,True,True,0,0,0
city25-cascading-fracture,A0,9,44.708886,37.68687,21.694292,22,99,493302412,2.143018,0.763904,6.754676,35.046658,12.395495,4.0098,8.5e-05,37.505027,0.181758,388,10,1,2,610,64,8954,16476,10900,2028,True,True,0,0,0
city25-cascading-fracture,A0,10,49.306507,37.379544,21.860774,22,110,493302412,2.140885,0.756871,6.749261,39.658817,12.274859,4.019063,8e-05,37.186538,0.192926,388,10,1,2,610,64,8954,16476,10900,2028,True,True,0,0,0
city25-cascading-fracture,A0,11,44.312071,37.907322,21.570667,22,121,493302412,2.136821,0.769985,6.690957,34.713636,12.463527,3.995168,8.3e-05,37.729655,0.177584,388,10,1,2,610,64,8954,16476,10900,2028,True,True,0,0,0
city25-cascading-fracture,A0,12,45.239948,38.194388,21.921617,22,132,493302412,2.124269,0.914007,6.703797,35.497246,13.049474,4.184247,8.3e-05,38.003077,0.191228,388,10,1,2,610,64,8954,16476,10900,2028,True,True,0,0,0
city25-cascading-fracture,A0,13,51.7031,44.392503,25.505592,22,143,493302412,2.130493,0.754321,6.775107,42.042566,12.360513,4.81867,8.5e-05,44.195775,0.196643,388,10,1,2,610,64,8954,16476,10900,2028,True,True,0,0,0
city25-cascading-fracture,A0,14,46.006516,38.438641,22.200133,22,154,493302412,2.413387,0.850204,7.496677,35.245476,12.240239,4.364726,8.3e-05,38.233329,0.205229,388,10,1,2,610,64,8954,16476,10900,2028,True,True,0,0,0
city25-cascading-fracture,A0,15,44.310362,38.271894,21.800725,22,165,493302412,2.135871,0.783205,6.787524,34.602937,12.081439,3.998571,8.2e-05,38.093704,0.178108,388,10,1,2,610,64,8954,16476,10900,2028,True,True,0,0,0
city25-cascading-fracture,A0,16,48.894322,38.472236,21.954247,22,176,493302412,2.128787,0.771911,6.821508,39.171436,12.179174,4.030842,8.1e-05,38.288099,0.184056,388,10,1,2,610,64,8954,16476,10900,2028,True,True,0,0,0
city25-cascading-fracture,A0,17,46.182146,37.220463,22.058792,22,187,493302412,2.116481,0.770401,7.111401,36.182973,12.536803,4.011525,8.1e-05,37.045134,0.175248,388,10,1,2,610,64,8954,16476,10900,2028,True,True,0,0,0
city25-cascading-fracture,A0,18,44.930833,37.9505,22.721476,22,198,493302412,2.129235,0.794233,6.7414,35.265231,12.447019,4.314399,8.2e-05,37.766167,0.184251,388,10,1,2,610,64,8954,16476,10900,2028,True,True,0,0,0
city25-cascading-fracture,A0,19,51.117695,38.06582,21.874177,22,209,493302412,2.14565,0.741713,6.82356,41.406155,12.36389,3.988452,8.4e-05,37.881901,0.183835,388,10,1,2,610,64,8954,16476,10900,2028,True,True,0,0,0
city25-cascading-fracture,A1,0,364.810833,50.606012,38.622889,22,0,493302412,2.057332,233.935272,8.43507,120.382318,17.754969,171.571333,0.000128,50.421254,0.18463,388,10,1,2,610,64,8954,16476,10900,2028,True,True,0,0,0
city25-cascading-fracture,A1,1,60.590853,42.399834,21.9979,22,11,493302412,2.292438,0.846393,7.159791,50.291345,13.562076,4.249069,0.000134,42.213923,0.185777,388,10,1,2,610,64,8954,16476,10900,2028,True,True,0,0,0
city25-cascading-fracture,A1,2,44.395814,43.73155,22.118486,22,22,493302412,2.158171,0.767898,6.817013,34.651816,12.477607,4.282441,0.000132,43.55183,0.179588,388,10,1,2,610,64,8954,16476,10900,2028,True,True,0,0,0
city25-cascading-fracture,A1,3,44.49473,39.350359,22.129802,22,33,493302412,2.153316,0.776277,6.824606,34.739786,12.374487,4.116691,0.000147,39.174339,0.175873,388,10,1,2,610,64,8954,16476,10900,2028,True,True,0,0,0
city25-cascading-fracture,A1,4,49.129465,41.208704,22.073128,22,44,493302412,2.176118,0.747496,6.760374,39.444766,12.259181,4.220978,0.000142,41.027068,0.181494,388,10,1,2,610,64,8954,16476,10900,2028,True,True,0,0,0
city25-cascading-fracture,A1,5,47.706586,41.357702,22.000765,22,55,493302412,2.168138,0.727417,6.844371,37.965797,12.890891,4.300748,0.000123,41.164483,0.193096,388,10,1,2,610,64,8954,16476,10900,2028,True,True,0,0,0
city25-cascading-fracture,A1,6,45.048131,38.872588,26.303261,22,66,493302412,2.172429,0.773242,6.816106,35.285658,12.439619,4.019479,0.00013,38.697336,0.175122,388,10,1,2,610,64,8954,16476,10900,2028,True,True,0,0,0
city25-cascading-fracture,A1,7,45.0935,37.71103,22.336486,22,77,493302412,2.194941,0.667747,6.778207,35.451845,12.396713,4.204889,0.000127,37.536794,0.174109,388,10,1,2,610,64,8954,16476,10900,2028,True,True,0,0,0
city25-cascading-fracture,A1,8,45.543992,42.669976,22.255467,22,88,493302412,2.179919,0.747646,6.791744,35.823848,13.067956,4.250837,0.000151,42.483518,0.186307,388,10,1,2,610,64,8954,16476,10900,2028,True,True,0,0,0
city25-cascading-fracture,A1,9,45.47515,38.029546,35.717407,22,99,493302412,2.185843,0.779195,6.794382,35.714959,12.546375,4.236882,0.00013,37.857124,0.172292,388,10,1,2,610,64,8954,16476,10900,2028,True,True,0,0,0
city25-cascading-fracture,A1,10,48.901197,38.385855,22.142369,22,110,493302412,2.46147,0.89356,7.48595,38.059432,12.376481,4.054251,0.000123,38.212411,0.173321,388,10,1,2,610,64,8954,16476,10900,2028,True,True,0,0,0
city25-cascading-fracture,A1,11,45.744714,39.251445,22.135731,22,121,493302412,2.186987,0.744885,6.833179,35.978962,12.929837,4.138776,0.000131,39.074811,0.176503,388,10,1,2,610,64,8954,16476,10900,2028,True,True,0,0,0
city25-cascading-fracture,A1,12,45.596865,38.416757,40.379816,22,132,493302412,2.177483,0.935846,6.775455,35.707264,12.442775,4.060389,0.000128,38.238562,0.178067,388,10,1,2,610,64,8954,16476,10900,2028,True,True,0,0,0
city25-cascading-fracture,A1,13,46.834166,41.015005,22.32836,22,143,493302412,2.539194,0.893124,7.523699,35.877277,12.512287,4.339171,0.000128,40.839304,0.175573,388,10,1,2,610,64,8954,16476,10900,2028,True,True,0,0,0
city25-cascading-fracture,A1,14,46.903629,39.986857,22.244971,22,154,493302412,2.157674,0.768367,6.815419,37.161482,12.586419,4.033606,0.00012,39.811032,0.175705,388,10,1,2,610,64,8954,16476,10900,2028,True,True,0,0,0
city25-cascading-fracture,A1,15,51.551287,41.068695,22.471956,22,165,493302412,2.172453,0.747683,6.894694,41.735676,12.377828,4.05175,0.000138,40.892857,0.1757,388,10,1,2,610,64,8954,16476,10900,2028,True,True,0,0,0
city25-cascading-fracture,A1,16,45.440131,39.303758,21.84315,22,176,493302412,2.167069,0.788199,6.907293,35.576786,12.433484,4.060835,0.000128,39.116452,0.187178,388,10,1,2,610,64,8954,16476,10900,2028,True,True,0,0,0
city25-cascading-fracture,A1,17,46.743486,39.856352,22.502857,22,187,493302412,2.184618,0.759581,6.794802,37.003687,12.51932,4.040919,0.000127,39.681425,0.1748,388,10,1,2,610,64,8954,16476,10900,2028,True,True,0,0,0
city25-cascading-fracture,A1,18,49.578852,40.513624,23.012148,22,198,493302412,2.192394,0.793432,6.899059,39.693231,12.470639,4.01142,0.000141,40.338423,0.17506,388,10,1,2,610,64,8954,16476,10900,2028,True,True,0,0,0
city25-cascading-fracture,A1,19,46.392466,37.877116,21.9648,22,209,493302412,2.284794,1.628387,7.13291,35.345654,12.323208,4.028451,0.000128,37.702024,0.174964,388,10,1,2,610,64,8954,16476,10900,2028,True,True,0,0,0
city25-fragmented-loaded,A0,0,376.930207,61.314973,24.637589,22,0,493302412,2.33868,246.4594,8.919308,119.211675,18.950574,186.828965,0.000132,61.14617,0.168671,536,100,1,2,1321,169,8348,13645,26560,5092,True,True,0,0,0
city25-fragmented-loaded,A0,1,47.403689,54.694683,23.542514,22,11,493302412,2.255879,1.241759,7.264839,36.640343,14.513276,4.317412,0.000134,54.526826,0.167723,536,100,1,2,1321,169,8348,13645,26560,5092,True,True,0,0,0
city25-fragmented-loaded,A0,2,45.613332,50.419313,23.46449,22,22,493302412,2.261701,0.748553,7.212982,35.389288,13.005466,4.151723,0.000218,50.249818,0.169277,536,100,1,2,1321,169,8348,13645,26560,5092,True,True,0,0,0
city25-fragmented-loaded,A0,3,53.009133,51.692643,25.613878,22,33,493302412,2.274009,0.765611,7.320321,42.648401,13.332778,4.345902,0.00013,51.506275,0.186238,536,100,1,2,1321,169,8348,13645,26560,5092,True,True,0,0,0
city25-fragmented-loaded,A0,4,49.255028,51.458399,23.423322,22,44,493302412,2.535485,1.223644,8.006621,37.488362,14.170052,4.368377,0.000162,51.271883,0.186354,536,100,1,2,1321,169,8348,13645,26560,5092,True,True,0,0,0
city25-fragmented-loaded,A0,5,45.663968,50.265845,31.685886,22,55,493302412,2.270609,0.742679,7.179421,35.470519,13.096612,4.441019,0.00017,50.093162,0.172513,536,100,1,2,1321,169,8348,13645,26560,5092,True,True,0,0,0
city25-fragmented-loaded,A0,6,60.807821,54.635102,27.648207,22,66,493302412,2.403877,0.751052,7.374118,50.278014,13.149777,5.118608,0.000128,54.400708,0.234266,536,100,1,2,1321,169,8348,13645,26560,5092,True,True,0,0,0
city25-fragmented-loaded,A0,7,46.269519,51.261887,25.730627,22,77,493302412,2.423852,0.840855,7.541039,35.46289,13.089828,4.682858,0.000136,51.074191,0.18756,536,100,1,2,1321,169,8348,13645,26560,5092,True,True,0,0,0
city25-fragmented-loaded,A0,8,50.536327,50.173952,24.12659,22,88,493302412,2.478043,0.770722,7.464216,39.822656,13.441677,4.249011,0.00014,50.004198,0.169614,536,100,1,2,1321,169,8348,13645,26560,5092,True,True,0,0,0
city25-fragmented-loaded,A0,9,46.912828,46.271734,24.072978,22,99,493302412,2.253433,0.774529,7.297758,36.586254,13.426924,4.385634,0.000136,46.097476,0.174122,536,100,1,2,1321,169,8348,13645,26560,5092,True,True,0,0,0
city25-fragmented-loaded,A0,10,45.765747,46.835082,24.693592,22,110,493302412,2.277278,0.758821,7.193924,35.534876,12.893506,4.408683,0.00014,46.644913,0.190029,536,100,1,2,1321,169,8348,13645,26560,5092,True,True,0,0,0
city25-fragmented-loaded,A0,11,46.561496,55.712298,24.030935,22,121,493302412,2.344481,0.789971,7.283542,36.14272,13.116487,4.270928,0.00015,55.539859,0.172289,536,100,1,2,1321,169,8348,13645,26560,5092,True,True,0,0,0
city25-fragmented-loaded,A0,12,46.703584,53.530138,28.224951,22,132,493302412,2.237557,0.906346,7.167014,36.39184,13.905078,5.429797,0.000158,53.337686,0.192294,536,100,1,2,1321,169,8348,13645,26560,5092,True,True,0,0,0
city25-fragmented-loaded,A0,13,46.326284,52.701661,27.180691,22,143,493302412,2.480665,0.798299,7.480357,35.566208,13.077014,4.252544,0.000151,52.52909,0.17242,536,100,1,2,1321,169,8348,13645,26560,5092,True,True,0,0,0
city25-fragmented-loaded,A0,14,46.808259,50.730213,23.478004,22,154,493302412,2.278101,0.97731,7.231437,36.320628,13.213394,4.296985,0.00016,50.559009,0.171044,536,100,1,2,1321,169,8348,13645,26560,5092,True,True,0,0,0
city25-fragmented-loaded,A0,15,46.21747,53.273766,24.880061,22,165,493302412,2.266835,0.728238,7.246277,35.975338,13.050602,4.419333,0.000117,53.088458,0.185191,536,100,1,2,1321,169,8348,13645,26560,5092,True,True,0,0,0
city25-fragmented-loaded,A0,16,60.214889,55.302175,25.275175,22,176,493302412,2.398595,0.774526,7.431508,49.609552,13.465212,4.1314,0.000142,55.13494,0.167093,536,100,1,2,1321,169,8348,13645,26560,5092,True,True,0,0,0
city25-fragmented-loaded,A0,17,45.896454,52.560037,23.451614,22,187,493302412,2.263297,0.748151,7.245434,35.638815,13.158873,4.123446,0.00015,52.387661,0.172226,536,100,1,2,1321,169,8348,13645,26560,5092,True,True,0,0,0
city25-fragmented-loaded,A0,18,46.319387,53.718417,23.776094,22,198,493302412,2.240234,0.744662,7.152527,36.181238,13.14407,4.299887,0.000141,53.53461,0.183666,536,100,1,2,1321,169,8348,13645,26560,5092,True,True,0,0,0
city25-fragmented-loaded,A0,19,57.183762,54.816948,31.443888,22,209,493302412,2.267337,0.741034,7.221345,46.953226,14.13345,4.376286,0.000171,54.645214,0.171563,536,100,1,2,1321,169,8348,13645,26560,5092,True,True,0,0,0
city25-fragmented-loaded,A1,0,390.884467,62.744194,26.99983,22,0,493302412,2.976939,257.44888,9.056388,121.401508,20.124086,191.549459,0.000138,62.547142,0.196914,536,100,1,2,1321,169,8348,13645,26560,5092,True,True,0,0,0
city25-fragmented-loaded,A1,1,47.220469,51.438937,25.214846,22,11,493302412,2.337566,0.829514,7.427799,36.624869,14.769737,4.586685,0.000118,51.235289,0.20353,536,100,1,2,1321,169,8348,13645,26560,5092,True,True,0,0,0
city25-fragmented-loaded,A1,2,47.06986,52.147638,26.099888,22,22,493302412,2.357456,0.7977,7.340781,36.572857,13.289289,4.805067,9.6e-05,51.942278,0.205264,536,100,1,2,1321,169,8348,13645,26560,5092,True,True,0,0,0
city25-fragmented-loaded,A1,3,51.011493,49.864973,24.358662,22,33,493302412,2.488241,1.014059,7.529053,39.979485,13.762151,4.530804,0.000107,49.669948,0.194918,536,100,1,2,1321,169,8348,13645,26560,5092,True,True,0,0,0
city25-fragmented-loaded,A1,4,46.947063,52.012472,24.637397,22,44,493302412,2.316265,0.776022,7.667667,36.186452,13.68641,4.954273,0.00011,51.795089,0.217273,536,100,1,2,1321,169,8348,13645,26560,5092,True,True,0,0,0
city25-fragmented-loaded,A1,5,54.614665,50.507974,25.842618,22,55,493302412,2.36957,0.784867,7.353273,44.106277,13.904039,4.61009,0.000132,50.262377,0.245465,536,100,1,2,1321,169,8348,13645,26560,5092,True,True,0,0,0
city25-fragmented-loaded,A1,6,48.735481,48.606428,24.358944,22,66,493302412,2.39434,0.911096,7.516425,37.912888,13.692227,4.200753,0.000155,48.45189,0.154383,536,100,1,2,1321,169,8348,13645,26560,5092,True,True,0,0,0
city25-fragmented-loaded,A1,7,47.681596,50.430509,25.136936,22,77,493302412,2.341869,0.725233,7.835424,36.77826,13.949661,4.515753,0.000145,50.216065,0.214299,536,100,1,2,1321,169,8348,13645,26560,5092,True,True,0,0,0
city25-fragmented-loaded,A1,8,54.851427,50.949864,24.538971,22,88,493302412,2.495509,0.95614,7.515954,43.882995,13.86948,4.343682,0.000133,50.701125,0.248606,536,100,1,2,1321,169,8348,13645,26560,5092,True,True,0,0,0
city25-fragmented-loaded,A1,9,47.705865,52.232623,28.268543,22,99,493302412,2.311616,0.801507,7.321713,37.270277,13.476992,6.078625,0.000123,52.014948,0.217552,536,100,1,2,1321,169,8348,13645,26560,5092,True,True,0,0,0
city25-fragmented-loaded,A1,10,49.365952,53.050591,25.215868,22,110,493302412,2.529441,0.850486,7.878268,38.10668,13.650997,4.519616,0.000111,52.850721,0.199759,536,100,1,2,1321,169,8348,13645,26560,5092,True,True,0,0,0
city25-fragmented-loaded,A1,11,50.906171,50.193473,24.771075,22,121,493302412,2.327763,0.83673,7.514956,40.225964,14.679878,4.526464,0.000169,50.000566,0.192738,536,100,1,2,1321,169,8348,13645,26560,5092,True,True,0,0,0
city25-fragmented-loaded,A1,12,48.06195,49.855897,24.980868,22,132,493302412,2.564112,0.973724,7.422594,37.100793,13.679664,4.463435,0.000139,49.664359,0.191399,536,100,1,2,1321,169,8348,13645,26560,5092,True,True,0,0,0
city25-fragmented-loaded,A1,13,49.032656,51.249599,24.657012,22,143,493302412,2.359843,1.545651,7.920315,37.206163,14.309975,4.989531,0.000222,50.979233,0.270144,536,100,1,2,1321,169,8348,13645,26560,5092,True,True,0,0,0
city25-fragmented-loaded,A1,14,48.03872,51.519582,25.36575,22,154,493302412,2.313782,0.758046,7.343089,37.623179,14.035737,4.532162,0.00012,51.387201,0.132261,536,100,1,2,1321,169,8348,13645,26560,5092,True,True,0,0,0
city25-fragmented-loaded,A1,15,54.072754,47.5195,24.656114,22,165,493302412,2.315596,0.797589,7.445945,43.512807,14.003948,4.354025,0.000132,47.297797,0.221571,536,100,1,2,1321,169,8348,13645,26560,5092,True,True,0,0,0
city25-fragmented-loaded,A1,16,47.914098,47.721169,26.740353,22,176,493302412,2.582057,0.83257,7.359473,37.139352,13.514805,5.299191,0.000136,47.453982,0.267051,536,100,1,2,1321,169,8348,13645,26560,5092,True,True,0,0,0
city25-fragmented-loaded,A1,17,47.723994,52.983271,24.942086,22,187,493302412,2.42339,0.766714,7.586068,36.947067,13.99506,5.160803,0.000125,52.78418,0.198966,536,100,1,2,1321,169,8348,13645,26560,5092,True,True,0,0,0
city25-fragmented-loaded,A1,18,50.414982,53.123715,24.873666,22,198,493302412,2.328699,0.786376,7.32843,39.9708,13.605484,4.655166,0.000129,52.919669,0.203917,536,100,1,2,1321,169,8348,13645,26560,5092,True,True,0,0,0
city25-fragmented-loaded,A1,19,48.999075,51.905483,24.33721,22,209,493302412,2.316668,1.034168,7.387503,38.259983,13.657595,4.313113,0.000104,51.654052,0.251327,536,100,1,2,1321,169,8348,13645,26560,5092,True,True,0,0,0
city25-late-debris,A0,0,372.893084,75.383106,27.091093,22,0,493302412,2.430483,239.234828,9.338456,121.888521,19.301223,257.88427,0.000106,75.123659,0.259341,676,1424,1,2,2063,323,7746,11825,33694,7643,True,True,0,0,0
city25-late-debris,A0,1,46.956939,72.672646,25.934648,22,11,493302412,2.343746,0.770171,7.601913,36.240221,14.778757,4.60819,0.000146,72.477283,0.195217,676,1424,1,2,2063,323,7746,11825,33694,7643,True,True,0,0,0
city25-late-debris,A0,2,57.69511,68.791851,46.824607,22,22,493302412,2.340262,0.774868,7.703125,46.875901,14.643126,4.909254,0.000105,68.578791,0.212955,676,1424,1,2,2063,323,7746,11825,33694,7643,True,True,0,0,0
city25-late-debris,A0,3,51.109108,67.27481,35.246148,22,33,493302412,2.909826,0.862986,9.35597,37.979489,13.746179,7.170179,0.000118,67.03455,0.240142,676,1424,1,2,2063,323,7746,11825,33694,7643,True,True,0,0,0
city25-late-debris,A0,4,49.621399,69.168575,31.039775,22,44,493302412,2.732222,0.852249,8.074471,37.961609,14.252453,4.778715,0.000124,68.971325,0.197126,676,1424,1,2,2063,323,7746,11825,33694,7643,True,True,0,0,0
city25-late-debris,A0,5,49.101735,67.446211,25.823367,22,55,493302412,2.650598,0.865871,8.393385,37.191106,13.772714,4.568359,0.000109,67.259594,0.186508,676,1424,1,2,2063,323,7746,11825,33694,7643,True,True,0,0,0
city25-late-debris,A0,6,46.985146,65.474962,50.567894,22,66,493302412,2.425148,0.769764,7.537866,36.2516,13.723871,8.380786,0.00012,65.251864,0.222978,676,1424,1,2,2063,323,7746,11825,33694,7643,True,True,0,0,0
city25-late-debris,A0,7,50.698735,56.135834,28.856463,22,77,493302412,2.661603,0.882585,8.535373,38.618271,13.762322,5.26141,0.000119,55.930761,0.204954,676,1424,1,2,2063,323,7746,11825,33694,7643,True,True,0,0,0
city25-late-debris,A0,8,49.145618,64.885289,26.435315,22,88,493302412,2.64408,0.930608,8.440584,37.129342,13.794475,5.065258,0.000109,64.6925,0.19268,676,1424,1,2,2063,323,7746,11825,33694,7643,True,True,0,0,0
city25-late-debris,A0,9,59.408796,68.756576,27.18092,22,99,493302412,2.369082,0.762314,7.631004,48.645649,13.650302,4.813083,0.000111,68.561343,0.195122,676,1424,1,2,2063,323,7746,11825,33694,7643,True,True,0,0,0
city25-late-debris,A0,10,49.978787,66.094135,31.196828,22,110,493302412,2.379046,0.909864,7.900215,38.788717,14.304696,5.461394,0.000108,65.885451,0.208576,676,1424,1,2,2063,323,7746,11825,33694,7643,True,True,0,0,0
city25-late-debris,A0,11,48.14032,66.379199,26.319134,22,121,493302412,2.530484,0.817237,7.808734,36.983048,13.678978,4.812728,0.000118,66.202185,0.176896,676,1424,1,2,2063,323,7746,11825,33694,7643,True,True,0,0,0
city25-late-debris,A0,12,47.70209,64.93122,27.099262,22,132,493302412,2.366604,0.954009,7.763307,36.617372,13.550936,4.710556,0.000115,64.75426,0.176845,676,1424,1,2,2063,323,7746,11825,33694,7643,True,True,0,0,0
city25-late-debris,A0,13,56.819527,69.080398,39.3853,22,143,493302412,2.436036,0.901333,7.939754,45.541284,14.035228,9.38614,0.00011,68.808875,0.271413,676,1424,1,2,2063,323,7746,11825,33694,7643,True,True,0,0,0
city25-late-debris,A0,14,48.900508,68.207443,27.039197,22,154,493302412,2.71674,0.860821,8.176917,37.145242,13.907381,4.78961,0.000118,68.028296,0.179029,676,1424,1,2,2063,323,7746,11825,33694,7643,True,True,0,0,0
city25-late-debris,A0,15,48.514616,65.897081,26.998683,22,165,493302412,2.375594,0.843946,7.762473,37.531645,13.703644,4.6333,0.000112,65.700634,0.196335,676,1424,1,2,2063,323,7746,11825,33694,7643,True,True,0,0,0
city25-late-debris,A0,16,48.589746,66.917425,47.007289,22,176,493302412,2.358421,1.478934,7.710652,37.04095,13.716006,8.536411,0.000118,66.664047,0.25326,676,1424,1,2,2063,323,7746,11825,33694,7643,True,True,0,0,0
city25-late-debris,A0,17,53.03859,66.100729,34.165073,22,187,493302412,2.915148,0.90397,9.154257,40.064394,13.748122,4.631418,0.000146,65.915611,0.184972,676,1424,1,2,2063,323,7746,11825,33694,7643,True,True,0,0,0
city25-late-debris,A0,18,50.629306,63.406908,26.154489,22,198,493302412,2.955811,0.880606,8.783541,38.008465,13.728016,4.746033,0.000122,63.28615,0.120636,676,1424,1,2,2063,323,7746,11825,33694,7643,True,True,0,0,0
city25-late-debris,A0,19,50.401365,64.20653,27.705549,22,209,493302412,2.415846,0.868809,7.819713,39.296071,13.922436,4.777076,0.000121,64.018789,0.18762,676,1424,1,2,2063,323,7746,11825,33694,7643,True,True,0,0,0
city25-late-debris,A1,0,389.997595,86.900793,27.407439,22,0,493302412,2.493595,254.261211,9.172281,124.069516,19.228516,218.446329,0.000142,86.652014,0.248637,676,1424,1,2,2063,323,7746,11825,33694,7643,True,True,0,0,0
city25-late-debris,A1,1,47.356086,70.606136,30.065601,22,11,493302412,2.299703,0.762211,8.08327,36.209975,14.819299,5.658703,0.000125,70.374437,0.231574,676,1424,1,2,2063,323,7746,11825,33694,7643,True,True,0,0,0
city25-late-debris,A1,2,47.447105,69.717572,44.092367,22,22,493302412,2.421783,0.739531,7.989404,36.295647,14.056054,9.019284,0.000123,69.472971,0.244478,676,1424,1,2,2063,323,7746,11825,33694,7643,True,True,0,0,0
city25-late-debris,A1,3,54.209152,75.191567,37.472777,22,33,493302412,3.009571,0.981385,10.112749,40.104007,15.091479,7.61201,0.000145,74.937551,0.253871,676,1424,1,2,2063,323,7746,11825,33694,7643,True,True,0,0,0
city25-late-debris,A1,4,52.984085,65.698249,36.736634,22,44,493302412,2.681138,0.900956,8.784913,40.616133,14.142644,6.310596,0.000108,65.466892,0.231249,676,1424,1,2,2063,323,7746,11825,33694,7643,True,True,0,0,0
city25-late-debris,A1,5,53.039445,67.380983,32.346843,22,55,493302412,2.849427,0.943578,9.792412,39.453029,15.123193,6.404941,0.000119,67.154448,0.226416,676,1424,1,2,2063,323,7746,11825,33694,7643,True,True,0,0,0
city25-late-debris,A1,6,53.358606,67.269133,39.048883,22,66,493302412,2.602746,0.847998,8.762987,41.144031,16.019281,6.543949,0.000171,67.038981,0.229981,676,1424,1,2,2063,323,7746,11825,33694,7643,True,True,0,0,0
city25-late-debris,A1,7,55.4668,68.081817,37.168524,22,77,493302412,3.201816,0.892373,10.301528,41.070137,15.467372,7.79077,0.00015,67.819109,0.262558,676,1424,1,2,2063,323,7746,11825,33694,7643,True,True,0,0,0
city25-late-debris,A1,8,52.522064,67.156366,44.734154,22,88,493302412,2.633773,0.804427,8.934731,40.148288,15.418702,8.013063,0.000185,66.906968,0.249213,676,1424,1,2,2063,323,7746,11825,33694,7643,True,True,0,0,0
city25-late-debris,A1,9,57.753079,70.862417,38.756496,22,99,493302412,3.171991,1.034722,10.73085,42.814368,15.965136,8.139135,0.000155,70.572332,0.28993,676,1424,1,2,2063,323,7746,11825,33694,7643,True,True,0,0,0
city25-late-debris,A1,10,52.213365,71.067831,44.931295,22,110,493302412,2.694576,0.874452,8.831703,39.811742,15.413714,8.642445,0.000143,70.790628,0.27706,676,1424,1,2,2063,323,7746,11825,33694,7643,True,True,0,0,0
city25-late-debris,A1,11,57.608144,65.696304,34.542979,22,121,493302412,3.507205,1.012834,11.651184,41.43588,15.450216,6.349588,0.000147,65.466623,0.229534,676,1424,1,2,2063,323,7746,11825,33694,7643,True,True,0,0,0
city25-late-debris,A1,12,52.463397,69.988233,51.780338,22,132,493302412,2.625492,1.051114,8.331661,40.454213,15.34623,5.753176,0.000123,69.769859,0.218251,676,1424,1,2,2063,323,7746,11825,33694,7643,True,True,0,0,0
city25-late-debris,A1,13,57.232579,66.269065,37.484154,22,143,493302412,3.139565,0.91735,9.874006,43.300746,15.65614,8.441791,0.000143,66.016799,0.252123,676,1424,1,2,2063,323,7746,11825,33694,7643,True,True,0,0,0
city25-late-debris,A1,14,53.039656,67.322218,46.35187,22,154,493302412,3.143447,0.88141,8.672263,40.34148,15.172863,5.424538,0.000144,67.115682,0.206392,676,1424,1,2,2063,323,7746,11825,33694,7643,True,True,0,0,0
city25-late-debris,A1,15,54.84466,66.193061,30.918404,22,165,493302412,3.15993,0.863552,10.296662,40.5236,14.988818,5.603837,0.000145,65.999478,0.193438,676,1424,1,2,2063,323,7746,11825,33694,7643,True,True,0,0,0
city25-late-debris,A1,16,52.586747,67.2012,53.588534,22,176,493302412,2.684282,0.973096,8.519698,40.408609,14.9777,7.098042,0.000136,66.971254,0.22981,676,1424,1,2,2063,323,7746,11825,33694,7643,True,True,0,0,0
city25-late-debris,A1,17,56.45314,67.873435,34.35886,22,187,493302412,3.253682,0.974442,10.705613,41.518494,14.941946,6.620224,0.000167,67.643054,0.230214,676,1424,1,2,2063,323,7746,11825,33694,7643,True,True,0,0,0
city25-late-debris,A1,18,51.267587,67.4271,58.085573,22,198,493302412,2.665073,0.83851,8.38419,39.379065,15.03019,8.549601,0.000144,67.155437,0.271519,676,1424,1,2,2063,323,7746,11825,33694,7643,True,True,0,0,0
city25-late-debris,A1,19,58.548733,65.367945,33.50354,22,209,493302412,3.611361,1.027064,11.69926,42.209753,14.989665,6.236488,0.000157,65.159003,0.208785,676,1424,1,2,2063,323,7746,11825,33694,7643,True,True,0,0,0
city25-ten-second-debris,A0,0,382.4518,88.203082,27.368724,22,0,493302412,2.40624,249.915816,9.253169,120.875665,19.359727,204.622031,0.000117,88.003308,0.199657,716,184,1,2,1776,285,8007,12556,7349,2317,True,True,0,0,0
city25-ten-second-debris,A0,1,47.063882,71.953402,31.746556,22,11,493302412,2.330255,0.785827,7.527672,36.419128,14.834785,6.261449,0.000126,71.711584,0.241692,716,184,1,2,1776,285,8007,12556,7349,2317,True,True,0,0,0
city25-ten-second-debris,A0,2,48.34968,66.663506,41.908525,22,22,493302412,2.667825,0.840469,8.188704,36.651911,14.070462,5.023232,0.000174,66.47215,0.191182,716,184,1,2,1776,285,8007,12556,7349,2317,True,True,0,0,0
city25-ten-second-debris,A0,3,60.565737,77.76043,37.696669,22,33,493302412,3.114998,0.86769,10.165867,46.416212,13.952509,7.916669,0.000171,77.515364,0.244895,716,184,1,2,1776,285,8007,12556,7349,2317,True,True,0,0,0
city25-ten-second-debris,A0,4,50.191683,67.423194,33.961913,22,44,493302412,2.901251,0.878481,8.788462,37.622653,15.037995,6.287203,0.000177,67.192248,0.230769,716,184,1,2,1776,285,8007,12556,7349,2317,True,True,0,0,0
city25-ten-second-debris,A0,5,55.165128,67.834706,33.750791,22,55,493302412,3.065391,0.843656,9.92139,41.3338,15.259244,6.686764,0.000276,67.618002,0.216428,716,184,1,2,1776,285,8007,12556,7349,2317,True,True,0,0,0
city25-ten-second-debris,A0,6,57.737484,69.979149,46.756212,22,66,493302412,2.748389,0.874851,8.496298,45.617164,15.57774,7.081445,0.000125,69.760343,0.218681,716,184,1,2,1776,285,8007,12556,7349,2317,True,True,0,0,0
city25-ten-second-debris,A0,7,57.966119,67.099861,33.688366,22,77,493302412,3.106978,0.881174,10.254435,43.722622,15.275883,6.728866,0.000185,66.886556,0.21312,716,184,1,2,1776,285,8007,12556,7349,2317,True,True,0,0,0
city25-ten-second-debris,A0,8,51.668343,66.397568,47.938175,22,88,493302412,2.785633,0.863441,8.423171,39.595339,15.107594,6.060051,0.000196,66.196081,0.201291,716,184,1,2,1776,285,8007,12556,7349,2317,True,True,0,0,0
city25-ten-second-debris,A0,9,59.520666,67.520927,30.221034,22,99,493302412,3.16822,0.976392,9.84158,45.53362,15.459214,5.651087,0.000186,67.320783,0.199958,716,184,1,2,1776,285,8007,12556,7349,2317,True,True,0,0,0
city25-ten-second-debris,A0,10,51.954431,67.743106,47.941526,22,110,493302412,2.724183,0.855008,8.513811,39.860703,15.278977,5.00116,0.000183,67.555867,0.187056,716,184,1,2,1776,285,8007,12556,7349,2317,True,True,0,0,0
city25-ten-second-debris,A0,11,55.73573,65.864641,34.039169,22,121,493302412,3.174391,0.947585,10.179511,41.433318,15.286535,6.926672,0.000191,65.645928,0.218522,716,184,1,2,1776,285,8007,12556,7349,2317,True,True,0,0,0
city25-ten-second-debris,A0,12,59.366742,69.911048,53.861813,22,132,493302412,2.771168,1.096752,8.350525,47.147535,15.642739,8.656275,0.000222,69.679308,0.231518,716,184,1,2,1776,285,8007,12556,7349,2317,True,True,0,0,0
city25-ten-second-debris,A0,13,60.241478,66.676859,32.586539,22,143,493302412,3.749138,1.050439,12.086512,43.354468,15.436863,6.235885,0.000186,66.471601,0.205072,716,184,1,2,1776,285,8007,12556,7349,2317,True,True,0,0,0
city25-ten-second-debris,A0,14,51.505453,67.795726,47.024835,22,154,493302412,2.75242,0.815973,8.472816,39.4635,15.208028,8.534222,0.000209,67.542473,0.253044,716,184,1,2,1776,285,8007,12556,7349,2317,True,True,0,0,0
city25-ten-second-debris,A0,15,56.868696,65.983083,32.525552,22,165,493302412,3.575242,0.959636,10.690246,41.642564,15.595299,6.220561,0.000157,65.748476,0.23445,716,184,1,2,1776,285,8007,12556,7349,2317,True,True,0,0,0
city25-ten-second-debris,A0,16,53.548751,64.22653,42.511756,22,176,493302412,2.752142,0.874016,8.450214,41.471588,15.572585,6.025795,0.000196,64.016644,0.20969,716,184,1,2,1776,285,8007,12556,7349,2317,True,True,0,0,0
city25-ten-second-debris,A0,17,55.164388,64.675457,33.594359,22,187,493302412,3.070245,0.980796,9.796712,41.315773,15.253458,6.526919,0.000187,64.460548,0.214722,716,184,1,2,1776,285,8007,12556,7349,2317,True,True,0,0,0
city25-ten-second-debris,A0,18,58.1766,67.831097,52.633282,22,198,493302412,2.774712,0.889618,8.444887,46.066584,15.358959,6.70715,0.000186,67.62052,0.210391,716,184,1,2,1776,285,8007,12556,7349,2317,True,True,0,0,0
city25-ten-second-debris,A0,19,57.485281,63.879413,29.304899,22,209,493302412,3.547157,1.044889,10.620793,42.271261,15.245585,5.402472,0.000196,63.68869,0.190527,716,184,1,2,1776,285,8007,12556,7349,2317,True,True,0,0,0
city25-ten-second-debris,A1,0,395.643055,86.305642,25.078608,22,0,493302412,2.792061,256.295375,10.252398,126.302251,19.383485,221.624506,8.4e-05,86.016753,0.288805,716,184,1,2,1776,285,8007,12556,7349,2317,True,True,0,0,0
city25-ten-second-debris,A1,1,47.771324,69.539817,28.680288,22,11,493302412,2.343199,0.779021,7.841526,36.806775,14.84541,5.346268,8.2e-05,69.346177,0.193558,716,184,1,2,1776,285,8007,12556,7349,2317,True,True,0,0,0
city25-ten-second-debris,A1,2,48.868113,64.007773,24.306906,22,22,493302412,2.472351,0.859002,7.804523,37.731411,13.804726,4.495865,9e-05,63.837187,0.170496,716,184,1,2,1776,285,8007,12556,7349,2317,True,True,0,0,0
city25-ten-second-debris,A1,3,47.228702,62.156541,25.63811,22,33,493302412,2.332724,0.756507,7.544096,36.594534,13.90831,4.653309,0.000125,61.947745,0.208671,716,184,1,2,1776,285,8007,12556,7349,2317,True,True,0,0,0
city25-ten-second-debris,A1,4,48.187069,61.417691,37.603413,22,44,493302412,2.333697,0.827864,7.688053,37.336678,13.99507,4.492436,8.4e-05,61.234332,0.183275,716,184,1,2,1776,285,8007,12556,7349,2317,True,True,0,0,0
city25-ten-second-debris,A1,5,51.424553,59.590782,24.080025,22,55,493302412,2.841867,0.829953,9.352159,38.399846,14.125922,4.396241,8.2e-05,59.406855,0.183845,716,184,1,2,1776,285,8007,12556,7349,2317,True,True,0,0,0
city25-ten-second-debris,A1,6,48.063284,66.457708,36.897207,22,66,493302412,2.360179,0.736962,7.620028,37.345447,13.871628,5.296997,8.2e-05,66.249499,0.208127,716,184,1,2,1776,285,8007,12556,7349,2317,True,True,0,0,0
city25-ten-second-debris,A1,7,54.155175,62.533169,23.90413,22,77,493302412,2.794541,0.859985,9.106743,41.393183,14.347063,4.410066,0.000116,62.364809,0.168244,716,184,1,2,1776,285,8007,12556,7349,2317,True,True,0,0,0
city25-ten-second-debris,A1,8,47.258321,60.157127,23.848247,22,88,493302412,2.383014,0.759023,7.526581,36.589057,13.703705,4.428619,8.8e-05,59.982572,0.174467,716,184,1,2,1776,285,8007,12556,7349,2317,True,True,0,0,0
city25-ten-second-debris,A1,9,51.099422,61.546911,24.292551,22,99,493302412,2.325242,0.853644,7.537754,40.382091,13.746684,4.433904,7.1e-05,61.375969,0.170871,716,184,1,2,1776,285,8007,12556,7349,2317,True,True,0,0,0
city25-ten-second-debris,A1,10,47.388349,63.57972,24.939708,22,110,493302412,2.32732,0.774284,7.540052,36.746084,13.801141,4.569601,8e-05,63.366215,0.213425,716,184,1,2,1776,285,8007,12556,7349,2317,True,True,0,0,0
city25-ten-second-debris,A1,11,47.194101,62.657345,38.919881,22,121,493302412,2.391192,0.760081,7.577574,36.464556,13.68958,4.399875,8e-05,62.484258,0.173007,716,184,1,2,1776,285,8007,12556,7349,2317,True,True,0,0,0
city25-ten-second-debris,A1,12,51.83862,61.524988,23.727852,22,132,493302412,2.954304,1.194313,9.362997,38.32627,13.798984,4.307914,8.4e-05,61.353879,0.171025,716,184,1,2,1776,285,8007,12556,7349,2317,True,True,0,0,0
city25-ten-second-debris,A1,13,46.878799,64.488501,32.371064,22,143,493302412,2.347019,0.737622,7.487405,36.305714,13.648502,4.968954,8.9e-05,64.293142,0.19527,716,184,1,2,1776,285,8007,12556,7349,2317,True,True,0,0,0
city25-ten-second-debris,A1,14,56.604936,58.714541,23.864828,22,154,493302412,2.556891,0.86833,8.108811,45.070177,14.32585,4.506375,0.000129,58.522956,0.191456,716,184,1,2,1776,285,8007,12556,7349,2317,True,True,0,0,0
city25-ten-second-debris,A1,15,46.970975,61.475275,23.844474,22,165,493302412,2.325792,0.759787,7.561813,36.322976,13.744625,4.404914,8e-05,61.296392,0.178803,716,184,1,2,1776,285,8007,12556,7349,2317,True,True,0,0,0
city25-ten-second-debris,A1,16,52.558452,60.639389,24.196824,22,176,493302412,2.339256,0.749485,7.578598,41.890361,13.849936,4.318189,8.2e-05,60.440703,0.198604,716,184,1,2,1776,285,8007,12556,7349,2317,True,True,0,0,0
city25-ten-second-debris,A1,17,49.274477,54.681317,23.76668,22,187,493302412,2.31856,0.801711,7.535927,38.617556,14.360388,4.473834,0.00012,54.459923,0.221274,716,184,1,2,1776,285,8007,12556,7349,2317,True,True,0,0,0
city25-ten-second-debris,A1,18,47.383297,58.877381,28.318486,22,198,493302412,2.318896,1.011224,7.585229,36.467317,13.602269,4.44393,8.4e-05,58.730825,0.146472,716,184,1,2,1776,285,8007,12556,7349,2317,True,True,0,0,0
city25-ten-second-debris,A1,19,49.030644,55.967866,24.035697,22,209,493302412,2.343411,1.224914,7.538064,37.923653,13.970012,4.316305,8.1e-05,55.786761,0.181024,716,184,1,2,1776,285,8007,12556,7349,2317,True,True,0,0,0
city64-intact-idle,A0,0,1116.607351,23.708798,38.408397,22,0,1913651212,5.762777,900.306377,21.489161,189.047846,40.446332,349.51218,0.000123,23.501467,0.207208,88,0,0,1,64,64,24320,50176,0,0,True,True,0,0,0
city64-intact-idle,A0,1,95.091168,21.463456,57.14742,22,11,1913651212,5.849442,1.342345,17.401205,70.497241,38.504565,9.483849,9.2e-05,21.255922,0.207442,88,0,0,1,64,64,24320,50176,0,0,True,True,0,0,0
city64-intact-idle,A0,2,100.121588,20.546192,41.492909,22,22,1913651212,5.78778,1.285388,17.067018,75.980443,39.730947,9.336447,0.000115,20.352803,0.193274,88,0,0,1,64,64,24320,50176,0,0,True,True,0,0,0
city64-intact-idle,A0,3,97.541703,20.052782,54.257242,22,33,1913651212,5.849705,1.382409,17.243774,73.064937,40.964245,9.377776,0.000124,19.841019,0.211639,88,0,0,1,64,64,24320,50176,0,0,True,True,0,0,0
city64-intact-idle,A0,4,99.26391,19.282931,40.079147,22,44,1913651212,5.84653,1.340932,17.518461,74.557038,41.189123,9.373413,0.000131,19.148063,0.134737,88,0,0,1,64,64,24320,50176,0,0,True,True,0,0,0
city64-intact-idle,A0,5,103.377019,19.964608,40.625157,22,55,1913651212,5.951384,1.277472,16.987745,79.159223,41.368989,9.639494,0.000126,19.822669,0.141813,88,0,0,1,64,64,24320,50176,0,0,True,True,0,0,0
city64-intact-idle,A0,6,97.369321,20.620903,49.693838,22,66,1913651212,5.842542,1.376137,17.040554,73.109155,41.494575,9.480124,0.00012,20.428608,0.192175,88,0,0,1,64,64,24320,50176,0,0,True,True,0,0,0
city64-intact-idle,A0,7,100.930991,17.003153,41.257034,22,77,1913651212,5.891756,1.791251,17.550499,75.6963,40.582747,10.063324,0.000113,16.786255,0.216785,88,0,0,1,64,64,24320,50176,0,0,True,True,0,0,0
city64-intact-idle,A0,8,97.724246,16.398839,52.608565,22,88,1913651212,5.859243,1.320797,17.182277,73.361128,41.058254,9.295445,0.00012,16.210312,0.188407,88,0,0,1,64,64,24320,50176,0,0,True,True,0,0,0
city64-intact-idle,A0,9,97.756973,19.401736,40.849731,22,99,1913651212,5.897576,1.389598,17.64964,72.819111,41.110295,9.552366,0.000127,19.256778,0.144831,88,0,0,1,64,64,24320,50176,0,0,True,True,0,0,0
city64-intact-idle,A0,10,101.591525,19.202394,41.153284,22,110,1913651212,5.811207,1.276023,17.093296,77.409975,40.585716,9.527804,0.000127,19.006755,0.195512,88,0,0,1,64,64,24320,50176,0,0,True,True,0,0,0
city64-intact-idle,A0,11,99.822343,20.089033,41.567667,22,121,1913651212,6.237995,1.538705,18.303293,73.741261,40.162478,9.281181,0.000122,19.902266,0.186645,88,0,0,1,64,64,24320,50176,0,0,True,True,0,0,0
city64-intact-idle,A0,12,110.958663,19.660618,40.67359,22,132,1913651212,5.928161,1.451839,17.47101,86.106819,41.460632,9.323058,9.2e-05,19.463795,0.196731,88,0,0,1,64,64,24320,50176,0,0,True,True,0,0,0
city64-intact-idle,A0,13,97.640494,19.629541,41.046562,22,143,1913651212,5.97619,1.340901,17.048536,73.273954,41.394001,9.760249,0.000117,19.47092,0.158504,88,0,0,1,64,64,24320,50176,0,0,True,True,0,0,0
city64-intact-idle,A0,14,100.077181,13.623159,38.294957,22,154,1913651212,5.900082,1.508789,17.715675,74.95161,40.083006,9.645866,0.000128,13.435545,0.187486,88,0,0,1,64,64,24320,50176,0,0,True,True,0,0,0
city64-intact-idle,A0,15,99.831055,14.760022,43.760713,22,165,1913651212,5.931616,1.311245,17.111371,75.475656,40.633129,9.465214,0.000121,14.554875,0.205026,88,0,0,1,64,64,24320,50176,0,0,True,True,0,0,0
city64-intact-idle,A0,16,98.391262,16.612508,40.729515,22,176,1913651212,6.184639,1.543575,17.949944,72.712155,41.05042,9.406803,0.000112,16.405547,0.206849,88,0,0,1,64,64,24320,50176,0,0,True,True,0,0,0
city64-intact-idle,A0,17,111.846998,20.153438,40.261025,22,187,1913651212,5.862152,1.299297,17.178362,87.506321,40.713019,9.651968,0.000123,19.954401,0.198914,88,0,0,1,64,64,24320,50176,0,0,True,True,0,0,0
city64-intact-idle,A0,18,97.81802,15.545657,61.93591,22,198,1913651212,5.873942,1.289781,17.163142,73.490245,40.437272,9.352319,0.000112,15.344198,0.201347,88,0,0,1,64,64,24320,50176,0,0,True,True,0,0,0
city64-intact-idle,A0,19,121.833953,15.686811,41.319932,22,209,1913651212,5.892032,1.925234,17.225601,96.790118,40.790433,9.597803,0.000129,15.486034,0.200648,88,0,0,1,64,64,24320,50176,0,0,True,True,0,0,0
city64-intact-idle,A1,0,1080.600442,21.346699,37.912784,22,0,1913651212,6.075959,881.437322,21.239195,171.846689,40.517057,342.584366,0.000178,21.105306,0.241215,88,0,0,1,64,64,24320,50176,0,0,True,True,0,0,0
city64-intact-idle,A1,1,93.657938,20.44026,45.874625,22,11,1913651212,5.772208,1.239677,17.214345,69.430853,39.502706,9.752003,0.000177,20.246155,0.193928,88,0,0,1,64,64,24320,50176,0,0,True,True,0,0,0
city64-intact-idle,A1,2,110.637576,16.590479,39.443395,22,22,1913651212,5.82663,1.294703,17.283139,86.232204,41.73774,9.464043,0.000172,16.428583,0.161724,88,0,0,1,64,64,24320,50176,0,0,True,True,0,0,0
city64-intact-idle,A1,3,95.815739,16.170863,38.275722,22,33,1913651212,5.833088,1.195088,17.055783,71.730811,41.590905,9.417477,0.000179,15.973221,0.197463,88,0,0,1,64,64,24320,50176,0,0,True,True,0,0,0
city64-intact-idle,A1,4,98.320662,16.609553,39.447971,22,44,1913651212,5.845138,1.426835,17.075908,73.971923,39.708274,9.396074,9.9e-05,16.4234,0.186054,88,0,0,1,64,64,24320,50176,0,0,True,True,0,0,0
city64-intact-idle,A1,5,98.679602,15.693269,42.557082,22,55,1913651212,5.813738,1.248275,16.98346,74.633222,41.016087,9.264625,0.000113,15.455135,0.238021,88,0,0,1,64,64,24320,50176,0,0,True,True,0,0,0
city64-intact-idle,A1,6,97.776222,14.947381,39.874596,22,66,1913651212,5.786507,1.300314,17.201164,73.487061,40.039986,9.200386,0.000131,14.760965,0.186285,88,0,0,1,64,64,24320,50176,0,0,True,True,0,0,0
city64-intact-idle,A1,7,106.087503,15.945925,40.512122,22,77,1913651212,5.815853,1.380252,17.217194,81.67324,40.043521,9.243061,0.000129,15.723998,0.221798,88,0,0,1,64,64,24320,50176,0,0,True,True,0,0,0
city64-intact-idle,A1,8,97.395376,16.191191,40.215789,22,88,1913651212,6.145547,1.27009,17.264479,72.714412,39.648924,9.215927,0.000126,15.978165,0.2129,88,0,0,1,64,64,24320,50176,0,0,True,True,0,0,0
city64-intact-idle,A1,9,115.043253,17.111653,40.344597,22,99,1913651212,5.804456,1.31541,17.157739,90.76468,41.045255,9.407122,0.000169,16.892299,0.219185,88,0,0,1,64,64,24320,50176,0,0,True,True,0,0,0
city64-intact-idle,A1,10,98.427681,15.365411,42.931378,22,110,1913651212,5.78939,1.272023,16.989031,74.376441,40.196392,9.363031,9.8e-05,15.174562,0.190751,88,0,0,1,64,64,24320,50176,0,0,True,True,0,0,0
city64-intact-idle,A1,11,100.34774,14.556643,40.024295,22,121,1913651212,5.741174,1.300148,16.989117,76.316342,41.458561,9.389434,0.000162,14.370638,0.185843,88,0,0,1,64,64,24320,50176,0,0,True,True,0,0,0
city64-intact-idle,A1,12,97.036908,13.737004,62.177861,22,132,1913651212,5.765568,1.250123,17.045214,72.97522,43.170947,9.382131,0.000123,13.500105,0.236776,88,0,0,1,64,64,24320,50176,0,0,True,True,0,0,0
city64-intact-idle,A1,13,96.913033,14.527848,40.062546,22,143,1913651212,5.785652,1.274396,17.153988,72.697895,40.302647,9.325936,0.000114,14.316529,0.211205,88,0,0,1,64,64,24320,50176,0,0,True,True,0,0,0
city64-intact-idle,A1,14,104.534082,19.738362,40.820246,22,154,1913651212,5.814192,1.281605,16.96705,80.470393,40.452525,9.250135,0.00012,19.554866,0.183376,88,0,0,1,64,64,24320,50176,0,0,True,True,0,0,0
city64-intact-idle,A1,15,99.235336,14.620568,40.280116,22,165,1913651212,5.915002,1.389883,17.184433,74.744777,40.425624,9.2023,0.000134,14.426597,0.193837,88,0,0,1,64,64,24320,50176,0,0,True,True,0,0,0
city64-intact-idle,A1,16,114.104314,16.333137,39.502171,22,176,1913651212,5.807534,1.281412,17.67933,89.33488,40.295578,9.274875,0.000127,16.216469,0.116541,88,0,0,1,64,64,24320,50176,0,0,True,True,0,0,0
city64-intact-idle,A1,17,96.738251,15.074725,40.012005,22,187,1913651212,5.851818,1.266201,16.956775,72.662601,40.730814,9.464743,0.000229,14.912815,0.161681,88,0,0,1,64,64,24320,50176,0,0,True,True,0,0,0
city64-intact-idle,A1,18,99.189275,14.535317,40.157685,22,198,1913651212,5.770424,1.223431,16.955901,75.238718,41.295206,9.465733,0.00013,14.317638,0.217549,88,0,0,1,64,64,24320,50176,0,0,True,True,0,0,0
city64-intact-idle,A1,19,98.005643,14.427741,56.880064,22,209,1913651212,5.781318,1.292722,17.363998,73.566494,40.64976,9.476952,0.000108,14.280091,0.147542,88,0,0,1,64,64,24320,50176,0,0,True,True,0,0,0
city64-airborne,A0,0,1063.150609,23.104911,42.754056,22,0,1913651212,5.541361,868.677337,20.82754,168.103678,39.099621,345.391773,0.000124,22.871893,0.232894,88,0,0,1,64,64,24320,50176,0,0,True,True,0,0,0
city64-airborne,A0,1,90.858125,18.423537,38.185783,22,11,1913651212,5.530242,1.360719,17.022997,66.943241,37.961718,9.559292,8.1e-05,18.191802,0.231654,88,0,0,1,64,64,24320,50176,0,0,True,True,0,0,0
city64-airborne,A0,2,106.956695,22.735967,39.858095,22,22,1913651212,5.536436,1.276604,18.459191,81.683751,40.816147,10.207371,8e-05,22.545148,0.190739,88,0,0,1,64,64,24320,50176,0,0,True,True,0,0,0
city64-airborne,A0,3,102.505665,17.73539,38.618176,22,33,1913651212,5.936742,1.53257,22.492654,72.542566,38.930746,9.785564,0.000123,17.550408,0.184859,88,0,0,1,64,64,24320,50176,0,0,True,True,0,0,0
city64-airborne,A0,4,112.364606,17.933471,38.863719,22,44,1913651212,5.552861,1.429525,17.064628,88.316841,39.798476,9.791729,0.00011,17.813579,0.119782,88,0,0,1,64,64,24320,50176,0,0,True,True,0,0,0
city64-airborne,A0,5,94.797134,16.318145,45.9363,22,55,1913651212,5.566979,1.34428,16.825974,71.058975,38.439432,9.845013,8.9e-05,16.060736,0.25732,88,0,0,1,64,64,24320,50176,0,0,True,True,0,0,0
city64-airborne,A0,6,97.545181,15.9489,40.946643,22,66,1913651212,5.577169,1.305456,16.623898,74.037901,39.386075,9.653321,0.000107,15.819665,0.129128,88,0,0,1,64,64,24320,50176,0,0,True,True,0,0,0
city64-airborne,A0,7,94.342191,17.637619,58.127937,22,77,1913651212,5.63713,1.279796,16.58212,70.842351,40.43778,9.788982,0.000122,17.419003,0.218494,88,0,0,1,64,64,24320,50176,0,0,True,True,0,0,0
city64-airborne,A0,8,96.812606,17.436117,39.395548,22,88,1913651212,5.960976,1.513244,16.689862,72.647735,39.634955,9.636117,0.000104,17.229986,0.206027,88,0,0,1,64,64,24320,50176,0,0,True,True,0,0,0
city64-airborne,A0,9,101.71355,18.267689,42.199414,22,99,1913651212,5.593885,1.249083,16.547734,78.322061,40.7099,10.616911,8e-05,17.956363,0.311246,88,0,0,1,64,64,24320,50176,0,0,True,True,0,0,0
city64-airborne,A0,10,102.360535,17.476652,39.265371,22,110,1913651212,5.543335,1.304919,16.833971,78.677504,39.667548,9.599037,9.1e-05,17.28765,0.188911,88,0,0,1,64,64,24320,50176,0,0,True,True,0,0,0
city64-airborne,A0,11,97.600426,18.481626,39.096077,22,121,1913651212,5.598388,1.298,16.94929,73.75399,39.594217,9.912165,8.5e-05,17.537452,0.944089,88,0,0,1,64,64,24320,50176,0,0,True,True,0,0,0
city64-airborne,A0,12,94.545316,17.256697,41.68918,22,132,1913651212,5.519378,1.294982,16.517149,71.213114,39.923888,9.635226,0.000102,17.066398,0.190197,88,0,0,1,64,64,24320,50176,0,0,True,True,0,0,0
city64-airborne,A0,13,102.271454,17.627882,39.553176,22,143,1913651212,5.540136,1.463961,16.941535,78.324802,41.496818,9.775696,0.000103,17.321093,0.306686,88,0,0,1,64,64,24320,50176,0,0,True,True,0,0,0
city64-airborne,A0,14,95.343341,17.81379,41.235497,22,154,1913651212,5.55188,1.409803,16.485274,71.895782,40.812751,9.991954,8.9e-05,17.474277,0.339424,88,0,0,1,64,64,24320,50176,0,0,True,True,0,0,0
city64-airborne,A0,15,98.097523,17.376159,39.662617,22,165,1913651212,5.592899,2.543318,16.715783,73.244514,41.061009,10.041409,0.00012,17.0713,0.304739,88,0,0,1,64,64,24320,50176,0,0,True,True,0,0,0
city64-airborne,A0,16,95.634598,17.564625,52.518269,22,176,1913651212,5.572031,1.378386,16.624473,72.059009,41.664282,9.849635,0.00011,17.255499,0.309016,88,0,0,1,64,64,24320,50176,0,0,True,True,0,0,0
city64-airborne,A0,17,96.000421,17.448174,39.977734,22,187,1913651212,5.55514,1.416137,16.912603,72.115401,40.942459,9.796816,0.000131,17.148544,0.299499,88,0,0,1,64,64,24320,50176,0,0,True,True,0,0,0
city64-airborne,A0,18,110.572876,17.298016,41.042904,22,198,1913651212,5.539925,1.34543,16.536622,87.150109,40.686682,9.843392,9.3e-05,17.024319,0.273604,88,0,0,1,64,64,24320,50176,0,0,True,True,0,0,0
city64-airborne,A0,19,95.006216,17.768473,40.130273,22,209,1913651212,5.570905,1.393997,16.693318,71.347271,41.631947,9.842069,0.0001,17.425228,0.343145,88,0,0,1,64,64,24320,50176,0,0,True,True,0,0,0
city64-airborne,A1,0,1065.097402,24.369188,38.155761,22,0,1913651212,5.592326,870.41374,20.677434,168.413049,38.683383,344.354091,0.000106,24.157195,0.211887,88,0,0,1,64,64,24320,50176,0,0,True,True,0,0,0
city64-airborne,A1,1,92.136424,18.710059,38.77993,22,11,1913651212,5.577928,1.232748,17.085658,68.239188,38.132548,9.663717,0.000132,18.503758,0.206169,88,0,0,1,64,64,24320,50176,0,0,True,True,0,0,0
city64-airborne,A1,2,94.257706,17.675237,39.158897,22,22,1913651212,5.535902,1.273543,16.647634,70.799717,38.799513,9.723209,0.000122,17.453788,0.221327,88,0,0,1,64,64,24320,50176,0,0,True,True,0,0,0
city64-airborne,A1,3,94.011523,17.974542,47.350865,22,33,1913651212,5.537667,1.275408,16.639457,70.558224,38.844463,9.82449,0.000124,17.780174,0.194244,88,0,0,1,64,64,24320,50176,0,0,True,True,0,0,0
city64-airborne,A1,4,103.675293,17.900493,39.136738,22,44,1913651212,5.603517,1.659807,16.669189,79.741932,39.150453,9.555705,0.000129,17.705049,0.195315,88,0,0,1,64,64,24320,50176,0,0,True,True,0,0,0
city64-airborne,A1,5,94.905246,17.581409,40.809234,22,55,1913651212,5.557986,1.245817,16.485375,71.615368,39.670573,9.848511,0.000131,17.383155,0.198123,88,0,0,1,64,64,24320,50176,0,0,True,True,0,0,0
city64-airborne,A1,6,100.270891,17.205877,39.248566,22,66,1913651212,5.575802,1.964842,17.134625,75.594265,40.997997,9.742321,0.000129,17.047178,0.15857,88,0,0,1,64,64,24320,50176,0,0,True,True,0,0,0
city64-airborne,A1,7,94.739815,17.735952,42.193552,22,77,1913651212,5.494299,1.257851,16.45115,71.535762,39.726424,9.682134,0.000133,17.50506,0.230759,88,0,0,1,64,64,24320,50176,0,0,True,True,0,0,0
city64-airborne,A1,8,95.375238,16.778949,44.954396,22,88,1913651212,5.550674,1.383906,16.586858,71.852859,39.846606,10.916675,0.000115,16.540645,0.238189,88,0,0,1,64,64,24320,50176,0,0,True,True,0,0,0
city64-airborne,A1,9,123.697092,18.05667,44.22603,22,99,1913651212,6.234061,1.396827,18.883125,97.182061,45.702323,10.918944,0.000147,17.850333,0.20619,88,0,0,1,64,64,24320,50176,0,0,True,True,0,0,0
city64-airborne,A1,10,104.486653,17.948003,47.756745,22,110,1913651212,6.182331,1.389813,18.638231,78.275291,45.528606,10.900593,0.000136,17.734311,0.213556,88,0,0,1,64,64,24320,50176,0,0,True,True,0,0,0
city64-airborne,A1,11,104.823078,17.643887,41.065049,22,121,1913651212,6.178146,1.623813,18.563851,78.456457,43.365786,9.886257,0.000138,17.436612,0.207137,88,0,0,1,64,64,24320,50176,0,0,True,True,0,0,0
city64-airborne,A1,12,96.942662,17.671634,50.315374,22,132,1913651212,5.757056,1.261295,16.977068,72.946508,40.451752,9.780292,0.000146,17.473038,0.19845,88,0,0,1,64,64,24320,50176,0,0,True,True,0,0,0
city64-airborne,A1,13,97.482272,17.334861,40.892768,22,143,1913651212,5.712723,1.277346,17.083316,73.407854,40.19974,9.725816,0.00013,17.132273,0.202458,88,0,0,1,64,64,24320,50176,0,0,True,True,0,0,0
city64-airborne,A1,14,99.126642,17.362051,41.707421,22,154,1913651212,5.686415,1.320828,16.96392,75.154671,40.567234,9.862192,0.000125,17.168155,0.193771,88,0,0,1,64,64,24320,50176,0,0,True,True,0,0,0
city64-airborne,A1,15,95.983193,17.160627,41.006744,22,165,1913651212,5.83941,1.368625,16.975556,71.798646,40.253013,9.771269,0.000118,16.960048,0.200461,88,0,0,1,64,64,24320,50176,0,0,True,True,0,0,0
city64-airborne,A1,16,100.887476,17.500577,48.949273,22,176,1913651212,5.691197,1.331961,16.871063,76.99249,40.3657,9.947868,0.000136,17.297579,0.202862,88,0,0,1,64,64,24320,50176,0,0,True,True,0,0,0
city64-airborne,A1,17,96.306362,17.333493,41.457561,22,187,1913651212,5.712848,1.348021,16.889243,72.35542,40.276505,9.733989,0.000121,17.138001,0.195371,88,0,0,1,64,64,24320,50176,0,0,True,True,0,0,0
city64-airborne,A1,18,106.746084,17.179647,41.011774,22,198,1913651212,5.699868,1.668994,16.948025,82.42839,40.292918,9.679419,0.000135,16.966667,0.212845,88,0,0,1,64,64,24320,50176,0,0,True,True,0,0,0
city64-airborne,A1,19,96.400597,17.359134,41.224463,22,209,1913651212,5.674176,1.270015,16.783286,72.672347,43.043524,9.909747,0.000128,17.149845,0.209161,88,0,0,1,64,64,24320,50176,0,0,True,True,0,0,0
city64-initial-impact,A0,0,1056.84743,78.026749,48.047834,22,0,1913651212,6.034949,863.907742,20.46607,166.437847,39.022215,417.877423,8e-05,77.851608,0.175061,304,8760,1,2,1364,196,23152,41416,11977,2040,True,True,0,0,0
city64-initial-impact,A0,1,92.823456,62.709535,44.135037,22,11,1913651212,5.656039,1.358448,17.06411,68.74329,37.540336,9.697551,8.2e-05,62.539115,0.170338,304,8760,1,2,1364,196,23152,41416,11977,2040,True,True,0,0,0
city64-initial-impact,A0,2,104.403684,60.495681,44.099475,22,22,1913651212,5.503781,1.572622,16.468044,80.858509,38.521068,9.965105,9.8e-05,60.320733,0.17485,304,8760,1,2,1364,196,23152,41416,11977,2040,True,True,0,0,0
city64-initial-impact,A0,3,104.564691,59.799301,43.425399,22,33,1913651212,5.510741,1.275775,16.381841,81.395576,39.653035,9.697578,8e-05,59.594329,0.204892,304,8760,1,2,1364,196,23152,41416,11977,2040,True,True,0,0,0
city64-initial-impact,A0,4,92.946267,59.701732,43.865076,22,44,1913651212,5.449265,1.254388,16.356596,69.885287,39.506342,9.95098,0.000106,59.526658,0.174968,304,8760,1,2,1364,196,23152,41416,11977,2040,True,True,0,0,0
city64-initial-impact,A0,5,96.465484,59.48927,43.639457,22,55,1913651212,5.497884,1.717513,16.394634,72.854654,39.87869,9.7092,8.2e-05,59.306266,0.182922,304,8760,1,2,1364,196,23152,41416,11977,2040,True,True,0,0,0
city64-initial-impact,A0,6,102.718884,58.629801,43.712712,22,66,1913651212,5.454141,1.29124,16.379755,79.593008,39.810482,9.814542,8.1e-05,58.423815,0.205905,304,8760,1,2,1364,196,23152,41416,11977,2040,True,True,0,0,0
city64-initial-impact,A0,7,92.936254,58.900303,48.961554,22,77,1913651212,5.486787,1.34478,16.447367,69.656622,39.742985,9.807572,8.4e-05,58.675047,0.225172,304,8760,1,2,1364,196,23152,41416,11977,2040,True,True,0,0,0
city64-initial-impact,A0,8,95.396493,56.006543,43.780649,22,88,1913651212,5.520559,2.847148,16.451508,70.576627,40.140217,9.662515,8.5e-05,55.826552,0.179906,304,8760,1,2,1364,196,23152,41416,11977,2040,True,True,0,0,0
city64-initial-impact,A0,9,98.307372,58.221091,44.431623,22,99,1913651212,5.511628,1.256891,16.394316,75.143738,39.486574,9.749331,8.1e-05,58.043212,0.177798,304,8760,1,2,1364,196,23152,41416,11977,2040,True,True,0,0,0
city64-initial-impact,A0,10,93.575494,58.701919,63.424026,22,110,1913651212,5.49472,1.235003,16.762996,70.081985,39.935748,9.716778,8.3e-05,58.506696,0.19514,304,8760,1,2,1364,196,23152,41416,11977,2040,True,True,0,0,0
city64-initial-impact,A0,11,94.088279,59.325669,44.840914,22,121,1913651212,5.452281,1.276097,16.688292,70.67083,39.840411,9.7558,8.1e-05,59.140346,0.185242,304,8760,1,2,1364,196,23152,41416,11977,2040,True,True,0,0,0
city64-initial-impact,A0,12,98.323881,54.799157,45.78193,22,132,1913651212,5.487793,1.462177,16.690149,74.682901,40.012576,9.664086,8.6e-05,54.618251,0.18082,304,8760,1,2,1364,196,23152,41416,11977,2040,True,True,0,0,0
city64-initial-impact,A0,13,92.901175,58.281705,46.964533,22,143,1913651212,5.473213,1.268413,16.572811,69.585937,40.154924,9.730587,0.000103,58.108208,0.173394,304,8760,1,2,1364,196,23152,41416,11977,2040,True,True,0,0,0
city64-initial-impact,A0,14,95.503313,59.140448,45.004476,22,154,1913651212,5.515503,1.521902,16.76859,71.696387,40.564545,9.657389,8e-05,58.963595,0.176773,304,8760,1,2,1364,196,23152,41416,11977,2040,True,True,0,0,0
city64-initial-impact,A0,15,110.446793,58.65885,44.205049,22,165,1913651212,5.503277,1.266655,16.578421,87.097715,40.755242,9.723141,0.000113,58.484255,0.174482,304,8760,1,2,1364,196,23152,41416,11977,2040,True,True,0,0,0
city64-initial-impact,A0,16,93.610559,58.776886,45.155025,22,176,1913651212,5.464817,1.276958,16.379016,70.489129,40.993209,9.685676,0.00011,58.580455,0.196321,304,8760,1,2,1364,196,23152,41416,11977,2040,True,True,0,0,0
city64-initial-impact,A0,17,94.153374,58.188151,46.438729,22,187,1913651212,5.473396,1.291359,16.661286,70.726311,39.757155,10.332841,8.8e-05,57.99945,0.188613,304,8760,1,2,1364,196,23152,41416,11977,2040,True,True,0,0,0
city64-initial-impact,A0,18,104.153108,58.528407,44.373055,22,198,1913651212,5.501386,1.27718,16.57275,80.800857,40.01047,9.747865,9.1e-05,58.351002,0.177314,304,8760,1,2,1364,196,23152,41416,11977,2040,True,True,0,0,0
city64-initial-impact,A0,19,94.99329,55.603426,48.348788,22,209,1913651212,5.524629,1.279447,16.855159,71.33309,40.305826,9.706202,0.000122,55.430237,0.173067,304,8760,1,2,1364,196,23152,41416,11977,2040,True,True,0,0,0
city64-initial-impact,A1,0,1061.380353,77.637618,43.099667,22,0,1913651212,5.533174,863.000504,20.684992,172.160851,39.21713,403.623139,0.000103,77.435361,0.202154,304,8760,1,2,1364,196,23152,41416,11977,2040,True,True,0,0,0
city64-initial-impact,A1,1,90.429961,64.826558,45.675868,22,11,1913651212,5.498678,1.297095,16.557223,67.076276,39.24221,9.766423,0.000106,64.641771,0.184681,304,8760,1,2,1364,196,23152,41416,11977,2040,True,True,0,0,0
city64-initial-impact,A1,2,95.263537,67.511399,63.142547,22,22,1913651212,5.601141,1.326983,16.608097,71.726617,40.090421,13.208977,0.000102,67.297402,0.213895,304,8760,1,2,1364,196,23152,41416,11977,2040,True,True,0,0,0
city64-initial-impact,A1,3,98.447359,59.120072,44.156433,22,33,1913651212,6.046783,1.598308,17.170969,73.630072,40.664288,9.811466,0.000101,58.937358,0.182613,304,8760,1,2,1364,196,23152,41416,11977,2040,True,True,0,0,0
city64-initial-impact,A1,4,102.909954,62.303071,52.357405,22,44,1913651212,5.57908,1.286518,16.48545,79.5582,39.891895,14.700218,0.000338,62.040289,0.262444,304,8760,1,2,1364,196,23152,41416,11977,2040,True,True,0,0,0
city64-initial-impact,A1,5,94.353524,61.90527,68.014939,22,55,1913651212,5.723842,1.262313,16.588289,70.778398,39.809856,11.199745,0.0001,61.692174,0.212996,304,8760,1,2,1364,196,23152,41416,11977,2040,True,True,0,0,0
city64-initial-impact,A1,6,95.164498,61.601339,43.136927,22,66,1913651212,5.867478,1.304153,16.90878,71.083309,39.755487,9.649716,0.000108,61.399237,0.201994,304,8760,1,2,1364,196,23152,41416,11977,2040,True,True,0,0,0
city64-initial-impact,A1,7,110.16114,61.000057,42.15128,22,77,1913651212,5.544885,1.5323,16.617586,86.465655,40.346091,9.757534,0.0001,60.798193,0.201764,304,8760,1,2,1364,196,23152,41416,11977,2040,True,True,0,0,0
city64-initial-impact,A1,8,95.33173,61.570582,44.285065,22,88,1913651212,5.603149,1.245256,16.444257,72.038159,40.277643,10.004259,0.000109,61.350737,0.219736,304,8760,1,2,1364,196,23152,41416,11977,2040,True,True,0,0,0
city64-initial-impact,A1,9,94.629697,59.940961,54.679634,22,99,1913651212,5.594784,1.268194,16.632706,71.133146,39.871072,9.763796,0.0001,59.758062,0.182799,304,8760,1,2,1364,196,23152,41416,11977,2040,True,True,0,0,0
city64-initial-impact,A1,10,97.951959,59.46886,44.950022,22,110,1913651212,5.563045,1.262737,16.439646,74.68584,39.523621,9.732672,0.000101,59.287649,0.18111,304,8760,1,2,1364,196,23152,41416,11977,2040,True,True,0,0,0
city64-initial-impact,A1,11,98.348854,61.639649,53.411107,22,121,1913651212,5.558182,1.266603,16.42397,75.099392,39.856278,9.890872,0.000101,61.439179,0.200369,304,8760,1,2,1364,196,23152,41416,11977,2040,True,True,0,0,0
city64-initial-impact,A1,12,94.768676,59.886361,47.442994,22,132,1913651212,5.499618,1.587039,16.507319,71.173775,40.078134,10.04076,0.00012,59.668894,0.217347,304,8760,1,2,1364,196,23152,41416,11977,2040,True,True,0,0,0
city64-initial-impact,A1,13,97.13548,58.625627,45.264314,22,143,1913651212,5.542883,1.365745,16.442768,73.783416,39.794257,9.651473,0.000101,58.425977,0.199549,304,8760,1,2,1364,196,23152,41416,11977,2040,True,True,0,0,0
city64-initial-impact,A1,14,100.917888,59.30434,45.305301,22,154,1913651212,5.517999,1.343211,16.708637,77.347368,39.567958,9.752175,0.000111,59.099795,0.204434,304,8760,1,2,1364,196,23152,41416,11977,2040,True,True,0,0,0
city64-initial-impact,A1,15,95.051167,59.450514,66.028676,22,165,1913651212,5.549782,1.269456,16.612258,71.618844,39.852224,9.864923,0.000102,59.246798,0.203614,304,8760,1,2,1364,196,23152,41416,11977,2040,True,True,0,0,0
city64-initial-impact,A1,16,103.86582,61.339063,48.899452,22,176,1913651212,5.71292,3.17131,17.298422,77.682016,38.966442,14.120561,0.000101,61.112038,0.226924,304,8760,1,2,1364,196,23152,41416,11977,2040,True,True,0,0,0
city64-initial-impact,A1,17,104.851161,54.269331,42.122234,22,187,1913651212,5.60623,1.459867,16.671666,81.112658,41.502696,9.843838,0.000153,54.116169,0.153009,304,8760,1,2,1364,196,23152,41416,11977,2040,True,True,0,0,0
city64-initial-impact,A1,18,96.119941,51.369057,45.259484,22,198,1913651212,5.581288,1.284539,16.641111,72.612208,40.604151,9.771614,0.000155,51.195803,0.173099,304,8760,1,2,1364,196,23152,41416,11977,2040,True,True,0,0,0
city64-initial-impact,A1,19,94.745396,52.970693,45.142404,22,209,1913651212,5.586593,1.348249,16.704509,71.105166,40.282566,9.744383,0.000106,52.820888,0.149699,304,8760,1,2,1364,196,23152,41416,11977,2040,True,True,0,0,0
city64-post-impact,A0,0,1103.312381,48.444095,42.638321,22,0,1913651212,6.317912,877.074696,21.662592,198.255939,52.656039,474.110302,9.6e-05,48.205902,0.238097,332,0,0,1,1320,132,23132,42929,13100,3027,True,True,0,0,0
city64-post-impact,A0,1,109.594762,36.326738,41.310566,22,11,1913651212,5.999266,1.221681,18.203727,84.169236,47.026718,11.091348,0.000125,36.134627,0.191986,332,0,0,1,1320,132,23132,42929,13100,3027,True,True,0,0,0
city64-post-impact,A0,2,102.729838,34.37898,42.093723,22,22,1913651212,5.95571,1.281504,17.829787,77.662073,47.748393,11.144008,9.3e-05,34.18451,0.194377,332,0,0,1,1320,132,23132,42929,13100,3027,True,True,0,0,0
city64-post-impact,A0,3,98.550145,35.293684,41.603436,22,33,1913651212,5.968921,1.334887,18.070558,73.174724,46.889949,11.105006,0.000123,35.086126,0.207435,332,0,0,1,1320,132,23132,42929,13100,3027,True,True,0,0,0
city64-post-impact,A0,4,100.870621,40.229229,43.222957,22,44,1913651212,5.953239,1.313304,18.091791,75.511464,49.1474,14.624873,0.000128,39.976724,0.252377,332,0,0,1,1320,132,23132,42929,13100,3027,True,True,0,0,0
city64-post-impact,A0,5,97.92094,38.942644,59.764114,22,55,1913651212,5.934035,1.296883,17.732578,72.956691,49.830559,11.130631,0.000133,38.722425,0.220086,332,0,0,1,1320,132,23132,42929,13100,3027,True,True,0,0,0
city64-post-impact,A0,6,98.221374,34.582666,42.89353,22,66,1913651212,5.957692,1.279299,18.222383,72.760804,48.772653,12.884747,8.3e-05,34.388933,0.19365,332,0,0,1,1320,132,23132,42929,13100,3027,True,True,0,0,0
city64-post-impact,A0,7,99.388445,32.192496,42.137103,22,77,1913651212,5.93641,1.284364,17.981012,74.185617,49.914572,11.270105,0.000124,31.992579,0.199793,332,0,0,1,1320,132,23132,42929,13100,3027,True,True,0,0,0
city64-post-impact,A0,8,99.584423,33.402741,64.530718,22,88,1913651212,5.940644,1.287984,17.959917,74.395102,51.34851,12.11557,8.3e-05,33.202252,0.200406,332,0,0,1,1320,132,23132,42929,13100,3027,True,True,0,0,0
city64-post-impact,A0,9,101.704547,28.539705,42.569905,22,99,1913651212,6.310957,1.480475,18.683753,75.228115,50.180241,11.263889,0.00016,28.342015,0.19753,332,0,0,1,1320,132,23132,42929,13100,3027,True,True,0,0,0
city64-post-impact,A0,10,102.228876,29.828657,42.804979,22,110,1913651212,6.090737,1.414343,18.749839,75.972415,49.572984,11.350413,0.000125,29.638597,0.189935,332,0,0,1,1320,132,23132,42929,13100,3027,True,True,0,0,0
city64-post-impact,A0,11,107.180023,43.595584,60.656143,22,121,1913651212,6.103756,1.281944,18.511369,81.28192,50.258674,13.206617,8.8e-05,43.450268,0.145228,332,0,0,1,1320,132,23132,42929,13100,3027,True,True,0,0,0
city64-post-impact,A0,12,100.927995,36.324527,42.392627,22,132,1913651212,6.119388,1.383116,18.170865,75.253553,49.47013,11.220858,9.5e-05,36.090212,0.23422,332,0,0,1,1320,132,23132,42929,13100,3027,True,True,0,0,0
city64-post-impact,A0,13,101.586437,35.517259,41.879192,22,143,1913651212,5.973768,1.315193,18.483321,75.813231,49.216095,11.265299,0.000125,35.273659,0.243475,332,0,0,1,1320,132,23132,42929,13100,3027,True,True,0,0,0
city64-post-impact,A0,14,98.621963,36.054363,65.537787,22,154,1913651212,5.988021,1.280922,18.249891,73.102304,48.243543,12.888609,0.000124,35.829809,0.22443,332,0,0,1,1320,132,23132,42929,13100,3027,True,True,0,0,0
city64-post-impact,A0,15,98.617572,37.049597,42.578865,22,165,1913651212,6.150967,1.507017,18.16434,72.79442,48.72097,11.4542,0.000127,36.840593,0.208877,332,0,0,1,1320,132,23132,42929,13100,3027,True,True,0,0,0
city64-post-impact,A0,16,114.575831,38.954448,42.279827,22,176,1913651212,6.025064,1.3203,18.207709,89.021852,49.015977,11.636668,0.000123,38.748,0.206325,332,0,0,1,1320,132,23132,42929,13100,3027,True,True,0,0,0
city64-post-impact,A0,17,98.137167,35.899977,49.300061,22,187,1913651212,5.981578,1.297617,17.811882,73.045316,49.351838,11.32121,0.000128,35.668871,0.230978,332,0,0,1,1320,132,23132,42929,13100,3027,True,True,0,0,0
city64-post-impact,A0,18,98.709053,35.387561,41.992704,22,198,1913651212,6.304595,1.390305,18.212763,72.800375,48.035983,11.194238,8.4e-05,35.186885,0.200592,332,0,0,1,1320,132,23132,42929,13100,3027,True,True,0,0,0
city64-post-impact,A0,19,116.022682,33.409987,42.352933,22,209,1913651212,6.046601,1.299045,18.272485,90.403344,49.726411,11.093559,0.000128,33.228575,0.181284,332,0,0,1,1320,132,23132,42929,13100,3027,True,True,0,0,0
city64-post-impact,A1,0,1073.718745,47.023469,41.627992,22,0,1913651212,5.844161,868.994077,21.081832,177.797753,46.465881,435.624384,0.000103,46.826252,0.197114,332,0,0,1,1320,132,23132,42929,13100,3027,True,True,0,0,0
city64-post-impact,A1,1,100.673838,41.083223,43.181229,22,11,1913651212,5.768953,1.315395,18.091618,75.497082,47.368646,13.570823,0.000157,40.821453,0.261613,332,0,0,1,1320,132,23132,42929,13100,3027,True,True,0,0,0
city64-post-impact,A1,2,101.505094,40.697534,46.590275,22,22,1913651212,5.792958,1.300906,18.024867,76.385627,48.835468,13.943859,0.000173,40.456625,0.240736,332,0,0,1,1320,132,23132,42929,13100,3027,True,True,0,0,0
city64-post-impact,A1,3,100.828925,31.919295,41.46968,22,33,1913651212,5.797099,1.638157,18.207398,75.185501,49.740774,11.354,0.000202,31.716467,0.202626,332,0,0,1,1320,132,23132,42929,13100,3027,True,True,0,0,0
city64-post-impact,A1,4,102.82227,37.212477,41.035387,22,44,1913651212,5.802906,1.247992,17.507613,78.263037,47.907349,11.135456,0.000158,37.052222,0.160097,332,0,0,1,1320,132,23132,42929,13100,3027,True,True,0,0,0
city64-post-impact,A1,5,96.343351,37.73562,41.470943,22,55,1913651212,5.752132,1.247853,17.515472,71.827248,48.264143,11.155419,0.000104,37.494496,0.24102,332,0,0,1,1320,132,23132,42929,13100,3027,True,True,0,0,0
city64-post-impact,A1,6,100.388228,33.020127,41.631654,22,66,1913651212,5.77652,1.253923,17.562164,75.794616,48.901956,11.420217,0.000161,32.828565,0.191401,332,0,0,1,1320,132,23132,42929,13100,3027,True,True,0,0,0
city64-post-impact,A1,7,98.623372,35.38443,41.335879,22,77,1913651212,5.811066,1.250038,17.470446,74.09112,48.399736,11.06214,0.000183,35.169945,0.214302,332,0,0,1,1320,132,23132,42929,13100,3027,True,True,0,0,0
city64-post-impact,A1,8,96.032591,37.011963,66.104472,22,88,1913651212,5.786831,1.265614,17.550545,71.42892,46.90743,13.028946,0.000154,36.811087,0.200722,332,0,0,1,1320,132,23132,42929,13100,3027,True,True,0,0,0
city64-post-impact,A1,9,110.072025,37.041532,44.563048,22,99,1913651212,9.505339,1.910954,20.334045,78.320808,53.225759,12.132447,0.000207,36.804138,0.237187,332,0,0,1,1320,132,23132,42929,13100,3027,True,True,0,0,0
city64-post-impact,A1,10,105.890827,36.1483,40.999806,22,110,1913651212,6.278126,1.421544,18.995843,79.194583,47.971188,11.152585,0.000167,35.924917,0.223216,332,0,0,1,1320,132,23132,42929,13100,3027,True,True,0,0,0
city64-post-impact,A1,11,100.958051,36.148513,41.305075,22,121,1913651212,5.725988,1.268632,17.476461,76.486195,47.762781,10.988072,0.000102,35.939017,0.209394,332,0,0,1,1320,132,23132,42929,13100,3027,True,True,0,0,0
city64-post-impact,A1,12,96.593386,36.076599,40.808475,22,132,1913651212,5.736712,2.069193,17.475446,71.311315,47.316189,11.023664,0.00013,35.872531,0.203938,332,0,0,1,1320,132,23132,42929,13100,3027,True,True,0,0,0
city64-post-impact,A1,13,102.108023,36.411971,40.450518,22,143,1913651212,5.763888,1.2785,17.481695,77.583172,48.258042,11.000036,0.000129,36.204063,0.207779,332,0,0,1,1320,132,23132,42929,13100,3027,True,True,0,0,0
city64-post-impact,A1,14,94.391304,35.754085,43.210077,22,154,1913651212,5.746609,1.260222,17.33543,70.048328,47.668482,11.007137,9.7e-05,35.543733,0.210255,332,0,0,1,1320,132,23132,42929,13100,3027,True,True,0,0,0
city64-post-impact,A1,15,98.306191,37.079532,49.727602,22,165,1913651212,5.74322,1.269847,17.43909,73.853377,47.219966,11.005787,0.000171,36.858468,0.220893,332,0,0,1,1320,132,23132,42929,13100,3027,True,True,0,0,0
city64-post-impact,A1,16,96.909189,31.552718,41.114266,22,176,1913651212,5.751896,1.272541,17.58686,72.297095,48.072879,10.952054,0.00012,31.344488,0.20811,332,0,0,1,1320,132,23132,42929,13100,3027,True,True,0,0,0
city64-post-impact,A1,17,98.922758,30.568274,41.208891,22,187,1913651212,5.822347,1.296619,17.572356,74.230552,46.285426,10.949855,0.000101,30.412395,0.155778,332,0,0,1,1320,132,23132,42929,13100,3027,True,True,0,0,0
city64-post-impact,A1,18,113.927701,30.060217,40.750097,22,198,1913651212,5.745491,1.683218,17.619916,88.878369,48.000309,10.939616,9.8e-05,29.853748,0.206371,332,0,0,1,1320,132,23132,42929,13100,3027,True,True,0,0,0
city64-post-impact,A1,19,95.382519,33.72416,40.820358,22,209,1913651212,5.712867,1.230208,17.506743,70.931971,49.01664,11.006891,9.6e-05,33.564937,0.159127,332,0,0,1,1320,132,23132,42929,13100,3027,True,True,0,0,0
city64-cascading-fracture,A0,0,1106.387284,73.029572,41.690792,22,0,1913651212,6.01828,891.686311,22.174433,186.5075,46.571094,457.495317,0.00011,72.824208,0.205254,400,13,1,2,1473,153,23000,42266,25861,4942,True,True,0,0,0
city64-cascading-fracture,A0,1,112.230425,62.452069,48.349376,22,11,1913651212,5.867399,1.251025,18.712237,86.399044,47.670871,11.274815,0.000125,62.255359,0.196585,400,13,1,2,1473,153,23000,42266,25861,4942,True,True,0,0,0
city64-cascading-fracture,A0,2,98.793683,58.254972,41.740875,22,22,1913651212,6.114478,1.319276,18.270817,73.088365,47.090992,11.218309,0.000165,58.045518,0.209289,400,13,1,2,1473,153,23000,42266,25861,4942,True,True,0,0,0
city64-cascading-fracture,A0,3,97.611709,61.173848,52.145134,22,33,1913651212,5.801856,1.28536,18.236708,72.287054,46.705989,11.595857,0.000112,60.997314,0.176422,400,13,1,2,1473,153,23000,42266,25861,4942,True,True,0,0,0
city64-cascading-fracture,A0,4,103.93254,60.631961,44.102141,22,44,1913651212,7.062772,2.506597,21.600772,72.761487,47.482856,11.845735,0.000135,60.450486,0.18134,400,13,1,2,1473,153,23000,42266,25861,4942,True,True,0,0,0
city64-cascading-fracture,A0,5,100.893801,56.695766,42.166153,22,55,1913651212,5.933046,1.31951,19.115464,74.524991,49.115549,11.718845,0.000108,56.520948,0.17471,400,13,1,2,1473,153,23000,42266,25861,4942,True,True,0,0,0
city64-cascading-fracture,A0,6,100.687896,55.657181,43.238901,22,66,1913651212,5.813183,1.291056,19.054527,74.528285,49.805697,11.820676,0.00017,55.485423,0.171588,400,13,1,2,1473,153,23000,42266,25861,4942,True,True,0,0,0
city64-cascading-fracture,A0,7,100.109167,58.8866,49.027392,22,77,1913651212,5.943397,1.322446,19.092441,73.75008,48.859159,11.205228,0.000163,58.708454,0.177983,400,13,1,2,1473,153,23000,42266,25861,4942,True,True,0,0,0
city64-cascading-fracture,A0,8,107.451999,55.510124,42.019605,22,88,1913651212,5.846558,1.265234,18.639457,81.699823,50.746142,11.299345,0.000118,55.362723,0.147283,400,13,1,2,1473,153,23000,42266,25861,4942,True,True,0,0,0
city64-cascading-fracture,A0,9,106.262711,54.531634,41.055505,22,99,1913651212,5.88331,1.245915,18.459191,80.673554,47.870134,11.140075,0.00017,54.341543,0.189921,400,13,1,2,1473,153,23000,42266,25861,4942,True,True,0,0,0
city64-cascading-fracture,A0,10,104.342589,54.971106,44.015251,22,110,1913651212,5.852647,1.258633,18.280282,78.950344,47.957727,11.252588,0.000414,54.776496,0.194196,400,13,1,2,1473,153,23000,42266,25861,4942,True,True,0,0,0
city64-cascading-fracture,A0,11,96.863886,54.702441,50.847661,22,121,1913651212,5.884372,1.316431,18.37043,71.291954,47.649965,11.212308,0.000188,54.501538,0.200715,400,13,1,2,1473,153,23000,42266,25861,4942,True,True,0,0,0
city64-cascading-fracture,A0,12,98.90544,55.167644,41.296141,22,132,1913651212,5.865072,1.498337,18.224054,73.317353,48.701533,12.843463,0.00017,54.992403,0.175071,400,13,1,2,1473,153,23000,42266,25861,4942,True,True,0,0,0
city64-cascading-fracture,A0,13,98.588159,54.218955,41.880699,22,143,1913651212,5.853242,1.251331,18.550045,72.93288,46.958924,13.165211,0.000168,54.043799,0.174988,400,13,1,2,1473,153,23000,42266,25861,4942,True,True,0,0,0
city64-cascading-fracture,A0,14,96.434833,54.437133,44.571432,22,154,1913651212,5.858698,1.269247,18.181458,71.124672,48.103452,13.149093,0.000118,54.253528,0.183487,400,13,1,2,1473,153,23000,42266,25861,4942,True,True,0,0,0
city64-cascading-fracture,A0,15,96.636032,55.120723,52.213515,22,165,1913651212,5.8741,1.345139,18.365457,71.050618,46.616523,12.877373,0.00011,54.913365,0.207248,400,13,1,2,1473,153,23000,42266,25861,4942,True,True,0,0,0
city64-cascading-fracture,A0,16,100.643553,53.844648,41.475513,22,176,1913651212,5.861809,1.260876,18.227684,75.292406,47.443852,11.196642,0.000166,53.663248,0.181234,400,13,1,2,1473,153,23000,42266,25861,4942,True,True,0,0,0
city64-cascading-fracture,A0,17,98.014908,54.380563,41.967751,22,187,1913651212,5.853523,1.268036,18.256307,72.636366,48.535182,11.321699,0.000112,54.189608,0.190843,400,13,1,2,1473,153,23000,42266,25861,4942,True,True,0,0,0
city64-cascading-fracture,A0,18,97.256698,53.923445,47.368621,22,198,1913651212,5.866041,1.249587,18.109438,72.030982,48.126281,11.258945,0.000106,53.737421,0.185918,400,13,1,2,1473,153,23000,42266,25861,4942,True,True,0,0,0
city64-cascading-fracture,A0,19,99.311137,53.518117,41.984997,22,209,1913651212,5.928399,1.934757,18.247775,73.199471,48.938014,11.134471,0.00011,53.329067,0.18894,400,13,1,2,1473,153,23000,42266,25861,4942,True,True,0,0,0
city64-cascading-fracture,A1,0,1074.033283,74.085565,42.301917,22,0,1913651212,5.829645,866.432009,21.643122,180.12748,46.033489,452.033714,8.3e-05,73.876703,0.208779,400,13,1,2,1473,153,23000,42266,25861,4942,True,True,0,0,0
city64-cascading-fracture,A1,1,99.958523,59.878495,43.35703,22,11,1913651212,5.891349,1.244811,17.838248,74.983231,48.182893,12.478778,6.9e-05,59.685956,0.19247,400,13,1,2,1473,153,23000,42266,25861,4942,True,True,0,0,0
city64-cascading-fracture,A1,2,98.791881,57.847275,68.764938,22,22,1913651212,5.789211,1.251885,17.897975,73.851941,48.519365,14.702892,0.0003,57.639564,0.207411,400,13,1,2,1473,153,23000,42266,25861,4942,True,True,0,0,0
city64-cascading-fracture,A1,3,98.031538,54.071279,45.519282,22,33,1913651212,6.275242,1.326996,17.904138,72.524128,47.885642,11.99799,0.000127,53.890959,0.180193,400,13,1,2,1473,153,23000,42266,25861,4942,True,True,0,0,0
city64-cascading-fracture,A1,4,114.873747,58.022592,44.858083,22,44,1913651212,5.930269,1.301004,18.149227,89.492419,48.609479,12.808997,0.000163,57.821664,0.200765,400,13,1,2,1473,153,23000,42266,25861,4942,True,True,0,0,0
city64-cascading-fracture,A1,5,98.041899,54.698464,45.001692,22,55,1913651212,5.933913,1.26277,17.514213,73.330187,49.065904,13.418061,0.000123,54.493993,0.204348,400,13,1,2,1473,153,23000,42266,25861,4942,True,True,0,0,0
city64-cascading-fracture,A1,6,101.597531,55.431508,45.178504,22,66,1913651212,5.84518,1.26233,17.493027,76.996183,47.857099,13.409248,0.000127,55.230706,0.200675,400,13,1,2,1473,153,23000,42266,25861,4942,True,True,0,0,0
city64-cascading-fracture,A1,7,99.376382,59.682637,47.070272,22,77,1913651212,5.780582,1.282186,17.560399,74.75247,48.869285,14.606714,0.000123,59.469835,0.212679,400,13,1,2,1473,153,23000,42266,25861,4942,True,True,0,0,0
city64-cascading-fracture,A1,8,110.969767,61.202437,44.946284,22,88,1913651212,5.77863,1.239877,17.6205,86.330017,48.461414,13.972939,0.000123,60.984293,0.218021,400,13,1,2,1473,153,23000,42266,25861,4942,True,True,0,0,0
city64-cascading-fracture,A1,9,96.198628,60.550638,59.406289,22,99,1913651212,5.761804,1.2589,17.699942,71.477179,48.647774,14.271763,7.5e-05,60.341813,0.20875,400,13,1,2,1473,153,23000,42266,25861,4942,True,True,0,0,0
city64-cascading-fracture,A1,10,104.727119,64.429194,49.407144,22,110,1913651212,5.81892,1.254815,17.821817,79.83066,49.322726,15.484436,0.000139,64.20912,0.219935,400,13,1,2,1473,153,23000,42266,25861,4942,True,True,0,0,0
city64-cascading-fracture,A1,11,109.736622,53.477589,43.293114,22,121,1913651212,5.894191,1.526132,18.175847,84.139535,50.62502,13.057097,0.00023,53.334816,0.142543,400,13,1,2,1473,153,23000,42266,25861,4942,True,True,0,0,0
city64-cascading-fracture,A1,12,106.856603,51.399708,42.049802,22,132,1913651212,5.83263,1.529448,17.948243,81.545427,49.077609,11.671784,0.000123,51.24891,0.150675,400,13,1,2,1473,153,23000,42266,25861,4942,True,True,0,0,0
city64-cascading-fracture,A1,13,95.859393,47.901457,41.711758,22,143,1913651212,5.742848,1.282672,17.714388,71.11872,48.810724,11.279508,8.5e-05,47.774278,0.127094,400,13,1,2,1473,153,23000,42266,25861,4942,True,True,0,0,0
city64-cascading-fracture,A1,14,98.476748,52.10306,41.447173,22,154,1913651212,5.794123,1.253949,17.798291,73.629602,49.699971,11.132822,0.000123,51.947917,0.15502,400,13,1,2,1473,153,23000,42266,25861,4942,True,True,0,0,0
city64-cascading-fracture,A1,15,104.894723,52.663313,41.299897,22,165,1913651212,5.865793,1.240672,17.677659,80.109812,49.411477,11.220436,8.3e-05,52.506391,0.156839,400,13,1,2,1473,153,23000,42266,25861,4942,True,True,0,0,0
city64-cascading-fracture,A1,16,95.805519,51.124267,48.023464,22,176,1913651212,5.779009,1.250002,17.59736,71.178383,49.380414,11.156898,8.3e-05,50.937439,0.186745,400,13,1,2,1473,153,23000,42266,25861,4942,True,True,0,0,0
city64-cascading-fracture,A1,17,97.638377,50.440061,42.600896,22,187,1913651212,5.78876,2.652725,17.653018,71.543192,49.090183,12.726882,0.000124,50.241156,0.198781,400,13,1,2,1473,153,23000,42266,25861,4942,True,True,0,0,0
city64-cascading-fracture,A1,18,98.973408,51.152238,46.641182,22,198,1913651212,5.88782,1.257368,17.65646,74.170939,48.967728,11.165873,0.000123,51.01387,0.138245,400,13,1,2,1473,153,23000,42266,25861,4942,True,True,0,0,0
city64-cascading-fracture,A1,19,96.125786,47.500058,61.929066,22,209,1913651212,5.869621,1.298182,17.720052,71.236858,49.82189,11.206488,0.000123,47.349958,0.149977,400,13,1,2,1473,153,23000,42266,25861,4942,True,True,0,0,0
city64-fragmented-loaded,A0,0,1111.475832,112.848841,53.641711,22,0,1913651212,8.462133,879.670256,25.988833,197.35369,50.824634,483.825738,0.000184,112.654449,0.194208,644,425,1,2,3144,481,21657,35407,68873,12553,True,True,0,0,0
city64-fragmented-loaded,A0,1,105.738576,91.714625,58.012355,22,11,1913651212,6.417415,1.773718,19.831461,77.71518,49.963538,13.056583,0.000172,91.526779,0.187674,644,425,1,2,3144,481,21657,35407,68873,12553,True,True,0,0,0
city64-fragmented-loaded,A0,2,112.734811,93.120998,51.975758,22,22,1913651212,6.497763,1.637481,19.446038,85.152727,50.471413,11.804114,0.000195,92.930329,0.190474,644,425,1,2,3144,481,21657,35407,68873,12553,True,True,0,0,0
city64-fragmented-loaded,A0,3,106.606458,91.860306,51.076051,22,33,1913651212,6.401439,1.825043,19.492397,78.88665,50.507857,11.331009,0.000199,91.679609,0.180498,644,425,1,2,3144,481,21657,35407,68873,12553,True,True,0,0,0
city64-fragmented-loaded,A0,4,105.35296,94.118532,51.246605,22,44,1913651212,6.396328,1.814984,19.397155,77.743696,50.104974,11.432598,0.00019,93.92673,0.191612,644,425,1,2,3144,481,21657,35407,68873,12553,True,True,0,0,0
city64-fragmented-loaded,A0,5,105.386638,91.481286,52.216901,22,55,1913651212,6.374447,1.852992,19.24241,77.915971,51.531178,11.333084,0.000194,91.299974,0.181118,644,425,1,2,3144,481,21657,35407,68873,12553,True,True,0,0,0
city64-fragmented-loaded,A0,6,104.579489,93.65267,74.665304,22,66,1913651212,6.372675,1.802718,19.342686,77.060624,50.776405,16.353415,0.000187,93.415183,0.2373,644,425,1,2,3144,481,21657,35407,68873,12553,True,True,0,0,0
city64-fragmented-loaded,A0,7,105.243655,91.969885,52.274831,22,77,1913651212,7.307055,1.512756,19.851973,76.570872,50.640456,11.412559,0.000142,91.788027,0.181716,644,425,1,2,3144,481,21657,35407,68873,12553,True,True,0,0,0
city64-fragmented-loaded,A0,8,106.38486,85.940741,52.589708,22,88,1913651212,6.438135,2.003217,19.346347,78.596449,50.829906,11.448998,0.000148,85.749856,0.190737,644,425,1,2,3144,481,21657,35407,68873,12553,True,True,0,0,0
city64-fragmented-loaded,A0,9,115.639812,90.050323,52.965295,22,99,1913651212,6.383529,2.050538,19.502638,87.702251,51.252564,11.905263,0.000172,89.858895,0.191256,644,425,1,2,3144,481,21657,35407,68873,12553,True,True,0,0,0
city64-fragmented-loaded,A0,10,106.635734,83.659775,58.408373,22,110,1913651212,6.385922,1.816229,19.425938,79.006917,51.605772,15.230137,0.000198,83.438732,0.220845,644,425,1,2,3144,481,21657,35407,68873,12553,True,True,0,0,0
city64-fragmented-loaded,A0,11,105.260448,86.596754,51.850481,22,121,1913651212,6.450489,1.768309,19.168159,77.872682,52.157694,13.675713,0.000191,86.408442,0.188121,644,425,1,2,3144,481,21657,35407,68873,12553,True,True,0,0,0
city64-fragmented-loaded,A0,12,112.12245,87.662412,52.311603,22,132,1913651212,6.382252,1.976408,19.259853,84.503059,51.959975,11.43406,0.000193,87.468869,0.19335,644,425,1,2,3144,481,21657,35407,68873,12553,True,True,0,0,0
city64-fragmented-loaded,A0,13,104.628463,86.145541,70.703066,22,143,1913651212,6.427768,1.856461,19.250853,77.092554,52.736101,13.260733,0.000196,85.954449,0.190896,644,425,1,2,3144,481,21657,35407,68873,12553,True,True,0,0,0
city64-fragmented-loaded,A0,14,105.780514,85.522778,58.412444,22,154,1913651212,6.400962,3.633641,20.018206,75.726442,49.438498,12.111781,0.000155,85.327666,0.194957,644,425,1,2,3144,481,21657,35407,68873,12553,True,True,0,0,0
city64-fragmented-loaded,A0,15,107.075962,83.071428,52.52625,22,165,1913651212,6.402808,1.315578,19.328015,80.028753,52.171835,11.339643,0.000198,82.871373,0.199857,644,425,1,2,3144,481,21657,35407,68873,12553,True,True,0,0,0
city64-fragmented-loaded,A0,16,121.029538,77.903294,51.568677,22,176,1913651212,6.43037,1.87076,19.529527,93.198109,52.860172,11.433178,0.000191,77.723057,0.180046,644,425,1,2,3144,481,21657,35407,68873,12553,True,True,0,0,0
city64-fragmented-loaded,A0,17,111.866186,82.530305,51.400212,22,187,1913651212,6.400501,1.806243,19.202265,84.456451,52.212244,11.322658,0.000196,82.350116,0.179993,644,425,1,2,3144,481,21657,35407,68873,12553,True,True,0,0,0
city64-fragmented-loaded,A0,18,104.864857,83.048075,52.855908,22,198,1913651212,6.381066,1.834883,19.306037,77.342007,51.732483,11.58719,0.000193,82.865628,0.182254,644,425,1,2,3144,481,21657,35407,68873,12553,True,True,0,0,0
city64-fragmented-loaded,A0,19,105.317231,81.620407,55.659433,22,209,1913651212,6.389911,1.810092,19.223333,77.893059,52.554401,11.466697,0.0002,81.424454,0.195753,644,425,1,2,3144,481,21657,35407,68873,12553,True,True,0,0,0
city64-fragmented-loaded,A1,0,1077.208585,102.250294,60.295771,22,0,1913651212,8.132471,865.356358,25.800423,177.91857,49.482165,486.490486,7.5e-05,102.07495,0.175269,644,425,1,2,3144,481,21657,35407,68873,12553,True,True,0,0,0
city64-fragmented-loaded,A1,1,105.529213,88.713683,50.016848,22,11,1913651212,6.144837,2.134338,19.515119,77.734055,50.067035,11.304461,0.000131,88.569855,0.143697,644,425,1,2,3144,481,21657,35407,68873,12553,True,True,0,0,0
city64-fragmented-loaded,A1,2,102.769669,87.513662,49.525876,22,22,1913651212,6.184119,1.82233,19.261604,75.500606,50.535076,11.334495,0.000112,87.369765,0.143785,644,425,1,2,3144,481,21657,35407,68873,12553,True,True,0,0,0
city64-fragmented-loaded,A1,3,102.083896,88.679438,53.440657,22,33,1913651212,6.125445,1.740403,18.816311,75.400868,49.923195,12.159684,7.7e-05,88.528595,0.150766,644,425,1,2,3144,481,21657,35407,68873,12553,True,True,0,0,0
city64-fragmented-loaded,A1,4,102.510687,84.390748,53.496942,22,44,1913651212,6.11442,1.729463,19.002369,75.663424,51.087534,11.644681,0.00012,84.269099,0.121529,644,425,1,2,3144,481,21657,35407,68873,12553,True,True,0,0,0
city64-fragmented-loaded,A1,5,102.329345,89.916979,69.275954,22,55,1913651212,6.160198,1.80801,19.094899,75.265198,50.173887,11.383126,0.00039,89.773405,0.143184,644,425,1,2,3144,481,21657,35407,68873,12553,True,True,0,0,0
city64-fragmented-loaded,A1,6,103.494496,81.56579,58.937587,22,66,1913651212,6.126641,1.762757,19.109559,76.494466,50.230417,11.361816,0.000115,81.438792,0.126883,644,425,1,2,3144,481,21657,35407,68873,12553,True,True,0,0,0
city64-fragmented-loaded,A1,7,104.766108,85.730054,56.614259,22,77,1913651212,6.119225,1.73832,19.141943,77.765619,51.236295,15.370554,0.000109,85.577773,0.152172,644,425,1,2,3144,481,21657,35407,68873,12553,True,True,0,0,0
city64-fragmented-loaded,A1,8,120.726673,85.709881,53.334053,22,88,1913651212,6.145983,1.772848,19.200141,93.606644,51.529624,12.930715,9.8e-05,85.513684,0.196099,644,425,1,2,3144,481,21657,35407,68873,12553,True,True,0,0,0
city64-fragmented-loaded,A1,9,111.979354,86.112409,49.793291,22,99,1913651212,6.19457,1.973968,19.033638,84.776125,51.149914,11.245724,7.8e-05,85.933499,0.178832,644,425,1,2,3144,481,21657,35407,68873,12553,True,True,0,0,0
city64-fragmented-loaded,A1,10,102.043526,85.784154,52.266943,22,110,1913651212,6.137529,1.810312,18.926194,75.16815,52.080965,13.303113,0.000111,85.603708,0.180335,644,425,1,2,3144,481,21657,35407,68873,12553,True,True,0,0,0
city64-fragmented-loaded,A1,11,101.902942,87.087985,59.703036,22,121,1913651212,6.256219,1.874241,19.158743,74.612705,49.026633,14.028884,7.5e-05,86.872808,0.215102,644,425,1,2,3144,481,21657,35407,68873,12553,True,True,0,0,0
city64-fragmented-loaded,A1,12,102.707369,84.893689,53.678129,22,132,1913651212,6.291007,1.559388,19.066075,75.789888,50.741469,12.521448,7.8e-05,84.686367,0.207244,644,425,1,2,3144,481,21657,35407,68873,12553,True,True,0,0,0
city64-fragmented-loaded,A1,13,104.04104,83.355208,50.952889,22,143,1913651212,6.141644,2.219931,18.878812,76.799625,51.087669,11.601232,8.5e-05,83.174657,0.180466,644,425,1,2,3144,481,21657,35407,68873,12553,True,True,0,0,0
city64-fragmented-loaded,A1,14,119.216762,85.472277,55.486022,22,154,1913651212,6.136527,1.832222,19.145182,92.101897,51.820067,14.684263,0.000118,85.2575,0.214659,644,425,1,2,3144,481,21657,35407,68873,12553,True,True,0,0,0
city64-fragmented-loaded,A1,15,106.391447,83.511137,50.384362,22,165,1913651212,6.111858,1.792457,18.97824,79.507992,50.909547,11.571887,7.7e-05,83.303516,0.207544,644,425,1,2,3144,481,21657,35407,68873,12553,True,True,0,0,0
city64-fragmented-loaded,A1,16,103.501678,86.258615,51.503552,22,176,1913651212,6.103171,1.786584,19.003383,76.60709,52.267745,11.819389,0.000117,86.072374,0.186124,644,425,1,2,3144,481,21657,35407,68873,12553,True,True,0,0,0
city64-fragmented-loaded,A1,17,102.274235,85.038072,59.461057,22,187,1913651212,6.127055,1.812659,19.064933,75.268605,51.170959,11.290618,7.8e-05,84.850564,0.18743,644,425,1,2,3144,481,21657,35407,68873,12553,True,True,0,0,0
city64-fragmented-loaded,A1,18,106.848551,84.922868,56.864609,22,198,1913651212,6.098524,3.195325,19.386859,78.166934,50.559498,11.65875,7.8e-05,84.714495,0.208295,644,425,1,2,3144,481,21657,35407,68873,12553,True,True,0,0,0
city64-fragmented-loaded,A1,19,104.805587,88.867902,76.687501,22,209,1913651212,6.117941,1.328762,18.982165,78.37601,51.238288,20.313791,8.7e-05,88.703176,0.164639,644,425,1,2,3144,481,21657,35407,68873,12553,True,True,0,0,0
city64-late-debris,A0,0,1125.662213,150.87172,58.296268,22,0,1913651212,8.670428,890.049472,26.222704,200.71887,52.195098,547.090179,0.000175,150.560295,0.31125,948,2768,1,2,5130,772,19955,30912,94508,23594,True,True,0,0,0
city64-late-debris,A0,1,106.394472,129.475555,77.317737,22,11,1913651212,6.640442,1.885387,20.817348,77.050485,52.820545,24.191037,0.000171,129.167644,0.30774,948,2768,1,2,5130,772,19955,30912,94508,23594,True,True,0,0,0
city64-late-debris,A0,2,112.047222,121.863374,77.227074,22,22,1913651212,7.403404,1.955758,21.202106,81.484856,54.701323,29.717163,0.000198,121.674931,0.188245,948,2768,1,2,5130,772,19955,30912,94508,23594,True,True,0,0,0
city64-late-debris,A0,3,110.144826,125.291892,75.92639,22,33,1913651212,7.744443,1.884518,21.036884,79.478078,54.300541,28.545646,0.000164,125.000274,0.291454,948,2768,1,2,5130,772,19955,30912,94508,23594,True,True,0,0,0
city64-late-debris,A0,4,117.158906,122.33777,77.116804,22,44,1913651212,7.249635,1.895146,20.923184,87.090144,53.983468,28.510002,0.000174,122.046855,0.290741,948,2768,1,2,5130,772,19955,30912,94508,23594,True,True,0,0,0
city64-late-debris,A0,5,114.42385,119.858919,71.12997,22,55,1913651212,7.450487,1.888994,21.39658,83.686909,53.64018,28.948702,0.000192,119.638689,0.220038,948,2768,1,2,5130,772,19955,30912,94508,23594,True,True,0,0,0
city64-late-debris,A0,6,119.847498,127.969915,79.987869,22,66,1913651212,6.63785,1.774231,20.294319,91.140207,54.982477,28.769468,0.000161,127.705146,0.264608,948,2768,1,2,5130,772,19955,30912,94508,23594,True,True,0,0,0
city64-late-debris,A0,7,139.096807,136.12587,98.063903,22,77,1913651212,8.007944,2.038996,24.162558,104.886326,61.273617,30.709268,0.000186,135.886251,0.239433,948,2768,1,2,5130,772,19955,30912,94508,23594,True,True,0,0,0
city64-late-debris,A0,8,132.319223,124.22148,91.037645,22,88,1913651212,8.849614,3.247711,23.863724,96.357127,62.991164,27.838798,0.000185,124.008195,0.2131,948,2768,1,2,5130,772,19955,30912,94508,23594,True,True,0,0,0
city64-late-debris,A0,9,115.950555,124.238667,99.853889,22,99,1913651212,7.330152,2.051579,22.182599,84.385244,59.396568,21.471166,0.000185,124.000655,0.237827,948,2768,1,2,5130,772,19955,30912,94508,23594,True,True,0,0,0
city64-late-debris,A0,10,118.715991,130.236448,73.729959,22,110,1913651212,8.314522,2.280125,23.499951,84.620556,58.19991,28.511849,0.000192,129.976988,0.259268,948,2768,1,2,5130,772,19955,30912,94508,23594,True,True,0,0,0
city64-late-debris,A0,11,114.81399,129.910623,79.480687,22,121,1913651212,7.147111,2.08132,21.846504,83.737854,58.921632,29.75208,0.000173,129.712764,0.197686,948,2768,1,2,5130,772,19955,30912,94508,23594,True,True,0,0,0
city64-late-debris,A0,12,124.16587,138.845171,79.612983,22,132,1913651212,7.747449,2.318028,22.75536,91.344182,63.133482,29.975347,0.00022,138.640799,0.204152,948,2768,1,2,5130,772,19955,30912,94508,23594,True,True,0,0,0
city64-late-debris,A0,13,127.250434,135.516842,80.319643,22,143,1913651212,8.202889,2.010759,24.674998,92.360878,62.156354,30.493137,0.000185,135.218414,0.298243,948,2768,1,2,5130,772,19955,30912,94508,23594,True,True,0,0,0
city64-late-debris,A0,14,135.41825,131.40954,80.199318,22,154,1913651212,8.011338,2.122026,23.465414,101.818413,63.95811,30.491874,0.000201,131.184781,0.224558,948,2768,1,2,5130,772,19955,30912,94508,23594,True,True,0,0,0
city64-late-debris,A0,15,124.339436,127.07818,112.827196,22,165,1913651212,8.215888,2.089736,22.918594,91.114268,76.608589,30.646535,0.000228,126.816528,0.261424,948,2768,1,2,5130,772,19955,30912,94508,23594,True,True,0,0,0
city64-late-debris,A0,16,122.373326,133.654254,82.66027,22,176,1913651212,8.777107,1.476726,24.366132,87.751901,59.879086,30.638115,0.000197,133.42539,0.228667,948,2768,1,2,5130,772,19955,30912,94508,23594,True,True,0,0,0
city64-late-debris,A0,17,126.762411,134.065885,80.957476,22,187,1913651212,8.039793,2.088807,22.93088,93.702005,60.835879,30.037496,0.000129,133.994119,0.071637,948,2768,1,2,5130,772,19955,30912,94508,23594,True,True,0,0,0
city64-late-debris,A0,18,120.988423,133.28745,80.473104,22,198,1913651212,7.87265,2.124226,23.013955,87.976664,62.1814,31.224827,0.000186,132.991784,0.29548,948,2768,1,2,5130,772,19955,30912,94508,23594,True,True,0,0,0
city64-late-debris,A0,19,122.52704,131.635519,81.046473,22,209,1913651212,7.908576,2.105649,22.964968,89.547006,61.700246,31.451887,0.000407,131.343554,0.291558,948,2768,1,2,5130,772,19955,30912,94508,23594,True,True,0,0,0
city64-late-debris,A1,0,1113.63685,154.962436,56.958656,22,0,1913651212,8.996107,888.905305,26.858203,188.876365,52.49518,522.458616,0.000191,154.775764,0.186481,948,2768,1,2,5130,772,19955,30912,94508,23594,True,True,0,0,0
city64-late-debris,A1,1,108.505952,139.097692,77.014955,22,11,1913651212,7.145716,2.04398,20.642709,78.672449,53.777452,25.189905,0.0002,138.899104,0.198388,948,2768,1,2,5130,772,19955,30912,94508,23594,True,True,0,0,0
city64-late-debris,A1,2,114.154016,123.431248,56.100764,22,22,1913651212,6.944114,2.06503,21.037855,84.106006,52.687568,12.226681,0.000163,123.222573,0.208512,948,2768,1,2,5130,772,19955,30912,94508,23594,True,True,0,0,0
city64-late-debris,A1,3,107.520623,125.975002,55.325467,22,33,1913651212,6.351496,1.789654,19.564775,79.813477,52.658032,12.241092,0.000173,125.793813,0.181016,948,2768,1,2,5130,772,19955,30912,94508,23594,True,True,0,0,0
city64-late-debris,A1,4,107.127672,122.413749,55.705259,22,44,1913651212,6.739593,1.799832,19.537601,79.049314,53.384828,12.068439,0.000172,122.207973,0.205604,948,2768,1,2,5130,772,19955,30912,94508,23594,True,True,0,0,0
city64-late-debris,A1,5,115.422612,121.629742,57.984707,22,55,1913651212,6.346494,1.837338,19.546897,87.691065,53.2209,13.061721,0.000162,121.449536,0.180044,948,2768,1,2,5130,772,19955,30912,94508,23594,True,True,0,0,0
city64-late-debris,A1,6,108.004001,122.996923,61.676298,22,66,1913651212,6.411871,1.813822,19.753331,80.02406,53.721897,20.500221,0.000168,122.788943,0.207812,948,2768,1,2,5130,772,19955,30912,94508,23594,True,True,0,0,0
city64-late-debris,A1,7,115.279171,119.22041,70.829586,22,77,1913651212,9.753395,2.595184,21.973214,80.956376,59.447587,23.517813,0.000175,118.940946,0.279289,948,2768,1,2,5130,772,19955,30912,94508,23594,True,True,0,0,0
city64-late-debris,A1,8,128.15717,121.098359,55.129493,22,88,1913651212,6.421817,1.832075,19.388397,100.513881,57.570445,11.946648,0.000181,120.919955,0.178223,948,2768,1,2,5130,772,19955,30912,94508,23594,True,True,0,0,0
city64-late-debris,A1,9,109.617269,115.745728,59.751764,22,99,1913651212,6.395235,1.780402,19.234957,82.205493,51.661414,13.393636,0.000163,115.559548,0.186017,948,2768,1,2,5130,772,19955,30912,94508,23594,True,True,0,0,0
city64-late-debris,A1,10,106.004025,115.638869,61.232658,22,110,1913651212,6.407972,1.898776,19.302727,78.393559,52.844184,17.959855,0.000163,115.423428,0.215278,948,2768,1,2,5130,772,19955,30912,94508,23594,True,True,0,0,0
city64-late-debris,A1,11,106.421538,121.024793,67.26267,22,121,1913651212,6.387336,1.805226,19.35217,78.875629,54.131906,20.299366,0.000181,120.783585,0.241027,948,2768,1,2,5130,772,19955,30912,94508,23594,True,True,0,0,0
city64-late-debris,A1,12,106.640336,117.226607,58.783506,22,132,1913651212,6.362586,2.039305,19.177311,79.060269,52.279714,12.855974,0.000162,117.028905,0.19754,948,2768,1,2,5130,772,19955,30912,94508,23594,True,True,0,0,0
city64-late-debris,A1,13,105.848234,121.894068,56.029804,22,143,1913651212,6.40738,1.77529,19.453715,78.210616,52.753178,11.937783,0.000163,121.717741,0.176164,948,2768,1,2,5130,772,19955,30912,94508,23594,True,True,0,0,0
city64-late-debris,A1,14,105.887058,127.006769,62.634227,22,154,1913651212,6.355093,1.811202,19.338947,78.380971,53.508866,15.692121,0.000161,126.797874,0.208734,948,2768,1,2,5130,772,19955,30912,94508,23594,True,True,0,0,0
city64-late-debris,A1,15,106.716787,118.886635,60.303018,22,165,1913651212,6.362033,1.773045,19.884848,78.695947,52.779689,12.937082,0.000163,118.70339,0.183082,948,2768,1,2,5130,772,19955,30912,94508,23594,True,True,0,0,0
city64-late-debris,A1,16,109.994439,119.091119,57.133321,22,176,1913651212,6.363932,2.890677,20.017275,80.720991,53.654719,12.024392,0.000163,118.916078,0.174878,948,2768,1,2,5130,772,19955,30912,94508,23594,True,True,0,0,0
city64-late-debris,A1,17,107.34468,119.680581,62.120791,22,187,1913651212,6.36243,1.78678,19.454553,79.74001,53.436703,15.099507,0.000105,119.443958,0.236518,948,2768,1,2,5130,772,19955,30912,94508,23594,True,True,0,0,0
city64-late-debris,A1,18,107.408356,120.040604,60.186984,22,198,1913651212,6.361552,1.793485,19.364512,79.887769,53.811397,12.163689,0.000112,119.762746,0.277746,948,2768,1,2,5130,772,19955,30912,94508,23594,True,True,0,0,0
city64-late-debris,A1,19,108.936486,121.457266,59.047033,22,209,1913651212,6.510925,2.03328,19.444509,80.946681,54.59885,12.155339,0.000316,121.144804,0.312146,948,2768,1,2,5130,772,19955,30912,94508,23594,True,True,0,0,0
city64-ten-second-debris,A0,0,1091.098194,136.854479,58.102559,22,0,1913651212,8.996489,865.863162,26.719625,189.518148,52.689001,537.205041,0.0001,136.604306,0.250073,736,202,1,2,4705,823,20435,31870,17730,5190,True,True,0,0,0
city64-ten-second-debris,A0,1,107.27337,110.886894,94.703079,22,11,1913651212,6.670967,1.501365,20.631313,78.468591,52.74914,22.878126,0.000152,110.635022,0.25172,736,202,1,2,4705,823,20435,31870,17730,5190,True,True,0,0,0
city64-ten-second-debris,A0,2,112.435819,99.261148,85.371504,22,22,1913651212,8.01134,1.508942,24.169841,78.744549,51.939451,16.682358,0.000152,99.036114,0.224882,736,202,1,2,4705,823,20435,31870,17730,5190,True,True,0,0,0
city64-ten-second-debris,A0,3,109.076704,98.618639,91.34651,22,33,1913651212,7.78744,1.597137,21.146409,78.544357,51.885505,22.759295,0.000157,98.371369,0.247113,736,202,1,2,4705,823,20435,31870,17730,5190,True,True,0,0,0
city64-ten-second-debris,A0,4,120.207681,96.105691,76.709203,22,44,1913651212,8.561381,1.685802,24.166334,85.792996,57.860024,17.559201,0.000113,95.88808,0.217498,736,202,1,2,4705,823,20435,31870,17730,5190,True,True,0,0,0
city64-ten-second-debris,A0,5,118.072872,105.037271,66.324642,22,55,1913651212,7.548872,1.510473,23.25192,85.760473,58.146323,22.79194,0.00011,104.787629,0.249532,736,202,1,2,4705,823,20435,31870,17730,5190,True,True,0,0,0
city64-ten-second-debris,A0,6,118.178035,106.523997,66.217703,22,66,1913651212,7.300348,1.454462,22.15141,87.270747,58.569561,22.948505,0.000263,106.354447,0.169287,736,202,1,2,4705,823,20435,31870,17730,5190,True,True,0,0,0
city64-ten-second-debris,A0,7,117.59794,97.426934,67.139624,22,77,1913651212,7.231836,1.416412,22.184277,86.764512,60.052647,21.156184,0.00011,97.177753,0.249071,736,202,1,2,4705,823,20435,31870,17730,5190,True,True,0,0,0
city64-ten-second-debris,A0,8,115.617093,87.320122,66.867266,22,88,1913651212,7.204686,1.418466,22.354311,84.627838,59.456334,21.23642,0.00011,87.06562,0.254392,736,202,1,2,4705,823,20435,31870,17730,5190,True,True,0,0,0
city64-ten-second-debris,A0,9,115.889858,103.747546,65.124569,22,99,1913651212,6.858057,1.782891,22.135725,85.112334,59.019587,22.945367,0.000165,103.583443,0.163938,736,202,1,2,4705,823,20435,31870,17730,5190,True,True,0,0,0
city64-ten-second-debris,A0,10,116.892975,94.515597,64.648551,22,110,1913651212,6.862689,1.393468,21.948996,86.686858,59.774678,22.802355,0.000171,94.268549,0.246877,736,202,1,2,4705,823,20435,31870,17730,5190,True,True,0,0,0
city64-ten-second-debris,A0,11,116.84316,95.347659,64.971604,22,121,1913651212,6.859602,1.410602,22.385982,86.186022,59.478995,22.843668,0.000167,95.181306,0.166186,736,202,1,2,4705,823,20435,31870,17730,5190,True,True,0,0,0
city64-ten-second-debris,A0,12,116.892425,101.486721,65.494355,22,132,1913651212,7.541641,1.740596,22.273254,85.33562,60.920221,22.847723,0.000171,101.328131,0.158419,736,202,1,2,4705,823,20435,31870,17730,5190,True,True,0,0,0
city64-ten-second-debris,A0,13,115.611349,98.862473,70.83085,22,143,1913651212,6.835337,1.415879,21.980558,85.37864,59.854719,21.312091,0.000108,98.623336,0.239029,736,202,1,2,4705,823,20435,31870,17730,5190,True,True,0,0,0
city64-ten-second-debris,A0,14,116.494565,95.433483,71.722146,22,154,1913651212,6.847592,1.436929,22.265046,85.944058,61.350668,22.630928,0.00016,95.150325,0.282998,736,202,1,2,4705,823,20435,31870,17730,5190,True,True,0,0,0
city64-ten-second-debris,A0,15,115.598681,108.205248,71.545615,22,165,1913651212,6.962267,1.419209,22.165823,85.050389,59.544069,23.530658,0.000176,107.857846,0.347226,736,202,1,2,4705,823,20435,31870,17730,5190,True,True,0,0,0
city64-ten-second-debris,A0,16,117.052607,97.501067,62.313308,22,176,1913651212,6.934592,1.469197,22.38803,86.259846,60.802759,24.739513,0.000166,97.34467,0.156231,736,202,1,2,4705,823,20435,31870,17730,5190,True,True,0,0,0
city64-ten-second-debris,A0,17,116.91529,97.682873,84.698674,22,187,1913651212,7.109365,1.39444,23.45147,84.958913,57.463146,18.8782,0.000106,97.368085,0.314682,736,202,1,2,4705,823,20435,31870,17730,5190,True,True,0,0,0
city64-ten-second-debris,A0,18,117.501485,94.495625,81.353172,22,198,1913651212,7.397009,1.496719,22.3387,86.26768,58.415147,16.737453,0.00016,94.28431,0.211155,736,202,1,2,4705,823,20435,31870,17730,5190,True,True,0,0,0
city64-ten-second-debris,A0,19,116.441569,93.585912,85.942183,22,209,1913651212,7.054049,1.488502,22.295541,85.602423,57.899519,19.821005,0.000394,93.34256,0.242958,736,202,1,2,4705,823,20435,31870,17730,5190,True,True,0,0,0
city64-ten-second-debris,A1,0,1089.549965,140.173119,67.740414,22,0,1913651212,8.677538,866.711327,26.686319,187.47401,51.992015,537.500763,0.000101,139.918952,0.254066,736,202,1,2,4705,823,20435,31870,17730,5190,True,True,0,0,0
city64-ten-second-debris,A1,1,105.950272,114.014031,94.431365,22,11,1913651212,6.569095,1.311083,20.757707,77.311304,52.357484,21.237181,0.00012,113.736567,0.277344,736,202,1,2,4705,823,20435,31870,17730,5190,True,True,0,0,0
city64-ten-second-debris,A1,2,111.998995,97.836223,87.481886,22,22,1913651212,8.241834,1.544022,23.904636,78.307263,51.950961,19.243158,0.000115,97.611395,0.224713,736,202,1,2,4705,823,20435,31870,17730,5190,True,True,0,0,0
city64-ten-second-debris,A1,3,116.865155,109.387163,66.67869,22,33,1913651212,7.17053,1.355119,22.292524,86.045554,58.923917,23.426411,0.000147,109.025927,0.361089,736,202,1,2,4705,823,20435,31870,17730,5190,True,True,0,0,0
city64-ten-second-debris,A1,4,116.234954,97.611594,80.923913,22,44,1913651212,6.913753,1.373077,21.931362,86.015291,58.130706,22.042089,0.000112,97.351591,0.259891,736,202,1,2,4705,823,20435,31870,17730,5190,True,True,0,0,0
city64-ten-second-debris,A1,5,125.570038,103.732436,61.515641,22,55,1913651212,7.305404,1.950895,22.405857,93.906623,58.047986,13.119618,0.000161,103.535925,0.19635,736,202,1,2,4705,823,20435,31870,17730,5190,True,True,0,0,0
city64-ten-second-debris,A1,6,116.400181,104.624513,85.371268,22,66,1913651212,6.78813,1.407861,22.367127,85.83597,58.157369,22.801454,0.00012,104.444675,0.179718,736,202,1,2,4705,823,20435,31870,17730,5190,True,True,0,0,0
city64-ten-second-debris,A1,7,117.584072,99.813857,77.797714,22,77,1913651212,7.696394,1.577387,22.846895,85.462224,58.884349,22.671092,0.00012,99.560943,0.252794,736,202,1,2,4705,823,20435,31870,17730,5190,True,True,0,0,0
city64-ten-second-debris,A1,8,117.684228,110.57696,65.256158,22,88,1913651212,7.206988,1.456573,22.329586,86.689303,60.252808,22.69188,0.000121,110.320091,0.256748,736,202,1,2,4705,823,20435,31870,17730,5190,True,True,0,0,0
city64-ten-second-debris,A1,9,117.457905,95.177635,79.792727,22,99,1913651212,8.19828,1.544417,23.00254,84.711361,58.246229,15.978371,0.000115,94.981588,0.195932,736,202,1,2,4705,823,20435,31870,17730,5190,True,True,0,0,0
city64-ten-second-debris,A1,10,115.49363,97.291609,67.073638,22,110,1913651212,6.816446,1.467643,22.337726,84.870339,58.613602,13.158475,0.000167,97.123693,0.167749,736,202,1,2,4705,823,20435,31870,17730,5190,True,True,0,0,0
city64-ten-second-debris,A1,11,116.643646,87.944213,92.594736,22,121,1913651212,6.747247,1.985508,22.729352,85.180341,60.084647,18.72515,0.000122,87.762477,0.181614,736,202,1,2,4705,823,20435,31870,17730,5190,True,True,0,0,0
city64-ten-second-debris,A1,12,119.123111,93.890017,74.744117,22,132,1913651212,7.601071,1.808013,22.706624,87.006205,60.907569,16.617142,0.000115,93.664495,0.225407,736,202,1,2,4705,823,20435,31870,17730,5190,True,True,0,0,0
city64-ten-second-debris,A1,13,118.190411,94.750263,81.587675,22,143,1913651212,7.054192,1.520803,23.541731,86.072606,60.647358,16.743714,0.000117,94.519645,0.230501,736,202,1,2,4705,823,20435,31870,17730,5190,True,True,0,0,0
city64-ten-second-debris,A1,14,116.336986,93.759389,90.045764,22,154,1913651212,7.375369,1.778131,22.734089,84.448,59.5205,18.745623,0.000168,93.602576,0.156645,736,202,1,2,4705,823,20435,31870,17730,5190,True,True,0,0,0
city64-ten-second-debris,A1,15,115.302205,94.550291,61.582873,22,165,1913651212,7.192982,1.423637,22.16276,84.52155,59.533203,14.555988,0.00012,94.350263,0.199908,736,202,1,2,4705,823,20435,31870,17730,5190,True,True,0,0,0
city64-ten-second-debris,A1,16,115.992222,96.530609,67.938127,22,176,1913651212,6.941082,1.431186,22.185735,85.43302,59.445189,20.092164,0.00012,96.296571,0.233918,736,202,1,2,4705,823,20435,31870,17730,5190,True,True,0,0,0
city64-ten-second-debris,A1,17,117.918808,95.719473,86.528574,22,187,1913651212,6.825317,1.726656,22.492713,86.872917,60.669479,20.779627,8.7e-05,95.477544,0.241842,736,202,1,2,4705,823,20435,31870,17730,5190,True,True,0,0,0
city64-ten-second-debris,A1,18,114.709855,92.518403,70.748701,22,198,1913651212,7.380701,1.474868,22.187144,83.665713,58.368596,15.266857,0.000118,92.302797,0.215488,736,202,1,2,4705,823,20435,31870,17730,5190,True,True,0,0,0
city64-ten-second-debris,A1,19,116.529747,80.931097,53.095704,22,209,1913651212,6.872501,1.469577,22.298031,85.888549,60.880189,13.000002,0.000123,80.757488,0.173486,736,202,1,2,4705,823,20435,31870,17730,5190,True,True,0,0,0
city256-intact-idle,A0,0,1878.265176,76.775871,126.938419,22,0,2771025932,52.797286,1296.554021,96.28118,432.631855,191.083646,1400.286044,0.000154,76.473872,0.301845,88,0,0,1,256,256,97280,200704,0,0,True,True,0,0,0
city256-intact-idle,A0,1,366.067785,59.962512,139.595755,22,11,2771025932,25.321342,2.191653,78.42338,260.130216,173.451661,41.316536,0.000116,59.819764,0.142632,88,0,0,1,256,256,97280,200704,0,0,True,True,0,0,0
city256-intact-idle,A0,2,365.677146,62.509825,126.662151,22,22,2771025932,25.256622,2.196486,75.482434,262.740161,171.82318,41.717573,0.000113,62.292562,0.21715,88,0,0,1,256,256,97280,200704,0,0,True,True,0,0,0
city256-intact-idle,A0,3,360.580849,66.814861,126.100635,22,33,2771025932,25.257602,2.278119,75.162498,257.88152,172.77039,41.624915,0.000149,66.576816,0.237896,88,0,0,1,256,256,97280,200704,0,0,True,True,0,0,0
city256-intact-idle,A0,4,359.249458,61.660005,126.25184,22,44,2771025932,25.470358,2.209463,77.115068,254.453352,172.927069,42.096035,0.00016,61.40883,0.251015,88,0,0,1,256,256,97280,200704,0,0,True,True,0,0,0
city256-intact-idle,A0,5,359.091767,65.134478,126.270771,22,55,2771025932,25.307419,2.287206,77.394003,254.101953,176.829085,40.944205,0.000115,64.967904,0.166459,88,0,0,1,256,256,97280,200704,0,0,True,True,0,0,0
city256-intact-idle,A0,6,361.104938,56.555572,128.491637,22,66,2771025932,25.300254,2.295933,77.546868,255.960755,175.258675,40.949469,0.000155,56.354406,0.201011,88,0,0,1,256,256,97280,200704,0,0,True,True,0,0,0
city256-intact-idle,A0,7,357.093565,57.799675,128.010972,22,77,2771025932,26.449554,2.355203,75.847676,252.43993,177.55095,40.80709,0.00013,57.581312,0.218233,88,0,0,1,256,256,97280,200704,0,0,True,True,0,0,0
city256-intact-idle,A0,8,358.347832,58.714364,131.25263,22,88,2771025932,28.065605,2.475573,77.970523,249.835046,183.071159,41.01459,0.000126,58.574031,0.140207,88,0,0,1,256,256,97280,200704,0,0,True,True,0,0,0
city256-intact-idle,A0,9,358.752868,58.105192,132.67704,22,99,2771025932,25.933835,2.241227,77.145638,253.430588,180.229702,40.881717,0.000114,57.885,0.220078,88,0,0,1,256,256,97280,200704,0,0,True,True,0,0,0
city256-intact-idle,A0,10,361.694835,59.367184,141.167842,22,110,2771025932,25.447612,3.032931,79.869364,253.343893,179.214157,41.145712,0.000113,59.128938,0.238133,88,0,0,1,256,256,97280,200704,0,0,True,True,0,0,0
city256-intact-idle,A0,11,371.903969,58.557322,153.665706,22,121,2771025932,25.552459,2.895881,78.250842,265.203678,180.270846,43.769278,0.000123,58.333643,0.223556,88,0,0,1,256,256,97280,200704,0,0,True,True,0,0,0
city256-intact-idle,A0,12,369.958249,59.259283,130.208126,22,132,2771025932,25.455569,1.758949,78.75785,263.984774,178.044275,42.138393,0.000151,59.04377,0.215362,88,0,0,1,256,256,97280,200704,0,0,True,True,0,0,0
city256-intact-idle,A0,13,374.167168,64.035376,129.657174,22,143,2771025932,25.39419,2.287316,76.47482,270.009796,178.804596,41.763167,0.000177,63.711909,0.32329,88,0,0,1,256,256,97280,200704,0,0,True,True,0,0,0
city256-intact-idle,A0,14,366.193993,65.228456,131.969061,22,154,2771025932,29.369118,2.531835,79.995296,254.296189,179.63586,42.32267,0.000161,64.86103,0.367265,88,0,0,1,256,256,97280,200704,0,0,True,True,0,0,0
city256-intact-idle,A0,15,405.107971,61.093987,138.386621,22,165,2771025932,39.486454,3.846802,98.252014,263.521535,195.939999,40.956408,0.000131,60.751992,0.341864,88,0,0,1,256,256,97280,200704,0,0,True,True,0,0,0
city256-intact-idle,A0,16,394.217879,57.398543,132.5647,22,176,2771025932,25.646025,3.055014,77.584952,287.930762,176.487336,42.040089,0.000116,57.029067,0.36936,88,0,0,1,256,256,97280,200704,0,0,True,True,0,0,0
city256-intact-idle,A0,17,376.677334,60.224065,131.870592,22,187,2771025932,25.912212,2.318532,76.288488,272.157055,183.451659,43.011699,0.000119,59.877842,0.346104,88,0,0,1,256,256,97280,200704,0,0,True,True,0,0,0
city256-intact-idle,A0,18,375.3668,56.037821,141.996194,22,198,2771025932,25.569222,2.486464,82.376407,264.933668,178.904852,41.741555,0.000176,55.692363,0.345282,88,0,0,1,256,256,97280,200704,0,0,True,True,0,0,0
city256-intact-idle,A0,19,370.158149,48.987585,134.040151,22,209,2771025932,25.545936,2.292003,78.686379,263.632529,181.15881,41.139566,0.000175,48.669799,0.317611,88,0,0,1,256,256,97280,200704,0,0,True,True,0,0,0
city256-intact-idle,A1,0,1835.849129,81.674489,121.35909,22,0,2771025932,51.818815,1259.186678,95.401773,429.440817,191.604151,1393.774365,0.000165,81.434219,0.240105,88,0,0,1,256,256,97280,200704,0,0,True,True,0,0,0
city256-intact-idle,A1,1,357.327407,66.441877,128.795548,22,11,2771025932,24.542852,2.219151,76.608449,253.955965,169.281491,49.334834,0.000144,66.252912,0.188821,88,0,0,1,256,256,97280,200704,0,0,True,True,0,0,0
city256-intact-idle,A1,2,355.74183,67.922035,124.211976,22,22,2771025932,24.243415,2.216445,73.511336,255.769146,176.399529,46.971973,0.000145,67.675431,0.246459,88,0,0,1,256,256,97280,200704,0,0,True,True,0,0,0
city256-intact-idle,A1,3,351.970788,58.766165,127.719887,22,33,2771025932,24.632464,2.125172,73.331935,251.880266,175.219172,42.762743,0.000156,58.513943,0.252066,88,0,0,1,256,256,97280,200704,0,0,True,True,0,0,0
city256-intact-idle,A1,4,351.26267,61.284944,122.976978,22,44,2771025932,24.440384,1.680191,76.374031,248.767095,171.297507,44.846166,0.000155,61.097517,0.187272,88,0,0,1,256,256,97280,200704,0,0,True,True,0,0,0
city256-intact-idle,A1,5,348.433954,62.800622,122.954725,22,55,2771025932,24.60112,2.22645,73.268871,248.336487,170.883424,40.906137,0.000149,62.577759,0.222714,88,0,0,1,256,256,97280,200704,0,0,True,True,0,0,0
city256-intact-idle,A1,6,357.377877,59.048935,130.262771,22,66,2771025932,24.563812,2.256772,79.466503,251.089817,174.742349,41.981453,0.000445,58.768578,0.279912,88,0,0,1,256,256,97280,200704,0,0,True,True,0,0,0
city256-intact-idle,A1,7,352.970099,55.416035,124.360992,22,77,2771025932,24.572917,2.247679,75.416622,250.731806,171.315912,41.635276,0.000152,55.180721,0.235162,88,0,0,1,256,256,97280,200704,0,0,True,True,0,0,0
city256-intact-idle,A1,8,362.961117,63.406984,122.53594,22,88,2771025932,29.923364,2.238992,76.641045,254.15669,172.630746,41.024337,0.000149,63.222161,0.184674,88,0,0,1,256,256,97280,200704,0,0,True,True,0,0,0
city256-intact-idle,A1,9,349.659863,61.901519,123.126378,22,99,2771025932,24.55052,2.243486,74.954557,247.910343,175.823485,41.603818,0.000155,61.696027,0.205337,88,0,0,1,256,256,97280,200704,0,0,True,True,0,0,0
city256-intact-idle,A1,10,348.352483,47.384776,126.177494,22,110,2771025932,24.953609,2.198149,73.65236,247.547376,176.587493,40.357002,0.000417,47.154386,0.229973,88,0,0,1,256,256,97280,200704,0,0,True,True,0,0,0
city256-intact-idle,A1,11,351.986298,59.577065,122.391677,22,121,2771025932,25.803843,2.297523,73.219539,250.664399,176.940687,42.855232,0.000154,59.297332,0.279579,88,0,0,1,256,256,97280,200704,0,0,True,True,0,0,0
city256-intact-idle,A1,12,349.929483,64.538221,124.424614,22,132,2771025932,26.185827,2.212084,73.822293,247.708271,179.569865,41.518226,0.000155,64.333479,0.204587,88,0,0,1,256,256,97280,200704,0,0,True,True,0,0,0
city256-intact-idle,A1,13,349.945375,60.476527,126.612134,22,143,2771025932,24.633984,2.168991,73.642281,249.499136,176.176634,40.237566,0.00016,60.292462,0.183905,88,0,0,1,256,256,97280,200704,0,0,True,True,0,0,0
city256-intact-idle,A1,14,347.41725,62.86055,128.899668,22,154,2771025932,24.815886,1.701739,73.69679,247.201899,173.773528,40.465816,0.000154,62.569201,0.291195,88,0,0,1,256,256,97280,200704,0,0,True,True,0,0,0
city256-intact-idle,A1,15,356.623198,60.432707,135.265192,22,165,2771025932,25.515585,3.868335,79.282901,247.955607,175.103825,40.321412,0.000406,60.214573,0.217728,88,0,0,1,256,256,97280,200704,0,0,True,True,0,0,0
city256-intact-idle,A1,16,359.744304,58.941279,139.460651,22,176,2771025932,25.058362,2.172127,73.560237,258.952357,179.553299,41.222973,0.000151,58.716502,0.224626,88,0,0,1,256,256,97280,200704,0,0,True,True,0,0,0
city256-intact-idle,A1,17,354.188722,57.018931,146.548046,22,187,2771025932,24.541064,2.260817,73.651444,253.73453,176.481981,40.855471,0.000151,56.698987,0.319793,88,0,0,1,256,256,97280,200704,0,0,True,True,0,0,0
city256-intact-idle,A1,18,367.031386,57.725952,126.136343,22,198,2771025932,24.47414,2.448466,72.622805,267.485024,182.11604,40.326294,0.000156,57.415041,0.310755,88,0,0,1,256,256,97280,200704,0,0,True,True,0,0,0
city256-intact-idle,A1,19,363.855577,48.904579,152.152392,22,209,2771025932,24.609495,2.318376,72.932819,263.993716,175.054853,41.333469,0.000152,48.592178,0.312249,88,0,0,1,256,256,97280,200704,0,0,True,True,0,0,0
city256-airborne,A0,0,1832.73612,71.642478,142.021938,22,0,2771025932,52.075938,1253.984177,92.106591,434.568493,188.023831,1397.301216,0.000147,71.437402,0.204929,88,0,0,1,256,256,97280,200704,0,0,True,True,0,0,0
city256-airborne,A0,1,364.298085,65.24107,127.174105,22,11,2771025932,24.43134,2.237128,75.249419,262.378709,172.518326,43.53535,0.000121,65.02376,0.217189,88,0,0,1,256,256,97280,200704,0,0,True,True,0,0,0
city256-airborne,A0,2,357.659072,62.358816,126.718398,22,22,2771025932,24.434371,2.213299,74.469118,256.54137,171.739621,43.517555,0.000121,62.121737,0.236958,88,0,0,1,256,256,97280,200704,0,0,True,True,0,0,0
city256-airborne,A0,3,360.723442,67.301403,124.262994,22,33,2771025932,24.53566,2.132583,73.075009,260.979309,172.640673,42.968834,0.000136,67.074577,0.22669,88,0,0,1,256,256,97280,200704,0,0,True,True,0,0,0
city256-airborne,A0,4,352.157825,62.364677,125.939889,22,44,2771025932,24.777647,2.262823,72.584867,252.531585,172.323081,43.06298,0.000121,62.144457,0.220099,88,0,0,1,256,256,97280,200704,0,0,True,True,0,0,0
city256-airborne,A0,5,354.608995,61.694617,126.003594,22,55,2771025932,25.552124,2.169078,73.824511,253.062262,178.598584,43.938133,0.000125,61.482351,0.212141,88,0,0,1,256,256,97280,200704,0,0,True,True,0,0,0
city256-airborne,A0,6,352.2652,60.49487,124.803051,22,66,2771025932,25.277779,2.301203,72.930891,251.75434,172.622164,43.567949,0.00012,60.292899,0.201851,88,0,0,1,256,256,97280,200704,0,0,True,True,0,0,0
city256-airborne,A0,7,356.923303,67.848802,132.533229,22,77,2771025932,24.721703,2.29396,73.397516,256.508969,184.127974,43.399735,0.000124,67.605687,0.242991,88,0,0,1,256,256,97280,200704,0,0,True,True,0,0,0
city256-airborne,A0,8,352.283802,60.417807,128.231605,22,88,2771025932,24.8154,2.310808,75.939464,249.217274,179.186231,43.41083,0.000137,60.219731,0.197939,88,0,0,1,256,256,97280,200704,0,0,True,True,0,0,0
city256-airborne,A0,9,356.321935,63.991958,127.851366,22,99,2771025932,25.561001,2.765661,74.699084,253.2952,186.86908,46.356243,0.000125,63.680194,0.311639,88,0,0,1,256,256,97280,200704,0,0,True,True,0,0,0
city256-airborne,A0,10,349.719605,68.362497,138.153269,22,110,2771025932,25.274391,2.324437,74.991202,247.128623,179.540923,49.900895,0.000125,68.187098,0.175274,88,0,0,1,256,256,97280,200704,0,0,True,True,0,0,0
city256-airborne,A0,11,358.275741,76.17888,150.301844,22,121,2771025932,24.542912,2.335982,74.268636,257.127284,181.247832,51.970498,0.000121,75.824207,0.354552,88,0,0,1,256,256,97280,200704,0,0,True,True,0,0,0
city256-airborne,A0,12,365.291957,82.020996,135.611955,22,132,2771025932,24.601795,2.315809,73.680673,264.692705,228.202068,59.432475,0.000123,81.8249,0.195973,88,0,0,1,256,256,97280,200704,0,0,True,True,0,0,0
city256-airborne,A0,13,383.235708,56.744057,188.123598,22,143,2771025932,26.531216,2.413414,80.772945,273.517077,185.987991,44.692035,0.000118,56.527331,0.216608,88,0,0,1,256,256,97280,200704,0,0,True,True,0,0,0
city256-airborne,A0,14,401.306509,63.28838,136.103598,22,154,2771025932,29.163842,1.784194,87.344544,283.012849,177.040532,43.615368,0.000147,63.090584,0.197649,88,0,0,1,256,256,97280,200704,0,0,True,True,0,0,0
city256-airborne,A0,15,362.272686,62.84391,150.96263,22,165,2771025932,26.230831,1.700378,76.007136,258.333097,181.69484,45.885348,0.000121,62.637149,0.20664,88,0,0,1,256,256,97280,200704,0,0,True,True,0,0,0
city256-airborne,A0,16,380.155825,63.755229,136.026814,22,176,2771025932,29.392998,2.446624,78.737981,269.577321,177.50929,44.846983,0.000123,63.528175,0.226931,88,0,0,1,256,256,97280,200704,0,0,True,True,0,0,0
city256-airborne,A0,17,366.279781,63.142778,133.491553,22,187,2771025932,25.360377,2.288832,74.94574,263.683754,183.913045,44.734427,0.000122,62.894519,0.248137,88,0,0,1,256,256,97280,200704,0,0,True,True,0,0,0
city256-airborne,A0,18,364.551596,64.778512,138.289114,22,198,2771025932,25.637664,2.416998,77.72914,258.766641,182.666775,45.223133,0.000118,64.56569,0.212704,88,0,0,1,256,256,97280,200704,0,0,True,True,0,0,0
city256-airborne,A0,19,367.724001,63.865288,132.36824,22,209,2771025932,25.907019,2.307732,78.654458,260.853491,182.750659,44.854163,0.000122,63.634644,0.230522,88,0,0,1,256,256,97280,200704,0,0,True,True,0,0,0
city256-airborne,A1,0,1826.135092,69.384256,122.145768,22,0,2771025932,51.283963,1253.712,94.028918,427.109289,189.555854,1392.056714,0.000194,69.23042,0.153642,88,0,0,1,256,256,97280,200704,0,0,True,True,0,0,0
city256-airborne,A1,1,359.393507,69.969705,126.617469,22,11,2771025932,24.771102,2.122799,75.843979,256.654515,168.31161,43.387921,0.000165,69.798412,0.171128,88,0,0,1,256,256,97280,200704,0,0,True,True,0,0,0
city256-airborne,A1,2,361.77101,58.989783,126.185925,22,22,2771025932,24.74904,2.263199,72.640612,262.117055,174.603294,43.18818,0.000154,58.770299,0.21933,88,0,0,1,256,256,97280,200704,0,0,True,True,0,0,0
city256-airborne,A1,3,355.986003,60.179936,125.976444,22,33,2771025932,24.79233,2.298285,73.650612,255.243748,172.152269,42.931999,0.000169,59.983761,0.196006,88,0,0,1,256,256,97280,200704,0,0,True,True,0,0,0
city256-airborne,A1,4,365.331469,71.862201,123.309835,22,44,2771025932,25.057859,2.496099,74.106462,263.669805,173.060945,43.577731,0.000161,71.609742,0.252298,88,0,0,1,256,256,97280,200704,0,0,True,True,0,0,0
city256-airborne,A1,5,353.673349,78.017961,124.116666,22,55,2771025932,24.614022,2.22775,74.987595,251.842652,172.14262,43.201696,0.000166,77.78491,0.232885,88,0,0,1,256,256,97280,200704,0,0,True,True,0,0,0
city256-airborne,A1,6,354.695414,72.025233,126.932002,22,66,2771025932,24.80073,2.22931,74.636146,253.02818,177.223751,46.554408,0.000157,71.759523,0.265553,88,0,0,1,256,256,97280,200704,0,0,True,True,0,0,0
city256-airborne,A1,7,352.551168,59.970939,125.934565,22,77,2771025932,24.704636,2.241477,74.9077,250.696276,176.792083,44.369745,0.000163,58.757293,1.213483,88,0,0,1,256,256,97280,200704,0,0,True,True,0,0,0
city256-airborne,A1,8,353.589139,67.927947,124.281195,22,88,2771025932,24.663601,2.163754,74.914552,251.8458,176.09059,43.330164,0.000117,67.594552,0.333278,88,0,0,1,256,256,97280,200704,0,0,True,True,0,0,0
city256-airborne,A1,9,350.452619,61.201996,125.112825,22,99,2771025932,26.25115,2.262016,75.503971,246.434033,175.888479,43.859096,0.000147,60.864563,0.337286,88,0,0,1,256,256,97280,200704,0,0,True,True,0,0,0
city256-airborne,A1,10,350.439295,57.958177,123.156388,22,110,2771025932,24.95969,2.19366,73.586152,249.69885,178.096688,43.833144,0.000114,57.630069,0.327994,88,0,0,1,256,256,97280,200704,0,0,True,True,0,0,0
city256-airborne,A1,11,349.198246,62.626751,124.630469,22,121,2771025932,25.432604,2.335927,73.24526,248.183472,176.262441,42.992081,0.000132,62.341818,0.284801,88,0,0,1,256,256,97280,200704,0,0,True,True,0,0,0
city256-airborne,A1,12,345.166341,61.690885,123.392177,22,132,2771025932,24.835823,2.318268,72.830207,245.18084,174.991331,44.212458,0.00028,61.390038,0.300567,88,0,0,1,256,256,97280,200704,0,0,True,True,0,0,0
city256-airborne,A1,13,345.644146,65.269562,126.174684,22,143,2771025932,24.730342,2.097217,73.149074,245.666499,175.861803,42.918004,0.000118,64.97626,0.293184,88,0,0,1,256,256,97280,200704,0,0,True,True,0,0,0
city256-airborne,A1,14,348.032175,66.856233,138.122075,22,154,2771025932,24.726239,1.742618,74.098053,247.464313,174.627919,45.133825,0.000152,66.555335,0.300746,88,0,0,1,256,256,97280,200704,0,0,True,True,0,0,0
city256-airborne,A1,15,347.131729,61.456258,135.747416,22,165,2771025932,24.873835,2.225553,73.886766,246.144354,175.154115,43.054762,0.00015,61.18747,0.268638,88,0,0,1,256,256,97280,200704,0,0,True,True,0,0,0
city256-airborne,A1,16,364.339258,72.538562,148.214876,22,176,2771025932,24.781619,2.271833,73.270363,264.013846,176.105712,46.009409,0.000151,72.201212,0.337199,88,0,0,1,256,256,97280,200704,0,0,True,True,0,0,0
city256-airborne,A1,17,368.660481,62.7032,129.786369,22,187,2771025932,25.443569,2.354963,73.992472,266.868389,174.496959,43.978914,0.000151,62.523972,0.179077,88,0,0,1,256,256,97280,200704,0,0,True,True,0,0,0
city256-airborne,A1,18,360.545408,68.461102,125.125497,22,198,2771025932,25.704584,2.371667,73.481052,258.987126,177.419127,43.613309,0.000153,68.161318,0.299631,88,0,0,1,256,256,97280,200704,0,0,True,True,0,0,0
city256-airborne,A1,19,348.055591,60.292658,129.835699,22,209,2771025932,24.796081,2.201716,73.762641,247.293811,174.855827,44.00851,0.000156,60.013381,0.279121,88,0,0,1,256,256,97280,200704,0,0,True,True,0,0,0
city256-initial-impact,A0,0,1842.153125,230.535078,148.813706,22,0,2771025932,51.000149,1255.469894,92.915559,442.766568,188.453738,1640.35227,0.000112,230.303724,0.231242,312,34802,1,2,5417,776,92639,165902,42625,6310,True,True,0,0,0
city256-initial-impact,A0,1,346.91005,224.93797,155.551604,22,11,2771025932,24.459249,2.146929,76.462552,243.840408,167.39226,60.946628,0.000115,224.702171,0.235684,312,34802,1,2,5417,776,92639,165902,42625,6310,True,True,0,0,0
city256-initial-impact,A0,2,348.065741,214.70975,155.213751,22,22,2771025932,24.47707,1.659359,73.631399,248.296848,170.78651,54.808913,0.00012,214.459899,0.249731,312,34802,1,2,5417,776,92639,165902,42625,6310,True,True,0,0,0
city256-initial-impact,A0,3,372.433302,219.673999,156.005412,22,33,2771025932,24.614392,2.140595,75.811068,269.866223,173.451043,54.614382,0.000161,219.436754,0.237084,312,34802,1,2,5417,776,92639,165902,42625,6310,True,True,0,0,0
city256-initial-impact,A0,4,349.016476,217.06213,156.231242,22,44,2771025932,24.650556,1.673654,73.633012,249.058253,176.314034,64.349778,0.000113,216.842499,0.219518,312,34802,1,2,5417,776,92639,165902,42625,6310,True,True,0,0,0
city256-initial-impact,A0,5,355.89416,234.849371,160.173474,22,55,2771025932,25.293746,2.206962,74.790075,253.602515,177.376846,63.974047,8e-05,234.589738,0.259553,312,34802,1,2,5417,776,92639,165902,42625,6310,True,True,0,0,0
city256-initial-impact,A0,6,349.614239,232.659659,156.690972,22,66,2771025932,24.841421,3.217891,74.663453,246.890566,174.996002,64.690457,0.000113,232.410835,0.248711,312,34802,1,2,5417,776,92639,165902,42625,6310,True,True,0,0,0
city256-initial-impact,A0,7,355.797797,217.72964,183.685796,22,77,2771025932,24.490599,2.155081,74.796487,254.354299,175.426298,64.240159,0.000132,217.429286,0.300222,312,34802,1,2,5417,776,92639,165902,42625,6310,True,True,0,0,0
city256-initial-impact,A0,8,368.019714,233.4042,164.729667,22,88,2771025932,24.254929,1.633836,73.539486,268.590482,178.876017,64.367887,0.000173,233.194337,0.20969,312,34802,1,2,5417,776,92639,165902,42625,6310,True,True,0,0,0
city256-initial-impact,A0,9,349.884408,220.435909,167.330502,22,99,2771025932,24.525417,1.725365,75.137855,248.49469,177.397947,58.970521,0.000118,220.192347,0.243444,312,34802,1,2,5417,776,92639,165902,42625,6310,True,True,0,0,0
city256-initial-impact,A0,10,377.362886,222.927318,169.655962,22,110,2771025932,26.452686,2.368525,84.087709,264.452952,174.426227,58.894352,0.000117,222.72601,0.201191,312,34802,1,2,5417,776,92639,165902,42625,6310,True,True,0,0,0
city256-initial-impact,A0,11,365.002417,232.076822,157.720538,22,121,2771025932,24.404667,2.238549,73.754141,264.604117,175.154576,63.863511,0.000118,231.872468,0.204236,312,34802,1,2,5417,776,92639,165902,42625,6310,True,True,0,0,0
city256-initial-impact,A0,12,348.954024,231.152893,156.601545,22,132,2771025932,24.426087,1.804123,73.729255,248.993586,175.429041,64.210841,0.000118,230.89713,0.255645,312,34802,1,2,5417,776,92639,165902,42625,6310,True,True,0,0,0
city256-initial-impact,A0,13,350.661462,232.825091,177.451823,22,143,2771025932,24.696605,2.110185,74.61426,249.239181,174.170356,63.859096,0.000194,232.611998,0.212899,312,34802,1,2,5417,776,92639,165902,42625,6310,True,True,0,0,0
city256-initial-impact,A0,14,365.695183,216.820626,153.03164,22,154,2771025932,24.85026,2.243238,73.521779,265.078949,175.209999,46.452353,0.000115,216.592118,0.228393,312,34802,1,2,5417,776,92639,165902,42625,6310,True,True,0,0,0
city256-initial-impact,A0,15,346.107178,223.896313,152.525506,22,165,2771025932,24.538498,2.222184,74.23976,245.105831,173.525517,57.895529,0.000123,223.678599,0.217591,312,34802,1,2,5417,776,92639,165902,42625,6310,True,True,0,0,0
city256-initial-impact,A0,16,357.702446,227.011138,177.600627,22,176,2771025932,25.549269,2.245623,74.015965,255.890624,174.184902,56.833533,0.000127,226.794099,0.216912,312,34802,1,2,5417,776,92639,165902,42625,6310,True,True,0,0,0
city256-initial-impact,A0,17,374.556715,200.066772,156.377075,22,187,2771025932,24.850106,1.660888,76.836241,271.208273,180.076629,49.600141,0.000118,199.817649,0.249005,312,34802,1,2,5417,776,92639,165902,42625,6310,True,True,0,0,0
city256-initial-impact,A0,18,355.693735,214.936236,156.139984,22,198,2771025932,25.864242,3.567379,76.141109,250.119957,182.158185,56.360704,0.000119,214.734159,0.201958,312,34802,1,2,5417,776,92639,165902,42625,6310,True,True,0,0,0
city256-initial-impact,A0,19,360.193727,206.353992,165.600701,22,209,2771025932,25.081567,2.20406,76.962772,255.944433,180.731138,63.844133,0.000113,206.088398,0.265481,312,34802,1,2,5417,776,92639,165902,42625,6310,True,True,0,0,0
city256-initial-impact,A1,0,1844.478609,236.11932,146.099816,22,0,2771025932,52.019692,1264.653912,94.329608,433.474583,198.656111,1706.923685,0.000125,235.881488,0.237707,312,34802,1,2,5417,776,92639,165902,42625,6310,True,True,0,0,0
city256-initial-impact,A1,1,339.439207,248.62941,176.679575,22,11,2771025932,24.961281,2.117442,76.41892,235.940624,169.580169,56.462308,0.000173,248.457866,0.171371,312,34802,1,2,5417,776,92639,165902,42625,6310,True,True,0,0,0
city256-initial-impact,A1,2,370.554828,207.913772,150.75032,22,22,2771025932,24.393027,1.64791,72.993363,271.519571,171.045488,44.752478,0.000118,207.70092,0.212734,312,34802,1,2,5417,776,92639,165902,42625,6310,True,True,0,0,0
city256-initial-impact,A1,3,358.665481,214.737534,156.009328,22,33,2771025932,25.42692,2.21903,77.360943,253.65729,176.623999,44.806484,0.000171,214.561989,0.175374,312,34802,1,2,5417,776,92639,165902,42625,6310,True,True,0,0,0
city256-initial-impact,A1,4,362.457371,218.097646,156.352091,22,44,2771025932,24.511468,2.176706,77.117329,258.650881,176.634526,58.074979,0.000122,217.7808,0.316724,312,34802,1,2,5417,776,92639,165902,42625,6310,True,True,0,0,0
city256-initial-impact,A1,5,347.838274,211.802486,153.944097,22,55,2771025932,25.425399,2.957605,73.162582,246.291563,171.872903,54.83282,0.00012,211.541882,0.260484,312,34802,1,2,5417,776,92639,165902,42625,6310,True,True,0,0,0
city256-initial-impact,A1,6,349.576292,202.83036,164.621034,22,66,2771025932,27.079492,2.270254,72.986302,247.239106,170.157658,44.113879,0.000123,202.603741,0.226496,312,34802,1,2,5417,776,92639,165902,42625,6310,True,True,0,0,0
city256-initial-impact,A1,7,353.853713,212.104329,155.911644,22,77,2771025932,27.315166,2.255584,73.661338,250.620683,175.055532,48.866813,0.000125,211.902101,0.202103,312,34802,1,2,5417,776,92639,165902,42625,6310,True,True,0,0,0
city256-initial-impact,A1,8,344.453799,203.700029,167.469546,22,88,2771025932,24.459354,1.621712,73.18148,245.190333,173.347705,42.910662,0.000118,203.527354,0.172557,312,34802,1,2,5417,776,92639,165902,42625,6310,True,True,0,0,0
city256-initial-impact,A1,9,357.865078,225.927263,187.252294,22,99,2771025932,24.314876,2.161222,73.805869,257.582141,176.943207,61.592921,0.00011,225.716881,0.210272,312,34802,1,2,5417,776,92639,165902,42625,6310,True,True,0,0,0
city256-initial-impact,A1,10,384.990057,202.548078,153.754644,22,110,2771025932,28.262221,2.359414,81.182573,273.184706,191.884351,45.356837,0.000184,202.380444,0.16745,312,34802,1,2,5417,776,92639,165902,42625,6310,True,True,0,0,0
city256-initial-impact,A1,11,348.516143,184.473224,154.783236,22,121,2771025932,24.604139,2.616457,73.755857,247.538372,176.545457,43.333503,0.000123,184.313857,0.159244,312,34802,1,2,5417,776,92639,165902,42625,6310,True,True,0,0,0
city256-initial-impact,A1,12,352.02038,199.148924,153.114232,22,132,2771025932,25.152161,2.409747,79.686623,244.770871,176.374115,43.545999,0.000115,198.945296,0.203513,312,34802,1,2,5417,776,92639,165902,42625,6310,True,True,0,0,0
city256-initial-impact,A1,13,356.587192,208.322822,158.061089,22,143,2771025932,24.60481,2.292298,77.754674,251.934368,174.987434,44.261308,0.000115,208.104446,0.218261,312,34802,1,2,5417,776,92639,165902,42625,6310,True,True,0,0,0
city256-initial-impact,A1,14,356.430831,194.806372,152.859525,22,154,2771025932,25.049178,3.941229,74.305043,253.134278,179.343735,43.966804,0.000119,194.611453,0.1948,312,34802,1,2,5417,776,92639,165902,42625,6310,True,True,0,0,0
city256-initial-impact,A1,15,349.309005,246.248172,164.538141,22,165,2771025932,25.303294,2.198903,74.932283,246.873357,174.852382,64.95724,0.000114,246.001051,0.247007,312,34802,1,2,5417,776,92639,165902,42625,6310,True,True,0,0,0
city256-initial-impact,A1,16,364.673622,200.887458,153.354653,22,176,2771025932,24.611024,2.294519,73.861032,263.906089,173.970958,43.330499,0.000175,200.68957,0.197713,312,34802,1,2,5417,776,92639,165902,42625,6310,True,True,0,0,0
city256-initial-impact,A1,17,360.692203,197.689963,162.290015,22,187,2771025932,24.71299,3.247565,73.189719,259.540873,175.205681,45.199916,0.000115,197.484467,0.205381,312,34802,1,2,5417,776,92639,165902,42625,6310,True,True,0,0,0
city256-initial-impact,A1,18,360.63777,224.462518,171.342362,22,198,2771025932,28.663946,2.320032,74.826942,254.825753,175.443717,62.583702,0.000118,224.193964,0.268436,312,34802,1,2,5417,776,92639,165902,42625,6310,True,True,0,0,0
city256-initial-impact,A1,19,361.539881,210.529135,156.978744,22,209,2771025932,25.596283,2.47571,77.926509,255.540156,177.487273,47.250081,0.000119,210.318742,0.210274,312,34802,1,2,5417,776,92639,165902,42625,6310,True,True,0,0,0
city256-post-impact,A0,0,1900.892782,185.274465,137.731525,22,0,2771025932,55.119206,1310.269797,96.399629,439.103218,218.038564,1827.524757,0.000158,185.049529,0.224778,332,0,0,1,5204,520,92596,172108,49093,11093,True,True,0,0,0
city256-post-impact,A0,1,385.148682,139.067167,159.33039,22,11,2771025932,26.343518,2.299673,79.294455,277.210114,200.743612,50.403318,0.000154,138.832309,0.234704,332,0,0,1,5204,520,92596,172108,49093,11093,True,True,0,0,0
city256-post-impact,A0,2,401.899172,119.363312,148.561011,22,22,2771025932,26.767708,3.128539,81.032695,290.968849,209.465401,52.59934,0.000158,119.092977,0.270177,332,0,0,1,5204,520,92596,172108,49093,11093,True,True,0,0,0
city256-post-impact,A0,3,401.778467,119.192796,141.284519,22,33,2771025932,26.070678,1.709306,78.848006,295.149616,204.698814,49.11406,0.000164,118.93768,0.254952,332,0,0,1,5204,520,92596,172108,49093,11093,True,True,0,0,0
city256-post-impact,A0,4,402.881609,133.280678,156.778758,22,44,2771025932,26.105232,2.077345,78.895046,295.802967,206.053907,64.541492,0.000154,133.19865,0.081874,332,0,0,1,5204,520,92596,172108,49093,11093,True,True,0,0,0
city256-post-impact,A0,5,395.96054,114.795105,164.470503,22,55,2771025932,26.333677,2.150659,79.386364,288.088921,210.37568,59.761885,0.000155,114.552722,0.242228,332,0,0,1,5204,520,92596,172108,49093,11093,True,True,0,0,0
city256-post-impact,A0,6,421.265612,140.59944,142.512878,22,66,2771025932,27.470383,1.546446,83.777592,308.470204,213.75438,67.106426,0.000123,140.366425,0.232892,332,0,0,1,5204,520,92596,172108,49093,11093,True,True,0,0,0
city256-post-impact,A0,7,392.338066,113.187558,147.594743,22,77,2771025932,27.253184,3.407808,79.5382,282.137985,207.888799,49.11897,0.000156,112.931269,0.256133,332,0,0,1,5204,520,92596,172108,49093,11093,True,True,0,0,0
city256-post-impact,A0,8,399.410891,121.915173,152.556996,22,88,2771025932,25.233417,2.320962,76.552338,295.303287,206.223668,48.723995,0.000141,121.693008,0.222024,332,0,0,1,5204,520,92596,172108,49093,11093,True,True,0,0,0
city256-post-impact,A0,9,414.943064,124.417875,156.152081,22,99,2771025932,30.286045,2.161766,101.195718,281.298488,207.010415,58.905418,0.000145,124.191855,0.225875,332,0,0,1,5204,520,92596,172108,49093,11093,True,True,0,0,0
city256-post-impact,A0,10,388.142399,111.634218,144.227187,22,110,2771025932,26.432945,2.332829,78.002892,281.372817,218.459841,48.639253,0.000171,111.447614,0.186433,332,0,0,1,5204,520,92596,172108,49093,11093,True,True,0,0,0
city256-post-impact,A0,11,401.533533,111.585681,144.235624,22,121,2771025932,25.499998,3.113656,81.570578,291.348274,210.711769,60.473528,0.000191,111.359577,0.225913,332,0,0,1,5204,520,92596,172108,49093,11093,True,True,0,0,0
city256-post-impact,A0,12,413.965802,102.26461,148.682693,22,132,2771025932,25.376194,2.176847,76.82866,309.583213,205.856388,50.201141,0.000141,102.025021,0.239448,332,0,0,1,5204,520,92596,172108,49093,11093,True,True,0,0,0
city256-post-impact,A0,13,401.921368,119.421381,143.368728,22,143,2771025932,25.472173,3.505619,78.007001,294.935677,206.553094,59.025448,0.000141,119.156945,0.264295,332,0,0,1,5204,520,92596,172108,49093,11093,True,True,0,0,0
city256-post-impact,A0,14,433.650779,101.988315,152.240893,22,154,2771025932,25.324372,2.246317,88.960627,317.118478,207.056077,52.12366,0.000142,101.748238,0.239935,332,0,0,1,5204,520,92596,172108,49093,11093,True,True,0,0,0
city256-post-impact,A0,15,441.927816,130.485954,143.993384,22,165,2771025932,27.002065,1.711987,77.181289,336.03157,212.021056,48.657622,0.000155,130.356083,0.129716,332,0,0,1,5204,520,92596,172108,49093,11093,True,True,0,0,0
city256-post-impact,A0,16,393.384694,137.211514,154.929894,22,176,2771025932,25.52563,2.230241,77.271491,288.356338,232.580002,67.388798,0.000286,136.99032,0.220908,332,0,0,1,5204,520,92596,172108,49093,11093,True,True,0,0,0
city256-post-impact,A0,17,391.571201,140.626902,159.112392,22,187,2771025932,28.101838,2.242362,78.687525,282.538403,242.459782,68.207774,0.000162,140.552195,0.074545,332,0,0,1,5204,520,92596,172108,49093,11093,True,True,0,0,0
city256-post-impact,A0,18,417.842393,123.137718,177.810624,22,198,2771025932,27.737186,2.477485,87.902157,299.724681,211.680312,48.757164,0.00015,122.916051,0.221517,332,0,0,1,5204,520,92596,172108,49093,11093,True,True,0,0,0
city256-post-impact,A0,19,430.819926,126.493415,149.7609,22,209,2771025932,28.919791,1.703389,77.34266,322.853123,206.394124,51.542021,0.000148,126.252923,0.240344,332,0,0,1,5204,520,92596,172108,49093,11093,True,True,0,0,0
city256-post-impact,A1,0,1840.265503,174.291801,133.510143,22,0,2771025932,56.202943,1250.4936,96.883842,436.684054,198.19214,1778.693932,0.000181,174.004736,0.286884,332,0,0,1,5204,520,92596,172108,49093,11093,True,True,0,0,0
city256-post-impact,A1,1,358.778642,132.648683,152.937095,22,11,2771025932,26.604427,2.077409,79.069458,251.026333,203.847848,49.378173,0.000165,132.434208,0.21431,332,0,0,1,5204,520,92596,172108,49093,11093,True,True,0,0,0
city256-post-impact,A1,2,405.675142,140.066338,140.275801,22,22,2771025932,26.98492,2.19099,76.944141,299.554187,207.157188,57.892244,0.000195,139.81832,0.247823,332,0,0,1,5204,520,92596,172108,49093,11093,True,True,0,0,0
city256-post-impact,A1,3,386.664949,137.091679,144.591794,22,33,2771025932,27.231675,2.155667,77.094966,280.181578,211.153953,60.239699,0.000183,136.840499,0.250997,332,0,0,1,5204,520,92596,172108,49093,11093,True,True,0,0,0
city256-post-impact,A1,4,404.082123,146.813665,143.506659,22,44,2771025932,26.588088,2.16598,76.921712,298.405326,205.786509,62.448832,0.000166,146.561319,0.25218,332,0,0,1,5204,520,92596,172108,49093,11093,True,True,0,0,0
city256-post-impact,A1,5,386.95806,132.103765,142.391726,22,55,2771025932,26.870541,2.303608,77.248388,280.534476,215.413268,57.382574,0.000186,131.830147,0.273432,332,0,0,1,5204,520,92596,172108,49093,11093,True,True,0,0,0
city256-post-impact,A1,6,448.261398,139.969945,162.983568,22,66,2771025932,26.812211,2.873776,113.399657,305.174565,263.95192,58.647225,0.000459,139.777837,0.191649,332,0,0,1,5204,520,92596,172108,49093,11093,True,True,0,0,0
city256-post-impact,A1,7,394.968062,146.111059,156.475371,22,77,2771025932,27.135751,2.246152,82.503825,283.080784,207.00997,60.961993,0.000187,145.8432,0.267672,332,0,0,1,5204,520,92596,172108,49093,11093,True,True,0,0,0
city256-post-impact,A1,8,435.768531,134.658081,155.67433,22,88,2771025932,27.265709,1.857148,78.696841,327.947785,217.344737,49.847503,0.00015,134.446781,0.21115,332,0,0,1,5204,520,92596,172108,49093,11093,True,True,0,0,0
city256-post-impact,A1,9,455.934982,110.520847,163.647355,22,99,2771025932,27.463145,2.301334,103.031311,323.137991,205.800569,51.121441,0.000172,110.313276,0.207399,332,0,0,1,5204,520,92596,172108,49093,11093,True,True,0,0,0
city256-post-impact,A1,10,436.499991,133.996539,143.952381,22,110,2771025932,27.183336,2.225564,94.823244,312.26673,233.723745,54.779376,0.000509,133.830286,0.165744,332,0,0,1,5204,520,92596,172108,49093,11093,True,True,0,0,0
city256-post-impact,A1,11,401.420926,114.247601,143.069765,22,121,2771025932,27.477488,2.274048,78.59724,293.071153,208.508438,49.665191,0.00019,114.09204,0.155371,332,0,0,1,5204,520,92596,172108,49093,11093,True,True,0,0,0
city256-post-impact,A1,12,396.579869,120.052716,144.221208,22,132,2771025932,27.238205,2.18963,78.740031,288.411091,207.464988,53.133159,0.000185,119.840502,0.212029,332,0,0,1,5204,520,92596,172108,49093,11093,True,True,0,0,0
city256-post-impact,A1,13,399.116073,129.899222,181.02768,22,143,2771025932,27.307446,2.235784,78.99985,290.571992,223.659428,49.547568,0.0002,129.699102,0.19992,332,0,0,1,5204,520,92596,172108,49093,11093,True,True,0,0,0
city256-post-impact,A1,14,424.036318,143.267508,142.717635,22,154,2771025932,36.494275,1.618644,77.948896,307.973457,212.792606,49.503056,0.000176,143.05478,0.212552,332,0,0,1,5204,520,92596,172108,49093,11093,True,True,0,0,0
city256-post-impact,A1,15,414.790194,147.091559,144.074816,22,165,2771025932,28.291567,2.232693,95.882989,288.381951,208.945047,56.659756,0.000188,146.864288,0.227083,332,0,0,1,5204,520,92596,172108,49093,11093,True,True,0,0,0
city256-post-impact,A1,16,402.573525,125.903828,144.941793,22,176,2771025932,27.249648,2.234328,78.546396,294.541929,205.361329,49.963258,0.000181,125.653427,0.25022,332,0,0,1,5204,520,92596,172108,49093,11093,True,True,0,0,0
city256-post-impact,A1,17,394.31725,133.394647,143.952915,22,187,2771025932,27.150567,2.237101,78.476385,286.451702,211.94873,50.615886,0.000172,133.153631,0.240844,332,0,0,1,5204,520,92596,172108,49093,11093,True,True,0,0,0
city256-post-impact,A1,18,398.954436,124.867282,152.309724,22,198,2771025932,28.143568,2.241129,79.485628,289.082689,206.922406,49.640163,0.000352,124.635567,0.231363,332,0,0,1,5204,520,92596,172108,49093,11093,True,True,0,0,0
city256-post-impact,A1,19,407.543157,124.628978,159.507677,22,209,2771025932,27.280334,1.733229,82.995956,295.532558,206.271514,50.262875,0.00018,124.419225,0.209573,332,0,0,1,5204,520,92596,172108,49093,11093,True,True,0,0,0
city256-cascading-fracture,A0,0,1914.342198,207.015866,140.546777,22,0,2771025932,59.729942,1309.148345,101.595203,443.867756,206.254375,1775.867788,0.000133,206.755188,0.260545,416,25,1,2,5852,627,92055,169616,105527,20206,True,True,0,0,0
city256-cascading-fracture,A0,1,365.833646,180.141151,144.377064,22,11,2771025932,26.940634,1.607565,83.722417,253.562004,204.849305,56.080459,0.000133,179.918922,0.222096,416,25,1,2,5852,627,92055,169616,105527,20206,True,True,0,0,0
city256-cascading-fracture,A0,2,395.491124,217.039308,146.969305,22,22,2771025932,26.757697,2.216403,79.870347,286.645462,213.730668,71.207561,0.000132,216.842242,0.196934,416,25,1,2,5852,627,92055,169616,105527,20206,True,True,0,0,0
city256-cascading-fracture,A0,3,398.685173,203.249134,170.646649,22,33,2771025932,26.768885,2.28897,79.035136,290.591212,220.671316,66.493898,0.000135,202.998175,0.250824,416,25,1,2,5852,627,92055,169616,105527,20206,True,True,0,0,0
city256-cascading-fracture,A0,4,407.309877,205.494414,162.295338,22,44,2771025932,26.710933,2.149059,79.73692,298.712116,213.942947,67.211538,0.000133,205.238635,0.255646,416,25,1,2,5852,627,92055,169616,105527,20206,True,True,0,0,0
city256-cascading-fracture,A0,5,404.261863,187.916614,145.474972,22,55,2771025932,26.731982,2.174796,79.594283,295.759844,210.756789,70.109152,0.000133,187.656255,0.260226,416,25,1,2,5852,627,92055,169616,105527,20206,True,True,0,0,0
city256-cascading-fracture,A0,6,391.839363,197.90933,145.128861,22,66,2771025932,26.970639,2.743377,81.992414,280.131926,212.912504,68.273308,0.000323,197.61386,0.295147,416,25,1,2,5852,627,92055,169616,105527,20206,True,True,0,0,0
city256-cascading-fracture,A0,7,394.524892,195.678714,147.137338,22,77,2771025932,26.759359,2.221256,79.604467,285.938893,218.477037,70.316072,0.000141,195.452439,0.226134,416,25,1,2,5852,627,92055,169616,105527,20206,True,True,0,0,0
city256-cascading-fracture,A0,8,393.349721,171.789914,169.39916,22,88,2771025932,26.571613,2.263409,80.349215,284.164593,210.568248,69.826337,0.000129,171.490058,0.299727,416,25,1,2,5852,627,92055,169616,105527,20206,True,True,0,0,0
city256-cascading-fracture,A0,9,411.277113,195.922257,157.451288,22,99,2771025932,26.670631,2.25064,80.122382,302.232547,211.551367,68.186591,0.000132,195.730405,0.19172,416,25,1,2,5852,627,92055,169616,105527,20206,True,True,0,0,0
city256-cascading-fracture,A0,10,399.220642,189.128893,154.631867,22,110,2771025932,26.581634,2.185098,80.224705,290.228297,209.789212,53.340782,0.000126,188.843228,0.285539,416,25,1,2,5852,627,92055,169616,105527,20206,True,True,0,0,0
city256-cascading-fracture,A0,11,393.65921,197.038128,148.013605,22,121,2771025932,27.260657,3.450672,79.798551,283.148137,214.862049,68.129775,0.000132,196.752004,0.285992,416,25,1,2,5852,627,92055,169616,105527,20206,True,True,0,0,0
city256-cascading-fracture,A0,12,392.038602,204.765308,149.922023,22,132,2771025932,27.506021,2.290985,80.535398,281.705116,212.847125,70.89724,0.000181,204.493129,0.271998,416,25,1,2,5852,627,92055,169616,105527,20206,True,True,0,0,0
city256-cascading-fracture,A0,13,399.059845,194.159861,164.679906,22,143,2771025932,26.971535,2.203558,83.536266,286.347571,221.491071,77.004671,0.00013,193.894585,0.265146,416,25,1,2,5852,627,92055,169616,105527,20206,True,True,0,0,0
city256-cascading-fracture,A0,14,428.793689,193.773793,162.13269,22,154,2771025932,28.378139,2.362477,87.273907,310.778053,267.309331,68.809598,0.000192,193.533821,0.23978,416,25,1,2,5852,627,92055,169616,105527,20206,True,True,0,0,0
city256-cascading-fracture,A0,15,431.172545,191.507928,173.456556,22,165,2771025932,28.508269,2.299522,87.549988,312.813817,216.901639,69.502172,0.000176,191.313324,0.194428,416,25,1,2,5852,627,92055,169616,105527,20206,True,True,0,0,0
city256-cascading-fracture,A0,16,406.203346,167.663988,153.577707,22,176,2771025932,26.756032,2.238963,82.415866,294.791493,219.259694,52.875522,0.000181,167.435826,0.227981,416,25,1,2,5852,627,92055,169616,105527,20206,True,True,0,0,0
city256-cascading-fracture,A0,17,407.52732,190.729183,154.304163,22,187,2771025932,27.465551,2.732205,82.623276,294.705283,217.985946,58.591849,0.000141,190.549829,0.179213,416,25,1,2,5852,627,92055,169616,105527,20206,True,True,0,0,0
city256-cascading-fracture,A0,18,398.883876,187.718144,154.031659,22,198,2771025932,26.981565,2.197713,82.393894,287.309698,212.691404,57.768186,0.000131,187.489161,0.228852,416,25,1,2,5852,627,92055,169616,105527,20206,True,True,0,0,0
city256-cascading-fracture,A0,19,391.472035,175.442077,150.082403,22,209,2771025932,26.61711,2.176118,80.431479,282.24621,214.282742,65.438248,0.000165,175.200379,0.241533,416,25,1,2,5852,627,92055,169616,105527,20206,True,True,0,0,0
city256-cascading-fracture,A1,0,1848.331534,223.96145,140.097258,22,0,2771025932,54.071276,1254.736843,97.362561,442.160061,206.649984,1787.403192,0.000153,223.69513,0.266167,416,25,1,2,5852,627,92055,169616,105527,20206,True,True,0,0,0
city256-cascading-fracture,A1,1,361.189961,195.60828,142.751483,22,11,2771025932,26.955815,2.17238,78.366098,253.694898,202.900486,61.027702,0.000159,195.438541,0.16958,416,25,1,2,5852,627,92055,169616,105527,20206,True,True,0,0,0
city256-cascading-fracture,A1,2,398.711622,195.220138,163.969649,22,22,2771025932,29.249513,2.246006,79.899714,287.315387,206.719046,70.691568,0.00016,195.005248,0.21473,416,25,1,2,5852,627,92055,169616,105527,20206,True,True,0,0,0
city256-cascading-fracture,A1,3,420.980441,199.780477,153.010045,22,33,2771025932,40.190638,1.599025,77.854924,301.334854,211.903216,68.813223,0.000441,199.554446,0.22559,416,25,1,2,5852,627,92055,169616,105527,20206,True,True,0,0,0
city256-cascading-fracture,A1,4,406.857205,199.808646,154.222446,22,44,2771025932,28.432779,2.247582,80.383989,295.792033,210.330114,70.594411,0.000156,199.581017,0.227473,416,25,1,2,5852,627,92055,169616,105527,20206,True,True,0,0,0
city256-cascading-fracture,A1,5,395.380399,190.658045,146.974989,22,55,2771025932,26.04791,3.217864,77.335148,288.778568,211.79421,70.203655,0.000322,190.372018,0.285705,416,25,1,2,5852,627,92055,169616,105527,20206,True,True,0,0,0
city256-cascading-fracture,A1,6,388.239313,190.753511,151.319653,22,66,2771025932,27.669387,2.224231,77.905212,280.439652,209.415028,70.11975,0.000159,190.477358,0.275994,416,25,1,2,5852,627,92055,169616,105527,20206,True,True,0,0,0
city256-cascading-fracture,A1,7,404.458523,185.402098,146.953506,22,77,2771025932,25.693194,1.664564,79.358308,297.741528,211.082358,53.219427,0.000175,185.176488,0.225435,416,25,1,2,5852,627,92055,169616,105527,20206,True,True,0,0,0
city256-cascading-fracture,A1,8,393.89986,166.768024,142.279038,22,88,2771025932,27.241585,2.131781,77.997301,286.52839,212.239777,53.134281,0.000173,166.538071,0.22978,416,25,1,2,5852,627,92055,169616,105527,20206,True,True,0,0,0
city256-cascading-fracture,A1,9,390.66655,170.646113,154.606643,22,99,2771025932,26.120562,2.645116,80.31145,281.588256,213.792205,56.771449,0.00017,170.43198,0.213963,416,25,1,2,5852,627,92055,169616,105527,20206,True,True,0,0,0
city256-cascading-fracture,A1,10,390.698043,157.557516,157.367258,22,110,2771025932,25.706008,2.18618,77.563242,285.241595,210.196244,52.941742,0.00027,157.346507,0.210739,416,25,1,2,5852,627,92055,169616,105527,20206,True,True,0,0,0
city256-cascading-fracture,A1,11,394.316996,179.789136,145.529665,22,121,2771025932,26.420852,3.169665,79.919164,284.806244,208.411659,51.357936,0.000318,179.584699,0.204119,416,25,1,2,5852,627,92055,169616,105527,20206,True,True,0,0,0
city256-cascading-fracture,A1,12,393.94788,189.155115,145.206329,22,132,2771025932,26.176269,2.367754,78.092427,287.310556,208.560438,70.472267,0.000165,189.057313,0.097637,416,25,1,2,5852,627,92055,169616,105527,20206,True,True,0,0,0
city256-cascading-fracture,A1,13,399.364806,189.9779,164.337089,22,143,2771025932,25.93491,2.321878,79.06186,292.045086,210.352422,71.35847,0.000161,189.696115,0.281624,416,25,1,2,5852,627,92055,169616,105527,20206,True,True,0,0,0
city256-cascading-fracture,A1,14,405.654068,200.177875,153.751287,22,154,2771025932,25.604699,2.233284,77.801068,300.014221,217.569838,70.40251,0.000161,199.994753,0.182961,416,25,1,2,5852,627,92055,169616,105527,20206,True,True,0,0,0
city256-cascading-fracture,A1,15,402.449265,198.731168,154.089981,22,165,2771025932,27.02401,1.67147,81.856551,291.896321,210.962947,68.343347,0.000169,198.527448,0.203551,416,25,1,2,5852,627,92055,169616,105527,20206,True,True,0,0,0
city256-cascading-fracture,A1,16,395.280042,191.673083,147.630522,22,176,2771025932,25.841787,2.211988,82.861508,284.363701,211.089796,70.9604,0.000161,191.453518,0.219404,416,25,1,2,5852,627,92055,169616,105527,20206,True,True,0,0,0
city256-cascading-fracture,A1,17,392.975297,189.207248,149.195934,22,187,2771025932,26.404487,2.230387,80.113177,284.22546,211.290251,70.283629,0.00018,188.935967,0.271101,416,25,1,2,5852,627,92055,169616,105527,20206,True,True,0,0,0
city256-cascading-fracture,A1,18,400.34568,194.257375,161.40734,22,198,2771025932,25.815089,2.083135,77.826697,294.619585,208.000642,70.036316,0.000161,194.055534,0.20168,416,25,1,2,5852,627,92055,169616,105527,20206,True,True,0,0,0
city256-cascading-fracture,A1,19,395.451116,197.099913,144.989173,22,209,2771025932,25.760578,1.815228,77.597244,290.27717,208.831404,67.703773,0.000161,196.823649,0.276103,416,25,1,2,5852,627,92055,169616,105527,20206,True,True,0,0,0
city256-fragmented-loaded,A0,0,1911.470376,322.839738,178.055818,22,0,2771025932,57.271563,1273.123182,105.375007,475.699888,229.457802,1972.693064,0.000161,322.656309,0.183268,604,1229,1,2,11382,1857,87755,146435,241561,46983,True,True,0,0,0
city256-fragmented-loaded,A0,1,398.334581,292.943791,179.388638,22,11,2771025932,27.564157,2.302315,86.468752,281.99839,213.750649,50.665329,0.000117,292.716773,0.226901,604,1229,1,2,11382,1857,87755,146435,241561,46983,True,True,0,0,0
city256-fragmented-loaded,A0,2,422.209095,297.964164,202.375588,22,22,2771025932,30.121653,2.341959,84.535615,305.208557,228.627265,71.332837,0.000158,297.733813,0.230193,604,1229,1,2,11382,1857,87755,146435,241561,46983,True,True,0,0,0
city256-fragmented-loaded,A0,3,454.455536,310.181275,180.462592,22,33,2771025932,45.692401,1.579989,85.692657,321.489173,220.552535,67.791383,0.000165,309.967842,0.213268,604,1229,1,2,11382,1857,87755,146435,241561,46983,True,True,0,0,0
city256-fragmented-loaded,A0,4,411.966167,288.957586,179.254548,22,44,2771025932,27.56239,2.226718,85.255188,296.920964,216.359476,69.485052,0.000181,288.804247,0.153158,604,1229,1,2,11382,1857,87755,146435,241561,46983,True,True,0,0,0
city256-fragmented-loaded,A0,5,379.650294,264.457135,181.185172,22,55,2771025932,29.772185,2.219501,85.655845,262.001604,208.42144,57.544331,0.000278,264.185707,0.27115,604,1229,1,2,11382,1857,87755,146435,241561,46983,True,True,0,0,0
city256-fragmented-loaded,A0,6,414.632759,268.348296,177.5032,22,66,2771025932,28.734468,2.396459,87.064875,296.43588,225.704024,58.515796,0.000171,268.106045,0.24208,604,1229,1,2,11382,1857,87755,146435,241561,46983,True,True,0,0,0
city256-fragmented-loaded,A0,7,418.978621,251.772542,182.926054,22,77,2771025932,28.895538,2.298201,87.840614,299.943432,224.704847,56.431572,0.000161,251.521445,0.250936,604,1229,1,2,11382,1857,87755,146435,241561,46983,True,True,0,0,0
city256-fragmented-loaded,A0,8,423.420902,244.632989,205.849103,22,88,2771025932,29.049505,1.71599,88.189141,304.465323,222.872523,52.243347,0.000182,244.407847,0.22496,604,1229,1,2,11382,1857,87755,146435,241561,46983,True,True,0,0,0
city256-fragmented-loaded,A0,9,432.462978,280.110795,178.042357,22,99,2771025932,29.64112,1.79497,85.195996,315.829967,222.951398,49.94017,0.000166,279.916962,0.193667,604,1229,1,2,11382,1857,87755,146435,241561,46983,True,True,0,0,0
city256-fragmented-loaded,A0,10,416.470541,225.182725,180.386924,22,110,2771025932,27.598457,2.237728,87.847319,298.786093,223.044496,49.546009,0.000125,224.969914,0.212686,604,1229,1,2,11382,1857,87755,146435,241561,46983,True,True,0,0,0
city256-fragmented-loaded,A0,11,410.533533,259.220195,174.931491,22,121,2771025932,27.504071,2.310746,82.958353,297.759397,221.813083,49.413476,0.000155,259.034965,0.185075,604,1229,1,2,11382,1857,87755,146435,241561,46983,True,True,0,0,0
city256-fragmented-loaded,A0,12,411.886027,258.965336,175.788093,22,132,2771025932,27.566917,2.488772,83.351165,298.478004,219.687809,50.026778,0.000293,258.733509,0.231534,604,1229,1,2,11382,1857,87755,146435,241561,46983,True,True,0,0,0
city256-fragmented-loaded,A0,13,412.706385,265.418845,177.715346,22,143,2771025932,27.660109,2.320242,84.116206,298.608852,221.995532,62.308332,0.000155,265.267778,0.150912,604,1229,1,2,11382,1857,87755,146435,241561,46983,True,True,0,0,0
city256-fragmented-loaded,A0,14,412.8746,280.376769,178.367461,22,154,2771025932,28.341954,2.343646,83.7347,298.453256,221.775998,49.84146,0.00015,280.212253,0.164366,604,1229,1,2,11382,1857,87755,146435,241561,46983,True,True,0,0,0
city256-fragmented-loaded,A0,15,430.102998,267.617196,185.208223,22,165,2771025932,27.525268,3.701063,84.134454,314.741211,221.791727,49.446801,0.000161,267.46611,0.150925,604,1229,1,2,11382,1857,87755,146435,241561,46983,True,True,0,0,0
city256-fragmented-loaded,A0,16,431.904934,275.956881,189.126727,22,176,2771025932,27.602091,3.617076,83.916429,316.768431,219.848336,61.132377,0.000167,275.727867,0.228847,604,1229,1,2,11382,1857,87755,146435,241561,46983,True,True,0,0,0
city256-fragmented-loaded,A0,17,418.359149,239.028819,178.727617,22,187,2771025932,27.929456,2.290876,83.118806,305.019059,223.344883,62.231917,0.000175,238.785175,0.243469,604,1229,1,2,11382,1857,87755,146435,241561,46983,True,True,0,0,0
city256-fragmented-loaded,A0,18,412.278618,268.627426,176.108196,22,198,2771025932,30.964965,2.375885,83.243616,295.692505,220.983744,50.278804,0.00016,268.424447,0.202819,604,1229,1,2,11382,1857,87755,146435,241561,46983,True,True,0,0,0
city256-fragmented-loaded,A0,19,409.761389,254.010286,175.064215,22,209,2771025932,27.503624,2.393817,83.789326,296.073585,226.528533,49.383644,0.000175,253.869316,0.140795,604,1229,1,2,11382,1857,87755,146435,241561,46983,True,True,0,0,0
city256-fragmented-loaded,A1,0,1918.727296,315.134254,172.928107,22,0,2771025932,56.903968,1277.921188,108.101841,475.799159,226.514358,1935.404921,0.000119,314.925208,0.208927,604,1229,1,2,11382,1857,87755,146435,241561,46983,True,True,0,0,0
city256-fragmented-loaded,A1,1,406.846956,291.001011,178.342725,22,11,2771025932,29.197865,2.759051,88.908154,285.980789,213.816742,67.431461,0.000115,290.757158,0.243738,604,1229,1,2,11382,1857,87755,146435,241561,46983,True,True,0,0,0
city256-fragmented-loaded,A1,2,423.742977,279.753253,185.464143,22,22,2771025932,27.959568,2.191249,92.135892,301.454784,220.35774,60.665357,0.000114,279.540824,0.212315,604,1229,1,2,11382,1857,87755,146435,241561,46983,True,True,0,0,0
city256-fragmented-loaded,A1,3,431.162953,283.095775,203.452842,22,33,2771025932,28.090275,2.152693,92.930556,307.988271,217.605559,59.668117,0.000119,282.863557,0.232099,604,1229,1,2,11382,1857,87755,146435,241561,46983,True,True,0,0,0
city256-fragmented-loaded,A1,4,429.355624,260.403147,186.592663,22,44,2771025932,27.759872,1.59135,87.519123,312.484293,219.723013,54.838967,0.00012,260.172341,0.230686,604,1229,1,2,11382,1857,87755,146435,241561,46983,True,True,0,0,0
city256-fragmented-loaded,A1,5,418.604246,252.969634,180.669603,22,55,2771025932,27.987239,2.241973,88.825761,299.548251,220.865391,49.809588,0.000118,252.775813,0.193703,604,1229,1,2,11382,1857,87755,146435,241561,46983,True,True,0,0,0
city256-fragmented-loaded,A1,6,419.602729,281.786641,181.578594,22,66,2771025932,28.067593,2.164981,90.208615,299.160559,219.521146,68.945807,0.000118,281.480461,0.306062,604,1229,1,2,11382,1857,87755,146435,241561,46983,True,True,0,0,0
city256-fragmented-loaded,A1,7,422.735363,266.837237,186.425574,22,77,2771025932,29.526192,2.232244,88.602343,302.373567,220.135515,61.089872,0.000456,266.631422,0.205359,604,1229,1,2,11382,1857,87755,146435,241561,46983,True,True,0,0,0
city256-fragmented-loaded,A1,8,422.814888,251.016777,186.661653,22,88,2771025932,28.69652,1.740601,92.300648,300.076033,218.675145,56.487386,0.000118,250.777626,0.239033,604,1229,1,2,11382,1857,87755,146435,241561,46983,True,True,0,0,0
city256-fragmented-loaded,A1,9,417.490648,279.970695,185.549556,22,99,2771025932,28.014952,2.165257,87.80487,299.504339,220.493316,70.145982,0.000119,279.679337,0.291239,604,1229,1,2,11382,1857,87755,146435,241561,46983,True,True,0,0,0
city256-fragmented-loaded,A1,10,427.376874,259.949,192.384312,22,110,2771025932,28.343793,1.988143,87.958098,309.08579,218.927095,49.959277,0.000118,259.774605,0.174277,604,1229,1,2,11382,1857,87755,146435,241561,46983,True,True,0,0,0
city256-fragmented-loaded,A1,11,434.673017,277.996392,185.989282,22,121,2771025932,28.792105,1.632493,86.799102,317.448293,218.553136,68.557212,0.000114,277.781803,0.214475,604,1229,1,2,11382,1857,87755,146435,241561,46983,True,True,0,0,0
city256-fragmented-loaded,A1,12,421.378015,282.079068,185.080768,22,132,2771025932,28.072384,2.413358,86.408752,304.482164,221.278598,69.336393,0.00012,281.880935,0.198013,604,1229,1,2,11382,1857,87755,146435,241561,46983,True,True,0,0,0
city256-fragmented-loaded,A1,13,421.414873,268.903984,179.590464,22,143,2771025932,27.841258,2.288809,88.205245,303.078243,220.44883,64.986287,0.000126,268.64385,0.260008,604,1229,1,2,11382,1857,87755,146435,241561,46983,True,True,0,0,0
city256-fragmented-loaded,A1,14,422.653291,270.485045,185.489658,22,154,2771025932,28.876562,2.200587,89.255911,302.319122,218.292498,59.337317,0.000121,270.280147,0.204777,604,1229,1,2,11382,1857,87755,146435,241561,46983,True,True,0,0,0
city256-fragmented-loaded,A1,15,422.414069,230.918776,180.644504,22,165,2771025932,27.921687,2.165842,88.491017,303.834562,222.644911,49.094776,0.00012,230.726394,0.192262,604,1229,1,2,11382,1857,87755,146435,241561,46983,True,True,0,0,0
city256-fragmented-loaded,A1,16,432.154301,268.241724,199.278968,22,176,2771025932,27.917931,2.322749,88.176389,313.736172,220.167091,67.391218,0.000119,268.058924,0.182681,604,1229,1,2,11382,1857,87755,146435,241561,46983,True,True,0,0,0
city256-fragmented-loaded,A1,17,438.339416,240.718275,202.092657,22,187,2771025932,28.980234,1.674813,88.907252,318.776057,223.131337,61.467118,0.00012,240.496132,0.222023,604,1229,1,2,11382,1857,87755,146435,241561,46983,True,True,0,0,0
city256-fragmented-loaded,A1,18,446.488222,287.9934,185.975149,22,198,2771025932,28.785709,2.184933,95.266106,320.250251,221.174568,69.28459,0.000117,287.604056,0.389227,604,1229,1,2,11382,1857,87755,146435,241561,46983,True,True,0,0,0
city256-fragmented-loaded,A1,19,417.339696,295.53618,185.269827,22,209,2771025932,27.912634,2.27396,88.584003,298.568058,223.624989,69.401582,0.000116,295.265131,0.270933,604,1229,1,2,11382,1857,87755,146435,241561,46983,True,True,0,0,0
city256-late-debris,A0,0,1889.18996,407.887256,191.146882,22,0,2771025932,57.159232,1255.094383,102.994826,473.940713,224.575725,1965.724206,0.000122,407.645889,0.241245,1084,11051,1,2,16135,2762,83885,133656,267054,61120,True,True,0,0,0
city256-late-debris,A0,1,400.184788,389.121869,190.189267,22,11,2771025932,27.517185,1.560371,84.639512,286.466776,213.480159,69.005325,0.000122,388.805911,0.315836,1084,11051,1,2,16135,2762,83885,133656,267054,61120,True,True,0,0,0
city256-late-debris,A0,2,381.373834,362.283132,182.206843,22,22,2771025932,26.8678,2.198837,81.353396,270.95279,202.890242,50.3424,0.000123,362.037407,0.245602,1084,11051,1,2,16135,2762,83885,133656,267054,61120,True,True,0,0,0
city256-late-debris,A0,3,409.645294,371.042821,201.466424,22,33,2771025932,27.111414,2.122833,83.758003,296.652079,218.020475,62.218463,0.000127,370.863628,0.179066,1084,11051,1,2,16135,2762,83885,133656,267054,61120,True,True,0,0,0
city256-late-debris,A0,4,481.176567,338.241758,218.822802,22,44,2771025932,29.786176,3.841249,112.533775,335.014322,224.325556,52.933573,0.000122,338.020354,0.221282,1084,11051,1,2,16135,2762,83885,133656,267054,61120,True,True,0,0,0
city256-late-debris,A0,5,438.825307,387.697801,202.228273,22,55,2771025932,27.975411,2.403575,83.202232,325.242983,235.16511,64.125032,0.00013,387.465779,0.231892,1084,11051,1,2,16135,2762,83885,133656,267054,61120,True,True,0,0,0
city256-late-debris,A0,6,468.093994,317.079173,220.560535,22,66,2771025932,39.542684,2.509181,92.085129,333.955671,221.542036,51.322764,0.000123,316.928234,0.150816,1084,11051,1,2,16135,2762,83885,133656,267054,61120,True,True,0,0,0
city256-late-debris,A0,7,431.789825,320.388286,193.139381,22,77,2771025932,27.150353,1.627233,84.542876,318.468201,234.759512,51.182719,0.000127,320.204336,0.183823,1084,11051,1,2,16135,2762,83885,133656,267054,61120,True,True,0,0,0
city256-late-debris,A0,8,439.936101,320.625693,222.326613,22,88,2771025932,27.726754,2.615144,103.789272,305.803845,240.774505,53.258188,0.000126,320.395172,0.230395,1084,11051,1,2,16135,2762,83885,133656,267054,61120,True,True,0,0,0
city256-late-debris,A0,9,438.028304,375.579065,195.962353,22,99,2771025932,27.893657,2.094962,83.970467,324.068115,238.639631,64.567054,0.000129,375.38431,0.194626,1084,11051,1,2,16135,2762,83885,133656,267054,61120,True,True,0,0,0
city256-late-debris,A0,10,455.738182,351.624102,218.237991,22,110,2771025932,28.050257,3.19881,105.650446,318.837605,227.757045,69.095261,0.000179,351.393496,0.230427,1084,11051,1,2,16135,2762,83885,133656,267054,61120,True,True,0,0,0
city256-late-debris,A0,11,434.137332,351.520607,192.837706,22,121,2771025932,27.186879,2.252485,84.042742,320.654048,233.392464,54.962995,0.000126,351.237337,0.283144,1084,11051,1,2,16135,2762,83885,133656,267054,61120,True,True,0,0,0
city256-late-debris,A0,12,459.792487,354.366341,216.48792,22,132,2771025932,27.374575,2.403939,105.834178,324.178702,224.608176,65.935227,0.000174,354.170287,0.19588,1084,11051,1,2,16135,2762,83885,133656,267054,61120,True,True,0,0,0
city256-late-debris,A0,13,433.585052,340.588491,194.142708,22,143,2771025932,27.687856,2.958204,84.055363,318.882628,235.40181,50.654918,0.000126,340.423926,0.164439,1084,11051,1,2,16135,2762,83885,133656,267054,61120,True,True,0,0,0
city256-late-debris,A0,14,450.934108,358.867573,196.261563,22,154,2771025932,27.284227,2.271375,104.995878,316.381213,222.683789,66.217551,0.000121,358.624403,0.243049,1084,11051,1,2,16135,2762,83885,133656,267054,61120,True,True,0,0,0
city256-late-debris,A0,15,408.873761,338.129189,193.849049,22,165,2771025932,26.86799,2.193779,82.145694,297.665332,219.399122,70.757227,0.000123,337.908727,0.220339,1084,11051,1,2,16135,2762,83885,133656,267054,61120,True,True,0,0,0
city256-late-debris,A0,16,410.484472,327.829753,195.56055,22,176,2771025932,27.343972,2.140045,82.832816,298.166489,220.565905,49.942659,0.000127,327.608972,0.220654,1084,11051,1,2,16135,2762,83885,133656,267054,61120,True,True,0,0,0
city256-late-debris,A0,17,418.700867,334.3928,221.1828,22,187,2771025932,28.814539,2.383719,86.131126,301.370523,222.695459,50.830335,0.000126,334.178977,0.213697,1084,11051,1,2,16135,2762,83885,133656,267054,61120,True,True,0,0,0
city256-late-debris,A0,18,419.874814,332.223626,202.243989,22,198,2771025932,27.837197,2.168031,83.602686,306.265781,225.357986,70.297738,0.00013,331.990026,0.23347,1084,11051,1,2,16135,2762,83885,133656,267054,61120,True,True,0,0,0
city256-late-debris,A0,19,432.750498,338.212935,216.284472,22,209,2771025932,29.723813,2.169587,88.998267,311.857785,230.827876,51.838719,0.000284,338.038037,0.174614,1084,11051,1,2,16135,2762,83885,133656,267054,61120,True,True,0,0,0
city256-late-debris,A1,0,1880.239323,401.87741,198.657524,22,0,2771025932,55.83275,1247.867234,101.330862,475.207743,224.179009,1986.107498,0.000416,401.62551,0.251484,1084,11051,1,2,16135,2762,83885,133656,267054,61120,True,True,0,0,0
city256-late-debris,A1,1,400.307299,363.936825,189.610413,22,11,2771025932,27.313203,2.413583,85.094389,285.48515,212.582806,68.631626,0.000151,363.620422,0.316252,1084,11051,1,2,16135,2762,83885,133656,267054,61120,True,True,0,0,0
city256-late-debris,A1,2,408.585515,357.255319,193.696435,22,22,2771025932,27.078557,2.218248,81.818934,297.468926,220.236894,70.172482,7.9e-05,356.987063,0.268177,1084,11051,1,2,16135,2762,83885,133656,267054,61120,True,True,0,0,0
city256-late-debris,A1,3,409.103236,335.753523,192.734709,22,33,2771025932,27.717968,2.414253,83.725542,295.244557,220.755051,52.084952,0.000132,335.515931,0.23746,1084,11051,1,2,16135,2762,83885,133656,267054,61120,True,True,0,0,0
city256-late-debris,A1,4,426.233345,328.329739,190.359424,22,44,2771025932,27.156736,2.396263,83.227169,313.452261,217.452932,62.290362,0.00017,328.079323,0.250246,1084,11051,1,2,16135,2762,83885,133656,267054,61120,True,True,0,0,0
city256-late-debris,A1,5,418.57668,344.3154,191.830446,22,55,2771025932,27.880884,2.220609,86.39113,302.083179,225.907401,67.584287,0.000165,344.104302,0.210933,1084,11051,1,2,16135,2762,83885,133656,267054,61120,True,True,0,0,0
city256-late-debris,A1,6,413.291842,354.215682,209.732211,22,66,2771025932,29.541092,3.57367,87.198982,292.976947,220.673185,67.953645,0.000174,353.963336,0.252172,1084,11051,1,2,16135,2762,83885,133656,267054,61120,True,True,0,0,0
city256-late-debris,A1,7,413.146204,342.937438,186.100169,22,77,2771025932,27.085834,1.7036,82.233123,302.122707,220.653315,69.886887,0.000163,342.697859,0.239416,1084,11051,1,2,16135,2762,83885,133656,267054,61120,True,True,0,0,0
city256-late-debris,A1,8,406.964285,351.884587,186.852797,22,88,2771025932,27.152254,2.296652,82.992226,294.522249,223.396585,68.382984,0.000178,351.566611,0.317798,1084,11051,1,2,16135,2762,83885,133656,267054,61120,True,True,0,0,0
city256-late-debris,A1,9,404.657204,336.299514,197.084182,22,99,2771025932,27.169406,1.628843,83.140837,292.717065,220.065647,52.089459,0.000163,336.080197,0.219154,1084,11051,1,2,16135,2762,83885,133656,267054,61120,True,True,0,0,0
city256-late-debris,A1,10,416.39697,333.578783,193.024098,22,110,2771025932,27.229797,2.286487,84.856456,302.023353,221.199421,51.293055,0.000163,333.342436,0.236184,1084,11051,1,2,16135,2762,83885,133656,267054,61120,True,True,0,0,0
city256-late-debris,A1,11,407.545441,315.389269,187.128431,22,121,2771025932,27.576157,1.696591,83.484082,294.78744,224.70609,57.89671,0.000242,315.149921,0.239106,1084,11051,1,2,16135,2762,83885,133656,267054,61120,True,True,0,0,0
city256-late-debris,A1,12,410.641053,320.443063,201.205289,22,132,2771025932,28.108161,2.381321,86.413122,293.73763,226.332822,54.734545,0.000163,320.213909,0.228991,1084,11051,1,2,16135,2762,83885,133656,267054,61120,True,True,0,0,0
city256-late-debris,A1,13,442.230706,257.765099,201.864956,22,143,2771025932,29.541476,1.76115,87.353517,323.573421,221.454453,50.60568,9.2e-05,257.571996,0.193011,1084,11051,1,2,16135,2762,83885,133656,267054,61120,True,True,0,0,0
city256-late-debris,A1,14,410.936151,301.955664,184.417157,22,154,2771025932,27.225756,2.32927,83.463898,297.916117,220.41016,51.012027,0.000151,301.709032,0.246481,1084,11051,1,2,16135,2762,83885,133656,267054,61120,True,True,0,0,0
city256-late-debris,A1,15,410.734738,316.871072,184.646994,22,165,2771025932,27.586194,2.253643,83.860595,297.033337,221.440128,60.676636,0.000162,316.550385,0.320525,1084,11051,1,2,16135,2762,83885,133656,267054,61120,True,True,0,0,0
city256-late-debris,A1,16,410.155784,315.815442,190.707339,22,176,2771025932,28.054727,2.251712,84.935356,294.912254,221.579994,53.092086,0.000176,315.587318,0.227948,1084,11051,1,2,16135,2762,83885,133656,267054,61120,True,True,0,0,0
city256-late-debris,A1,17,415.755856,351.491121,193.083076,22,187,2771025932,27.208353,2.578529,84.935414,301.025314,223.03064,67.296549,0.000167,351.289321,0.201633,1084,11051,1,2,16135,2762,83885,133656,267054,61120,True,True,0,0,0
city256-late-debris,A1,18,416.442721,320.762091,188.066306,22,198,2771025932,29.053727,2.552576,84.846511,299.988874,222.845566,62.472697,0.00016,320.556845,0.205086,1084,11051,1,2,16135,2762,83885,133656,267054,61120,True,True,0,0,0
city256-late-debris,A1,19,416.661221,337.191379,195.183347,22,209,2771025932,27.716418,2.294161,85.330141,301.319503,225.118189,53.514682,0.000161,336.986958,0.20426,1084,11051,1,2,16135,2762,83885,133656,267054,61120,True,True,0,0,0
city256-ten-second-debris,A0,0,1959.080545,336.654086,168.195121,22,0,2771025932,67.640451,1293.438215,108.910439,489.09074,233.258036,2044.545425,0.000165,336.470967,0.182954,676,819,1,2,15187,3035,85126,137219,31798,8627,True,True,0,0,0
city256-ten-second-debris,A0,1,415.535434,317.397598,186.353702,22,11,2771025932,31.887038,2.283336,89.428024,291.936114,221.275352,79.150768,0.000169,317.169474,0.227955,676,819,1,2,15187,3035,85126,137219,31798,8627,True,True,0,0,0
city256-ten-second-debris,A0,2,469.57029,266.159895,184.773328,22,22,2771025932,32.015873,3.914688,102.818637,330.819745,235.881636,72.143439,0.000169,265.886354,0.273372,676,819,1,2,15187,3035,85126,137219,31798,8627,True,True,0,0,0
city256-ten-second-debris,A0,3,443.830411,286.002126,175.234888,22,33,2771025932,29.841539,1.765451,87.834862,324.387657,231.736233,73.417503,0.000191,285.757692,0.244243,676,819,1,2,15187,3035,85126,137219,31798,8627,True,True,0,0,0
city256-ten-second-debris,A0,4,432.937816,232.660697,171.851549,22,44,2771025932,29.94256,2.405092,87.976687,312.612245,232.097974,55.984785,0.000169,232.445325,0.215203,676,819,1,2,15187,3035,85126,137219,31798,8627,True,True,0,0,0
city256-ten-second-debris,A0,5,432.23929,244.679271,169.555034,22,55,2771025932,28.979583,2.31531,87.612179,313.331205,234.962136,79.526611,0.000171,244.483718,0.195382,676,819,1,2,15187,3035,85126,137219,31798,8627,True,True,0,0,0
city256-ten-second-debris,A0,6,447.287242,251.349625,166.87779,22,66,2771025932,32.984763,2.181649,88.374689,323.745073,232.621304,72.086396,0.000173,251.077502,0.27195,676,819,1,2,15187,3035,85126,137219,31798,8627,True,True,0,0,0
city256-ten-second-debris,A0,7,434.304538,255.513871,172.136684,22,77,2771025932,29.003006,2.977337,87.559588,314.763353,232.001055,73.324022,0.000188,255.279987,0.233696,676,819,1,2,15187,3035,85126,137219,31798,8627,True,True,0,0,0
city256-ten-second-debris,A0,8,454.791914,248.091103,195.628388,22,88,2771025932,29.431276,2.529315,92.940815,329.888995,259.634919,74.758295,0.000209,247.818748,0.272146,676,819,1,2,15187,3035,85126,137219,31798,8627,True,True,0,0,0
city256-ten-second-debris,A0,9,463.907696,253.870272,174.040779,22,99,2771025932,32.176117,1.774729,98.553889,331.401988,230.449624,75.986166,0.000165,253.639127,0.23098,676,819,1,2,15187,3035,85126,137219,31798,8627,True,True,0,0,0
city256-ten-second-debris,A0,10,432.661446,252.825661,176.848377,22,110,2771025932,29.818037,2.171126,87.910655,312.760612,238.459585,74.325993,0.000161,252.573405,0.252095,676,819,1,2,15187,3035,85126,137219,31798,8627,True,True,0,0,0
city256-ten-second-debris,A0,11,436.750343,254.514091,178.390077,22,121,2771025932,30.119379,2.256298,86.728117,317.645277,233.271971,77.052437,0.000165,254.203551,0.310375,676,819,1,2,15187,3035,85126,137219,31798,8627,True,True,0,0,0
city256-ten-second-debris,A0,12,446.247021,250.004115,191.312323,22,132,2771025932,28.829754,2.406704,94.328882,320.680664,228.370535,73.835112,0.000185,249.704568,0.299362,676,819,1,2,15187,3035,85126,137219,31798,8627,True,True,0,0,0
city256-ten-second-debris,A0,13,457.822063,232.873903,198.379423,22,143,2771025932,29.988198,1.708816,92.246351,333.877309,230.721976,61.079835,0.000169,232.641541,0.232193,676,819,1,2,15187,3035,85126,137219,31798,8627,True,True,0,0,0
city256-ten-second-debris,A0,14,432.866633,234.305541,176.733266,22,154,2771025932,28.716405,2.149903,85.958435,316.040932,237.895431,75.535398,0.000166,234.04803,0.257345,676,819,1,2,15187,3035,85126,137219,31798,8627,True,True,0,0,0
city256-ten-second-debris,A0,15,431.49208,247.639594,176.016846,22,165,2771025932,28.942717,2.174545,92.079398,308.294479,234.970342,74.33959,0.000166,247.367369,0.272059,676,819,1,2,15187,3035,85126,137219,31798,8627,True,True,0,0,0
city256-ten-second-debris,A0,16,429.225733,230.907292,179.161289,22,176,2771025932,28.773605,2.209827,87.98121,310.260186,233.43126,68.060956,0.000169,230.670428,0.236695,676,819,1,2,15187,3035,85126,137219,31798,8627,True,True,0,0,0
city256-ten-second-debris,A0,17,429.146328,258.541755,177.595151,22,187,2771025932,28.909407,2.366104,88.459067,309.410812,231.052781,75.154151,0.000168,258.336106,0.205481,676,819,1,2,15187,3035,85126,137219,31798,8627,True,True,0,0,0
city256-ten-second-debris,A0,18,437.266663,259.764964,186.993458,22,198,2771025932,32.977356,2.271604,91.235939,310.78085,235.251716,74.019449,0.000166,259.493926,0.270872,676,819,1,2,15187,3035,85126,137219,31798,8627,True,True,0,0,0
city256-ten-second-debris,A0,19,451.235791,250.253537,184.7089,22,209,2771025932,28.762078,1.652204,87.629979,333.190468,238.204895,72.391342,0.000176,250.019522,0.233839,676,819,1,2,15187,3035,85126,137219,31798,8627,True,True,0,0,0
city256-ten-second-debris,A1,0,1897.878019,334.353302,175.342368,22,0,2771025932,58.554826,1251.674914,108.909531,478.738014,237.840777,1991.898234,0.000185,334.133365,0.219752,676,819,1,2,15187,3035,85126,137219,31798,8627,True,True,0,0,0
city256-ten-second-debris,A1,1,424.96887,300.009536,171.25237,22,11,2771025932,29.519619,1.637116,85.115527,308.695659,229.716359,56.017581,0.000196,299.819362,0.189978,676,819,1,2,15187,3035,85126,137219,31798,8627,True,True,0,0,0
city256-ten-second-debris,A1,2,425.446771,288.581845,171.935033,22,22,2771025932,27.905503,2.212147,87.0292,308.298905,225.240983,72.337495,0.000343,288.295343,0.286159,676,819,1,2,15187,3035,85126,137219,31798,8627,True,True,0,0,0
city256-ten-second-debris,A1,3,414.918874,266.984498,169.571842,22,33,2771025932,27.543072,2.189596,86.027117,299.158135,228.635603,57.848599,0.000172,266.770102,0.214224,676,819,1,2,15187,3035,85126,137219,31798,8627,True,True,0,0,0
city256-ten-second-debris,A1,4,412.835259,210.394696,170.922132,22,44,2771025932,27.719777,3.012076,84.586704,297.515764,226.630704,56.924767,0.000169,210.213761,0.180766,676,819,1,2,15187,3035,85126,137219,31798,8627,True,True,0,0,0
city256-ten-second-debris,A1,5,420.732394,262.170006,170.371982,22,55,2771025932,28.798024,2.123779,85.32578,304.483373,224.949684,71.19572,0.00019,261.902815,0.267001,676,819,1,2,15187,3035,85126,137219,31798,8627,True,True,0,0,0
city256-ten-second-debris,A1,6,415.187951,216.341283,169.512194,22,66,2771025932,27.706906,2.231376,86.769797,298.478614,228.308671,72.531998,0.000191,216.076616,0.264476,676,819,1,2,15187,3035,85126,137219,31798,8627,True,True,0,0,0
city256-ten-second-debris,A1,7,420.047599,228.362802,168.735461,22,77,2771025932,27.923,2.182316,86.114406,303.826844,225.385221,55.867628,0.000191,228.159968,0.202643,676,819,1,2,15187,3035,85126,137219,31798,8627,True,True,0,0,0
city256-ten-second-debris,A1,8,417.558682,227.666407,169.067022,22,88,2771025932,28.363299,2.192542,86.565396,300.436393,225.962437,67.653265,0.000208,227.497783,0.168416,676,819,1,2,15187,3035,85126,137219,31798,8627,True,True,0,0,0
city256-ten-second-debris,A1,9,420.434853,214.520292,167.929542,22,99,2771025932,27.949793,2.259671,86.752159,303.472295,226.863093,83.03397,0.000189,214.30881,0.211293,676,819,1,2,15187,3035,85126,137219,31798,8627,True,True,0,0,0
city256-ten-second-debris,A1,10,436.576021,247.005147,172.621531,22,110,2771025932,28.570399,2.263872,88.813144,316.927407,241.257814,57.572738,0.000163,246.74682,0.258164,676,819,1,2,15187,3035,85126,137219,31798,8627,True,True,0,0,0
city256-ten-second-debris,A1,11,440.57074,235.073863,177.020415,22,121,2771025932,29.482185,1.65242,105.760731,303.674257,250.658264,64.9259,0.000198,234.861339,0.212326,676,819,1,2,15187,3035,85126,137219,31798,8627,True,True,0,0,0
city256-ten-second-debris,A1,12,460.776223,214.908049,182.749151,22,132,2771025932,32.753338,3.686129,100.87517,323.460445,225.241137,59.406189,0.00019,214.67724,0.230619,676,819,1,2,15187,3035,85126,137219,31798,8627,True,True,0,0,0
city256-ten-second-debris,A1,13,433.781029,251.775349,189.27698,22,143,2771025932,27.713948,2.19113,85.076598,318.798023,224.570078,74.640254,0.000197,251.514047,0.261105,676,819,1,2,15187,3035,85126,137219,31798,8627,True,True,0,0,0
city256-ten-second-debris,A1,14,424.31595,202.313695,195.128481,22,154,2771025932,27.761022,2.218761,89.393383,304.941614,225.822301,56.351611,0.000198,202.106633,0.206864,676,819,1,2,15187,3035,85126,137219,31798,8627,True,True,0,0,0
city256-ten-second-debris,A1,15,426.15215,214.469577,189.622182,22,165,2771025932,27.654172,1.661607,84.286121,312.549222,225.09491,56.740278,0.000194,214.277194,0.192189,676,819,1,2,15187,3035,85126,137219,31798,8627,True,True,0,0,0
city256-ten-second-debris,A1,16,428.918603,221.900595,176.469994,22,176,2771025932,27.695295,2.162933,85.275751,313.783623,224.398146,56.759483,0.000433,221.679545,0.220617,676,819,1,2,15187,3035,85126,137219,31798,8627,True,True,0,0,0
city256-ten-second-debris,A1,17,426.540864,216.016981,173.746456,22,187,2771025932,27.916255,2.223488,84.826138,311.574038,253.806236,62.961743,0.000236,215.758703,0.258042,676,819,1,2,15187,3035,85126,137219,31798,8627,True,True,0,0,0
city256-ten-second-debris,A1,18,420.118209,227.57946,170.293463,22,198,2771025932,27.777202,2.189323,84.884321,305.266299,226.31676,56.164956,0.000203,227.357377,0.22188,676,819,1,2,15187,3035,85126,137219,31798,8627,True,True,0,0,0
city256-ten-second-debris,A1,19,419.556663,238.597251,175.610501,22,209,2771025932,27.878344,2.252047,85.616217,303.808867,224.969832,66.305603,0.000202,238.421402,0.175647,676,819,1,2,15187,3035,85126,137219,31798,8627,True,True,0,0,0
