run,step,complete_step_ms,command_ms,physics_step_ms,completion_ms,resim_passes,stress_passes,contacts_frame,bonds_broken,stress_iterations
idle-256-B-0,0.0,12.38189,0.002497,12.055771,0.3236220000000003,0.0,1.0,0.0,0.0,88.0
idle-256-B-0,1.0,2.544926,0.000556,2.364544,0.17982599999999982,0.0,1.0,0.0,0.0,0.0
idle-256-B-0,2.0,1.575851,0.000178,1.425469,0.15020399999999978,0.0,1.0,0.0,0.0,0.0
idle-256-B-0,3.0,1.367203,0.000211,1.220999,0.14599300000000004,0.0,1.0,0.0,0.0,0.0
idle-256-B-0,4.0,1.252048,0.000178,1.126373,0.12549699999999997,0.0,1.0,0.0,0.0,0.0
idle-256-B-0,5.0,1.127332,0.000179,0.978246,0.14890700000000012,0.0,1.0,0.0,0.0,0.0
idle-256-B-0,6.0,1.253074,0.000158,1.117377,0.13553899999999985,0.0,1.0,0.0,0.0,0.0
idle-256-B-0,7.0,1.309883,0.000189,1.136452,0.1732419999999999,0.0,1.0,0.0,0.0,0.0
idle-256-B-0,8.0,1.370716,0.000192,1.198426,0.17209800000000008,0.0,1.0,0.0,0.0,0.0
idle-256-B-0,9.0,1.342933,0.000224,1.178841,0.1638679999999999,0.0,1.0,0.0,0.0,0.0
idle-256-B-0,10.0,1.495607,0.000174,1.347892,0.14754099999999992,0.0,1.0,0.0,0.0,0.0
idle-256-B-0,11.0,1.207556,0.000166,1.0711,0.13629000000000002,0.0,1.0,0.0,0.0,0.0
idle-256-B-0,12.0,1.382955,0.000153,1.230182,0.15261999999999976,0.0,1.0,0.0,0.0,0.0
idle-256-B-0,13.0,1.250608,0.00015,1.12219,0.12826799999999983,0.0,1.0,0.0,0.0,0.0
idle-256-B-0,14.0,1.412892,0.000169,1.254209,0.15851400000000004,0.0,1.0,0.0,0.0,0.0
idle-256-B-0,15.0,1.389073,0.000147,1.24154,0.14738600000000002,0.0,1.0,0.0,0.0,0.0
idle-256-B-0,16.0,1.488158,0.000157,1.331269,0.1567320000000001,0.0,1.0,0.0,0.0,0.0
idle-256-B-0,17.0,2.313678,0.00013,2.11918,0.19436799999999987,0.0,1.0,0.0,0.0,0.0
idle-256-B-0,18.0,1.460976,0.00016,1.308722,0.15209400000000017,0.0,1.0,0.0,0.0,0.0
idle-256-B-0,19.0,2.113743,0.000126,1.947161,0.16645600000000016,0.0,1.0,0.0,0.0,0.0
idle-256-B-0,20.0,1.641339,0.000107,1.466739,0.174493,0.0,1.0,0.0,0.0,0.0
idle-256-B-0,21.0,1.566745,0.00011,1.422689,0.1439459999999999,0.0,1.0,0.0,0.0,0.0
idle-256-B-0,22.0,1.467653,0.000136,1.311871,0.15564600000000017,0.0,1.0,0.0,0.0,0.0
idle-256-B-0,23.0,1.504574,0.000164,1.339153,0.165257,0.0,1.0,0.0,0.0,0.0
idle-256-B-0,24.0,1.477853,0.00011,1.296275,0.18146799999999996,0.0,1.0,0.0,0.0,0.0
idle-256-B-0,25.0,1.532327,0.000118,1.375997,0.15621200000000002,0.0,1.0,0.0,0.0,0.0
idle-256-B-0,26.0,1.412014,0.000112,1.229266,0.18263600000000024,0.0,1.0,0.0,0.0,0.0
idle-256-B-0,27.0,1.41238,0.000166,1.245265,0.1669489999999998,0.0,1.0,0.0,0.0,0.0
idle-256-B-0,28.0,1.410852,0.000148,1.242393,0.16831099999999988,0.0,1.0,0.0,0.0,0.0
idle-256-B-0,29.0,1.396775,0.000137,1.233608,0.16303,0.0,1.0,0.0,0.0,0.0
idle-256-B-0,30.0,1.412433,0.000111,1.23427,0.1780520000000001,0.0,1.0,0.0,0.0,0.0
idle-256-B-0,31.0,1.415392,0.000155,1.250138,0.1650990000000001,0.0,1.0,0.0,0.0,0.0
idle-256-B-0,32.0,1.480706,0.000122,1.310192,0.1703920000000001,0.0,1.0,0.0,0.0,0.0
idle-256-B-0,33.0,1.47299,0.000117,1.309954,0.16291900000000004,0.0,1.0,0.0,0.0,0.0
idle-256-B-0,34.0,1.828504,0.000125,1.654449,0.17392999999999992,0.0,1.0,0.0,0.0,0.0
idle-256-B-0,35.0,1.499439,0.000142,1.320676,0.17862099999999992,0.0,1.0,0.0,0.0,0.0
idle-256-B-0,36.0,1.47968,0.00015,1.307279,0.17225099999999993,0.0,1.0,0.0,0.0,0.0
idle-256-B-0,37.0,1.467712,0.000128,1.287251,0.18033300000000008,0.0,1.0,0.0,0.0,0.0
idle-256-B-0,38.0,1.44918,0.000133,1.274421,0.17462599999999995,0.0,1.0,0.0,0.0,0.0
idle-256-B-0,39.0,1.452137,0.000141,1.304167,0.147829,0.0,1.0,0.0,0.0,0.0
idle-256-B-0,40.0,1.4183,0.000135,1.22019,0.1979749999999998,0.0,1.0,0.0,0.0,0.0
idle-256-B-0,41.0,1.429412,0.00014,1.289137,0.1401349999999999,0.0,1.0,0.0,0.0,0.0
idle-256-B-0,42.0,1.576548,0.000142,1.393654,0.18275200000000003,0.0,1.0,0.0,0.0,0.0
idle-256-B-0,43.0,1.594346,0.000185,1.413019,0.18114199999999991,0.0,1.0,0.0,0.0,0.0
idle-256-B-0,44.0,1.474505,0.000148,1.29393,0.1804269999999999,0.0,1.0,0.0,0.0,0.0
idle-256-B-0,45.0,1.512988,0.000151,1.296191,0.2166459999999999,0.0,1.0,0.0,0.0,0.0
idle-256-B-0,46.0,1.521811,0.000158,1.332639,0.18901400000000002,0.0,1.0,0.0,0.0,0.0
idle-256-B-0,47.0,1.573016,0.000184,1.372795,0.20003700000000002,0.0,1.0,0.0,0.0,0.0
idle-256-B-0,48.0,1.646797,0.000198,1.422104,0.2244950000000001,0.0,1.0,0.0,0.0,0.0
idle-256-B-0,49.0,1.464906,0.000206,1.273758,0.19094200000000017,0.0,1.0,0.0,0.0,0.0
idle-256-B-0,50.0,1.454783,0.000168,1.264814,0.1898009999999999,0.0,1.0,0.0,0.0,0.0
idle-256-B-0,51.0,1.613658,0.000172,1.397847,0.21563899999999991,0.0,1.0,0.0,0.0,0.0
idle-256-B-0,52.0,1.592279,0.000231,1.382803,0.2092449999999999,0.0,1.0,0.0,0.0,0.0
idle-256-B-0,53.0,1.569332,0.000182,1.366168,0.202982,0.0,1.0,0.0,0.0,0.0
idle-256-B-0,54.0,1.499856,0.000182,1.34715,0.1525240000000001,0.0,1.0,0.0,0.0,0.0
idle-256-B-0,55.0,1.516345,0.000224,1.376642,0.13947900000000013,0.0,1.0,0.0,0.0,0.0
idle-256-B-0,56.0,1.52055,0.000198,1.312573,0.20777900000000016,0.0,1.0,0.0,0.0,0.0
idle-256-B-0,57.0,1.587634,0.000251,1.368949,0.21843400000000002,0.0,1.0,0.0,0.0,0.0
idle-256-B-0,58.0,1.637236,0.000434,1.409233,0.2275689999999999,0.0,1.0,0.0,0.0,0.0
idle-256-B-0,59.0,1.542601,0.000235,1.332262,0.21010400000000007,0.0,1.0,0.0,0.0,0.0
idle-256-B-0,60.0,1.51682,0.000237,1.266534,0.25004899999999997,0.0,1.0,0.0,0.0,0.0
idle-256-B-0,61.0,1.669874,0.000268,1.459685,0.20992100000000025,0.0,1.0,0.0,0.0,0.0
idle-256-B-0,62.0,1.663868,0.000214,1.446353,0.21730099999999997,0.0,1.0,0.0,0.0,0.0
idle-256-B-0,63.0,1.584637,0.000194,1.371354,0.21308900000000008,0.0,1.0,0.0,0.0,0.0
idle-256-B-0,64.0,1.614583,0.000203,1.389761,0.22461900000000012,0.0,1.0,0.0,0.0,0.0
idle-256-B-0,65.0,1.486907,0.000258,1.347839,0.13880999999999988,0.0,1.0,0.0,0.0,0.0
idle-256-B-0,66.0,1.512456,0.000197,1.297621,0.2146380000000001,0.0,1.0,0.0,0.0,0.0
idle-256-B-0,67.0,1.438151,0.000195,1.282379,0.15557700000000008,0.0,1.0,0.0,0.0,0.0
idle-256-B-0,68.0,1.555476,0.000244,1.345623,0.20960900000000016,0.0,1.0,0.0,0.0,0.0
idle-256-B-0,69.0,1.492041,0.000194,1.270046,0.22180099999999991,0.0,1.0,0.0,0.0,0.0
idle-256-B-0,70.0,1.582251,0.000204,1.346149,0.23589799999999994,0.0,1.0,0.0,0.0,0.0
idle-256-B-0,71.0,1.761611,0.000247,1.484713,0.276651,0.0,1.0,0.0,0.0,0.0
idle-256-B-0,72.0,1.852273,0.000428,1.61497,0.23687499999999995,0.0,1.0,0.0,0.0,0.0
idle-256-B-0,73.0,1.701595,0.000348,1.472993,0.22825399999999996,0.0,1.0,0.0,0.0,0.0
idle-256-B-0,74.0,1.599113,0.000311,1.3922,0.20660199999999995,0.0,1.0,0.0,0.0,0.0
idle-256-B-0,75.0,1.474731,0.000191,1.265388,0.209152,0.0,1.0,0.0,0.0,0.0
idle-256-B-0,76.0,1.593719,0.000245,1.3523,0.241174,0.0,1.0,0.0,0.0,0.0
idle-256-B-0,77.0,1.649726,0.000451,1.428029,0.22124600000000005,0.0,1.0,0.0,0.0,0.0
idle-256-B-0,78.0,1.592231,0.000248,1.358076,0.23390699999999987,0.0,1.0,0.0,0.0,0.0
idle-256-B-0,79.0,1.419427,0.0002,1.218201,0.20102599999999993,0.0,1.0,0.0,0.0,0.0
idle-256-B-0,80.0,1.526797,0.000198,1.319629,0.2069700000000001,0.0,1.0,0.0,0.0,0.0
idle-256-B-0,81.0,1.610176,0.000261,1.384786,0.2251289999999999,0.0,1.0,0.0,0.0,0.0
idle-256-B-0,82.0,1.54803,0.000198,1.34164,0.20619200000000015,0.0,1.0,0.0,0.0,0.0
idle-256-B-0,83.0,1.631361,0.0002,1.462167,0.1689940000000001,0.0,1.0,0.0,0.0,0.0
idle-256-B-0,84.0,1.492972,0.00023,1.268325,0.2244170000000001,0.0,1.0,0.0,0.0,0.0
idle-256-B-0,85.0,1.794512,0.000198,1.568989,0.22532500000000022,0.0,1.0,0.0,0.0,0.0
idle-256-B-0,86.0,1.689593,0.000195,1.469899,0.2194989999999999,0.0,1.0,0.0,0.0,0.0
idle-256-B-0,87.0,1.625052,0.000452,1.408051,0.2165490000000001,0.0,1.0,0.0,0.0,0.0
idle-256-B-0,88.0,1.635231,0.000267,1.414049,0.2209150000000002,0.0,1.0,0.0,0.0,0.0
idle-256-B-0,89.0,1.66581,0.000254,1.417871,0.24768499999999993,0.0,1.0,0.0,0.0,0.0
idle-256-B-0,90.0,1.597366,0.000237,1.359349,0.2377800000000001,0.0,1.0,0.0,0.0,0.0
idle-256-B-0,91.0,1.580535,0.00019,1.376926,0.20341900000000002,0.0,1.0,0.0,0.0,0.0
idle-256-B-0,92.0,1.48737,0.000243,1.273838,0.21328900000000006,0.0,1.0,0.0,0.0,0.0
idle-256-B-0,93.0,1.555895,0.000197,1.349979,0.20571899999999999,0.0,1.0,0.0,0.0,0.0
idle-256-B-0,94.0,1.651583,0.000194,1.434085,0.21730399999999994,0.0,1.0,0.0,0.0,0.0
idle-256-B-0,95.0,1.554536,0.000238,1.312265,0.24203299999999994,0.0,1.0,0.0,0.0,0.0
idle-256-B-0,96.0,1.575792,0.000243,1.371008,0.20454100000000008,0.0,1.0,0.0,0.0,0.0
idle-256-B-0,97.0,1.572855,0.000194,1.357378,0.2152829999999999,0.0,1.0,0.0,0.0,0.0
idle-256-B-0,98.0,1.742707,0.000198,1.524402,0.21810700000000005,0.0,1.0,0.0,0.0,0.0
idle-256-B-0,99.0,1.517344,0.00019,1.375702,0.14145200000000013,0.0,1.0,0.0,0.0,0.0
idle-256-B-0,100.0,1.641165,0.000194,1.427865,0.21310600000000002,0.0,1.0,0.0,0.0,0.0
idle-256-B-0,101.0,1.524775,0.000196,1.334622,0.18995699999999993,0.0,1.0,0.0,0.0,0.0
idle-256-B-0,102.0,1.387414,0.000236,1.190381,0.1967970000000001,0.0,1.0,0.0,0.0,0.0
idle-256-B-0,103.0,1.328566,0.000584,1.124103,0.20387899999999992,0.0,1.0,0.0,0.0,0.0
idle-256-B-0,104.0,1.498624,0.000339,1.284055,0.21422999999999992,0.0,1.0,0.0,0.0,0.0
idle-256-B-0,105.0,1.535973,0.000231,1.328777,0.20696499999999984,0.0,1.0,0.0,0.0,0.0
idle-256-B-0,106.0,1.340779,0.000217,1.132109,0.208453,0.0,1.0,0.0,0.0,0.0
idle-256-B-0,107.0,1.530569,0.000215,1.325093,0.20526099999999992,0.0,1.0,0.0,0.0,0.0
idle-256-B-0,108.0,1.452433,0.000209,1.249886,0.20233800000000013,0.0,1.0,0.0,0.0,0.0
idle-256-B-0,109.0,1.574412,0.000183,1.35655,0.21767899999999996,0.0,1.0,0.0,0.0,0.0
idle-256-B-0,110.0,1.392486,0.000194,1.194084,0.19820799999999994,0.0,1.0,0.0,0.0,0.0
idle-256-B-0,111.0,1.256731,0.000175,1.061952,0.194604,0.0,1.0,0.0,0.0,0.0
idle-256-B-0,112.0,1.399723,0.000306,1.198586,0.2008310000000002,0.0,1.0,0.0,0.0,0.0
idle-256-B-0,113.0,1.495071,0.000232,1.239277,0.25556200000000007,0.0,1.0,0.0,0.0,0.0
idle-256-B-0,114.0,1.267136,0.000302,1.064743,0.20209100000000002,0.0,1.0,0.0,0.0,0.0
idle-256-B-0,115.0,1.362222,0.000285,1.154267,0.20767000000000002,0.0,1.0,0.0,0.0,0.0
idle-256-B-0,116.0,1.406705,0.000218,1.21082,0.19566700000000004,0.0,1.0,0.0,0.0,0.0
idle-256-B-0,117.0,1.173703,0.000232,0.97419,0.19928099999999993,0.0,1.0,0.0,0.0,0.0
idle-256-B-0,118.0,1.208975,0.00031,1.005665,0.20299999999999985,0.0,1.0,0.0,0.0,0.0
idle-256-B-0,119.0,1.198687,0.0002,1.027456,0.17103100000000016,0.0,1.0,0.0,0.0,0.0
idle-256-B-0,120.0,3.69549,0.00018,3.448864,0.24644600000000016,0.0,1.0,0.0,0.0,0.0
idle-256-B-0,121.0,1.5252,0.000349,1.314929,0.20992199999999994,0.0,1.0,0.0,0.0,0.0
idle-256-B-0,122.0,1.272373,0.00019,1.099534,0.17264900000000005,0.0,1.0,0.0,0.0,0.0
idle-256-B-0,123.0,1.499867,0.000208,1.299979,0.19968000000000008,0.0,1.0,0.0,0.0,0.0
idle-256-B-0,124.0,1.425415,0.000185,1.178654,0.2465759999999999,0.0,1.0,0.0,0.0,0.0
idle-256-B-0,125.0,1.213373,0.000214,1.043465,0.169694,0.0,1.0,0.0,0.0,0.0
idle-256-B-0,126.0,1.429282,0.000203,1.251984,0.177095,0.0,1.0,0.0,0.0,0.0
idle-256-B-0,127.0,1.274932,0.000204,1.102022,0.1727059999999998,0.0,1.0,0.0,0.0,0.0
idle-256-B-0,128.0,1.292327,0.000218,1.085195,0.20691400000000004,0.0,1.0,0.0,0.0,0.0
idle-256-B-0,129.0,1.409697,0.000234,1.234362,0.17510099999999995,0.0,1.0,0.0,0.0,0.0
idle-256-B-0,130.0,1.487132,0.000271,1.277021,0.20984000000000003,0.0,1.0,0.0,0.0,0.0
idle-256-B-0,131.0,1.496343,0.000251,1.325235,0.17085700000000004,0.0,1.0,0.0,0.0,0.0
idle-256-B-0,132.0,1.371344,0.00022,1.215123,0.15600099999999983,0.0,1.0,0.0,0.0,0.0
idle-256-B-0,133.0,1.409043,0.00017,1.198336,0.21053699999999997,0.0,1.0,0.0,0.0,0.0
idle-256-B-0,134.0,1.437337,0.000177,1.279909,0.15725100000000003,0.0,1.0,0.0,0.0,0.0
idle-256-B-0,135.0,1.46353,0.000174,1.243956,0.21940000000000004,0.0,1.0,0.0,0.0,0.0
idle-256-B-0,136.0,1.339662,0.000261,1.183482,0.15591899999999992,0.0,1.0,0.0,0.0,0.0
idle-256-B-0,137.0,1.239921,0.000171,1.095247,0.14450300000000005,0.0,1.0,0.0,0.0,0.0
idle-256-B-0,138.0,1.646011,0.000268,1.486456,0.15928699999999996,0.0,1.0,0.0,0.0,0.0
idle-256-B-0,139.0,1.522825,0.000209,1.329911,0.19270500000000013,0.0,1.0,0.0,0.0,0.0
idle-256-B-0,140.0,1.490401,0.000194,1.319459,0.17074800000000012,0.0,1.0,0.0,0.0,0.0
idle-256-B-0,141.0,1.554558,0.000298,1.384026,0.17023400000000022,0.0,1.0,0.0,0.0,0.0
idle-256-B-0,142.0,1.556079,0.000229,1.387509,0.16834099999999985,0.0,1.0,0.0,0.0,0.0
idle-256-B-0,143.0,1.373787,0.0002,1.199412,0.1741750000000002,0.0,1.0,0.0,0.0,0.0
idle-256-B-0,144.0,1.482788,0.000185,1.286295,0.19630799999999993,0.0,1.0,0.0,0.0,0.0
idle-256-B-0,145.0,1.467898,0.00022,1.309644,0.15803399999999979,0.0,1.0,0.0,0.0,0.0
idle-256-B-0,146.0,1.497469,0.000256,1.337017,0.160196,0.0,1.0,0.0,0.0,0.0
idle-256-B-0,147.0,1.402389,0.000179,1.233715,0.16849500000000028,0.0,1.0,0.0,0.0,0.0
idle-256-B-0,148.0,1.425952,0.000408,1.249969,0.17557500000000004,0.0,1.0,0.0,0.0,0.0
idle-256-B-0,149.0,1.526838,0.000383,1.348768,0.17768699999999993,0.0,1.0,0.0,0.0,0.0
idle-256-B-0,150.0,1.591433,0.000198,1.424834,0.16640100000000024,0.0,1.0,0.0,0.0,0.0
idle-256-B-0,151.0,1.565577,0.000295,1.386205,0.17907700000000015,0.0,1.0,0.0,0.0,0.0
idle-256-B-0,152.0,1.589061,0.000231,1.419759,0.16907099999999997,0.0,1.0,0.0,0.0,0.0
idle-256-B-0,153.0,1.481443,0.000233,1.310753,0.17045700000000008,0.0,1.0,0.0,0.0,0.0
idle-256-B-0,154.0,1.5001,0.000232,1.333997,0.16587099999999988,0.0,1.0,0.0,0.0,0.0
idle-256-B-0,155.0,1.505425,0.000203,1.295597,0.20962499999999995,0.0,1.0,0.0,0.0,0.0
idle-256-B-0,156.0,1.568172,0.000193,1.388382,0.17959699999999978,0.0,1.0,0.0,0.0,0.0
idle-256-B-0,157.0,1.421634,0.000181,1.264864,0.1565890000000001,0.0,1.0,0.0,0.0,0.0
idle-256-B-0,158.0,1.557837,0.000194,1.360149,0.19749399999999984,0.0,1.0,0.0,0.0,0.0
idle-256-B-0,159.0,1.558189,0.000156,1.383561,0.17447199999999996,0.0,1.0,0.0,0.0,0.0
idle-256-B-0,160.0,1.520882,0.000294,1.347665,0.17292300000000016,0.0,1.0,0.0,0.0,0.0
idle-256-B-0,161.0,1.59547,0.000208,1.402414,0.1928479999999999,0.0,1.0,0.0,0.0,0.0
idle-256-B-0,162.0,1.584921,0.00022,1.410553,0.17414799999999997,0.0,1.0,0.0,0.0,0.0
idle-256-B-0,163.0,1.615538,0.000185,1.392544,0.2228089999999998,0.0,1.0,0.0,0.0,0.0
idle-256-B-0,164.0,1.528586,0.000186,1.353447,0.17495299999999991,0.0,1.0,0.0,0.0,0.0
idle-256-B-0,165.0,1.536675,0.000268,1.327829,0.20857800000000015,0.0,1.0,0.0,0.0,0.0
idle-256-B-0,166.0,1.635764,0.000166,1.457198,0.1783999999999999,0.0,1.0,0.0,0.0,0.0
idle-256-B-0,167.0,1.531622,0.000199,1.33463,0.196793,0.0,1.0,0.0,0.0,0.0
idle-256-B-0,168.0,1.567535,0.000268,1.396044,0.1712229999999999,0.0,1.0,0.0,0.0,0.0
idle-256-B-0,169.0,1.449518,0.000274,1.280981,0.16826300000000005,0.0,1.0,0.0,0.0,0.0
idle-256-B-0,170.0,1.555092,0.00021,1.349542,0.20533999999999986,0.0,1.0,0.0,0.0,0.0
idle-256-B-0,171.0,1.450295,0.000221,1.278189,0.17188499999999984,0.0,1.0,0.0,0.0,0.0
idle-256-B-0,172.0,1.561518,0.000339,1.390223,0.17095599999999989,0.0,1.0,0.0,0.0,0.0
idle-256-B-0,173.0,1.60874,0.000191,1.379073,0.229476,0.0,1.0,0.0,0.0,0.0
idle-256-B-0,174.0,1.903781,0.000211,1.683932,0.219638,0.0,1.0,0.0,0.0,0.0
idle-256-B-0,175.0,1.497262,0.000243,1.340073,0.15694600000000003,0.0,1.0,0.0,0.0,0.0
idle-256-B-0,176.0,1.546313,0.000213,1.352744,0.19335600000000008,0.0,1.0,0.0,0.0,0.0
idle-256-B-0,177.0,1.546216,0.000256,1.378423,0.16753700000000005,0.0,1.0,0.0,0.0,0.0
idle-256-B-0,178.0,1.486942,0.000221,1.278562,0.20815899999999998,0.0,1.0,0.0,0.0,0.0
idle-256-B-0,179.0,1.457837,0.000247,1.284949,0.17264100000000004,0.0,1.0,0.0,0.0,0.0
idle-256-B-0,180.0,1.490813,0.000224,1.269161,0.22142799999999996,0.0,1.0,0.0,0.0,0.0
idle-256-B-0,181.0,1.555394,0.00026,1.390203,0.16493099999999994,0.0,1.0,0.0,0.0,0.0
idle-256-B-0,182.0,1.587821,0.00031,1.351796,0.2357149999999999,0.0,1.0,0.0,0.0,0.0
idle-256-B-0,183.0,1.596861,0.000215,1.422092,0.1745540000000001,0.0,1.0,0.0,0.0,0.0
idle-256-B-0,184.0,1.628228,0.000208,1.385678,0.24234200000000006,0.0,1.0,0.0,0.0,0.0
idle-256-B-0,185.0,1.560289,0.000154,1.394423,0.16571200000000008,0.0,1.0,0.0,0.0,0.0
idle-256-B-0,186.0,1.368523,0.000195,1.215889,0.152439,0.0,1.0,0.0,0.0,0.0
idle-256-B-0,187.0,1.464938,0.000182,1.333555,0.13120100000000012,0.0,1.0,0.0,0.0,0.0
idle-256-B-0,188.0,1.478967,0.000204,1.327394,0.15136899999999986,0.0,1.0,0.0,0.0,0.0
idle-256-B-0,189.0,1.550655,0.000183,1.339081,0.21139099999999988,0.0,1.0,0.0,0.0,0.0
idle-256-B-0,190.0,1.557319,0.0002,1.385558,0.17156099999999985,0.0,1.0,0.0,0.0,0.0
idle-256-B-0,191.0,1.510685,0.000206,1.304227,0.2062520000000001,0.0,1.0,0.0,0.0,0.0
idle-256-B-0,192.0,1.573542,0.00018,1.406117,0.16724499999999987,0.0,1.0,0.0,0.0,0.0
idle-256-B-0,193.0,1.64377,0.000229,1.473116,0.17042499999999983,0.0,1.0,0.0,0.0,0.0
idle-256-B-0,194.0,1.709939,0.000191,1.515182,0.19456600000000002,0.0,1.0,0.0,0.0,0.0
idle-256-B-0,195.0,1.499141,0.0002,1.324355,0.17458600000000013,0.0,1.0,0.0,0.0,0.0
idle-256-B-0,196.0,1.481697,0.0002,1.33432,0.1471770000000001,0.0,1.0,0.0,0.0,0.0
idle-256-B-0,197.0,1.444365,0.000197,1.236603,0.207565,0.0,1.0,0.0,0.0,0.0
idle-256-B-0,198.0,1.488326,0.000211,1.323454,0.16466100000000017,0.0,1.0,0.0,0.0,0.0
idle-256-B-0,199.0,1.302447,0.000186,1.140173,0.1620879999999998,0.0,1.0,0.0,0.0,0.0
idle-256-B-0,200.0,1.340872,0.00016,1.167391,0.17332100000000006,0.0,1.0,0.0,0.0,0.0
idle-256-B-0,201.0,1.368458,0.00026,1.208692,0.15950599999999993,0.0,1.0,0.0,0.0,0.0
idle-256-B-0,202.0,1.396419,0.000238,1.21301,0.1831710000000002,0.0,1.0,0.0,0.0,0.0
idle-256-B-0,203.0,1.317779,0.000159,1.123006,0.19461400000000006,0.0,1.0,0.0,0.0,0.0
idle-256-B-0,204.0,1.405467,0.000163,1.199893,0.205411,0.0,1.0,0.0,0.0,0.0
idle-256-B-0,205.0,1.280936,0.00025,1.115322,0.16536400000000007,0.0,1.0,0.0,0.0,0.0
idle-256-B-0,206.0,1.383382,0.000182,1.148488,0.23471200000000003,0.0,1.0,0.0,0.0,0.0
idle-256-B-0,207.0,1.240229,0.0002,1.073292,0.16673700000000014,0.0,1.0,0.0,0.0,0.0
idle-256-B-0,208.0,1.379988,0.00022,1.21781,0.16195799999999982,0.0,1.0,0.0,0.0,0.0
idle-256-B-0,209.0,1.354232,0.000185,1.177349,0.17669800000000002,0.0,1.0,0.0,0.0,0.0
idle-256-B-0,210.0,1.547506,0.00019,1.360257,0.1870590000000001,0.0,1.0,0.0,0.0,0.0
idle-256-B-0,211.0,1.277182,0.000301,1.099009,0.17787200000000003,0.0,1.0,0.0,0.0,0.0
idle-256-B-0,212.0,1.332635,0.000221,1.137189,0.19522499999999998,0.0,1.0,0.0,0.0,0.0
idle-256-B-0,213.0,1.522783,0.000202,1.354293,0.168288,0.0,1.0,0.0,0.0,0.0
idle-256-B-0,214.0,1.386958,0.000299,1.217187,0.16947199999999984,0.0,1.0,0.0,0.0,0.0
idle-256-B-0,215.0,1.444753,0.000194,1.248805,0.19575399999999998,0.0,1.0,0.0,0.0,0.0
idle-256-B-0,216.0,1.373968,0.000191,1.194909,0.17886800000000003,0.0,1.0,0.0,0.0,0.0
idle-256-B-0,217.0,1.451298,0.000199,1.286725,0.16437400000000002,0.0,1.0,0.0,0.0,0.0
idle-256-B-0,218.0,1.507071,0.000212,1.326474,0.18038500000000002,0.0,1.0,0.0,0.0,0.0
idle-256-B-0,219.0,1.304951,0.000253,1.142516,0.16218199999999983,0.0,1.0,0.0,0.0,0.0
idle-256-B-0,220.0,1.332005,0.00018,1.114385,0.21744000000000008,0.0,1.0,0.0,0.0,0.0
idle-256-B-0,221.0,1.421053,0.000174,1.24603,0.17484900000000003,0.0,1.0,0.0,0.0,0.0
idle-256-B-0,222.0,1.409677,0.000237,1.159496,0.24994399999999994,0.0,1.0,0.0,0.0,0.0
idle-256-B-0,223.0,1.321898,0.00022,1.162327,0.1593509999999998,0.0,1.0,0.0,0.0,0.0
idle-256-B-0,224.0,1.351165,0.000247,1.143378,0.20753999999999984,0.0,1.0,0.0,0.0,0.0
idle-256-B-0,225.0,1.278997,0.000212,1.117131,0.16165399999999974,0.0,1.0,0.0,0.0,0.0
idle-256-B-0,226.0,1.40735,0.000232,1.249478,0.15764,0.0,1.0,0.0,0.0,0.0
idle-256-B-0,227.0,1.458792,0.000227,1.275945,0.18262,0.0,1.0,0.0,0.0,0.0
idle-256-B-0,228.0,1.321788,0.000201,1.160082,0.161505,0.0,1.0,0.0,0.0,0.0
idle-256-B-0,229.0,1.40578,0.000204,1.246222,0.159354,0.0,1.0,0.0,0.0,0.0
idle-256-B-0,230.0,1.444392,0.000219,1.266771,0.17740199999999984,0.0,1.0,0.0,0.0,0.0
idle-256-B-0,231.0,1.352521,0.000192,1.222612,0.12971700000000008,0.0,1.0,0.0,0.0,0.0
idle-256-B-0,232.0,1.388457,0.000329,1.220094,0.16803400000000002,0.0,1.0,0.0,0.0,0.0
idle-256-B-0,233.0,1.355956,0.000221,1.136153,0.21958199999999994,0.0,1.0,0.0,0.0,0.0
idle-256-B-0,234.0,1.381801,0.000187,1.201153,0.1804610000000002,0.0,1.0,0.0,0.0,0.0
idle-256-B-0,235.0,1.308586,0.000175,1.140369,0.16804200000000002,0.0,1.0,0.0,0.0,0.0
idle-256-B-0,236.0,1.44939,0.000193,1.237515,0.21168199999999993,0.0,1.0,0.0,0.0,0.0
idle-256-B-0,237.0,1.264187,0.000221,1.126912,0.137054,0.0,1.0,0.0,0.0,0.0
idle-256-B-0,238.0,1.291279,0.000271,1.092133,0.19887500000000014,0.0,1.0,0.0,0.0,0.0
idle-256-B-0,239.0,1.446626,0.000172,1.269217,0.17723699999999987,0.0,1.0,0.0,0.0,0.0
idle-256-B-0,240.0,1.289411,0.0002,1.167543,0.12166800000000011,0.0,1.0,0.0,0.0,0.0
idle-256-B-0,241.0,1.595992,0.000238,1.414623,0.18113100000000015,0.0,1.0,0.0,0.0,0.0
idle-256-B-0,242.0,1.321143,0.000166,1.199052,0.12192499999999984,0.0,1.0,0.0,0.0,0.0
idle-256-B-0,243.0,1.435921,0.000283,1.260639,0.1749989999999999,0.0,1.0,0.0,0.0,0.0
idle-256-B-0,244.0,1.339248,0.00021,1.131503,0.20753500000000003,0.0,1.0,0.0,0.0,0.0
idle-256-B-0,245.0,1.299328,0.000207,1.127185,0.17193599999999987,0.0,1.0,0.0,0.0,0.0
idle-256-B-0,246.0,1.255952,0.000248,1.061992,0.19371199999999988,0.0,1.0,0.0,0.0,0.0
idle-256-B-0,247.0,1.53401,0.00022,1.349063,0.18472700000000009,0.0,1.0,0.0,0.0,0.0
idle-256-B-0,248.0,1.517492,0.000152,1.308681,0.20865900000000015,0.0,1.0,0.0,0.0,0.0
idle-256-B-0,249.0,1.48301,0.000187,1.296717,0.1861060000000001,0.0,1.0,0.0,0.0,0.0
idle-256-B-0,250.0,1.46319,0.000271,1.287063,0.175856,0.0,1.0,0.0,0.0,0.0
idle-256-B-0,251.0,1.418671,0.000311,1.22365,0.19471000000000016,0.0,1.0,0.0,0.0,0.0
idle-256-B-0,252.0,1.58195,0.000192,1.392517,0.189241,0.0,1.0,0.0,0.0,0.0
idle-256-B-0,253.0,1.435867,0.000266,1.236982,0.19861899999999988,0.0,1.0,0.0,0.0,0.0
idle-256-B-0,254.0,1.386618,0.000201,1.195398,0.19101900000000005,0.0,1.0,0.0,0.0,0.0
idle-256-B-0,255.0,1.339026,0.000199,1.16739,0.17143700000000006,0.0,1.0,0.0,0.0,0.0
idle-256-B-0,256.0,1.475526,0.000189,1.251564,0.223773,0.0,1.0,0.0,0.0,0.0
idle-256-B-0,257.0,1.459414,0.000183,1.335086,0.12414499999999995,0.0,1.0,0.0,0.0,0.0
idle-256-B-0,258.0,1.368194,0.000172,1.20353,0.16449199999999986,0.0,1.0,0.0,0.0,0.0
idle-256-B-0,259.0,1.428494,0.000275,1.263548,0.164671,0.0,1.0,0.0,0.0,0.0
idle-256-B-0,260.0,1.449446,0.000176,1.233763,0.21550700000000012,0.0,1.0,0.0,0.0,0.0
idle-256-B-0,261.0,1.312808,0.00029,1.151216,0.16130200000000006,0.0,1.0,0.0,0.0,0.0
idle-256-B-0,262.0,1.496452,0.00021,1.304608,0.19163399999999986,0.0,1.0,0.0,0.0,0.0
idle-256-B-0,263.0,1.46109,0.000233,1.296785,0.164072,0.0,1.0,0.0,0.0,0.0
idle-256-B-0,264.0,1.462639,0.000197,1.297461,0.16498100000000004,0.0,1.0,0.0,0.0,0.0
idle-256-B-0,265.0,1.417036,0.000203,1.249945,0.16688799999999993,0.0,1.0,0.0,0.0,0.0
idle-256-B-0,266.0,1.397454,0.0002,1.175627,0.22162700000000002,0.0,1.0,0.0,0.0,0.0
idle-256-B-0,267.0,1.376111,0.000196,1.225052,0.15086299999999997,0.0,1.0,0.0,0.0,0.0
idle-256-B-0,268.0,1.466836,0.0002,1.260512,0.20612399999999997,0.0,1.0,0.0,0.0,0.0
idle-256-B-0,269.0,1.328821,0.00022,1.148157,0.18044399999999983,0.0,1.0,0.0,0.0,0.0
idle-256-B-0,270.0,1.451291,0.000292,1.301458,0.14954100000000015,0.0,1.0,0.0,0.0,0.0
idle-256-B-0,271.0,1.471496,0.000217,1.29773,0.17354899999999995,0.0,1.0,0.0,0.0,0.0
idle-256-B-0,272.0,1.368931,0.000185,1.235664,0.1330819999999997,0.0,1.0,0.0,0.0,0.0
idle-256-B-0,273.0,1.433513,0.000239,1.260645,0.17262899999999992,0.0,1.0,0.0,0.0,0.0
idle-256-B-0,274.0,1.463165,0.000193,1.24208,0.22089199999999987,0.0,1.0,0.0,0.0,0.0
idle-256-B-0,275.0,1.42205,0.000229,1.287198,0.13462299999999994,0.0,1.0,0.0,0.0,0.0
idle-256-B-0,276.0,1.544073,0.000213,1.34807,0.1957899999999999,0.0,1.0,0.0,0.0,0.0
idle-256-B-0,277.0,1.398189,0.000181,1.281977,0.116031,0.0,1.0,0.0,0.0,0.0
idle-256-B-0,278.0,1.394538,0.00022,1.240902,0.153416,0.0,1.0,0.0,0.0,0.0
idle-256-B-0,279.0,1.476515,0.00021,1.27698,0.19932499999999997,0.0,1.0,0.0,0.0,0.0
idle-256-B-0,280.0,1.413102,0.000158,1.215551,0.19739299999999993,0.0,1.0,0.0,0.0,0.0
idle-256-B-0,281.0,1.466345,0.000273,1.29268,0.173392,0.0,1.0,0.0,0.0,0.0
idle-256-B-0,282.0,1.552269,0.000286,1.384287,0.16769599999999985,0.0,1.0,0.0,0.0,0.0
idle-256-B-0,283.0,1.468791,0.000268,1.291411,0.17711199999999994,0.0,1.0,0.0,0.0,0.0
idle-256-B-0,284.0,1.405576,0.000185,1.240631,0.1647599999999998,0.0,1.0,0.0,0.0,0.0
idle-256-B-0,285.0,1.518652,0.000204,1.351788,0.1666599999999998,0.0,1.0,0.0,0.0,0.0
idle-256-B-0,286.0,1.495913,0.000202,1.340802,0.15490899999999996,0.0,1.0,0.0,0.0,0.0
idle-256-B-0,287.0,1.644369,0.000224,1.405069,0.23907600000000007,0.0,1.0,0.0,0.0,0.0
idle-256-B-0,288.0,1.420541,0.000278,1.244589,0.1756740000000001,0.0,1.0,0.0,0.0,0.0
idle-256-B-0,289.0,1.591968,0.000188,1.401826,0.18995399999999996,0.0,1.0,0.0,0.0,0.0
idle-256-B-0,290.0,1.461978,0.00021,1.305408,0.15636000000000005,0.0,1.0,0.0,0.0,0.0
idle-256-B-0,291.0,1.434292,0.000205,1.255668,0.17841899999999988,0.0,1.0,0.0,0.0,0.0
idle-256-B-0,292.0,1.406581,0.000225,1.235821,0.1705350000000001,0.0,1.0,0.0,0.0,0.0
idle-256-B-0,293.0,1.458072,0.000268,1.287558,0.17024600000000012,0.0,1.0,0.0,0.0,0.0
idle-256-B-0,294.0,1.644472,0.000232,1.440125,0.20411499999999982,0.0,1.0,0.0,0.0,0.0
idle-256-B-0,295.0,1.492716,0.000208,1.334498,0.15800999999999998,0.0,1.0,0.0,0.0,0.0
idle-256-B-0,296.0,1.463332,0.000271,1.262104,0.20095700000000027,0.0,1.0,0.0,0.0,0.0
idle-256-B-0,297.0,1.56038,0.000192,1.348528,0.21166000000000018,0.0,1.0,0.0,0.0,0.0
idle-256-B-0,298.0,1.444492,0.000229,1.282718,0.16154500000000005,0.0,1.0,0.0,0.0,0.0
idle-256-B-0,299.0,1.565329,0.000219,1.390875,0.17423499999999992,0.0,1.0,0.0,0.0,0.0
idle-256-B-0,300.0,1.557263,0.000211,1.374541,0.1825110000000001,0.0,1.0,0.0,0.0,0.0
idle-256-B-0,301.0,1.416566,0.000226,1.251384,0.16495599999999988,0.0,1.0,0.0,0.0,0.0
idle-256-B-0,302.0,1.518846,0.000286,1.298783,0.2197769999999999,0.0,1.0,0.0,0.0,0.0
idle-256-B-0,303.0,1.685367,0.00022,1.490703,0.19444400000000006,0.0,1.0,0.0,0.0,0.0
idle-256-B-0,304.0,1.46313,0.000209,1.307529,0.1553920000000002,0.0,1.0,0.0,0.0,0.0
idle-256-B-0,305.0,1.464608,0.000191,1.274446,0.1899709999999999,0.0,1.0,0.0,0.0,0.0
idle-256-B-0,306.0,1.552141,0.000192,1.386285,0.16566400000000003,0.0,1.0,0.0,0.0,0.0
idle-256-B-0,307.0,1.562483,0.000255,1.385406,0.17682200000000026,0.0,1.0,0.0,0.0,0.0
idle-256-B-0,308.0,1.623643,0.000219,1.44494,0.1784840000000001,0.0,1.0,0.0,0.0,0.0
idle-256-B-0,309.0,1.392528,0.000205,1.230886,0.16143700000000005,0.0,1.0,0.0,0.0,0.0
idle-256-B-0,310.0,1.569125,0.000296,1.361905,0.2069240000000001,0.0,1.0,0.0,0.0,0.0
idle-256-B-0,311.0,1.469223,0.00019,1.315565,0.15346799999999994,0.0,1.0,0.0,0.0,0.0
idle-256-B-0,312.0,1.627597,0.000195,1.412295,0.21510699999999994,0.0,1.0,0.0,0.0,0.0
idle-256-B-0,313.0,1.617969,0.000263,1.425302,0.19240400000000002,0.0,1.0,0.0,0.0,0.0
idle-256-B-0,314.0,1.596291,0.000208,1.406567,0.18951600000000002,0.0,1.0,0.0,0.0,0.0
idle-256-B-0,315.0,4.257935,0.000219,4.070044,0.18767199999999917,0.0,1.0,0.0,0.0,0.0
idle-256-B-0,316.0,1.643925,0.000269,1.397551,0.24610500000000002,0.0,1.0,0.0,0.0,0.0
idle-256-B-0,317.0,1.500782,0.00023,1.335105,0.16544700000000012,0.0,1.0,0.0,0.0,0.0
idle-256-B-0,318.0,1.573681,0.000186,1.341317,0.232178,0.0,1.0,0.0,0.0,0.0
idle-256-B-0,319.0,1.531853,0.00026,1.295565,0.2360279999999999,0.0,1.0,0.0,0.0,0.0
idle-256-B-0,320.0,1.364986,0.000204,1.194762,0.17001999999999984,0.0,1.0,0.0,0.0,0.0
idle-256-B-0,321.0,1.546747,0.000183,1.376681,0.169883,0.0,1.0,0.0,0.0,0.0
idle-256-B-0,322.0,1.566287,0.000308,1.388754,0.17722499999999997,0.0,1.0,0.0,0.0,0.0
idle-256-B-0,323.0,1.43621,0.000193,1.240058,0.19595899999999977,0.0,1.0,0.0,0.0,0.0
idle-256-B-0,324.0,1.58352,0.000198,1.350206,0.2331160000000001,0.0,1.0,0.0,0.0,0.0
idle-256-B-0,325.0,1.611282,0.000171,1.420046,0.19106500000000026,0.0,1.0,0.0,0.0,0.0
idle-256-B-0,326.0,1.477572,0.000197,1.292642,0.18473300000000004,0.0,1.0,0.0,0.0,0.0
idle-256-B-0,327.0,1.469727,0.000253,1.27507,0.19440400000000002,0.0,1.0,0.0,0.0,0.0
idle-256-B-0,328.0,1.54,0.000295,1.320131,0.21957400000000016,0.0,1.0,0.0,0.0,0.0
idle-256-B-0,329.0,1.447225,0.000342,1.285905,0.16097799999999984,0.0,1.0,0.0,0.0,0.0
idle-256-B-0,330.0,1.449551,0.000204,1.297066,0.1522809999999999,0.0,1.0,0.0,0.0,0.0
idle-256-B-0,331.0,1.318749,0.00027,1.165705,0.15277399999999997,0.0,1.0,0.0,0.0,0.0
idle-256-B-0,332.0,1.494695,0.000209,1.305613,0.1888730000000003,0.0,1.0,0.0,0.0,0.0
idle-256-B-0,333.0,1.309081,0.000276,1.106801,0.20200400000000007,0.0,1.0,0.0,0.0,0.0
idle-256-B-0,334.0,1.440472,0.000909,1.248244,0.19131900000000002,0.0,1.0,0.0,0.0,0.0
idle-256-B-0,335.0,1.412037,0.000202,1.246958,0.16487699999999994,0.0,1.0,0.0,0.0,0.0
idle-256-B-0,336.0,1.298876,0.000167,1.112554,0.18615499999999985,0.0,1.0,0.0,0.0,0.0
idle-256-B-0,337.0,1.279256,0.00017,1.114164,0.164922,0.0,1.0,0.0,0.0,0.0
idle-256-B-0,338.0,1.392913,0.000211,1.227419,0.16528300000000007,0.0,1.0,0.0,0.0,0.0
idle-256-B-0,339.0,1.563092,0.000239,1.365781,0.19707199999999991,0.0,1.0,0.0,0.0,0.0
idle-256-B-0,340.0,1.553157,0.000245,1.364873,0.18803899999999985,0.0,1.0,0.0,0.0,0.0
idle-256-B-0,341.0,1.439821,0.00023,1.25335,0.1862410000000001,0.0,1.0,0.0,0.0,0.0
idle-256-B-0,342.0,1.299418,0.000233,1.169062,0.130123,0.0,1.0,0.0,0.0,0.0
idle-256-B-0,343.0,1.334724,0.000198,1.167443,0.1670830000000001,0.0,1.0,0.0,0.0,0.0
idle-256-B-0,344.0,1.351005,0.000196,1.162652,0.1881569999999999,0.0,1.0,0.0,0.0,0.0
idle-256-B-0,345.0,1.420853,0.000246,1.26641,0.15419699999999992,0.0,1.0,0.0,0.0,0.0
idle-256-B-0,346.0,1.416253,0.000203,1.228646,0.18740400000000013,0.0,1.0,0.0,0.0,0.0
idle-256-B-0,347.0,1.292011,0.000195,1.129597,0.1622190000000001,0.0,1.0,0.0,0.0,0.0
idle-256-B-0,348.0,1.456745,0.0002,1.281187,0.1753579999999999,0.0,1.0,0.0,0.0,0.0
idle-256-B-0,349.0,1.42159,0.000198,1.262253,0.15913899999999992,0.0,1.0,0.0,0.0,0.0
idle-256-B-0,350.0,1.484987,0.000195,1.289712,0.19508000000000014,0.0,1.0,0.0,0.0,0.0
idle-256-B-0,351.0,1.427982,0.00019,1.232962,0.19483000000000028,0.0,1.0,0.0,0.0,0.0
idle-256-B-0,352.0,1.588076,0.000157,1.365514,0.22240500000000019,0.0,1.0,0.0,0.0,0.0
idle-256-B-0,353.0,1.514636,0.000203,1.332688,0.18174500000000005,0.0,1.0,0.0,0.0,0.0
idle-256-B-0,354.0,1.373205,0.000196,1.225405,0.14760399999999985,0.0,1.0,0.0,0.0,0.0
idle-256-B-0,355.0,1.414177,0.000182,1.226006,0.18798900000000018,0.0,1.0,0.0,0.0,0.0
idle-256-B-0,356.0,1.417154,0.000207,1.254443,0.16250399999999998,0.0,1.0,0.0,0.0,0.0
idle-256-B-0,357.0,1.431103,0.000177,1.248885,0.1820409999999999,0.0,1.0,0.0,0.0,0.0
idle-256-B-0,358.0,1.293461,0.000332,1.12737,0.165759,0.0,1.0,0.0,0.0,0.0
idle-256-B-0,359.0,1.494239,0.000192,1.308664,0.18538300000000008,0.0,1.0,0.0,0.0,0.0
idle-256-B-0,360.0,1.315858,0.00024,1.154085,0.16153299999999993,0.0,1.0,0.0,0.0,0.0
idle-256-B-0,361.0,1.459243,0.000245,1.292425,0.16657300000000008,0.0,1.0,0.0,0.0,0.0
idle-256-B-0,362.0,1.468172,0.000214,1.276128,0.19183000000000017,0.0,1.0,0.0,0.0,0.0
idle-256-B-0,363.0,1.474957,0.000192,1.26088,0.2138850000000001,0.0,1.0,0.0,0.0,0.0
idle-256-B-0,364.0,1.568843,0.000218,1.340896,0.22772899999999985,0.0,1.0,0.0,0.0,0.0
idle-256-B-0,365.0,1.431343,0.000208,1.26653,0.1646050000000001,0.0,1.0,0.0,0.0,0.0
idle-256-B-0,366.0,1.594139,0.00018,1.416338,0.1776209999999998,0.0,1.0,0.0,0.0,0.0
idle-256-B-0,367.0,1.435218,0.000293,1.285084,0.1498410000000001,0.0,1.0,0.0,0.0,0.0
idle-256-B-0,368.0,1.370743,0.000209,1.18836,0.18217400000000006,0.0,1.0,0.0,0.0,0.0
idle-256-B-0,369.0,1.47653,0.000175,1.321106,0.15524899999999997,0.0,1.0,0.0,0.0,0.0
idle-256-B-0,370.0,1.453284,0.000184,1.259245,0.1938550000000001,0.0,1.0,0.0,0.0,0.0
idle-256-B-0,371.0,1.358209,0.000265,1.169983,0.18796100000000004,0.0,1.0,0.0,0.0,0.0
idle-256-B-0,372.0,1.444146,0.000175,1.257359,0.186612,0.0,1.0,0.0,0.0,0.0
idle-256-B-0,373.0,1.514874,0.000249,1.324414,0.19021100000000013,0.0,1.0,0.0,0.0,0.0
idle-256-B-0,374.0,1.431522,0.000246,1.236067,0.19520899999999997,0.0,1.0,0.0,0.0,0.0
idle-256-B-0,375.0,1.438975,0.000175,1.278104,0.16069599999999995,0.0,1.0,0.0,0.0,0.0
idle-256-B-0,376.0,1.287288,0.0002,1.110882,0.17620600000000008,0.0,1.0,0.0,0.0,0.0
idle-256-B-0,377.0,1.477432,0.0002,1.319012,0.15822000000000003,0.0,1.0,0.0,0.0,0.0
idle-256-B-0,378.0,1.485077,0.000235,1.292044,0.19279800000000002,0.0,1.0,0.0,0.0,0.0
idle-256-B-0,379.0,1.525041,0.000237,1.300561,0.22424299999999997,0.0,1.0,0.0,0.0,0.0
idle-256-B-0,380.0,1.39479,0.000215,1.237743,0.15683199999999986,0.0,1.0,0.0,0.0,0.0
idle-256-B-0,381.0,1.54405,0.00021,1.390547,0.1532929999999999,0.0,1.0,0.0,0.0,0.0
idle-256-B-0,382.0,1.463398,0.000163,1.278575,0.18466000000000005,0.0,1.0,0.0,0.0,0.0
idle-256-B-0,383.0,1.369221,0.00018,1.184665,0.18437599999999987,0.0,1.0,0.0,0.0,0.0
idle-256-B-0,384.0,1.479984,0.000244,1.291495,0.188245,0.0,1.0,0.0,0.0,0.0
idle-256-B-0,385.0,1.389053,0.000191,1.198677,0.19018500000000005,0.0,1.0,0.0,0.0,0.0
idle-256-B-0,386.0,1.446032,0.000218,1.248678,0.19713599999999998,0.0,1.0,0.0,0.0,0.0
idle-256-B-0,387.0,1.427956,0.000252,1.22512,0.2025840000000001,0.0,1.0,0.0,0.0,0.0
idle-256-B-0,388.0,1.477397,0.00027,1.251204,0.2259230000000001,0.0,1.0,0.0,0.0,0.0
idle-256-B-0,389.0,1.499626,0.000224,1.30415,0.19525199999999998,0.0,1.0,0.0,0.0,0.0
idle-256-B-0,390.0,1.443207,0.000207,1.286327,0.15667299999999984,0.0,1.0,0.0,0.0,0.0
idle-256-B-0,391.0,1.428464,0.000202,1.239244,0.1890179999999999,0.0,1.0,0.0,0.0,0.0
idle-256-B-0,392.0,1.348453,0.000183,1.18786,0.16040999999999994,0.0,1.0,0.0,0.0,0.0
idle-256-B-0,393.0,1.493524,0.000288,1.304086,0.18914999999999993,0.0,1.0,0.0,0.0,0.0
idle-256-B-0,394.0,1.46093,0.00023,1.27256,0.1881400000000002,0.0,1.0,0.0,0.0,0.0
idle-256-B-0,395.0,1.503921,0.000184,1.313757,0.18998000000000004,0.0,1.0,0.0,0.0,0.0
idle-256-B-0,396.0,1.3951,0.000235,1.240829,0.15403600000000006,0.0,1.0,0.0,0.0,0.0
idle-256-B-0,397.0,1.488026,0.000202,1.329745,0.15807900000000008,0.0,1.0,0.0,0.0,0.0
idle-256-B-0,398.0,1.44697,0.000174,1.254007,0.1927890000000001,0.0,1.0,0.0,0.0,0.0
idle-256-B-0,399.0,1.489961,0.000188,1.334054,0.15571899999999994,0.0,1.0,0.0,0.0,0.0
idle-256-B-0,400.0,1.459218,0.000232,1.260108,0.1988779999999999,0.0,1.0,0.0,0.0,0.0
idle-256-B-0,401.0,1.484851,0.00025,1.296405,0.1881959999999998,0.0,1.0,0.0,0.0,0.0
idle-256-B-0,402.0,1.458218,0.000183,1.267904,0.19013100000000005,0.0,1.0,0.0,0.0,0.0
idle-256-B-0,403.0,1.511222,0.000196,1.322061,0.18896500000000005,0.0,1.0,0.0,0.0,0.0
idle-256-B-0,404.0,1.640384,0.000254,1.440765,0.19936500000000001,0.0,1.0,0.0,0.0,0.0
idle-256-B-0,405.0,1.478411,0.000208,1.288713,0.18948999999999994,0.0,1.0,0.0,0.0,0.0
idle-256-B-0,406.0,1.415034,0.000235,1.226746,0.18805300000000003,0.0,1.0,0.0,0.0,0.0
idle-256-B-0,407.0,1.646463,0.000222,1.478716,0.16752500000000015,0.0,1.0,0.0,0.0,0.0
idle-256-B-0,408.0,1.559391,0.000215,1.373943,0.18523299999999998,0.0,1.0,0.0,0.0,0.0
idle-256-B-0,409.0,1.465397,0.000283,1.276152,0.18896200000000007,0.0,1.0,0.0,0.0,0.0
idle-256-B-0,410.0,1.520824,0.000201,1.310924,0.20969900000000008,0.0,1.0,0.0,0.0,0.0
idle-256-B-0,411.0,1.6257,0.00035,1.44819,0.17715999999999976,0.0,1.0,0.0,0.0,0.0
idle-256-B-0,412.0,1.408211,0.000219,1.215987,0.1920050000000002,0.0,1.0,0.0,0.0,0.0
idle-256-B-0,413.0,1.510139,0.000221,1.315305,0.19461299999999992,0.0,1.0,0.0,0.0,0.0
idle-256-B-0,414.0,1.529554,0.000521,1.369197,0.1598360000000001,0.0,1.0,0.0,0.0,0.0
idle-256-B-0,415.0,1.464029,0.000204,1.29764,0.16618500000000003,0.0,1.0,0.0,0.0,0.0
idle-256-B-0,416.0,1.433226,0.000216,1.31107,0.12194000000000016,0.0,1.0,0.0,0.0,0.0
idle-256-B-0,417.0,1.394569,0.000221,1.232942,0.16140599999999994,0.0,1.0,0.0,0.0,0.0
idle-256-B-0,418.0,1.511354,0.000222,1.298119,0.21301300000000012,0.0,1.0,0.0,0.0,0.0
idle-256-B-0,419.0,1.413428,0.000207,1.221011,0.19220999999999977,0.0,1.0,0.0,0.0,0.0
idle-256-B-0,420.0,1.58803,0.000198,1.387506,0.20032600000000023,0.0,1.0,0.0,0.0,0.0
idle-256-B-0,421.0,1.599778,0.000371,1.396432,0.20297500000000013,0.0,1.0,0.0,0.0,0.0
idle-256-B-0,422.0,1.511068,0.000205,1.348306,0.16255700000000006,0.0,1.0,0.0,0.0,0.0
idle-256-B-0,423.0,1.390982,0.000194,1.189509,0.20127899999999999,0.0,1.0,0.0,0.0,0.0
idle-256-B-0,424.0,1.53846,0.000209,1.346983,0.191268,0.0,1.0,0.0,0.0,0.0
idle-256-B-0,425.0,1.620137,0.000215,1.405015,0.21490699999999996,0.0,1.0,0.0,0.0,0.0
idle-256-B-0,426.0,1.508854,0.000216,1.298195,0.21044299999999994,0.0,1.0,0.0,0.0,0.0
idle-256-B-0,427.0,1.511013,0.000173,1.291448,0.21939200000000003,0.0,1.0,0.0,0.0,0.0
idle-256-B-0,428.0,1.531524,0.000279,1.309728,0.22151700000000019,0.0,1.0,0.0,0.0,0.0
idle-256-B-0,429.0,1.503862,0.000176,1.35284,0.15084600000000004,0.0,1.0,0.0,0.0,0.0
idle-256-B-0,430.0,1.350335,0.000184,1.197748,0.15240300000000007,0.0,1.0,0.0,0.0,0.0
idle-256-B-0,431.0,1.225148,0.000236,1.075077,0.14983499999999994,0.0,1.0,0.0,0.0,0.0
idle-256-B-0,432.0,1.288107,0.000198,1.114699,0.17320999999999986,0.0,1.0,0.0,0.0,0.0
idle-256-B-0,433.0,1.224172,0.000182,1.075603,0.14838700000000005,0.0,1.0,0.0,0.0,0.0
idle-256-B-0,434.0,1.25395,0.000199,1.088872,0.16487899999999978,0.0,1.0,0.0,0.0,0.0
idle-256-B-0,435.0,1.209807,0.000205,1.078054,0.131548,0.0,1.0,0.0,0.0,0.0
idle-256-B-0,436.0,1.332589,0.000181,1.152482,0.17992600000000003,0.0,1.0,0.0,0.0,0.0
idle-256-B-0,437.0,1.419774,0.00029,1.269367,0.15011700000000028,0.0,1.0,0.0,0.0,0.0
idle-256-B-0,438.0,1.280715,0.000204,1.125213,0.15529799999999994,0.0,1.0,0.0,0.0,0.0
idle-256-B-0,439.0,1.330269,0.000187,1.188612,0.14146999999999998,0.0,1.0,0.0,0.0,0.0
idle-256-B-0,440.0,1.316599,0.000199,1.149539,0.16686099999999993,0.0,1.0,0.0,0.0,0.0
idle-256-B-0,441.0,1.21807,0.000228,1.077798,0.14004400000000006,0.0,1.0,0.0,0.0,0.0
idle-256-B-0,442.0,1.361999,0.000182,1.212352,0.14946499999999996,0.0,1.0,0.0,0.0,0.0
idle-256-B-0,443.0,1.38174,0.000203,1.234747,0.14678999999999998,0.0,1.0,0.0,0.0,0.0
idle-256-B-0,444.0,1.285336,0.000192,1.138044,0.1471,0.0,1.0,0.0,0.0,0.0
idle-256-B-0,445.0,1.22382,0.000198,1.051603,0.17201899999999992,0.0,1.0,0.0,0.0,0.0
idle-256-B-0,446.0,1.211056,0.000168,1.106619,0.10426899999999995,0.0,1.0,0.0,0.0,0.0
idle-256-B-0,447.0,1.321277,0.000202,1.167608,0.15346700000000002,0.0,1.0,0.0,0.0,0.0
idle-256-B-0,448.0,1.257664,0.000282,1.088502,0.16887999999999992,0.0,1.0,0.0,0.0,0.0
idle-256-B-0,449.0,1.796203,0.000171,1.603903,0.192129,0.0,1.0,0.0,0.0,0.0
idle-256-B-0,450.0,1.605203,0.000337,1.468373,0.13649299999999998,0.0,1.0,0.0,0.0,0.0
idle-256-B-0,451.0,1.225454,0.000231,1.073604,0.15161899999999995,0.0,1.0,0.0,0.0,0.0
idle-256-B-0,452.0,1.802059,0.000316,1.672715,0.12902800000000014,0.0,1.0,0.0,0.0,0.0
idle-256-B-0,453.0,1.225532,0.000197,1.104286,0.12104899999999996,0.0,1.0,0.0,0.0,0.0
idle-256-B-0,454.0,1.275148,0.000273,1.121707,0.15316799999999997,0.0,1.0,0.0,0.0,0.0
idle-256-B-0,455.0,1.599609,0.000174,1.442931,0.1565040000000002,0.0,1.0,0.0,0.0,0.0
idle-256-B-0,456.0,1.378202,0.000186,1.227306,0.1507099999999999,0.0,1.0,0.0,0.0,0.0
idle-256-B-0,457.0,1.307786,0.000206,1.159336,0.14824400000000004,0.0,1.0,0.0,0.0,0.0
idle-256-B-0,458.0,1.317496,0.000251,1.163611,0.15363400000000005,0.0,1.0,0.0,0.0,0.0
idle-256-B-0,459.0,1.211466,0.000227,1.076801,0.13443800000000006,0.0,1.0,0.0,0.0,0.0
idle-256-B-0,460.0,1.314285,0.000208,1.161706,0.15237100000000003,0.0,1.0,0.0,0.0,0.0
idle-256-B-0,461.0,1.365939,0.000247,1.216019,0.14967299999999994,0.0,1.0,0.0,0.0,0.0
idle-256-B-0,462.0,1.124004,0.000155,1.003647,0.12020200000000014,0.0,1.0,0.0,0.0,0.0
idle-256-B-0,463.0,1.489271,0.000181,1.335495,0.15359499999999993,0.0,1.0,0.0,0.0,0.0
idle-256-B-0,464.0,1.489025,0.000265,1.295487,0.19327300000000003,0.0,1.0,0.0,0.0,0.0
idle-256-B-0,465.0,1.162999,0.000198,1.022131,0.14067000000000007,0.0,1.0,0.0,0.0,0.0
idle-256-B-0,466.0,1.16178,0.000189,1.043474,0.11811700000000003,0.0,1.0,0.0,0.0,0.0
idle-256-B-0,467.0,1.352817,0.000275,1.180985,0.17155699999999996,0.0,1.0,0.0,0.0,0.0
idle-256-B-0,468.0,1.291564,0.000182,1.121527,0.1698550000000001,0.0,1.0,0.0,0.0,0.0
idle-256-B-0,469.0,1.261592,0.000241,1.131333,0.1300180000000002,0.0,1.0,0.0,0.0,0.0
idle-256-B-0,470.0,1.276273,0.000173,1.163848,0.11225200000000002,0.0,1.0,0.0,0.0,0.0
idle-256-B-0,471.0,1.280704,0.000239,1.129943,0.15052200000000004,0.0,1.0,0.0,0.0,0.0
idle-256-B-0,472.0,1.283824,0.000188,1.149711,0.13392500000000007,0.0,1.0,0.0,0.0,0.0
idle-256-B-0,473.0,1.22929,0.000206,1.140015,0.08906900000000006,0.0,1.0,0.0,0.0,0.0
idle-256-B-0,474.0,1.326851,0.000201,1.157787,0.1688630000000002,0.0,1.0,0.0,0.0,0.0
idle-256-B-0,475.0,1.382893,0.00022,1.230613,0.15205999999999986,0.0,1.0,0.0,0.0,0.0
idle-256-B-0,476.0,1.289421,0.000203,1.138983,0.1502349999999999,0.0,1.0,0.0,0.0,0.0
idle-256-B-0,477.0,1.464513,0.000212,1.286189,0.17811199999999983,0.0,1.0,0.0,0.0,0.0
idle-256-B-0,478.0,1.329506,0.000289,1.196659,0.13255800000000018,0.0,1.0,0.0,0.0,0.0
idle-256-B-0,479.0,1.392372,0.000191,1.227942,0.1642389999999998,0.0,1.0,0.0,0.0,0.0
idle-256-B-0,480.0,1.349692,0.000196,1.216173,0.13332299999999986,0.0,1.0,0.0,0.0,0.0
idle-256-B-0,481.0,1.151479,0.000188,1.020867,0.13042399999999987,0.0,1.0,0.0,0.0,0.0
idle-256-B-0,482.0,1.350829,0.000198,1.225889,0.12474200000000013,0.0,1.0,0.0,0.0,0.0
idle-256-B-0,483.0,1.26352,0.000242,1.132273,0.13100499999999982,0.0,1.0,0.0,0.0,0.0
idle-256-B-0,484.0,1.458913,0.000243,1.300428,0.158242,0.0,1.0,0.0,0.0,0.0
idle-256-B-0,485.0,1.292828,0.000296,1.126766,0.16576600000000008,0.0,1.0,0.0,0.0,0.0
idle-256-B-0,486.0,1.184791,0.000197,1.045337,0.13925699999999996,0.0,1.0,0.0,0.0,0.0
idle-256-B-0,487.0,1.34933,0.000203,1.179571,0.16955600000000004,0.0,1.0,0.0,0.0,0.0
idle-256-B-0,488.0,1.118877,0.000241,1.000132,0.11850399999999994,0.0,1.0,0.0,0.0,0.0
idle-256-B-0,489.0,1.462183,0.000161,1.318631,0.14339099999999982,0.0,1.0,0.0,0.0,0.0
idle-256-B-0,490.0,1.232928,0.000301,1.112175,0.120452,0.0,1.0,0.0,0.0,0.0
idle-256-B-0,491.0,1.285757,0.000209,1.151548,0.13400000000000012,0.0,1.0,0.0,0.0,0.0
idle-256-B-0,492.0,1.237965,0.000211,1.089161,0.14859299999999998,0.0,1.0,0.0,0.0,0.0
idle-256-B-0,493.0,1.277983,0.000206,1.159105,0.11867200000000011,0.0,1.0,0.0,0.0,0.0
idle-256-B-0,494.0,1.33094,0.000205,1.223755,0.10698000000000008,0.0,1.0,0.0,0.0,0.0
idle-256-B-0,495.0,1.395268,0.000205,1.222194,0.17286899999999994,0.0,1.0,0.0,0.0,0.0
idle-256-B-0,496.0,1.309939,0.000177,1.165551,0.14421099999999987,0.0,1.0,0.0,0.0,0.0
idle-256-B-0,497.0,1.349852,0.000276,1.194205,0.15537100000000015,0.0,1.0,0.0,0.0,0.0
idle-256-B-0,498.0,1.325349,0.000203,1.183936,0.14121000000000006,0.0,1.0,0.0,0.0,0.0
idle-256-B-0,499.0,1.308036,0.000113,1.179188,0.12873500000000004,0.0,1.0,0.0,0.0,0.0
idle-256-B-0,500.0,1.280333,0.00011,1.169814,0.11040899999999998,0.0,1.0,0.0,0.0,0.0
idle-256-B-0,501.0,1.114651,0.0001,1.020745,0.09380600000000006,0.0,1.0,0.0,0.0,0.0
idle-256-B-0,502.0,1.198087,0.000103,1.077295,0.12068900000000005,0.0,1.0,0.0,0.0,0.0
idle-256-B-0,503.0,1.250715,0.0001,1.15291,0.09770499999999993,0.0,1.0,0.0,0.0,0.0
idle-256-B-0,504.0,1.152715,0.000103,1.049878,0.10273399999999988,0.0,1.0,0.0,0.0,0.0
idle-256-B-0,505.0,1.17713,0.000122,1.076639,0.10036900000000015,0.0,1.0,0.0,0.0,0.0
idle-256-B-0,506.0,1.355554,0.000113,1.253925,0.10151599999999994,0.0,1.0,0.0,0.0,0.0
idle-256-B-0,507.0,1.155775,0.000133,1.034787,0.12085500000000016,0.0,1.0,0.0,0.0,0.0
idle-256-B-0,508.0,1.259419,0.000138,1.15952,0.09976099999999999,0.0,1.0,0.0,0.0,0.0
idle-256-B-0,509.0,1.224884,0.000129,1.106104,0.11865100000000006,0.0,1.0,0.0,0.0,0.0
idle-256-B-0,510.0,1.29868,0.000159,1.203013,0.09550799999999993,0.0,1.0,0.0,0.0,0.0
idle-256-B-0,511.0,1.200399,0.000103,1.104365,0.09593099999999999,0.0,1.0,0.0,0.0,0.0
idle-256-B-0,512.0,1.380348,0.000112,1.289791,0.09044500000000011,0.0,1.0,0.0,0.0,0.0
idle-256-B-0,513.0,1.159669,9.8e-05,1.061482,0.09808900000000009,0.0,1.0,0.0,0.0,0.0
idle-256-B-0,514.0,1.181722,0.000103,1.087514,0.09410499999999988,0.0,1.0,0.0,0.0,0.0
idle-256-B-0,515.0,1.087567,0.000104,0.993837,0.09362599999999988,0.0,1.0,0.0,0.0,0.0
idle-256-B-0,516.0,1.352173,0.000123,1.253463,0.09858699999999998,0.0,1.0,0.0,0.0,0.0
idle-256-B-0,517.0,1.311899,0.000107,1.205027,0.10676499999999978,0.0,1.0,0.0,0.0,0.0
idle-256-B-0,518.0,1.257921,0.000117,1.156599,0.10120500000000021,0.0,1.0,0.0,0.0,0.0
idle-256-B-0,519.0,1.074535,0.000114,1.001047,0.07337400000000005,0.0,1.0,0.0,0.0,0.0
idle-256-B-0,520.0,1.219567,0.000105,1.095207,0.124255,0.0,1.0,0.0,0.0,0.0
idle-256-B-0,521.0,1.426967,0.000102,1.32523,0.10163500000000014,0.0,1.0,0.0,0.0,0.0
idle-256-B-0,522.0,1.141974,0.000101,1.047918,0.09395500000000023,0.0,1.0,0.0,0.0,0.0
idle-256-B-0,523.0,1.177181,0.000101,1.054169,0.12291100000000021,0.0,1.0,0.0,0.0,0.0
idle-256-B-0,524.0,1.303182,0.000117,1.20354,0.09952500000000009,0.0,1.0,0.0,0.0,0.0
idle-256-B-0,525.0,1.180579,0.000189,1.081422,0.09896799999999994,0.0,1.0,0.0,0.0,0.0
idle-256-B-0,526.0,1.000195,0.000128,0.912621,0.08744600000000002,0.0,1.0,0.0,0.0,0.0
idle-256-B-0,527.0,1.251629,0.000105,1.129345,0.12217900000000004,0.0,1.0,0.0,0.0,0.0
idle-256-B-0,528.0,1.219295,0.000103,1.124231,0.09496100000000007,0.0,1.0,0.0,0.0,0.0
idle-256-B-0,529.0,1.293886,0.000104,1.197378,0.09640399999999993,0.0,1.0,0.0,0.0,0.0
idle-256-B-0,530.0,1.443466,0.000102,1.35262,0.09074399999999994,0.0,1.0,0.0,0.0,0.0
idle-256-B-0,531.0,1.348375,0.000106,1.246127,0.10214200000000018,0.0,1.0,0.0,0.0,0.0
idle-256-B-0,532.0,1.199874,9.8e-05,1.100735,0.09904100000000016,0.0,1.0,0.0,0.0,0.0
idle-256-B-0,533.0,1.164431,0.000103,1.072106,0.09222200000000003,0.0,1.0,0.0,0.0,0.0
idle-256-B-0,534.0,1.16864,0.0001,1.081721,0.08681899999999998,0.0,1.0,0.0,0.0,0.0
idle-256-B-0,535.0,1.236552,0.000103,1.121792,0.11465700000000023,0.0,1.0,0.0,0.0,0.0
idle-256-B-0,536.0,1.336609,0.000112,1.240133,0.09636400000000012,0.0,1.0,0.0,0.0,0.0
idle-256-B-0,537.0,1.303139,0.000135,1.201812,0.10119199999999995,0.0,1.0,0.0,0.0,0.0
idle-256-B-0,538.0,1.353967,0.000101,1.25659,0.09727599999999992,0.0,1.0,0.0,0.0,0.0
idle-256-B-0,539.0,1.110211,0.0001,0.993918,0.1161930000000001,0.0,1.0,0.0,0.0,0.0
idle-256-B-0,540.0,1.252609,0.000134,1.155215,0.0972599999999999,0.0,1.0,0.0,0.0,0.0
idle-256-B-0,541.0,1.240431,0.00013,1.141025,0.09927600000000014,0.0,1.0,0.0,0.0,0.0
idle-256-B-0,542.0,1.189207,0.0001,1.090161,0.09894599999999998,0.0,1.0,0.0,0.0,0.0
idle-256-B-0,543.0,1.032681,0.00011,0.9399,0.09267099999999995,0.0,1.0,0.0,0.0,0.0
idle-256-B-0,544.0,1.21479,0.000107,1.097655,0.11702799999999991,0.0,1.0,0.0,0.0,0.0
idle-256-B-0,545.0,1.317881,0.000102,1.219461,0.09831800000000013,0.0,1.0,0.0,0.0,0.0
idle-256-B-0,546.0,1.182044,0.000101,1.089562,0.09238100000000027,0.0,1.0,0.0,0.0,0.0
idle-256-B-0,547.0,1.280214,0.000104,1.183449,0.09666099999999989,0.0,1.0,0.0,0.0,0.0
idle-256-B-0,548.0,1.378959,0.000101,1.2775,0.10135800000000006,0.0,1.0,0.0,0.0,0.0
idle-256-B-0,549.0,1.247455,0.000105,1.158452,0.08889799999999992,0.0,1.0,0.0,0.0,0.0
idle-256-B-0,550.0,1.193005,0.000102,1.096383,0.09651999999999994,0.0,1.0,0.0,0.0,0.0
idle-256-B-0,551.0,1.316292,0.000108,1.163389,0.15279500000000001,0.0,1.0,0.0,0.0,0.0
idle-256-B-0,552.0,1.18546,0.000251,1.059161,0.12604799999999994,0.0,1.0,0.0,0.0,0.0
idle-256-B-0,553.0,1.388611,0.000284,1.227415,0.16091200000000017,0.0,1.0,0.0,0.0,0.0
idle-256-B-0,554.0,1.363229,0.000193,1.217568,0.14546799999999993,0.0,1.0,0.0,0.0,0.0
idle-256-B-0,555.0,1.290448,0.000193,1.148032,0.142223,0.0,1.0,0.0,0.0,0.0
idle-256-B-0,556.0,1.440823,0.000223,1.290543,0.15005699999999988,0.0,1.0,0.0,0.0,0.0
idle-256-B-0,557.0,1.340277,0.000233,1.194753,0.14529100000000006,0.0,1.0,0.0,0.0,0.0
idle-256-B-0,558.0,1.460162,0.000196,1.272655,0.18731099999999978,0.0,1.0,0.0,0.0,0.0
idle-256-B-0,559.0,1.335546,0.000244,1.18745,0.1478520000000001,0.0,1.0,0.0,0.0,0.0
idle-256-B-0,560.0,1.474427,0.000195,1.305506,0.16872599999999993,0.0,1.0,0.0,0.0,0.0
idle-256-B-0,561.0,1.435823,0.000231,1.27485,0.16074199999999994,0.0,1.0,0.0,0.0,0.0
idle-256-B-0,562.0,1.195087,0.000195,1.050337,0.144555,0.0,1.0,0.0,0.0,0.0
idle-256-B-0,563.0,1.694983,0.000193,1.518537,0.17625299999999977,0.0,1.0,0.0,0.0,0.0
idle-256-B-0,564.0,1.346933,0.0002,1.168868,0.17786499999999994,0.0,1.0,0.0,0.0,0.0
idle-256-B-0,565.0,1.235362,0.000198,1.065325,0.16983900000000007,0.0,1.0,0.0,0.0,0.0
idle-256-B-0,566.0,1.390483,0.000227,1.228829,0.161427,0.0,1.0,0.0,0.0,0.0
idle-256-B-0,567.0,1.470264,0.00023,1.310992,0.15904200000000013,0.0,1.0,0.0,0.0,0.0
idle-256-B-0,568.0,1.459449,0.000312,1.264707,0.19442999999999988,0.0,1.0,0.0,0.0,0.0
idle-256-B-0,569.0,1.330247,0.000244,1.168361,0.16164200000000006,0.0,1.0,0.0,0.0,0.0
idle-256-B-0,570.0,1.261526,0.000193,1.10577,0.1555629999999999,0.0,1.0,0.0,0.0,0.0
idle-256-B-0,571.0,1.478348,0.000196,1.323455,0.15469699999999986,0.0,1.0,0.0,0.0,0.0
idle-256-B-0,572.0,1.348615,0.000245,1.237557,0.11081299999999983,0.0,1.0,0.0,0.0,0.0
idle-256-B-0,573.0,1.570854,0.000197,1.355814,0.2148429999999999,0.0,1.0,0.0,0.0,0.0
idle-256-B-0,574.0,1.528887,0.000327,1.357873,0.17068700000000003,0.0,1.0,0.0,0.0,0.0
idle-256-B-0,575.0,1.296479,0.000241,1.13607,0.1601680000000001,0.0,1.0,0.0,0.0,0.0
idle-256-B-0,576.0,1.186659,0.000243,1.044305,0.14211099999999988,0.0,1.0,0.0,0.0,0.0
idle-256-B-0,577.0,1.336376,0.000195,1.180538,0.15564299999999998,0.0,1.0,0.0,0.0,0.0
idle-256-B-0,578.0,1.489186,0.000195,1.344424,0.1445669999999999,0.0,1.0,0.0,0.0,0.0
idle-256-B-0,579.0,1.311119,0.000193,1.194104,0.11682199999999976,0.0,1.0,0.0,0.0,0.0
idle-256-B-0,580.0,1.219505,0.000195,1.060971,0.158339,0.0,1.0,0.0,0.0,0.0
idle-256-B-0,581.0,1.361339,0.000195,1.157173,0.20397100000000012,0.0,1.0,0.0,0.0,0.0
idle-256-B-0,582.0,1.448999,0.000243,1.280732,0.16802399999999995,0.0,1.0,0.0,0.0,0.0
idle-256-B-0,583.0,1.480799,0.000244,1.292656,0.18789900000000004,0.0,1.0,0.0,0.0,0.0
idle-256-B-0,584.0,1.273297,0.000204,1.118534,0.1545589999999999,0.0,1.0,0.0,0.0,0.0
idle-256-B-0,585.0,1.371238,0.000245,1.214901,0.1560919999999999,0.0,1.0,0.0,0.0,0.0
idle-256-B-0,586.0,1.201873,0.000197,1.110808,0.09086799999999995,0.0,1.0,0.0,0.0,0.0
idle-256-B-0,587.0,1.40787,0.000194,1.240546,0.16713,0.0,1.0,0.0,0.0,0.0
idle-256-B-0,588.0,1.31879,0.000197,1.142094,0.17649899999999996,0.0,1.0,0.0,0.0,0.0
idle-256-B-0,589.0,1.229981,0.000197,1.088736,0.14104800000000006,0.0,1.0,0.0,0.0,0.0
idle-256-B-0,590.0,1.488342,0.000247,1.329878,0.15821700000000005,0.0,1.0,0.0,0.0,0.0
idle-256-B-0,591.0,1.292765,0.000196,1.153005,0.1395639999999998,0.0,1.0,0.0,0.0,0.0
idle-256-B-0,592.0,1.515038,0.000194,1.34829,0.1665540000000001,0.0,1.0,0.0,0.0,0.0
idle-256-B-0,593.0,1.525169,0.000197,1.380349,0.14462299999999995,0.0,1.0,0.0,0.0,0.0
idle-256-B-0,594.0,1.281006,0.000257,1.104612,0.1761370000000002,0.0,1.0,0.0,0.0,0.0
idle-256-B-0,595.0,1.296536,0.000321,1.142867,0.15334799999999982,0.0,1.0,0.0,0.0,0.0
idle-256-B-0,596.0,1.453266,0.000197,1.289207,0.16386199999999995,0.0,1.0,0.0,0.0,0.0
idle-256-B-0,597.0,1.184646,0.000197,1.060501,0.12394800000000017,0.0,1.0,0.0,0.0,0.0
idle-256-B-0,598.0,1.305878,0.000248,1.141053,0.16457699999999997,0.0,1.0,0.0,0.0,0.0
idle-256-B-0,599.0,1.172216,0.000194,1.004966,0.16705599999999987,0.0,1.0,0.0,0.0,0.0
idle-256-B-1,0.0,12.575845,0.002212,12.281993,0.29163999999999923,0.0,1.0,0.0,0.0,88.0
idle-256-B-1,1.0,2.465158,0.000253,2.254265,0.21064000000000016,0.0,1.0,0.0,0.0,0.0
idle-256-B-1,2.0,1.578759,0.000195,1.40883,0.16973400000000005,0.0,1.0,0.0,0.0,0.0
idle-256-B-1,3.0,1.340151,0.000199,1.211989,0.12796300000000005,0.0,1.0,0.0,0.0,0.0
idle-256-B-1,4.0,1.259673,0.000185,1.094103,0.1653849999999999,0.0,1.0,0.0,0.0,0.0
idle-256-B-1,5.0,1.372666,0.000198,1.195909,0.1765589999999999,0.0,1.0,0.0,0.0,0.0
idle-256-B-1,6.0,1.262472,0.000175,1.09681,0.16548699999999994,0.0,1.0,0.0,0.0,0.0
idle-256-B-1,7.0,1.273205,0.000168,1.145964,0.127073,0.0,1.0,0.0,0.0,0.0
idle-256-B-1,8.0,1.342203,0.000171,1.185444,0.15658800000000017,0.0,1.0,0.0,0.0,0.0
idle-256-B-1,9.0,1.157186,0.000158,1.0347,0.12232799999999999,0.0,1.0,0.0,0.0,0.0
idle-256-B-1,10.0,1.281856,0.000176,1.116737,0.16494300000000006,0.0,1.0,0.0,0.0,0.0
idle-256-B-1,11.0,1.100034,0.000149,0.934,0.16588499999999995,0.0,1.0,0.0,0.0,0.0
idle-256-B-1,12.0,1.244636,0.000193,1.107334,0.13710899999999993,0.0,1.0,0.0,0.0,0.0
idle-256-B-1,13.0,1.180939,0.000208,1.059069,0.12166199999999994,0.0,1.0,0.0,0.0,0.0
idle-256-B-1,14.0,1.339874,0.000192,1.175631,0.16405099999999995,0.0,1.0,0.0,0.0,0.0
idle-256-B-1,15.0,1.362862,0.000199,1.193454,0.16920899999999994,0.0,1.0,0.0,0.0,0.0
idle-256-B-1,16.0,1.181163,0.000211,1.055724,0.1252279999999999,0.0,1.0,0.0,0.0,0.0
idle-256-B-1,17.0,1.183708,0.000207,1.048763,0.13473800000000002,0.0,1.0,0.0,0.0,0.0
idle-256-B-1,18.0,1.266437,0.000222,1.123885,0.14233000000000007,0.0,1.0,0.0,0.0,0.0
idle-256-B-1,19.0,1.125305,0.000157,0.991697,0.133451,0.0,1.0,0.0,0.0,0.0
idle-256-B-1,20.0,1.062858,0.00017,0.941624,0.12106400000000006,0.0,1.0,0.0,0.0,0.0
idle-256-B-1,21.0,1.376977,0.000141,1.204432,0.172404,0.0,1.0,0.0,0.0,0.0
idle-256-B-1,22.0,1.250144,0.000187,1.097485,0.15247199999999994,0.0,1.0,0.0,0.0,0.0
idle-256-B-1,23.0,1.288491,0.000175,1.108549,0.179767,0.0,1.0,0.0,0.0,0.0
idle-256-B-1,24.0,1.368759,0.0002,1.197453,0.17110599999999998,0.0,1.0,0.0,0.0,0.0
idle-256-B-1,25.0,1.148548,0.00019,1.0013,0.1470579999999999,0.0,1.0,0.0,0.0,0.0
idle-256-B-1,26.0,1.332158,0.000197,1.169031,0.16293000000000002,0.0,1.0,0.0,0.0,0.0
idle-256-B-1,27.0,1.422404,0.000143,1.254969,0.167292,0.0,1.0,0.0,0.0,0.0
idle-256-B-1,28.0,1.142858,0.00017,1.016775,0.12591299999999994,0.0,1.0,0.0,0.0,0.0
idle-256-B-1,29.0,1.25113,0.000171,1.113327,0.1376320000000002,0.0,1.0,0.0,0.0,0.0
idle-256-B-1,30.0,1.278156,0.00017,1.155827,0.12215900000000013,0.0,1.0,0.0,0.0,0.0
idle-256-B-1,31.0,1.222957,0.000194,1.060568,0.1621950000000001,0.0,1.0,0.0,0.0,0.0
idle-256-B-1,32.0,1.139778,0.000169,1.011935,0.12767399999999984,0.0,1.0,0.0,0.0,0.0
idle-256-B-1,33.0,1.43018,0.000163,1.195509,0.23450800000000016,0.0,1.0,0.0,0.0,0.0
idle-256-B-1,34.0,1.432061,0.000177,1.224384,0.20750000000000002,0.0,1.0,0.0,0.0,0.0
idle-256-B-1,35.0,1.413904,0.000274,1.19463,0.21899999999999986,0.0,1.0,0.0,0.0,0.0
idle-256-B-1,36.0,1.176096,0.000338,1.032401,0.14335700000000018,0.0,1.0,0.0,0.0,0.0
idle-256-B-1,37.0,1.378845,0.000236,1.180714,0.19789500000000015,0.0,1.0,0.0,0.0,0.0
idle-256-B-1,38.0,1.412337,0.000223,1.206216,0.20589799999999991,0.0,1.0,0.0,0.0,0.0
idle-256-B-1,39.0,1.199201,0.000247,1.062808,0.13614599999999988,0.0,1.0,0.0,0.0,0.0
idle-256-B-1,40.0,1.302632,0.00025,1.16325,0.13913200000000003,0.0,1.0,0.0,0.0,0.0
idle-256-B-1,41.0,1.255644,0.000256,1.104104,0.15128399999999997,0.0,1.0,0.0,0.0,0.0
idle-256-B-1,42.0,1.348518,0.000269,1.136459,0.21178999999999992,0.0,1.0,0.0,0.0,0.0
idle-256-B-1,43.0,1.374382,0.000277,1.148691,0.225414,0.0,1.0,0.0,0.0,0.0
idle-256-B-1,44.0,1.277568,0.000268,1.089376,0.1879240000000002,0.0,1.0,0.0,0.0,0.0
idle-256-B-1,45.0,1.365599,0.000238,1.22569,0.1396710000000001,0.0,1.0,0.0,0.0,0.0
idle-256-B-1,46.0,1.30398,0.000226,1.113948,0.18980599999999992,0.0,1.0,0.0,0.0,0.0
idle-256-B-1,47.0,1.210188,0.000228,1.064034,0.14592600000000022,0.0,1.0,0.0,0.0,0.0
idle-256-B-1,48.0,1.410396,0.000241,1.18035,0.22980500000000004,0.0,1.0,0.0,0.0,0.0
idle-256-B-1,49.0,1.427049,0.000316,1.226448,0.20028500000000005,0.0,1.0,0.0,0.0,0.0
idle-256-B-1,50.0,1.430499,0.000236,1.282991,0.14727200000000007,0.0,1.0,0.0,0.0,0.0
idle-256-B-1,51.0,1.352237,0.000222,1.21419,0.13782499999999986,0.0,1.0,0.0,0.0,0.0
idle-256-B-1,52.0,1.290393,0.000328,1.143436,0.1466289999999999,0.0,1.0,0.0,0.0,0.0
idle-256-B-1,53.0,1.202949,0.000253,1.062272,0.14042399999999988,0.0,1.0,0.0,0.0,0.0
idle-256-B-1,54.0,1.424901,0.000252,1.265261,0.15938800000000009,0.0,1.0,0.0,0.0,0.0
idle-256-B-1,55.0,1.184648,0.000234,0.993912,0.19050199999999984,0.0,1.0,0.0,0.0,0.0
idle-256-B-1,56.0,1.392282,0.000288,1.149186,0.2428079999999999,0.0,1.0,0.0,0.0,0.0
idle-256-B-1,57.0,1.40811,0.000221,1.193566,0.21432300000000004,0.0,1.0,0.0,0.0,0.0
idle-256-B-1,58.0,1.522381,0.000264,1.250858,0.2712589999999999,0.0,1.0,0.0,0.0,0.0
idle-256-B-1,59.0,1.165526,0.000229,0.960504,0.204793,0.0,1.0,0.0,0.0,0.0
idle-256-B-1,60.0,1.38733,0.000214,1.163456,0.22365999999999997,0.0,1.0,0.0,0.0,0.0
idle-256-B-1,61.0,1.271903,0.000257,1.076715,0.19493099999999997,0.0,1.0,0.0,0.0,0.0
idle-256-B-1,62.0,1.358377,0.000298,1.14622,0.21185900000000002,0.0,1.0,0.0,0.0,0.0
idle-256-B-1,63.0,1.459526,0.000328,1.221038,0.23815999999999993,0.0,1.0,0.0,0.0,0.0
idle-256-B-1,64.0,1.438906,0.000348,1.262537,0.17602099999999998,0.0,1.0,0.0,0.0,0.0
idle-256-B-1,65.0,1.51098,0.000236,1.296234,0.21450999999999998,0.0,1.0,0.0,0.0,0.0
idle-256-B-1,66.0,1.501468,0.00026,1.24548,0.2557280000000002,0.0,1.0,0.0,0.0,0.0
idle-256-B-1,67.0,1.475686,0.000316,1.244054,0.23131600000000008,0.0,1.0,0.0,0.0,0.0
idle-256-B-1,68.0,1.561482,0.000222,1.347396,0.21386400000000005,0.0,1.0,0.0,0.0,0.0
idle-256-B-1,69.0,1.374696,0.000227,1.173614,0.200855,0.0,1.0,0.0,0.0,0.0
idle-256-B-1,70.0,1.364551,0.000229,1.271441,0.09288099999999999,0.0,1.0,0.0,0.0,0.0
idle-256-B-1,71.0,1.503961,0.000244,1.260834,0.24288300000000018,0.0,1.0,0.0,0.0,0.0
idle-256-B-1,72.0,1.759921,0.000235,1.527182,0.23250400000000004,0.0,1.0,0.0,0.0,0.0
idle-256-B-1,73.0,1.337221,0.000259,1.131216,0.20574599999999998,0.0,1.0,0.0,0.0,0.0
idle-256-B-1,74.0,1.374887,0.000238,1.14531,0.22933899999999996,0.0,1.0,0.0,0.0,0.0
idle-256-B-1,75.0,1.31562,0.000255,1.103369,0.21199600000000007,0.0,1.0,0.0,0.0,0.0
idle-256-B-1,76.0,1.58374,0.000198,1.258792,0.3247500000000001,0.0,1.0,0.0,0.0,0.0
idle-256-B-1,77.0,1.379403,0.000305,1.15586,0.22323799999999983,0.0,1.0,0.0,0.0,0.0
idle-256-B-1,78.0,1.528097,0.000261,1.295382,0.23245399999999994,0.0,1.0,0.0,0.0,0.0
idle-256-B-1,79.0,1.425332,0.00022,1.207504,0.21760800000000002,0.0,1.0,0.0,0.0,0.0
idle-256-B-1,80.0,1.380973,0.000226,1.170059,0.210688,0.0,1.0,0.0,0.0,0.0
idle-256-B-1,81.0,1.467528,0.000246,1.227366,0.23991600000000002,0.0,1.0,0.0,0.0,0.0
idle-256-B-1,82.0,1.47694,0.00036,1.272604,0.20397599999999994,0.0,1.0,0.0,0.0,0.0
idle-256-B-1,83.0,1.449136,0.000215,1.238257,0.21066399999999996,0.0,1.0,0.0,0.0,0.0
idle-256-B-1,84.0,1.357736,0.000263,1.198524,0.15894900000000023,0.0,1.0,0.0,0.0,0.0
idle-256-B-1,85.0,1.248628,0.000252,1.032197,0.21617900000000012,0.0,1.0,0.0,0.0,0.0
idle-256-B-1,86.0,1.285007,0.000227,1.117713,0.16706700000000008,0.0,1.0,0.0,0.0,0.0
idle-256-B-1,87.0,1.491422,0.000247,1.269754,0.22142099999999987,0.0,1.0,0.0,0.0,0.0
idle-256-B-1,88.0,1.562462,0.000243,1.35254,0.20967899999999995,0.0,1.0,0.0,0.0,0.0
idle-256-B-1,89.0,1.380586,0.000212,1.182661,0.19771300000000003,0.0,1.0,0.0,0.0,0.0
idle-256-B-1,90.0,1.664674,0.000226,1.501718,0.16272999999999982,0.0,1.0,0.0,0.0,0.0
idle-256-B-1,91.0,1.529093,0.000269,1.30731,0.221514,0.0,1.0,0.0,0.0,0.0
idle-256-B-1,92.0,1.511436,0.000231,1.295802,0.215403,0.0,1.0,0.0,0.0,0.0
idle-256-B-1,93.0,1.554939,0.000242,1.320327,0.23436999999999997,0.0,1.0,0.0,0.0,0.0
idle-256-B-1,94.0,1.477705,0.000218,1.268855,0.20863199999999993,0.0,1.0,0.0,0.0,0.0
idle-256-B-1,95.0,1.37262,0.000215,1.131943,0.24046199999999995,0.0,1.0,0.0,0.0,0.0
idle-256-B-1,96.0,1.391752,0.000319,1.190416,0.20101700000000022,0.0,1.0,0.0,0.0,0.0
idle-256-B-1,97.0,1.502077,0.000271,1.29635,0.2054560000000003,0.0,1.0,0.0,0.0,0.0
idle-256-B-1,98.0,1.356721,0.000244,1.189855,0.16662200000000005,0.0,1.0,0.0,0.0,0.0
idle-256-B-1,99.0,1.543244,0.000235,1.328736,0.21427300000000016,0.0,1.0,0.0,0.0,0.0
idle-256-B-1,100.0,1.454209,0.000255,1.230711,0.22324300000000008,0.0,1.0,0.0,0.0,0.0
idle-256-B-1,101.0,1.392405,0.00023,1.182303,0.20987199999999984,0.0,1.0,0.0,0.0,0.0
idle-256-B-1,102.0,1.58503,0.000228,1.376347,0.20845500000000006,0.0,1.0,0.0,0.0,0.0
idle-256-B-1,103.0,1.58559,0.000223,1.359878,0.22548900000000005,0.0,1.0,0.0,0.0,0.0
idle-256-B-1,104.0,1.402583,0.000237,1.190285,0.21206099999999983,0.0,1.0,0.0,0.0,0.0
idle-256-B-1,105.0,1.484118,0.000227,1.261576,0.22231500000000004,0.0,1.0,0.0,0.0,0.0
idle-256-B-1,106.0,1.50216,0.000195,1.299189,0.20277600000000007,0.0,1.0,0.0,0.0,0.0
idle-256-B-1,107.0,1.393842,0.000366,1.16658,0.226896,0.0,1.0,0.0,0.0,0.0
idle-256-B-1,108.0,1.361519,0.000251,1.199687,0.16158099999999997,0.0,1.0,0.0,0.0,0.0
idle-256-B-1,109.0,1.522877,0.000269,1.299484,0.22312399999999988,0.0,1.0,0.0,0.0,0.0
idle-256-B-1,110.0,1.545703,0.000198,1.337207,0.2082980000000001,0.0,1.0,0.0,0.0,0.0
idle-256-B-1,111.0,1.49053,0.00021,1.285046,0.20527399999999996,0.0,1.0,0.0,0.0,0.0
idle-256-B-1,112.0,1.566916,0.000239,1.332714,0.23396299999999992,0.0,1.0,0.0,0.0,0.0
idle-256-B-1,113.0,1.533392,0.000245,1.323121,0.21002600000000005,0.0,1.0,0.0,0.0,0.0
idle-256-B-1,114.0,1.541167,0.000227,1.310613,0.23032699999999995,0.0,1.0,0.0,0.0,0.0
idle-256-B-1,115.0,1.548342,0.00021,1.339979,0.20815300000000003,0.0,1.0,0.0,0.0,0.0
idle-256-B-1,116.0,1.712677,0.000228,1.484103,0.22834600000000016,0.0,1.0,0.0,0.0,0.0
idle-256-B-1,117.0,1.452794,0.000213,1.250903,0.2016779999999998,0.0,1.0,0.0,0.0,0.0
idle-256-B-1,118.0,1.506234,0.000267,1.277261,0.22870600000000008,0.0,1.0,0.0,0.0,0.0
idle-256-B-1,119.0,1.482663,0.000226,1.27422,0.2082170000000001,0.0,1.0,0.0,0.0,0.0
idle-256-B-1,120.0,1.566428,0.000254,1.356683,0.20949099999999987,0.0,1.0,0.0,0.0,0.0
idle-256-B-1,121.0,1.473409,0.000241,1.244617,0.22855099999999995,0.0,1.0,0.0,0.0,0.0
idle-256-B-1,122.0,1.432928,0.000423,1.227371,0.20513399999999993,0.0,1.0,0.0,0.0,0.0
idle-256-B-1,123.0,1.549811,0.00019,1.338407,0.21121400000000023,0.0,1.0,0.0,0.0,0.0
idle-256-B-1,124.0,1.399872,0.000246,1.236234,0.16339199999999998,0.0,1.0,0.0,0.0,0.0
idle-256-B-1,125.0,1.504605,0.000228,1.295142,0.20923500000000006,0.0,1.0,0.0,0.0,0.0
idle-256-B-1,126.0,1.605802,0.000502,1.385825,0.21947499999999986,0.0,1.0,0.0,0.0,0.0
idle-256-B-1,127.0,1.554859,0.00024,1.327321,0.227298,0.0,1.0,0.0,0.0,0.0
idle-256-B-1,128.0,1.548666,0.000242,1.328761,0.21966299999999994,0.0,1.0,0.0,0.0,0.0
idle-256-B-1,129.0,1.569107,0.000247,1.35545,0.21340999999999988,0.0,1.0,0.0,0.0,0.0
idle-256-B-1,130.0,1.467112,0.000227,1.265178,0.20170700000000008,0.0,1.0,0.0,0.0,0.0
idle-256-B-1,131.0,1.501142,0.000216,1.322026,0.17890000000000006,0.0,1.0,0.0,0.0,0.0
idle-256-B-1,132.0,1.622515,0.000258,1.392635,0.22962199999999977,0.0,1.0,0.0,0.0,0.0
idle-256-B-1,133.0,1.553358,0.000218,1.351042,0.2020979999999999,0.0,1.0,0.0,0.0,0.0
idle-256-B-1,134.0,1.437986,0.000223,1.245115,0.19264799999999993,0.0,1.0,0.0,0.0,0.0
idle-256-B-1,135.0,1.511105,0.000235,1.328838,0.18203199999999997,0.0,1.0,0.0,0.0,0.0
idle-256-B-1,136.0,1.553865,0.000228,1.348418,0.20521900000000026,0.0,1.0,0.0,0.0,0.0
idle-256-B-1,137.0,1.491888,0.000194,1.286492,0.2052020000000001,0.0,1.0,0.0,0.0,0.0
idle-256-B-1,138.0,1.442883,0.000211,1.301249,0.14142299999999985,0.0,1.0,0.0,0.0,0.0
idle-256-B-1,139.0,1.595087,0.000325,1.364921,0.22984099999999996,0.0,1.0,0.0,0.0,0.0
idle-256-B-1,140.0,1.496285,0.000203,1.349713,0.1463690000000002,0.0,1.0,0.0,0.0,0.0
idle-256-B-1,141.0,1.675003,0.000331,1.45133,0.22334199999999993,0.0,1.0,0.0,0.0,0.0
idle-256-B-1,142.0,1.460169,0.000276,1.24574,0.21415300000000004,0.0,1.0,0.0,0.0,0.0
idle-256-B-1,143.0,1.554629,0.000238,1.346644,0.20774700000000013,0.0,1.0,0.0,0.0,0.0
idle-256-B-1,144.0,1.579033,0.00021,1.366958,0.21186499999999997,0.0,1.0,0.0,0.0,0.0
idle-256-B-1,145.0,1.562132,0.000244,1.359421,0.20246700000000017,0.0,1.0,0.0,0.0,0.0
idle-256-B-1,146.0,1.494712,0.000203,1.258197,0.23631200000000008,0.0,1.0,0.0,0.0,0.0
idle-256-B-1,147.0,1.454756,0.000248,1.252322,0.20218599999999998,0.0,1.0,0.0,0.0,0.0
idle-256-B-1,148.0,1.686547,0.000243,1.473186,0.21311799999999992,0.0,1.0,0.0,0.0,0.0
idle-256-B-1,149.0,1.497965,0.000202,1.287693,0.21006999999999998,0.0,1.0,0.0,0.0,0.0
idle-256-B-1,150.0,1.548603,0.000266,1.327357,0.22097999999999995,0.0,1.0,0.0,0.0,0.0
idle-256-B-1,151.0,1.438593,0.000258,1.234519,0.203816,0.0,1.0,0.0,0.0,0.0
idle-256-B-1,152.0,1.56806,0.000257,1.358942,0.20886099999999996,0.0,1.0,0.0,0.0,0.0
idle-256-B-1,153.0,1.493502,0.000209,1.277665,0.21562800000000015,0.0,1.0,0.0,0.0,0.0
idle-256-B-1,154.0,1.535746,0.000249,1.327799,0.20769800000000016,0.0,1.0,0.0,0.0,0.0
idle-256-B-1,155.0,1.539301,0.000252,1.299866,0.23918300000000015,0.0,1.0,0.0,0.0,0.0
idle-256-B-1,156.0,1.582004,0.000215,1.35768,0.2241089999999999,0.0,1.0,0.0,0.0,0.0
idle-256-B-1,157.0,1.446508,0.00024,1.236081,0.2101869999999999,0.0,1.0,0.0,0.0,0.0
idle-256-B-1,158.0,1.606036,0.000304,1.389102,0.21662999999999988,0.0,1.0,0.0,0.0,0.0
idle-256-B-1,159.0,1.521747,0.00021,1.31316,0.2083769999999998,0.0,1.0,0.0,0.0,0.0
idle-256-B-1,160.0,1.579852,0.000273,1.354983,0.22459600000000002,0.0,1.0,0.0,0.0,0.0
idle-256-B-1,161.0,1.588388,0.00023,1.371562,0.216596,0.0,1.0,0.0,0.0,0.0
idle-256-B-1,162.0,1.635022,0.000255,1.380901,0.25386600000000015,0.0,1.0,0.0,0.0,0.0
idle-256-B-1,163.0,1.589227,0.000231,1.385167,0.20382899999999982,0.0,1.0,0.0,0.0,0.0
idle-256-B-1,164.0,1.504387,0.000232,1.291695,0.21245999999999987,0.0,1.0,0.0,0.0,0.0
idle-256-B-1,165.0,1.592517,0.000271,1.336204,0.2560420000000001,0.0,1.0,0.0,0.0,0.0
idle-256-B-1,166.0,1.585231,0.000241,1.379699,0.2052910000000001,0.0,1.0,0.0,0.0,0.0
idle-256-B-1,167.0,1.543879,0.000212,1.336946,0.20672099999999993,0.0,1.0,0.0,0.0,0.0
idle-256-B-1,168.0,1.755783,0.000198,1.446619,0.3089660000000001,0.0,1.0,0.0,0.0,0.0
idle-256-B-1,169.0,1.675975,0.000237,1.413087,0.26265099999999997,0.0,1.0,0.0,0.0,0.0
idle-256-B-1,170.0,1.519223,0.000234,1.314307,0.20468200000000003,0.0,1.0,0.0,0.0,0.0
idle-256-B-1,171.0,1.516969,0.000252,1.307672,0.20904500000000015,0.0,1.0,0.0,0.0,0.0
idle-256-B-1,172.0,1.457142,0.000224,1.250783,0.20613499999999996,0.0,1.0,0.0,0.0,0.0
idle-256-B-1,173.0,1.701891,0.000239,1.486485,0.2151669999999999,0.0,1.0,0.0,0.0,0.0
idle-256-B-1,174.0,1.559587,0.000225,1.353225,0.20613700000000024,0.0,1.0,0.0,0.0,0.0
idle-256-B-1,175.0,1.686113,0.000187,1.479398,0.20652800000000004,0.0,1.0,0.0,0.0,0.0
idle-256-B-1,176.0,1.701596,0.000229,1.430533,0.270834,0.0,1.0,0.0,0.0,0.0
idle-256-B-1,177.0,1.618039,0.000235,1.396195,0.22160899999999994,0.0,1.0,0.0,0.0,0.0
idle-256-B-1,178.0,1.512173,0.000232,1.283567,0.22837400000000008,0.0,1.0,0.0,0.0,0.0
idle-256-B-1,179.0,1.638658,0.000268,1.427409,0.21098100000000009,0.0,1.0,0.0,0.0,0.0
idle-256-B-1,180.0,1.509355,0.000253,1.338905,0.17019699999999993,0.0,1.0,0.0,0.0,0.0
idle-256-B-1,181.0,1.419371,0.000261,1.189387,0.2297229999999999,0.0,1.0,0.0,0.0,0.0
idle-256-B-1,182.0,1.605842,0.00022,1.385918,0.2197039999999999,0.0,1.0,0.0,0.0,0.0
idle-256-B-1,183.0,1.549701,0.000207,1.346289,0.20320499999999986,0.0,1.0,0.0,0.0,0.0
idle-256-B-1,184.0,1.523274,0.000246,1.319303,0.20372500000000016,0.0,1.0,0.0,0.0,0.0
idle-256-B-1,185.0,1.501471,0.000197,1.265451,0.2358229999999999,0.0,1.0,0.0,0.0,0.0
idle-256-B-1,186.0,1.538721,0.000218,1.332907,0.2055959999999999,0.0,1.0,0.0,0.0,0.0
idle-256-B-1,187.0,1.451202,0.000226,1.258336,0.19264000000000014,0.0,1.0,0.0,0.0,0.0
idle-256-B-1,188.0,1.496321,0.00023,1.287744,0.20834700000000006,0.0,1.0,0.0,0.0,0.0
idle-256-B-1,189.0,1.482065,0.000375,1.235762,0.24592799999999992,0.0,1.0,0.0,0.0,0.0
idle-256-B-1,190.0,1.500907,0.000198,1.277838,0.22287100000000004,0.0,1.0,0.0,0.0,0.0
idle-256-B-1,191.0,1.528971,0.000237,1.318176,0.21055800000000002,0.0,1.0,0.0,0.0,0.0
idle-256-B-1,192.0,1.383591,0.000243,1.190817,0.192531,0.0,1.0,0.0,0.0,0.0
idle-256-B-1,193.0,1.530268,0.000283,1.332676,0.19730899999999996,0.0,1.0,0.0,0.0,0.0
idle-256-B-1,194.0,1.439413,0.000246,1.21188,0.22728700000000002,0.0,1.0,0.0,0.0,0.0
idle-256-B-1,195.0,1.512616,0.000253,1.35724,0.1551229999999999,0.0,1.0,0.0,0.0,0.0
idle-256-B-1,196.0,1.57306,0.000237,1.367354,0.2054689999999999,0.0,1.0,0.0,0.0,0.0
idle-256-B-1,197.0,1.457502,0.000186,1.242634,0.21468200000000004,0.0,1.0,0.0,0.0,0.0
idle-256-B-1,198.0,1.408632,0.000298,1.191,0.21733400000000014,0.0,1.0,0.0,0.0,0.0
idle-256-B-1,199.0,1.673255,0.00027,1.469312,0.203673,0.0,1.0,0.0,0.0,0.0
idle-256-B-1,200.0,1.571646,0.000226,1.366057,0.20536299999999996,0.0,1.0,0.0,0.0,0.0
idle-256-B-1,201.0,1.535596,0.000209,1.313106,0.22228099999999995,0.0,1.0,0.0,0.0,0.0
idle-256-B-1,202.0,1.460504,0.000267,1.256419,0.20381800000000005,0.0,1.0,0.0,0.0,0.0
idle-256-B-1,203.0,1.514756,0.000215,1.294869,0.21967199999999987,0.0,1.0,0.0,0.0,0.0
idle-256-B-1,204.0,1.428507,0.00021,1.225931,0.20236599999999982,0.0,1.0,0.0,0.0,0.0
idle-256-B-1,205.0,1.506475,0.000208,1.299416,0.20685100000000012,0.0,1.0,0.0,0.0,0.0
idle-256-B-1,206.0,1.593923,0.000273,1.385357,0.20829300000000006,0.0,1.0,0.0,0.0,0.0
idle-256-B-1,207.0,1.736487,0.00022,1.497693,0.23857399999999984,0.0,1.0,0.0,0.0,0.0
idle-256-B-1,208.0,1.547068,0.000226,1.320872,0.22597,0.0,1.0,0.0,0.0,0.0
idle-256-B-1,209.0,1.513126,0.000253,1.304183,0.20868999999999982,0.0,1.0,0.0,0.0,0.0
idle-256-B-1,210.0,1.521573,0.000205,1.285663,0.23570500000000005,0.0,1.0,0.0,0.0,0.0
idle-256-B-1,211.0,1.565443,0.00025,1.357276,0.2079169999999999,0.0,1.0,0.0,0.0,0.0
idle-256-B-1,212.0,1.767139,0.000255,1.554381,0.2125030000000001,0.0,1.0,0.0,0.0,0.0
idle-256-B-1,213.0,1.558832,0.000241,1.346199,0.21239200000000014,0.0,1.0,0.0,0.0,0.0
idle-256-B-1,214.0,1.62134,0.000228,1.382949,0.23816300000000012,0.0,1.0,0.0,0.0,0.0
idle-256-B-1,215.0,1.609146,0.000226,1.396746,0.21217399999999986,0.0,1.0,0.0,0.0,0.0
idle-256-B-1,216.0,1.60252,0.000211,1.379418,0.22289099999999995,0.0,1.0,0.0,0.0,0.0
idle-256-B-1,217.0,1.611043,0.000221,1.401425,0.20939700000000006,0.0,1.0,0.0,0.0,0.0
idle-256-B-1,218.0,1.589895,0.000222,1.351922,0.23775100000000005,0.0,1.0,0.0,0.0,0.0
idle-256-B-1,219.0,1.757852,0.000266,1.491483,0.266103,0.0,1.0,0.0,0.0,0.0
idle-256-B-1,220.0,1.751397,0.000319,1.517538,0.23354000000000008,0.0,1.0,0.0,0.0,0.0
idle-256-B-1,221.0,1.589662,0.000279,1.371157,0.21822600000000003,0.0,1.0,0.0,0.0,0.0
idle-256-B-1,222.0,1.60178,0.000273,1.339321,0.26218600000000003,0.0,1.0,0.0,0.0,0.0
idle-256-B-1,223.0,1.633606,0.000271,1.399539,0.2337959999999999,0.0,1.0,0.0,0.0,0.0
idle-256-B-1,224.0,1.490817,0.000236,1.282816,0.2077650000000002,0.0,1.0,0.0,0.0,0.0
idle-256-B-1,225.0,1.573147,0.000278,1.347709,0.22516000000000003,0.0,1.0,0.0,0.0,0.0
idle-256-B-1,226.0,1.660387,0.00026,1.442408,0.21771900000000022,0.0,1.0,0.0,0.0,0.0
idle-256-B-1,227.0,1.586804,0.000273,1.366993,0.21953800000000023,0.0,1.0,0.0,0.0,0.0
idle-256-B-1,228.0,1.690224,0.000313,1.448749,0.24116199999999988,0.0,1.0,0.0,0.0,0.0
idle-256-B-1,229.0,1.516754,0.000255,1.29569,0.22080900000000003,0.0,1.0,0.0,0.0,0.0
idle-256-B-1,230.0,1.490825,0.000275,1.281313,0.20923700000000012,0.0,1.0,0.0,0.0,0.0
idle-256-B-1,231.0,1.519096,0.000298,1.308582,0.21021600000000018,0.0,1.0,0.0,0.0,0.0
idle-256-B-1,232.0,1.424584,0.00024,1.26683,0.15751400000000015,0.0,1.0,0.0,0.0,0.0
idle-256-B-1,233.0,1.62043,0.000241,1.319526,0.3006630000000001,0.0,1.0,0.0,0.0,0.0
idle-256-B-1,234.0,1.596114,0.000247,1.38455,0.21131699999999998,0.0,1.0,0.0,0.0,0.0
idle-256-B-1,235.0,1.516049,0.000244,1.361263,0.15454200000000018,0.0,1.0,0.0,0.0,0.0
idle-256-B-1,236.0,1.512706,0.000235,1.372556,0.139915,0.0,1.0,0.0,0.0,0.0
idle-256-B-1,237.0,1.59189,0.000231,1.378605,0.21305399999999985,0.0,1.0,0.0,0.0,0.0
idle-256-B-1,238.0,1.547465,0.000303,1.382235,0.16492700000000005,0.0,1.0,0.0,0.0,0.0
idle-256-B-1,239.0,1.598986,0.000219,1.389067,0.2097,0.0,1.0,0.0,0.0,0.0
idle-256-B-1,240.0,1.39015,0.00026,1.217447,0.17244300000000012,0.0,1.0,0.0,0.0,0.0
idle-256-B-1,241.0,1.537484,0.000252,1.368566,0.1686660000000002,0.0,1.0,0.0,0.0,0.0
idle-256-B-1,242.0,1.468039,0.000308,1.299029,0.16870200000000013,0.0,1.0,0.0,0.0,0.0
idle-256-B-1,243.0,1.643429,0.000218,1.432963,0.210248,0.0,1.0,0.0,0.0,0.0
idle-256-B-1,244.0,1.734504,0.000238,1.517195,0.21707100000000001,0.0,1.0,0.0,0.0,0.0
idle-256-B-1,245.0,1.687873,0.000258,1.415085,0.27252999999999994,0.0,1.0,0.0,0.0,0.0
idle-256-B-1,246.0,1.755223,0.000248,1.52843,0.226545,0.0,1.0,0.0,0.0,0.0
idle-256-B-1,247.0,1.54359,0.000276,1.333685,0.20962900000000007,0.0,1.0,0.0,0.0,0.0
idle-256-B-1,248.0,1.442106,0.000254,1.273222,0.16863000000000006,0.0,1.0,0.0,0.0,0.0
idle-256-B-1,249.0,1.59554,0.000223,1.371462,0.22385499999999992,0.0,1.0,0.0,0.0,0.0
idle-256-B-1,250.0,1.477706,0.000264,1.257665,0.2197769999999999,0.0,1.0,0.0,0.0,0.0
idle-256-B-1,251.0,1.533418,0.000203,1.347648,0.18556700000000004,0.0,1.0,0.0,0.0,0.0
idle-256-B-1,252.0,1.495129,0.000213,1.291546,0.20336999999999983,0.0,1.0,0.0,0.0,0.0
idle-256-B-1,253.0,1.563217,0.000222,1.33289,0.23010500000000023,0.0,1.0,0.0,0.0,0.0
idle-256-B-1,254.0,1.552546,0.000258,1.402247,0.15004099999999987,0.0,1.0,0.0,0.0,0.0
idle-256-B-1,255.0,1.560935,0.000318,1.351763,0.20885399999999987,0.0,1.0,0.0,0.0,0.0
idle-256-B-1,256.0,1.510041,0.000257,1.298512,0.2112719999999999,0.0,1.0,0.0,0.0,0.0
idle-256-B-1,257.0,1.630022,0.000354,1.417237,0.21243100000000004,0.0,1.0,0.0,0.0,0.0
idle-256-B-1,258.0,1.800594,0.000265,1.570508,0.22982100000000005,0.0,1.0,0.0,0.0,0.0
idle-256-B-1,259.0,1.560747,0.000339,1.351998,0.20840999999999998,0.0,1.0,0.0,0.0,0.0
idle-256-B-1,260.0,1.624544,0.000232,1.417109,0.20720300000000003,0.0,1.0,0.0,0.0,0.0
idle-256-B-1,261.0,1.545403,0.000361,1.327887,0.217155,0.0,1.0,0.0,0.0,0.0
idle-256-B-1,262.0,1.539067,0.00027,1.311494,0.22730300000000003,0.0,1.0,0.0,0.0,0.0
idle-256-B-1,263.0,1.562433,0.000343,1.351069,0.2110209999999999,0.0,1.0,0.0,0.0,0.0
idle-256-B-1,264.0,1.51304,0.000249,1.307076,0.2057150000000001,0.0,1.0,0.0,0.0,0.0
idle-256-B-1,265.0,1.495473,0.000324,1.326844,0.16830500000000015,0.0,1.0,0.0,0.0,0.0
idle-256-B-1,266.0,1.547698,0.000206,1.337569,0.20992300000000008,0.0,1.0,0.0,0.0,0.0
idle-256-B-1,267.0,1.527502,0.000263,1.32034,0.20689899999999994,0.0,1.0,0.0,0.0,0.0
idle-256-B-1,268.0,1.563783,0.00024,1.404867,0.15867599999999982,0.0,1.0,0.0,0.0,0.0
idle-256-B-1,269.0,1.5144,0.000353,1.294536,0.219511,0.0,1.0,0.0,0.0,0.0
idle-256-B-1,270.0,1.619409,0.000244,1.415209,0.20395600000000025,0.0,1.0,0.0,0.0,0.0
idle-256-B-1,271.0,1.593658,0.000215,1.368626,0.22481700000000004,0.0,1.0,0.0,0.0,0.0
idle-256-B-1,272.0,1.591115,0.00025,1.379069,0.21179599999999987,0.0,1.0,0.0,0.0,0.0
idle-256-B-1,273.0,1.708104,0.000336,1.488707,0.21906100000000017,0.0,1.0,0.0,0.0,0.0
idle-256-B-1,274.0,1.521618,0.000256,1.375568,0.14579399999999998,0.0,1.0,0.0,0.0,0.0
idle-256-B-1,275.0,1.548425,0.00026,1.400226,0.14793900000000004,0.0,1.0,0.0,0.0,0.0
idle-256-B-1,276.0,1.611467,0.000247,1.399597,0.2116229999999999,0.0,1.0,0.0,0.0,0.0
idle-256-B-1,277.0,1.574406,0.000239,1.428695,0.14547199999999982,0.0,1.0,0.0,0.0,0.0
idle-256-B-1,278.0,1.582029,0.000267,1.424856,0.156906,0.0,1.0,0.0,0.0,0.0
idle-256-B-1,279.0,1.456456,0.000238,1.30904,0.14717800000000003,0.0,1.0,0.0,0.0,0.0
idle-256-B-1,280.0,1.52831,0.000249,1.319357,0.20870400000000022,0.0,1.0,0.0,0.0,0.0
idle-256-B-1,281.0,1.603262,0.000341,1.382754,0.220167,0.0,1.0,0.0,0.0,0.0
idle-256-B-1,282.0,1.832939,0.000281,1.614217,0.2184410000000001,0.0,1.0,0.0,0.0,0.0
idle-256-B-1,283.0,1.540423,0.00024,1.33121,0.20897300000000008,0.0,1.0,0.0,0.0,0.0
idle-256-B-1,284.0,1.685183,0.000336,1.473037,0.21181000000000028,0.0,1.0,0.0,0.0,0.0
idle-256-B-1,285.0,1.538962,0.000254,1.306973,0.23173500000000002,0.0,1.0,0.0,0.0,0.0
idle-256-B-1,286.0,1.582926,0.000265,1.372428,0.21023300000000011,0.0,1.0,0.0,0.0,0.0
idle-256-B-1,287.0,1.59783,0.000247,1.381313,0.21626999999999996,0.0,1.0,0.0,0.0,0.0
idle-256-B-1,288.0,1.495965,0.000286,1.32789,0.16778899999999997,0.0,1.0,0.0,0.0,0.0
idle-256-B-1,289.0,1.651193,0.000285,1.440234,0.2106739999999998,0.0,1.0,0.0,0.0,0.0
idle-256-B-1,290.0,1.607616,0.00031,1.398244,0.20906199999999986,0.0,1.0,0.0,0.0,0.0
idle-256-B-1,291.0,1.466215,0.000304,1.218881,0.24702999999999986,0.0,1.0,0.0,0.0,0.0
idle-256-B-1,292.0,1.557034,0.000243,1.347671,0.20911999999999997,0.0,1.0,0.0,0.0,0.0
idle-256-B-1,293.0,1.572372,0.000293,1.361343,0.21073600000000003,0.0,1.0,0.0,0.0,0.0
idle-256-B-1,294.0,1.630929,0.000196,1.421473,0.20926,0.0,1.0,0.0,0.0,0.0
idle-256-B-1,295.0,1.526456,0.000244,1.313122,0.21309000000000022,0.0,1.0,0.0,0.0,0.0
idle-256-B-1,296.0,1.585385,0.000318,1.361441,0.2236260000000001,0.0,1.0,0.0,0.0,0.0
idle-256-B-1,297.0,1.59301,0.000228,1.37761,0.21517200000000014,0.0,1.0,0.0,0.0,0.0
idle-256-B-1,298.0,1.484396,0.000284,1.253839,0.23027300000000017,0.0,1.0,0.0,0.0,0.0
idle-256-B-1,299.0,1.507846,0.00022,1.295668,0.21195799999999987,0.0,1.0,0.0,0.0,0.0
idle-256-B-1,300.0,1.689652,0.000295,1.460898,0.22845899999999997,0.0,1.0,0.0,0.0,0.0
idle-256-B-1,301.0,1.629325,0.000235,1.367518,0.2615719999999999,0.0,1.0,0.0,0.0,0.0
idle-256-B-1,302.0,1.48666,0.000298,1.281504,0.2048580000000002,0.0,1.0,0.0,0.0,0.0
idle-256-B-1,303.0,1.620199,0.000224,1.404493,0.21548199999999995,0.0,1.0,0.0,0.0,0.0
idle-256-B-1,304.0,1.541248,0.000223,1.328585,0.21243999999999996,0.0,1.0,0.0,0.0,0.0
idle-256-B-1,305.0,1.523022,0.000338,1.315497,0.20718700000000023,0.0,1.0,0.0,0.0,0.0
idle-256-B-1,306.0,1.539869,0.000333,1.371169,0.16836699999999993,0.0,1.0,0.0,0.0,0.0
idle-256-B-1,307.0,1.718112,0.000254,1.504058,0.2138000000000002,0.0,1.0,0.0,0.0,0.0
idle-256-B-1,308.0,1.697109,0.000238,1.470714,0.22615699999999994,0.0,1.0,0.0,0.0,0.0
idle-256-B-1,309.0,1.572143,0.000226,1.363691,0.20822600000000002,0.0,1.0,0.0,0.0,0.0
idle-256-B-1,310.0,1.633743,0.000323,1.424902,0.20851799999999998,0.0,1.0,0.0,0.0,0.0
idle-256-B-1,311.0,1.677617,0.000244,1.446518,0.23085500000000003,0.0,1.0,0.0,0.0,0.0
idle-256-B-1,312.0,1.61187,0.000226,1.448792,0.16285199999999977,0.0,1.0,0.0,0.0,0.0
idle-256-B-1,313.0,1.497551,0.000247,1.308916,0.188388,0.0,1.0,0.0,0.0,0.0
idle-256-B-1,314.0,1.543034,0.000258,1.316295,0.22648099999999993,0.0,1.0,0.0,0.0,0.0
idle-256-B-1,315.0,1.594798,0.000306,1.381425,0.21306700000000012,0.0,1.0,0.0,0.0,0.0
idle-256-B-1,316.0,1.414578,0.000205,1.208576,0.20579699999999979,0.0,1.0,0.0,0.0,0.0
idle-256-B-1,317.0,1.672754,0.000207,1.440978,0.2315689999999999,0.0,1.0,0.0,0.0,0.0
idle-256-B-1,318.0,1.606694,0.000448,1.397189,0.20905700000000005,0.0,1.0,0.0,0.0,0.0
idle-256-B-1,319.0,1.682224,0.00021,1.459414,0.2225999999999999,0.0,1.0,0.0,0.0,0.0
idle-256-B-1,320.0,1.489767,0.000196,1.272512,0.2170589999999999,0.0,1.0,0.0,0.0,0.0
idle-256-B-1,321.0,1.641694,0.000225,1.429698,0.21177100000000015,0.0,1.0,0.0,0.0,0.0
idle-256-B-1,322.0,1.624596,0.000268,1.399212,0.2251160000000001,0.0,1.0,0.0,0.0,0.0
idle-256-B-1,323.0,1.653047,0.000251,1.471475,0.18132099999999984,0.0,1.0,0.0,0.0,0.0
idle-256-B-1,324.0,1.550499,0.000396,1.341257,0.2088460000000001,0.0,1.0,0.0,0.0,0.0
idle-256-B-1,325.0,1.644304,0.000212,1.436327,0.20776499999999998,0.0,1.0,0.0,0.0,0.0
idle-256-B-1,326.0,1.575925,0.000211,1.340997,0.23471700000000006,0.0,1.0,0.0,0.0,0.0
idle-256-B-1,327.0,1.489542,0.000218,1.285334,0.2039899999999999,0.0,1.0,0.0,0.0,0.0
idle-256-B-1,328.0,1.591464,0.000226,1.382765,0.2084729999999999,0.0,1.0,0.0,0.0,0.0
idle-256-B-1,329.0,1.573414,0.000358,1.340196,0.23286000000000007,0.0,1.0,0.0,0.0,0.0
idle-256-B-1,330.0,1.462174,0.000264,1.256677,0.205233,0.0,1.0,0.0,0.0,0.0
idle-256-B-1,331.0,1.579744,0.000231,1.358285,0.22122799999999998,0.0,1.0,0.0,0.0,0.0
idle-256-B-1,332.0,1.589317,0.000235,1.371103,0.21797900000000014,0.0,1.0,0.0,0.0,0.0
idle-256-B-1,333.0,1.604417,0.000245,1.374351,0.22982099999999983,0.0,1.0,0.0,0.0,0.0
idle-256-B-1,334.0,1.546114,0.000239,1.329127,0.21674799999999994,0.0,1.0,0.0,0.0,0.0
idle-256-B-1,335.0,1.555517,0.000282,1.338799,0.21643600000000007,0.0,1.0,0.0,0.0,0.0
idle-256-B-1,336.0,1.596255,0.000259,1.382122,0.2138739999999999,0.0,1.0,0.0,0.0,0.0
idle-256-B-1,337.0,1.470282,0.000253,1.265113,0.2049160000000001,0.0,1.0,0.0,0.0,0.0
idle-256-B-1,338.0,1.577515,0.000256,1.372586,0.20467299999999988,0.0,1.0,0.0,0.0,0.0
idle-256-B-1,339.0,1.616651,0.000222,1.391325,0.2251040000000002,0.0,1.0,0.0,0.0,0.0
idle-256-B-1,340.0,1.516445,0.00019,1.301365,0.21489000000000003,0.0,1.0,0.0,0.0,0.0
idle-256-B-1,341.0,1.487727,0.000242,1.27611,0.21137499999999987,0.0,1.0,0.0,0.0,0.0
idle-256-B-1,342.0,1.435894,0.000218,1.225568,0.21010799999999996,0.0,1.0,0.0,0.0,0.0
idle-256-B-1,343.0,1.698181,0.000261,1.481387,0.21653299999999986,0.0,1.0,0.0,0.0,0.0
idle-256-B-1,344.0,1.635767,0.000251,1.423904,0.2116119999999999,0.0,1.0,0.0,0.0,0.0
idle-256-B-1,345.0,1.682976,0.000223,1.439757,0.242996,0.0,1.0,0.0,0.0,0.0
idle-256-B-1,346.0,1.571234,0.000198,1.361624,0.20941200000000015,0.0,1.0,0.0,0.0,0.0
idle-256-B-1,347.0,1.623278,0.000221,1.408963,0.214094,0.0,1.0,0.0,0.0,0.0
idle-256-B-1,348.0,1.689117,0.000328,1.475352,0.21343699999999988,0.0,1.0,0.0,0.0,0.0
idle-256-B-1,349.0,1.525014,0.000232,1.308306,0.2164760000000001,0.0,1.0,0.0,0.0,0.0
idle-256-B-1,350.0,1.649899,0.000233,1.442223,0.20744300000000004,0.0,1.0,0.0,0.0,0.0
idle-256-B-1,351.0,1.482197,0.000278,1.269933,0.211986,0.0,1.0,0.0,0.0,0.0
idle-256-B-1,352.0,1.748567,0.000225,1.505883,0.24245899999999998,0.0,1.0,0.0,0.0,0.0
idle-256-B-1,353.0,1.57602,0.000311,1.368972,0.20673699999999995,0.0,1.0,0.0,0.0,0.0
idle-256-B-1,354.0,1.597483,0.000373,1.38742,0.20968999999999993,0.0,1.0,0.0,0.0,0.0
idle-256-B-1,355.0,1.517467,0.000237,1.304592,0.21263799999999988,0.0,1.0,0.0,0.0,0.0
idle-256-B-1,356.0,1.656456,0.000213,1.397706,0.258537,0.0,1.0,0.0,0.0,0.0
idle-256-B-1,357.0,1.646998,0.000226,1.446271,0.20050099999999982,0.0,1.0,0.0,0.0,0.0
idle-256-B-1,358.0,1.595201,0.000223,1.355629,0.23934900000000003,0.0,1.0,0.0,0.0,0.0
idle-256-B-1,359.0,1.523629,0.000215,1.365089,0.15832499999999983,0.0,1.0,0.0,0.0,0.0
idle-256-B-1,360.0,1.645752,0.000376,1.413748,0.23162800000000017,0.0,1.0,0.0,0.0,0.0
idle-256-B-1,361.0,1.853207,0.000197,1.608628,0.2443820000000001,0.0,1.0,0.0,0.0,0.0
idle-256-B-1,362.0,1.53315,0.000207,1.304311,0.22863199999999995,0.0,1.0,0.0,0.0,0.0
idle-256-B-1,363.0,1.635437,0.000233,1.425183,0.210021,0.0,1.0,0.0,0.0,0.0
idle-256-B-1,364.0,1.593228,0.000206,1.360342,0.23268000000000022,0.0,1.0,0.0,0.0,0.0
idle-256-B-1,365.0,1.500794,0.000237,1.338753,0.16180399999999984,0.0,1.0,0.0,0.0,0.0
idle-256-B-1,366.0,1.516324,0.000257,1.305262,0.21080500000000013,0.0,1.0,0.0,0.0,0.0
idle-256-B-1,367.0,1.546432,0.000202,1.309945,0.23628500000000008,0.0,1.0,0.0,0.0,0.0
idle-256-B-1,368.0,1.679686,0.000267,1.458405,0.22101400000000004,0.0,1.0,0.0,0.0,0.0
idle-256-B-1,369.0,1.696934,0.000233,1.480677,0.216024,0.0,1.0,0.0,0.0,0.0
idle-256-B-1,370.0,1.663044,0.00021,1.446971,0.21586299999999992,0.0,1.0,0.0,0.0,0.0
idle-256-B-1,371.0,1.612651,0.000233,1.404279,0.20813900000000007,0.0,1.0,0.0,0.0,0.0
idle-256-B-1,372.0,1.660801,0.000267,1.439767,0.22076699999999994,0.0,1.0,0.0,0.0,0.0
idle-256-B-1,373.0,1.599732,0.000218,1.385669,0.21384499999999984,0.0,1.0,0.0,0.0,0.0
idle-256-B-1,374.0,1.644497,0.000251,1.435734,0.20851200000000003,0.0,1.0,0.0,0.0,0.0
idle-256-B-1,375.0,1.560288,0.000283,1.339553,0.22045199999999987,0.0,1.0,0.0,0.0,0.0
idle-256-B-1,376.0,1.575289,0.000273,1.341476,0.23354000000000008,0.0,1.0,0.0,0.0,0.0
idle-256-B-1,377.0,1.5527,0.000253,1.34553,0.20691700000000002,0.0,1.0,0.0,0.0,0.0
idle-256-B-1,378.0,1.653127,0.000232,1.439613,0.21328199999999997,0.0,1.0,0.0,0.0,0.0
idle-256-B-1,379.0,1.455104,0.000239,1.252876,0.20198899999999975,0.0,1.0,0.0,0.0,0.0
idle-256-B-1,380.0,1.520064,0.000255,1.311012,0.20879700000000012,0.0,1.0,0.0,0.0,0.0
idle-256-B-1,381.0,1.668415,0.000236,1.459274,0.20890500000000012,0.0,1.0,0.0,0.0,0.0
idle-256-B-1,382.0,1.562157,0.00024,1.342923,0.2189939999999999,0.0,1.0,0.0,0.0,0.0
idle-256-B-1,383.0,1.420814,0.000208,1.215667,0.20493899999999998,0.0,1.0,0.0,0.0,0.0
idle-256-B-1,384.0,1.534155,0.000232,1.323926,0.209997,0.0,1.0,0.0,0.0,0.0
idle-256-B-1,385.0,1.529563,0.000274,1.327163,0.2021259999999998,0.0,1.0,0.0,0.0,0.0
idle-256-B-1,386.0,1.558288,0.000237,1.345169,0.2128819999999998,0.0,1.0,0.0,0.0,0.0
idle-256-B-1,387.0,1.638269,0.000245,1.426543,0.21148100000000003,0.0,1.0,0.0,0.0,0.0
idle-256-B-1,388.0,1.570124,0.000246,1.35313,0.21674800000000016,0.0,1.0,0.0,0.0,0.0
idle-256-B-1,389.0,1.625498,0.000261,1.419309,0.2059280000000001,0.0,1.0,0.0,0.0,0.0
idle-256-B-1,390.0,1.557907,0.000239,1.338529,0.21913899999999975,0.0,1.0,0.0,0.0,0.0
idle-256-B-1,391.0,1.566488,0.000252,1.368204,0.1980320000000002,0.0,1.0,0.0,0.0,0.0
idle-256-B-1,392.0,2.062589,0.000222,1.910928,0.1514390000000001,0.0,1.0,0.0,0.0,0.0
idle-256-B-1,393.0,1.502904,0.000243,1.347612,0.155049,0.0,1.0,0.0,0.0,0.0
idle-256-B-1,394.0,1.426357,0.000214,1.296298,0.1298450000000002,0.0,1.0,0.0,0.0,0.0
idle-256-B-1,395.0,1.660621,0.000214,1.418997,0.2414099999999999,0.0,1.0,0.0,0.0,0.0
idle-256-B-1,396.0,1.475517,0.00022,1.351886,0.12341099999999994,0.0,1.0,0.0,0.0,0.0
idle-256-B-1,397.0,1.487517,0.000216,1.364738,0.12256299999999998,0.0,1.0,0.0,0.0,0.0
idle-256-B-1,398.0,1.348719,0.000198,1.251785,0.09673600000000016,0.0,1.0,0.0,0.0,0.0
idle-256-B-1,399.0,1.337596,0.000285,1.220185,0.11712599999999984,0.0,1.0,0.0,0.0,0.0
idle-256-B-1,400.0,1.482156,0.000218,1.348768,0.13317,0.0,1.0,0.0,0.0,0.0
idle-256-B-1,401.0,1.450191,0.000238,1.322754,0.12719900000000006,0.0,1.0,0.0,0.0,0.0
idle-256-B-1,402.0,1.41246,0.00047,1.270648,0.14134200000000008,0.0,1.0,0.0,0.0,0.0
idle-256-B-1,403.0,1.421624,0.000263,1.290331,0.1310300000000002,0.0,1.0,0.0,0.0,0.0
idle-256-B-1,404.0,1.518119,0.000243,1.358762,0.15911399999999998,0.0,1.0,0.0,0.0,0.0
idle-256-B-1,405.0,1.564691,0.00022,1.34312,0.22135099999999985,0.0,1.0,0.0,0.0,0.0
idle-256-B-1,406.0,1.690238,0.000273,1.480654,0.20931100000000002,0.0,1.0,0.0,0.0,0.0
idle-256-B-1,407.0,1.608304,0.000238,1.370064,0.23800200000000005,0.0,1.0,0.0,0.0,0.0
idle-256-B-1,408.0,1.595323,0.000208,1.353498,0.24161699999999997,0.0,1.0,0.0,0.0,0.0
idle-256-B-1,409.0,1.584306,0.00021,1.336739,0.24735700000000005,0.0,1.0,0.0,0.0,0.0
idle-256-B-1,410.0,1.578771,0.000271,1.331886,0.2466140000000001,0.0,1.0,0.0,0.0,0.0
idle-256-B-1,411.0,1.530552,0.000215,1.32408,0.2062569999999999,0.0,1.0,0.0,0.0,0.0
idle-256-B-1,412.0,1.468134,0.000251,1.261327,0.20655599999999996,0.0,1.0,0.0,0.0,0.0
idle-256-B-1,413.0,1.593844,0.000217,1.452379,0.14124800000000004,0.0,1.0,0.0,0.0,0.0
idle-256-B-1,414.0,1.627566,0.000245,1.396524,0.23079699999999992,0.0,1.0,0.0,0.0,0.0
idle-256-B-1,415.0,1.549171,0.000301,1.341592,0.20727800000000007,0.0,1.0,0.0,0.0,0.0
idle-256-B-1,416.0,1.628967,0.000235,1.42121,0.20752199999999998,0.0,1.0,0.0,0.0,0.0
idle-256-B-1,417.0,1.610892,0.00021,1.393516,0.21716599999999997,0.0,1.0,0.0,0.0,0.0
idle-256-B-1,418.0,1.523349,0.000216,1.314071,0.20906200000000008,0.0,1.0,0.0,0.0,0.0
idle-256-B-1,419.0,1.703394,0.000241,1.489205,0.21394800000000025,0.0,1.0,0.0,0.0,0.0
idle-256-B-1,420.0,1.572451,0.000252,1.356451,0.21574800000000005,0.0,1.0,0.0,0.0,0.0
idle-256-B-1,421.0,1.710787,0.000203,1.488557,0.2220270000000002,0.0,1.0,0.0,0.0,0.0
idle-256-B-1,422.0,1.49098,0.000231,1.351677,0.13907199999999986,0.0,1.0,0.0,0.0,0.0
idle-256-B-1,423.0,1.580079,0.000264,1.36275,0.21706500000000006,0.0,1.0,0.0,0.0,0.0
idle-256-B-1,424.0,1.548984,0.000246,1.324585,0.22415300000000005,0.0,1.0,0.0,0.0,0.0
idle-256-B-1,425.0,1.556535,0.000257,1.343158,0.21311999999999998,0.0,1.0,0.0,0.0,0.0
idle-256-B-1,426.0,1.461195,0.000238,1.265854,0.19510300000000003,0.0,1.0,0.0,0.0,0.0
idle-256-B-1,427.0,1.69773,0.000241,1.461712,0.23577700000000013,0.0,1.0,0.0,0.0,0.0
idle-256-B-1,428.0,1.512848,0.000225,1.303399,0.20922400000000008,0.0,1.0,0.0,0.0,0.0
idle-256-B-1,429.0,1.501733,0.000228,1.323596,0.1779090000000001,0.0,1.0,0.0,0.0,0.0
idle-256-B-1,430.0,1.715963,0.000231,1.505574,0.21015799999999984,0.0,1.0,0.0,0.0,0.0
idle-256-B-1,431.0,1.551737,0.000333,1.335568,0.21583599999999992,0.0,1.0,0.0,0.0,0.0
idle-256-B-1,432.0,1.607876,0.000243,1.395565,0.21206800000000015,0.0,1.0,0.0,0.0,0.0
idle-256-B-1,433.0,1.578477,0.000223,1.370976,0.20727799999999985,0.0,1.0,0.0,0.0,0.0
idle-256-B-1,434.0,1.46203,0.000283,1.296961,0.16478599999999988,0.0,1.0,0.0,0.0,0.0
idle-256-B-1,435.0,1.577711,0.000245,1.373801,0.20366499999999998,0.0,1.0,0.0,0.0,0.0
idle-256-B-1,436.0,1.640029,0.000261,1.418487,0.22128099999999984,0.0,1.0,0.0,0.0,0.0
idle-256-B-1,437.0,1.576808,0.000215,1.301481,0.2751119999999998,0.0,1.0,0.0,0.0,0.0
idle-256-B-1,438.0,1.52147,0.000231,1.312307,0.20893200000000012,0.0,1.0,0.0,0.0,0.0
idle-256-B-1,439.0,1.497828,0.00023,1.287076,0.21052199999999988,0.0,1.0,0.0,0.0,0.0
idle-256-B-1,440.0,1.595729,0.000265,1.351889,0.2435750000000001,0.0,1.0,0.0,0.0,0.0
idle-256-B-1,441.0,1.481061,0.00029,1.280593,0.20017799999999997,0.0,1.0,0.0,0.0,0.0
idle-256-B-1,442.0,1.593873,0.000355,1.386313,0.20720500000000008,0.0,1.0,0.0,0.0,0.0
idle-256-B-1,443.0,1.681358,0.000276,1.465916,0.21516599999999997,0.0,1.0,0.0,0.0,0.0
idle-256-B-1,444.0,1.672034,0.000233,1.44784,0.22396100000000008,0.0,1.0,0.0,0.0,0.0
idle-256-B-1,445.0,1.547733,0.000472,1.450172,0.09708899999999998,0.0,1.0,0.0,0.0,0.0
idle-256-B-1,446.0,1.705645,0.000488,1.457961,0.24719599999999997,0.0,1.0,0.0,0.0,0.0
idle-256-B-1,447.0,1.59524,0.000303,1.420751,0.17418599999999995,0.0,1.0,0.0,0.0,0.0
idle-256-B-1,448.0,1.588888,0.000317,1.342793,0.24577800000000027,0.0,1.0,0.0,0.0,0.0
idle-256-B-1,449.0,1.599143,0.000251,1.431543,0.16734899999999997,0.0,1.0,0.0,0.0,0.0
idle-256-B-1,450.0,1.562597,0.000437,1.330345,0.23181499999999988,0.0,1.0,0.0,0.0,0.0
idle-256-B-1,451.0,1.593446,0.000303,1.393794,0.199349,0.0,1.0,0.0,0.0,0.0
idle-256-B-1,452.0,1.590075,0.000271,1.367739,0.22206499999999996,0.0,1.0,0.0,0.0,0.0
idle-256-B-1,453.0,1.408566,0.000278,1.257517,0.150771,0.0,1.0,0.0,0.0,0.0
idle-256-B-1,454.0,1.502878,0.000261,1.350616,0.15200099999999983,0.0,1.0,0.0,0.0,0.0
idle-256-B-1,455.0,1.480358,0.000259,1.330283,0.14981599999999995,0.0,1.0,0.0,0.0,0.0
idle-256-B-1,456.0,1.592955,0.000267,1.359088,0.2335999999999998,0.0,1.0,0.0,0.0,0.0
idle-256-B-1,457.0,1.646587,0.000321,1.443287,0.20297900000000002,0.0,1.0,0.0,0.0,0.0
idle-256-B-1,458.0,1.688663,0.000391,1.489593,0.19867900000000005,0.0,1.0,0.0,0.0,0.0
idle-256-B-1,459.0,1.808035,0.000314,1.51548,0.2922410000000002,0.0,1.0,0.0,0.0,0.0
idle-256-B-1,460.0,1.594847,0.000371,1.351794,0.24268200000000006,0.0,1.0,0.0,0.0,0.0
idle-256-B-1,461.0,1.518193,0.000324,1.291416,0.22645300000000002,0.0,1.0,0.0,0.0,0.0
idle-256-B-1,462.0,1.613257,0.000267,1.378337,0.234653,0.0,1.0,0.0,0.0,0.0
idle-256-B-1,463.0,1.701032,0.000267,1.462098,0.23866700000000018,0.0,1.0,0.0,0.0,0.0
idle-256-B-1,464.0,1.649876,0.000325,1.422748,0.2268030000000001,0.0,1.0,0.0,0.0,0.0
idle-256-B-1,465.0,1.721367,0.000277,1.492642,0.22844799999999998,0.0,1.0,0.0,0.0,0.0
idle-256-B-1,466.0,1.644475,0.000277,1.396283,0.24791499999999989,0.0,1.0,0.0,0.0,0.0
idle-256-B-1,467.0,1.672812,0.000261,1.44825,0.22430099999999986,0.0,1.0,0.0,0.0,0.0
idle-256-B-1,468.0,1.548173,0.000324,1.317873,0.22997599999999996,0.0,1.0,0.0,0.0,0.0
idle-256-B-1,469.0,1.581097,0.000264,1.34971,0.23112299999999997,0.0,1.0,0.0,0.0,0.0
idle-256-B-1,470.0,1.676267,0.000544,1.430396,0.24532699999999985,0.0,1.0,0.0,0.0,0.0
idle-256-B-1,471.0,1.626587,0.000277,1.35933,0.26698,0.0,1.0,0.0,0.0,0.0
idle-256-B-1,472.0,1.620441,0.000271,1.363817,0.25635300000000005,0.0,1.0,0.0,0.0,0.0
idle-256-B-1,473.0,1.505372,0.000328,1.292984,0.21205999999999992,0.0,1.0,0.0,0.0,0.0
idle-256-B-1,474.0,1.652771,0.000332,1.486926,0.16551300000000002,0.0,1.0,0.0,0.0,0.0
idle-256-B-1,475.0,1.606083,0.000221,1.439301,0.16656099999999996,0.0,1.0,0.0,0.0,0.0
idle-256-B-1,476.0,1.548388,0.000261,1.43171,0.11641699999999999,0.0,1.0,0.0,0.0,0.0
idle-256-B-1,477.0,1.492779,0.00029,1.346305,0.1461840000000001,0.0,1.0,0.0,0.0,0.0
idle-256-B-1,478.0,1.594849,0.000267,1.388046,0.20653600000000005,0.0,1.0,0.0,0.0,0.0
idle-256-B-1,479.0,1.403901,0.00026,1.253397,0.15024400000000004,0.0,1.0,0.0,0.0,0.0
idle-256-B-1,480.0,1.5049,0.00026,1.377362,0.127278,0.0,1.0,0.0,0.0,0.0
idle-256-B-1,481.0,1.497528,0.000235,1.356422,0.14087099999999997,0.0,1.0,0.0,0.0,0.0
idle-256-B-1,482.0,1.45017,0.00049,1.352247,0.09743299999999988,0.0,1.0,0.0,0.0,0.0
idle-256-B-1,483.0,1.471359,0.000447,1.41052,0.060392,0.0,1.0,0.0,0.0,0.0
idle-256-B-1,484.0,1.475471,0.000264,1.339983,0.135224,0.0,1.0,0.0,0.0,0.0
idle-256-B-1,485.0,1.552857,0.000294,1.416946,0.13561699999999988,0.0,1.0,0.0,0.0,0.0
idle-256-B-1,486.0,1.527264,0.000263,1.383166,0.14383500000000016,0.0,1.0,0.0,0.0,0.0
idle-256-B-1,487.0,1.508602,0.000266,1.382508,0.12582799999999983,0.0,1.0,0.0,0.0,0.0
idle-256-B-1,488.0,1.584693,0.000268,1.469331,0.11509400000000003,0.0,1.0,0.0,0.0,0.0
idle-256-B-1,489.0,1.622685,0.000528,1.462796,0.15936099999999986,0.0,1.0,0.0,0.0,0.0
idle-256-B-1,490.0,1.518781,0.000318,1.383099,0.13536399999999982,0.0,1.0,0.0,0.0,0.0
idle-256-B-1,491.0,1.509733,0.000264,1.340372,0.16909700000000005,0.0,1.0,0.0,0.0,0.0
idle-256-B-1,492.0,1.421715,0.000261,1.272869,0.14858499999999997,0.0,1.0,0.0,0.0,0.0
idle-256-B-1,493.0,1.486719,0.000265,1.422759,0.06369499999999984,0.0,1.0,0.0,0.0,0.0
idle-256-B-1,494.0,1.523401,0.000311,1.374373,0.148717,0.0,1.0,0.0,0.0,0.0
idle-256-B-1,495.0,1.455769,0.00032,1.364726,0.09072299999999989,0.0,1.0,0.0,0.0,0.0
idle-256-B-1,496.0,1.51183,0.000501,1.343774,0.1675549999999999,0.0,1.0,0.0,0.0,0.0
idle-256-B-1,497.0,1.537909,0.000304,1.394158,0.14344699999999988,0.0,1.0,0.0,0.0,0.0
idle-256-B-1,498.0,1.527719,0.000261,1.413701,0.11375699999999989,0.0,1.0,0.0,0.0,0.0
idle-256-B-1,499.0,1.477999,0.000261,1.323424,0.15431400000000006,0.0,1.0,0.0,0.0,0.0
idle-256-B-1,500.0,1.462852,0.000294,1.319717,0.142841,0.0,1.0,0.0,0.0,0.0
idle-256-B-1,501.0,1.522245,0.000267,1.366506,0.15547200000000005,0.0,1.0,0.0,0.0,0.0
idle-256-B-1,502.0,1.315102,0.000264,1.18781,0.12702799999999992,0.0,1.0,0.0,0.0,0.0
idle-256-B-1,503.0,1.549392,0.000293,1.416802,0.1322970000000001,0.0,1.0,0.0,0.0,0.0
idle-256-B-1,504.0,1.491332,0.000604,1.406198,0.08453,0.0,1.0,0.0,0.0,0.0
idle-256-B-1,505.0,1.542379,0.000463,1.386852,0.15506399999999987,0.0,1.0,0.0,0.0,0.0
idle-256-B-1,506.0,1.497223,0.000352,1.346589,0.15028200000000003,0.0,1.0,0.0,0.0,0.0
idle-256-B-1,507.0,1.408835,0.000276,1.298034,0.1105250000000002,0.0,1.0,0.0,0.0,0.0
idle-256-B-1,508.0,1.58032,0.000228,1.444611,0.13548099999999996,0.0,1.0,0.0,0.0,0.0
idle-256-B-1,509.0,1.395356,0.000253,1.289952,0.105151,0.0,1.0,0.0,0.0,0.0
idle-256-B-1,510.0,1.448351,0.000252,1.312323,0.13577600000000012,0.0,1.0,0.0,0.0,0.0
idle-256-B-1,511.0,1.451308,0.000269,1.34372,0.10731899999999994,0.0,1.0,0.0,0.0,0.0
idle-256-B-1,512.0,1.383017,0.000256,1.234162,0.14859899999999993,0.0,1.0,0.0,0.0,0.0
idle-256-B-1,513.0,1.498334,0.000245,1.346356,0.1517329999999999,0.0,1.0,0.0,0.0,0.0
idle-256-B-1,514.0,1.443479,0.00024,1.315064,0.12817499999999993,0.0,1.0,0.0,0.0,0.0
idle-256-B-1,515.0,1.555499,0.000557,1.443277,0.11166500000000013,0.0,1.0,0.0,0.0,0.0
idle-256-B-1,516.0,1.515181,0.000237,1.367262,0.14768199999999987,0.0,1.0,0.0,0.0,0.0
idle-256-B-1,517.0,1.570196,0.000237,1.444035,0.12592399999999992,0.0,1.0,0.0,0.0,0.0
idle-256-B-1,518.0,1.423425,0.000237,1.262831,0.16035699999999986,0.0,1.0,0.0,0.0,0.0
idle-256-B-1,519.0,1.383641,0.000286,1.245863,0.13749199999999995,0.0,1.0,0.0,0.0,0.0
idle-256-B-1,520.0,1.563427,0.000224,1.458945,0.10425799999999996,0.0,1.0,0.0,0.0,0.0
idle-256-B-1,521.0,1.41495,0.000264,1.291292,0.12339399999999978,0.0,1.0,0.0,0.0,0.0
idle-256-B-1,522.0,1.483716,0.000301,1.363666,0.11974899999999988,0.0,1.0,0.0,0.0,0.0
idle-256-B-1,523.0,1.442337,0.000211,1.297284,0.14484199999999992,0.0,1.0,0.0,0.0,0.0
idle-256-B-1,524.0,1.575448,0.000211,1.439233,0.136004,0.0,1.0,0.0,0.0,0.0
idle-256-B-1,525.0,1.478099,0.000246,1.327666,0.15018700000000007,0.0,1.0,0.0,0.0,0.0
idle-256-B-1,526.0,1.518528,0.000447,1.407583,0.11049799999999999,0.0,1.0,0.0,0.0,0.0
idle-256-B-1,527.0,1.457717,0.000298,1.310579,0.14684000000000008,0.0,1.0,0.0,0.0,0.0
idle-256-B-1,528.0,1.419078,0.000267,1.313932,0.10487899999999994,0.0,1.0,0.0,0.0,0.0
idle-256-B-1,529.0,1.541845,0.000265,1.394223,0.14735699999999996,0.0,1.0,0.0,0.0,0.0
idle-256-B-1,530.0,1.53644,0.000313,1.379179,0.1569480000000001,0.0,1.0,0.0,0.0,0.0
idle-256-B-1,531.0,1.523559,0.000366,1.387671,0.13552199999999992,0.0,1.0,0.0,0.0,0.0
idle-256-B-1,532.0,1.543604,0.000256,1.377998,0.16534999999999989,0.0,1.0,0.0,0.0,0.0
idle-256-B-1,533.0,1.407683,0.000246,1.302532,0.10490500000000003,0.0,1.0,0.0,0.0,0.0
idle-256-B-1,534.0,1.511495,0.000253,1.369812,0.14142999999999994,0.0,1.0,0.0,0.0,0.0
idle-256-B-1,535.0,1.582982,0.000253,1.447592,0.13513699999999984,0.0,1.0,0.0,0.0,0.0
idle-256-B-1,536.0,1.569684,0.000237,1.464628,0.104819,0.0,1.0,0.0,0.0,0.0
idle-256-B-1,537.0,1.416264,0.000239,1.282887,0.13313799999999976,0.0,1.0,0.0,0.0,0.0
idle-256-B-1,538.0,1.507916,0.000248,1.336478,0.17118999999999995,0.0,1.0,0.0,0.0,0.0
idle-256-B-1,539.0,1.586525,0.000296,1.452684,0.1335449999999998,0.0,1.0,0.0,0.0,0.0
idle-256-B-1,540.0,1.650466,0.000231,1.510984,0.1392509999999998,0.0,1.0,0.0,0.0,0.0
idle-256-B-1,541.0,1.504457,0.00025,1.350729,0.15347799999999978,0.0,1.0,0.0,0.0,0.0
idle-256-B-1,542.0,1.460986,0.000235,1.329654,0.13109700000000002,0.0,1.0,0.0,0.0,0.0
idle-256-B-1,543.0,1.49558,0.000261,1.355529,0.13978999999999986,0.0,1.0,0.0,0.0,0.0
idle-256-B-1,544.0,1.58213,0.000257,1.442124,0.13974900000000012,0.0,1.0,0.0,0.0,0.0
idle-256-B-1,545.0,1.433363,0.00023,1.296088,0.13704500000000008,0.0,1.0,0.0,0.0,0.0
idle-256-B-1,546.0,1.557018,0.00027,1.388697,0.16805099999999995,0.0,1.0,0.0,0.0,0.0
idle-256-B-1,547.0,1.464423,0.000253,1.361079,0.10309100000000004,0.0,1.0,0.0,0.0,0.0
idle-256-B-1,548.0,1.489521,0.000254,1.366431,0.12283600000000017,0.0,1.0,0.0,0.0,0.0
idle-256-B-1,549.0,1.494642,0.000257,1.38991,0.1044750000000001,0.0,1.0,0.0,0.0,0.0
idle-256-B-1,550.0,1.580543,0.000212,1.447157,0.1331739999999999,0.0,1.0,0.0,0.0,0.0
idle-256-B-1,551.0,1.513465,0.000227,1.37427,0.13896799999999998,0.0,1.0,0.0,0.0,0.0
idle-256-B-1,552.0,1.41322,0.00025,1.280555,0.13241499999999973,0.0,1.0,0.0,0.0,0.0
idle-256-B-1,553.0,1.471492,0.000244,1.349759,0.12148900000000018,0.0,1.0,0.0,0.0,0.0
idle-256-B-1,554.0,1.495734,0.000274,1.375612,0.11984799999999973,0.0,1.0,0.0,0.0,0.0
idle-256-B-1,555.0,1.400738,0.000223,1.276843,0.123672,0.0,1.0,0.0,0.0,0.0
idle-256-B-1,556.0,1.439603,0.000283,1.312626,0.12669399999999986,0.0,1.0,0.0,0.0,0.0
idle-256-B-1,557.0,1.422087,0.000248,1.290833,0.13100600000000018,0.0,1.0,0.0,0.0,0.0
idle-256-B-1,558.0,1.589397,0.00024,1.446861,0.14229599999999998,0.0,1.0,0.0,0.0,0.0
idle-256-B-1,559.0,1.442863,0.000236,1.299993,0.14263400000000015,0.0,1.0,0.0,0.0,0.0
idle-256-B-1,560.0,1.518829,0.000266,1.387686,0.1308769999999999,0.0,1.0,0.0,0.0,0.0
idle-256-B-1,561.0,1.497178,0.000262,1.353567,0.14334899999999995,0.0,1.0,0.0,0.0,0.0
idle-256-B-1,562.0,1.795703,0.000228,1.667332,0.12814300000000012,0.0,1.0,0.0,0.0,0.0
idle-256-B-1,563.0,1.448787,0.000223,1.308242,0.14032200000000006,0.0,1.0,0.0,0.0,0.0
idle-256-B-1,564.0,1.473356,0.000263,1.322238,0.15085500000000018,0.0,1.0,0.0,0.0,0.0
idle-256-B-1,565.0,1.459532,0.000235,1.325034,0.13426300000000002,0.0,1.0,0.0,0.0,0.0
idle-256-B-1,566.0,1.417781,0.000258,1.318136,0.09938699999999989,0.0,1.0,0.0,0.0,0.0
idle-256-B-1,567.0,1.45498,0.000301,1.333305,0.12137399999999987,0.0,1.0,0.0,0.0,0.0
idle-256-B-1,568.0,1.434187,0.000233,1.311004,0.12295000000000011,0.0,1.0,0.0,0.0,0.0
idle-256-B-1,569.0,1.373112,0.000203,1.24953,0.12337900000000013,0.0,1.0,0.0,0.0,0.0
idle-256-B-1,570.0,1.445874,0.000229,1.315971,0.12967400000000007,0.0,1.0,0.0,0.0,0.0
idle-256-B-1,571.0,1.411817,0.000235,1.313652,0.09793000000000007,0.0,1.0,0.0,0.0,0.0
idle-256-B-1,572.0,1.4433,0.000223,1.299642,0.14343499999999998,0.0,1.0,0.0,0.0,0.0
idle-256-B-1,573.0,1.648355,0.000235,1.46186,0.1862600000000001,0.0,1.0,0.0,0.0,0.0
idle-256-B-1,574.0,1.539429,0.000223,1.39374,0.14546599999999987,0.0,1.0,0.0,0.0,0.0
idle-256-B-1,575.0,1.537744,0.000249,1.405892,0.13160300000000014,0.0,1.0,0.0,0.0,0.0
idle-256-B-1,576.0,1.731823,0.000255,1.605048,0.12651999999999997,0.0,1.0,0.0,0.0,0.0
idle-256-B-1,577.0,1.665925,0.000293,1.522445,0.14318699999999995,0.0,1.0,0.0,0.0,0.0
idle-256-B-1,578.0,1.393623,0.000242,1.270732,0.12264900000000001,0.0,1.0,0.0,0.0,0.0
idle-256-B-1,579.0,1.442452,0.000214,1.338046,0.10419200000000006,0.0,1.0,0.0,0.0,0.0
idle-256-B-1,580.0,1.522958,0.000234,1.421776,0.10094800000000004,0.0,1.0,0.0,0.0,0.0
idle-256-B-1,581.0,1.55623,0.000256,1.425531,0.13044299999999986,0.0,1.0,0.0,0.0,0.0
idle-256-B-1,582.0,1.485802,0.000221,1.353459,0.13212200000000007,0.0,1.0,0.0,0.0,0.0
idle-256-B-1,583.0,1.50798,0.000279,1.366078,0.14162300000000028,0.0,1.0,0.0,0.0,0.0
idle-256-B-1,584.0,1.493626,0.000256,1.333192,0.16017799999999993,0.0,1.0,0.0,0.0,0.0
idle-256-B-1,585.0,1.550659,0.00026,1.407865,0.14253400000000016,0.0,1.0,0.0,0.0,0.0
idle-256-B-1,586.0,1.504283,0.000242,1.379266,0.12477499999999986,0.0,1.0,0.0,0.0,0.0
idle-256-B-1,587.0,1.540788,0.000219,1.381228,0.15934100000000018,0.0,1.0,0.0,0.0,0.0
idle-256-B-1,588.0,2.167277,0.000226,1.997273,0.16977799999999976,0.0,1.0,0.0,0.0,0.0
idle-256-B-1,589.0,1.651484,0.000248,1.476778,0.174458,0.0,1.0,0.0,0.0,0.0
idle-256-B-1,590.0,1.491219,0.000263,1.354407,0.13654900000000025,0.0,1.0,0.0,0.0,0.0
idle-256-B-1,591.0,1.370147,0.000233,1.248709,0.12120500000000001,0.0,1.0,0.0,0.0,0.0
idle-256-B-1,592.0,1.406799,0.000257,1.306179,0.10036299999999998,0.0,1.0,0.0,0.0,0.0
idle-256-B-1,593.0,1.543706,0.000289,1.372848,0.17056899999999997,0.0,1.0,0.0,0.0,0.0
idle-256-B-1,594.0,1.609015,0.000247,1.451598,0.15717000000000003,0.0,1.0,0.0,0.0,0.0
idle-256-B-1,595.0,1.403132,0.000239,1.271772,0.13112100000000004,0.0,1.0,0.0,0.0,0.0
idle-256-B-1,596.0,1.482577,0.000222,1.309528,0.17282700000000006,0.0,1.0,0.0,0.0,0.0
idle-256-B-1,597.0,1.502256,0.000222,1.370512,0.13152200000000014,0.0,1.0,0.0,0.0,0.0
idle-256-B-1,598.0,1.705609,0.000224,1.554626,0.15075899999999987,0.0,1.0,0.0,0.0,0.0
idle-256-B-1,599.0,1.560374,0.000247,1.408567,0.15155999999999992,0.0,1.0,0.0,0.0,0.0
impacts-256-B-0,0.0,59.941146,39.783126,19.872393,0.28562700000000163,0.0,1.0,0.0,0.0,88.0
impacts-256-B-0,1.0,6.254367,0.000388,5.961499,0.2924800000000003,0.0,1.0,0.0,0.0,0.0
impacts-256-B-0,2.0,5.194274,0.000304,4.926984,0.26698600000000017,0.0,1.0,0.0,0.0,0.0
impacts-256-B-0,3.0,4.57492,0.000484,4.305406,0.2690299999999999,0.0,1.0,0.0,0.0,0.0
impacts-256-B-0,4.0,4.423121,0.000402,4.120872,0.30184699999999953,0.0,1.0,0.0,0.0,0.0
impacts-256-B-0,5.0,4.19009,0.000336,3.948155,0.2415989999999999,0.0,1.0,0.0,0.0,0.0
impacts-256-B-0,6.0,4.144397,0.000378,3.902896,0.2411229999999991,0.0,1.0,0.0,0.0,0.0
impacts-256-B-0,7.0,4.204412,0.000361,3.927622,0.2764289999999998,0.0,1.0,0.0,0.0,0.0
impacts-256-B-0,8.0,4.146937,0.000537,3.887333,0.2590670000000008,0.0,1.0,0.0,0.0,0.0
impacts-256-B-0,9.0,4.057629,0.000398,3.811386,0.24584500000000054,0.0,1.0,0.0,0.0,0.0
impacts-256-B-0,10.0,4.079198,0.000385,3.816601,0.26221200000000033,0.0,1.0,0.0,0.0,0.0
impacts-256-B-0,11.0,4.383583,0.000414,4.074945,0.30822400000000005,0.0,1.0,0.0,0.0,0.0
impacts-256-B-0,12.0,4.223752,0.000434,3.965381,0.2579370000000001,0.0,1.0,0.0,0.0,0.0
impacts-256-B-0,13.0,4.283697,0.000479,3.986129,0.2970889999999997,0.0,1.0,0.0,0.0,0.0
impacts-256-B-0,14.0,4.203983,0.000515,3.91618,0.28728799999999977,0.0,1.0,0.0,0.0,0.0
impacts-256-B-0,15.0,4.289293,0.00045,4.06106,0.22778299999999962,0.0,1.0,0.0,0.0,0.0
impacts-256-B-0,16.0,4.296046,0.00041,4.001035,0.2946010000000001,0.0,1.0,0.0,0.0,0.0
impacts-256-B-0,17.0,4.269824,0.000384,3.971111,0.2983289999999994,0.0,1.0,0.0,0.0,0.0
impacts-256-B-0,18.0,4.052417,0.000492,3.806803,0.24512199999999984,0.0,1.0,0.0,0.0,0.0
impacts-256-B-0,19.0,4.106412,0.000321,3.894003,0.21208800000000005,0.0,1.0,0.0,0.0,0.0
impacts-256-B-0,20.0,4.05699,0.000336,3.815712,0.240942,0.0,1.0,0.0,0.0,0.0
impacts-256-B-0,21.0,4.118016,0.000496,3.942259,0.1752609999999999,0.0,1.0,0.0,0.0,0.0
impacts-256-B-0,22.0,3.977112,0.000306,3.778515,0.19829099999999977,0.0,1.0,0.0,0.0,0.0
impacts-256-B-0,23.0,4.112832,0.000331,3.889907,0.22259399999999996,0.0,1.0,0.0,0.0,0.0
impacts-256-B-0,24.0,4.015519,0.000358,3.801055,0.21410600000000013,0.0,1.0,0.0,0.0,0.0
impacts-256-B-0,25.0,4.10412,0.000345,3.852432,0.25134299999999987,0.0,1.0,0.0,0.0,0.0
impacts-256-B-0,26.0,4.17873,0.000397,3.907792,0.27054099999999925,0.0,1.0,0.0,0.0,0.0
impacts-256-B-0,27.0,4.129807,0.000352,3.854157,0.2752979999999994,0.0,1.0,0.0,0.0,0.0
impacts-256-B-0,28.0,4.165688,0.000438,3.915802,0.24944800000000056,0.0,1.0,0.0,0.0,0.0
impacts-256-B-0,29.0,4.243499,0.000396,3.987481,0.2556219999999998,0.0,1.0,0.0,0.0,0.0
impacts-256-B-0,30.0,4.00117,0.000344,3.825076,0.17574999999999985,0.0,1.0,0.0,0.0,0.0
impacts-256-B-0,31.0,4.185109,0.000336,3.884,0.30077299999999996,0.0,1.0,0.0,0.0,0.0
impacts-256-B-0,32.0,4.039636,0.000315,3.974462,0.06485900000000022,0.0,1.0,0.0,0.0,0.0
impacts-256-B-0,33.0,4.215849,0.000325,3.943662,0.2718620000000005,0.0,1.0,0.0,0.0,0.0
impacts-256-B-0,34.0,4.232019,0.000565,3.994409,0.23704500000000017,0.0,1.0,0.0,0.0,0.0
impacts-256-B-0,35.0,4.310632,0.000491,4.04411,0.2660309999999999,0.0,1.0,0.0,0.0,0.0
impacts-256-B-0,36.0,4.458965,0.000451,4.187795,0.2707189999999997,0.0,1.0,0.0,0.0,0.0
impacts-256-B-0,37.0,4.270342,0.000652,3.995869,0.27382100000000076,0.0,1.0,0.0,0.0,0.0
impacts-256-B-0,38.0,4.275644,0.000507,4.075718,0.1994189999999998,0.0,1.0,0.0,0.0,0.0
impacts-256-B-0,39.0,4.204864,0.00049,3.935063,0.26931099999999963,0.0,1.0,0.0,0.0,0.0
impacts-256-B-0,40.0,4.211064,0.000485,3.906186,0.30439300000000014,0.0,1.0,0.0,0.0,0.0
impacts-256-B-0,41.0,4.446884,0.000702,4.156375,0.2898069999999997,0.0,1.0,0.0,0.0,0.0
impacts-256-B-0,42.0,4.365055,0.000525,4.08957,0.2749600000000001,0.0,1.0,0.0,0.0,0.0
impacts-256-B-0,43.0,4.332698,0.000792,4.123594,0.20831200000000027,0.0,1.0,0.0,0.0,0.0
impacts-256-B-0,44.0,4.439024,0.000501,4.135552,0.3029710000000003,0.0,1.0,0.0,0.0,0.0
impacts-256-B-0,45.0,4.171106,0.000454,3.895395,0.2752569999999994,0.0,1.0,0.0,0.0,0.0
impacts-256-B-0,46.0,4.408492,0.000528,4.115274,0.29268999999999945,0.0,1.0,0.0,0.0,0.0
impacts-256-B-0,47.0,4.383006,0.000541,4.06118,0.3212849999999996,0.0,1.0,0.0,0.0,0.0
impacts-256-B-0,48.0,4.304325,0.000448,4.083369,0.2205080000000006,0.0,1.0,0.0,0.0,0.0
impacts-256-B-0,49.0,4.463585,0.000391,4.221921,0.24127300000000051,0.0,1.0,0.0,0.0,0.0
impacts-256-B-0,50.0,4.342843,0.000565,4.072277,0.2700010000000006,0.0,1.0,0.0,0.0,0.0
impacts-256-B-0,51.0,4.279764,0.000484,3.993945,0.2853349999999999,0.0,1.0,0.0,0.0,0.0
impacts-256-B-0,52.0,4.472657,0.000501,4.192084,0.28007199999999965,0.0,1.0,0.0,0.0,0.0
impacts-256-B-0,53.0,4.247344,0.000441,3.92781,0.3190929999999996,0.0,1.0,0.0,0.0,0.0
impacts-256-B-0,54.0,4.384918,0.000435,4.107839,0.2766439999999992,0.0,1.0,0.0,0.0,0.0
impacts-256-B-0,55.0,4.485477,0.000381,4.284986,0.20011000000000045,0.0,1.0,0.0,0.0,0.0
impacts-256-B-0,56.0,4.290783,0.000361,4.086555,0.2038670000000007,0.0,1.0,0.0,0.0,0.0
impacts-256-B-0,57.0,4.413876,0.000457,4.165533,0.24788600000000027,0.0,1.0,0.0,0.0,0.0
impacts-256-B-0,58.0,4.51927,0.000608,4.285323,0.23333899999999996,0.0,1.0,0.0,0.0,0.0
impacts-256-B-0,59.0,4.380488,0.000535,4.178629,0.20132399999999961,0.0,1.0,0.0,0.0,0.0
impacts-256-B-0,60.0,4.546862,0.000511,4.267766,0.27858499999999964,0.0,1.0,0.0,0.0,0.0
impacts-256-B-0,61.0,4.55021,0.000499,4.220706,0.32900500000000044,0.0,1.0,0.0,0.0,0.0
impacts-256-B-0,62.0,4.474554,0.000431,4.163958,0.31016500000000047,0.0,1.0,0.0,0.0,0.0
impacts-256-B-0,63.0,4.560938,0.000458,4.282,0.27848000000000006,0.0,1.0,0.0,0.0,0.0
impacts-256-B-0,64.0,4.522618,0.000455,4.313138,0.20902499999999957,0.0,1.0,0.0,0.0,0.0
impacts-256-B-0,65.0,4.400044,0.000447,4.140611,0.25898600000000016,0.0,1.0,0.0,0.0,0.0
impacts-256-B-0,66.0,4.841802,0.001122,4.617263,0.22341700000000042,0.0,1.0,0.0,0.0,0.0
impacts-256-B-0,67.0,4.450509,0.000481,4.170965,0.2790630000000007,0.0,1.0,0.0,0.0,0.0
impacts-256-B-0,68.0,4.572828,0.00051,4.363377,0.20894100000000027,0.0,1.0,0.0,0.0,0.0
impacts-256-B-0,69.0,4.774866,0.00036,4.572446,0.20206000000000035,0.0,1.0,0.0,0.0,0.0
impacts-256-B-0,70.0,4.583117,0.000575,4.364986,0.2175559999999992,0.0,1.0,0.0,0.0,0.0
impacts-256-B-0,71.0,4.524241,0.000441,4.289189,0.23461099999999924,0.0,1.0,0.0,0.0,0.0
impacts-256-B-0,72.0,4.551719,0.000464,4.341866,0.2093890000000007,0.0,1.0,0.0,0.0,0.0
impacts-256-B-0,73.0,4.477115,0.000485,4.268682,0.20794800000000002,0.0,1.0,0.0,0.0,0.0
impacts-256-B-0,74.0,4.840405,0.000471,4.539886,0.3000479999999994,0.0,1.0,0.0,0.0,0.0
impacts-256-B-0,75.0,4.424241,0.000407,4.179559,0.24427500000000002,0.0,1.0,0.0,0.0,0.0
impacts-256-B-0,76.0,4.546147,0.000478,4.32759,0.21807900000000036,0.0,1.0,0.0,0.0,0.0
impacts-256-B-0,77.0,4.277205,0.000344,4.069076,0.20778500000000033,0.0,1.0,0.0,0.0,0.0
impacts-256-B-0,78.0,4.367022,0.000378,4.158827,0.20781700000000036,0.0,1.0,0.0,0.0,0.0
impacts-256-B-0,79.0,4.214313,0.000471,3.992312,0.22152999999999956,0.0,1.0,0.0,0.0,0.0
impacts-256-B-0,80.0,4.182575,0.000596,4.096575,0.08540400000000048,0.0,1.0,0.0,0.0,0.0
impacts-256-B-0,81.0,4.643187,0.000404,4.379477,0.26330600000000093,0.0,1.0,0.0,0.0,0.0
impacts-256-B-0,82.0,194.894378,0.000379,194.626983,0.26701599999998393,1.0,2.0,39499.0,28596.0,288.0
impacts-256-B-0,83.0,46.98702,0.000371,46.874969,0.11167999999999978,0.0,1.0,49444.0,0.0,332.0
impacts-256-B-0,84.0,111.581797,0.000399,111.336029,0.24536899999999662,1.0,2.0,107863.0,602.0,368.0
impacts-256-B-0,85.0,121.601068,0.000428,121.322997,0.27764299999999764,1.0,2.0,114081.0,1861.0,380.0
impacts-256-B-0,86.0,52.532603,0.000379,52.384586,0.1476380000000006,0.0,1.0,53433.0,4.0,380.0
impacts-256-B-0,87.0,85.085797,0.000403,84.933905,0.151488999999998,1.0,2.0,102895.0,23.0,436.0
impacts-256-B-0,88.0,46.618063,0.000378,46.500206,0.117479000000003,0.0,1.0,49977.0,0.0,380.0
impacts-256-B-0,89.0,108.601989,0.000392,108.349569,0.2520279999999957,1.0,2.0,99910.0,326.0,396.0
impacts-256-B-0,90.0,47.535614,0.00044,47.418351,0.11682300000000367,0.0,1.0,49653.0,153.0,404.0
impacts-256-B-0,91.0,82.55215,0.000374,82.277763,0.2740130000000107,1.0,2.0,100465.0,97.0,388.0
impacts-256-B-0,92.0,93.672987,0.000412,93.411192,0.26138300000000925,1.0,2.0,102551.0,1377.0,388.0
impacts-256-B-0,93.0,100.356166,0.000432,100.107015,0.24871899999999414,1.0,2.0,107342.0,298.0,544.0
impacts-256-B-0,94.0,105.818935,0.000397,105.547185,0.27135299999999063,1.0,2.0,108082.0,340.0,592.0
impacts-256-B-0,95.0,92.511745,0.000309,92.148109,0.3633269999999982,1.0,2.0,106774.0,37.0,524.0
impacts-256-B-0,96.0,87.766676,0.000462,87.618057,0.14815700000001186,1.0,2.0,108021.0,4.0,528.0
impacts-256-B-0,97.0,91.322855,0.000812,91.101275,0.22076800000000674,1.0,2.0,109111.0,97.0,484.0
impacts-256-B-0,98.0,121.455396,0.00043,121.196246,0.25871999999999673,1.0,2.0,111696.0,3432.0,496.0
impacts-256-B-0,99.0,122.81453,0.000421,122.572625,0.2414839999999998,1.0,2.0,117539.0,1267.0,536.0
impacts-256-B-0,100.0,119.71443,0.000433,119.503088,0.2109089999999867,1.0,2.0,126366.0,1773.0,556.0
impacts-256-B-0,101.0,120.498687,0.000389,120.262416,0.2358820000000037,1.0,2.0,134269.0,1584.0,536.0
impacts-256-B-0,102.0,142.686259,0.000396,142.453258,0.2326050000000066,1.0,2.0,156591.0,6117.0,588.0
impacts-256-B-0,103.0,149.598426,0.000423,149.33174,0.2662629999999808,1.0,2.0,183597.0,4308.0,544.0
impacts-256-B-0,104.0,123.151295,0.000376,122.901779,0.24913999999999703,1.0,2.0,195944.0,450.0,636.0
impacts-256-B-0,105.0,112.258297,0.000406,111.997176,0.2607150000000047,1.0,2.0,197973.0,93.0,612.0
impacts-256-B-0,106.0,121.807136,0.000427,121.506175,0.30053399999999897,1.0,2.0,200272.0,136.0,584.0
impacts-256-B-0,107.0,116.503825,0.000433,116.204333,0.29905899999999974,1.0,2.0,205652.0,65.0,572.0
impacts-256-B-0,108.0,107.674093,0.000606,107.371892,0.30159499999999184,1.0,2.0,206398.0,24.0,572.0
impacts-256-B-0,109.0,106.287537,0.00043,106.029508,0.257598999999999,1.0,2.0,204589.0,6.0,560.0
impacts-256-B-0,110.0,104.277807,0.000373,104.011735,0.2656989999999979,1.0,2.0,207223.0,4.0,560.0
impacts-256-B-0,111.0,101.599006,0.000393,101.360209,0.23840400000000272,1.0,2.0,207396.0,2.0,556.0
impacts-256-B-0,112.0,56.763919,0.000414,56.645069,0.11843600000000265,0.0,1.0,103527.0,0.0,544.0
impacts-256-B-0,113.0,102.928792,0.000732,102.693026,0.23503399999999885,1.0,2.0,204980.0,4.0,540.0
impacts-256-B-0,114.0,100.893967,0.000416,100.605185,0.28836599999999635,1.0,2.0,206169.0,2.0,516.0
impacts-256-B-0,115.0,58.62831,0.000357,58.486284,0.14166900000000027,0.0,1.0,103885.0,0.0,544.0
impacts-256-B-0,116.0,52.802305,0.000417,52.678651,0.12323699999999604,0.0,1.0,104035.0,0.0,496.0
impacts-256-B-0,117.0,104.101056,0.000408,103.854662,0.24598600000000204,1.0,2.0,207882.0,8.0,492.0
impacts-256-B-0,118.0,106.236718,0.000383,105.994865,0.24146999999999252,1.0,2.0,207640.0,15.0,492.0
impacts-256-B-0,119.0,54.373079,0.000443,54.257522,0.11511399999999838,0.0,1.0,102694.0,0.0,540.0
impacts-256-B-0,120.0,55.084461,0.000397,54.964645,0.11941900000000061,0.0,1.0,103213.0,0.0,544.0
impacts-256-B-0,121.0,99.572792,0.000563,99.304444,0.2677850000000035,1.0,2.0,206863.0,4.0,492.0
impacts-256-B-0,122.0,55.237123,0.000276,55.090014,0.14683300000000088,0.0,1.0,104146.0,0.0,500.0
impacts-256-B-0,123.0,99.854707,0.00051,99.552657,0.3015400000000028,1.0,2.0,206982.0,3.0,508.0
impacts-256-B-0,124.0,54.498938,0.000529,54.299675,0.19873400000000174,0.0,1.0,104396.0,0.0,556.0
impacts-256-B-0,125.0,106.513162,0.000361,106.281563,0.2312379999999905,1.0,2.0,208003.0,49.0,532.0
impacts-256-B-0,126.0,106.854774,0.000403,106.734174,0.12019700000000455,1.0,2.0,210449.0,21.0,548.0
impacts-256-B-0,127.0,101.245731,0.000569,100.92991,0.315252000000001,1.0,2.0,210479.0,10.0,520.0
impacts-256-B-0,128.0,100.911108,0.00055,100.684298,0.22625999999999635,1.0,2.0,212434.0,12.0,568.0
impacts-256-B-0,129.0,101.060115,0.000518,100.869543,0.1900540000000035,1.0,2.0,212458.0,12.0,552.0
impacts-256-B-0,130.0,100.497675,0.000315,100.287513,0.20984699999999634,1.0,2.0,212097.0,31.0,552.0
impacts-256-B-0,131.0,111.029929,0.000312,110.766131,0.26348600000000033,1.0,2.0,213822.0,484.0,532.0
impacts-256-B-0,132.0,109.814696,0.000579,109.557745,0.25637199999999893,1.0,2.0,214081.0,28.0,772.0
impacts-256-B-0,133.0,108.748617,0.000511,108.457152,0.29095399999999927,1.0,2.0,215628.0,22.0,764.0
impacts-256-B-0,134.0,107.156768,0.000504,106.893789,0.2624749999999949,1.0,2.0,214088.0,17.0,732.0
impacts-256-B-0,135.0,102.209296,0.000498,101.93906,0.2697380000000038,1.0,2.0,214169.0,2.0,680.0
impacts-256-B-0,136.0,103.259173,0.000467,102.999238,0.25946799999999826,1.0,2.0,213632.0,4.0,684.0
impacts-256-B-0,137.0,107.093071,0.000545,106.888226,0.20429999999998927,1.0,2.0,210788.0,5.0,704.0
impacts-256-B-0,138.0,101.732541,0.000322,101.609418,0.1228009999999955,1.0,2.0,208711.0,5.0,784.0
impacts-256-B-0,139.0,103.082863,0.000396,102.839179,0.24328800000000683,1.0,2.0,210732.0,9.0,728.0
impacts-256-B-0,140.0,107.575851,0.000342,107.322714,0.2527949999999919,1.0,2.0,209660.0,24.0,740.0
impacts-256-B-0,141.0,109.100806,0.000547,108.852525,0.24773400000000834,1.0,2.0,209826.0,84.0,736.0
impacts-256-B-0,142.0,108.808469,0.000389,108.562093,0.2459869999999995,1.0,2.0,208959.0,50.0,680.0
impacts-256-B-0,143.0,105.879893,0.000391,105.646942,0.23256000000000654,1.0,2.0,209416.0,82.0,704.0
impacts-256-B-0,144.0,110.849603,0.00037,110.61712,0.23211299999999824,1.0,2.0,210442.0,168.0,756.0
impacts-256-B-0,145.0,109.965184,0.000434,109.726771,0.23797899999999572,1.0,2.0,210414.0,31.0,684.0
impacts-256-B-0,146.0,111.897199,0.000416,111.62905,0.26773299999999267,1.0,2.0,207841.0,99.0,716.0
impacts-256-B-0,147.0,113.816554,0.000387,113.575341,0.24082599999999843,1.0,2.0,211212.0,88.0,684.0
impacts-256-B-0,148.0,108.693018,0.000403,108.432214,0.26040099999998745,1.0,2.0,210207.0,30.0,696.0
impacts-256-B-0,149.0,108.097751,0.000392,107.838811,0.25854799999999045,1.0,2.0,211515.0,5.0,700.0
impacts-256-B-0,150.0,111.646989,0.000321,111.479524,0.1671440000000075,1.0,2.0,208893.0,98.0,668.0
impacts-256-B-0,151.0,110.651164,0.000571,110.384623,0.2659699999999958,1.0,2.0,208517.0,7.0,696.0
impacts-256-B-0,152.0,110.288488,0.000636,110.053058,0.23479400000000794,1.0,2.0,207813.0,63.0,672.0
impacts-256-B-0,153.0,106.647449,0.000542,106.390084,0.25682299999999714,1.0,2.0,205346.0,11.0,692.0
impacts-256-B-0,154.0,109.120203,0.000394,108.847305,0.27250399999999786,1.0,2.0,201768.0,30.0,680.0
impacts-256-B-0,155.0,105.086536,0.000378,104.869637,0.21652100000000019,1.0,2.0,202006.0,23.0,680.0
impacts-256-B-0,156.0,112.241258,0.000409,112.000233,0.24061600000000283,1.0,2.0,201599.0,24.0,696.0
impacts-256-B-0,157.0,110.977429,0.000491,110.728274,0.2486640000000051,1.0,2.0,201821.0,69.0,684.0
impacts-256-B-0,158.0,110.589925,0.000406,110.330432,0.25908699999999385,1.0,2.0,204212.0,72.0,712.0
impacts-256-B-0,159.0,132.945912,0.000319,132.695406,0.25018700000001104,1.0,2.0,206848.0,182.0,696.0
impacts-256-B-0,160.0,113.453531,0.000531,113.19296,0.2600400000000036,1.0,2.0,209387.0,97.0,556.0
impacts-256-B-0,161.0,111.673047,0.0004,111.395965,0.2766819999999939,1.0,2.0,209840.0,55.0,564.0
impacts-256-B-0,162.0,111.417357,0.000361,111.160654,0.2563420000000036,1.0,2.0,211216.0,65.0,588.0
impacts-256-B-0,163.0,108.566744,0.000363,108.303341,0.2630400000000037,1.0,2.0,211472.0,15.0,592.0
impacts-256-B-0,164.0,107.783618,0.000355,107.544543,0.2387200000000007,1.0,2.0,212149.0,92.0,560.0
impacts-256-B-0,165.0,107.969133,0.000417,107.459947,0.5087690000000009,1.0,2.0,212573.0,6.0,584.0
impacts-256-B-0,166.0,106.433265,0.000554,106.191356,0.24135500000001286,1.0,2.0,211645.0,7.0,568.0
impacts-256-B-0,167.0,110.077595,0.000393,109.882157,0.19504499999999325,1.0,2.0,211660.0,98.0,592.0
impacts-256-B-0,168.0,111.615316,0.000544,111.300734,0.3140379999999965,1.0,2.0,211544.0,177.0,576.0
impacts-256-B-0,169.0,108.232723,0.000551,107.949446,0.2827259999999967,1.0,2.0,211908.0,33.0,592.0
impacts-256-B-0,170.0,108.324224,0.000445,108.034952,0.2888269999999977,1.0,2.0,211780.0,24.0,576.0
impacts-256-B-0,171.0,112.39158,0.00057,112.155001,0.2360090000000099,1.0,2.0,212786.0,48.0,568.0
impacts-256-B-0,172.0,107.827308,0.01663,107.579098,0.2315799999999939,1.0,2.0,212880.0,9.0,600.0
impacts-256-B-0,173.0,106.999355,0.000476,106.737236,0.2616429999999923,1.0,2.0,212462.0,9.0,584.0
impacts-256-B-0,174.0,114.505707,0.000495,114.368988,0.13622399999999857,1.0,2.0,212609.0,21.0,556.0
impacts-256-B-0,175.0,111.684613,0.000605,111.464364,0.2196440000000024,1.0,2.0,212914.0,26.0,592.0
impacts-256-B-0,176.0,107.928251,0.000358,107.719471,0.20842199999999877,1.0,2.0,212428.0,24.0,584.0
impacts-256-B-0,177.0,107.744734,0.000441,107.592039,0.15225399999999922,1.0,2.0,211087.0,24.0,552.0
impacts-256-B-0,178.0,112.121584,0.000491,111.926379,0.19471400000000472,1.0,2.0,211172.0,104.0,580.0
impacts-256-B-0,179.0,112.600798,0.000702,112.37348,0.22661599999999282,1.0,2.0,211825.0,80.0,588.0
impacts-256-B-0,180.0,113.59315,0.000468,113.382733,0.2099489999999946,1.0,2.0,211969.0,53.0,580.0
impacts-256-B-0,181.0,116.738356,0.000401,116.578696,0.1592590000000058,1.0,2.0,211080.0,140.0,572.0
impacts-256-B-0,182.0,113.798135,0.000618,113.505854,0.2916629999999998,1.0,2.0,211661.0,340.0,604.0
impacts-256-B-0,183.0,109.51276,0.000464,109.236876,0.2754200000000111,1.0,2.0,212416.0,12.0,580.0
impacts-256-B-0,184.0,103.449272,0.000535,103.22449,0.2242469999999912,1.0,2.0,214695.0,18.0,560.0
impacts-256-B-0,185.0,110.377883,0.000381,110.10387,0.2736319999999921,1.0,2.0,214180.0,13.0,588.0
impacts-256-B-0,186.0,106.012552,0.000366,105.71134,0.30084599999999284,1.0,2.0,213974.0,58.0,572.0
impacts-256-B-0,187.0,107.269386,0.000318,107.033834,0.2352340000000055,1.0,2.0,213800.0,8.0,560.0
impacts-256-B-0,188.0,106.032648,0.000309,105.75895,0.27338899999999455,1.0,2.0,212883.0,74.0,580.0
impacts-256-B-0,189.0,110.072464,0.000367,109.929378,0.1427189999999996,1.0,2.0,212743.0,14.0,588.0
impacts-256-B-0,190.0,110.439865,0.000415,110.200848,0.2386020000000002,1.0,2.0,212150.0,3.0,612.0
impacts-256-B-0,191.0,107.152289,0.000405,106.893548,0.2583359999999999,1.0,2.0,212655.0,7.0,544.0
impacts-256-B-0,192.0,114.432531,0.000379,114.152465,0.2796869999999956,1.0,2.0,212999.0,577.0,524.0
impacts-256-B-0,193.0,110.051155,0.000235,109.817157,0.23376299999999617,1.0,2.0,213800.0,29.0,680.0
impacts-256-B-0,194.0,115.788378,0.000303,115.53594,0.25213499999999556,1.0,2.0,215588.0,224.0,684.0
impacts-256-B-0,195.0,112.0729,0.000418,111.754463,0.3180190000000067,1.0,2.0,216520.0,146.0,652.0
impacts-256-B-0,196.0,114.669991,0.000378,114.380754,0.2888590000000022,1.0,2.0,216505.0,192.0,640.0
impacts-256-B-0,197.0,114.351711,0.0004,114.094562,0.25674899999999923,1.0,2.0,217979.0,65.0,628.0
impacts-256-B-0,198.0,114.411459,0.000561,114.110388,0.3005099999999885,1.0,2.0,218441.0,212.0,612.0
impacts-256-B-0,199.0,116.452386,0.000494,116.153886,0.2980060000000009,1.0,2.0,218949.0,227.0,608.0
impacts-256-B-0,200.0,110.684461,0.000518,110.516194,0.1677490000000006,1.0,2.0,219456.0,58.0,636.0
impacts-256-B-0,201.0,115.215258,0.000531,114.970873,0.24385400000001312,1.0,2.0,220418.0,124.0,632.0
impacts-256-B-0,202.0,115.657474,0.000398,115.311535,0.345540999999983,1.0,2.0,220782.0,301.0,640.0
impacts-256-B-0,203.0,120.813729,0.000509,120.689399,0.12382100000000662,1.0,2.0,221746.0,292.0,1120.0
impacts-256-B-0,204.0,115.083534,0.000495,114.840722,0.2423169999999999,1.0,2.0,222979.0,37.0,620.0
impacts-256-B-0,205.0,113.088575,0.000416,112.873895,0.214264,1.0,2.0,221840.0,35.0,604.0
impacts-256-B-0,206.0,118.230154,0.00037,117.420073,0.809710999999993,1.0,2.0,221928.0,139.0,640.0
impacts-256-B-0,207.0,117.932572,0.000511,117.645553,0.28650799999998355,1.0,2.0,220709.0,46.0,704.0
impacts-256-B-0,208.0,113.350044,0.000508,113.096019,0.2535170000000022,1.0,2.0,220085.0,82.0,624.0
impacts-256-B-0,209.0,116.314936,0.000395,116.087294,0.22724700000000553,1.0,2.0,221146.0,94.0,640.0
impacts-256-B-0,210.0,117.243914,0.000372,117.031675,0.21186699999999803,1.0,2.0,221292.0,28.0,648.0
impacts-256-B-0,211.0,123.40762,0.000337,123.133983,0.2732999999999919,1.0,2.0,223251.0,272.0,648.0
impacts-256-B-0,212.0,121.352435,0.000802,121.061778,0.28985500000000286,1.0,2.0,223541.0,163.0,612.0
impacts-256-B-0,213.0,123.509988,0.000413,123.266662,0.2429130000000157,1.0,2.0,224379.0,144.0,628.0
impacts-256-B-0,214.0,121.03412,0.000438,120.777516,0.25616599999999323,1.0,2.0,225278.0,62.0,648.0
impacts-256-B-0,215.0,117.992456,0.000408,117.724215,0.2678330000000102,1.0,2.0,224648.0,38.0,644.0
impacts-256-B-0,216.0,117.271152,0.000309,116.960027,0.31081600000000265,1.0,2.0,225100.0,8.0,620.0
impacts-256-B-0,217.0,113.015896,0.000381,112.771202,0.24431299999999112,1.0,2.0,224271.0,24.0,660.0
impacts-256-B-0,218.0,112.042441,0.000376,111.76468,0.27738499999999533,1.0,2.0,223714.0,1.0,628.0
impacts-256-B-0,219.0,110.914252,0.000358,110.649206,0.2646879999999925,1.0,2.0,223117.0,1.0,632.0
impacts-256-B-0,220.0,119.787175,0.000423,119.491949,0.2948030000000017,1.0,2.0,223673.0,62.0,624.0
impacts-256-B-0,221.0,117.168706,0.000389,116.888012,0.28030499999999847,1.0,2.0,225060.0,57.0,608.0
impacts-256-B-0,222.0,114.916325,0.00049,114.676807,0.23902800000000468,1.0,2.0,224153.0,77.0,616.0
impacts-256-B-0,223.0,64.326596,0.000399,64.205283,0.12091399999999908,0.0,1.0,112206.0,4.0,656.0
impacts-256-B-0,224.0,117.3128,0.00038,117.063106,0.24931399999998405,1.0,2.0,221851.0,42.0,700.0
impacts-256-B-0,225.0,116.669996,0.000395,116.425055,0.2445459999999997,1.0,2.0,221909.0,101.0,652.0
impacts-256-B-0,226.0,121.459903,0.000378,121.136415,0.3231099999999998,1.0,2.0,220905.0,122.0,688.0
impacts-256-B-0,227.0,119.176151,0.000323,118.891088,0.28474000000001354,1.0,2.0,219266.0,53.0,632.0
impacts-256-B-0,228.0,117.492282,0.000352,117.229092,0.2628380000000021,1.0,2.0,218206.0,39.0,668.0
impacts-256-B-0,229.0,114.078753,0.000398,113.81907,0.25928500000000554,1.0,2.0,216033.0,13.0,652.0
impacts-256-B-0,230.0,118.152348,0.000408,117.869466,0.28247400000000766,1.0,2.0,216255.0,42.0,600.0
impacts-256-B-0,231.0,113.584902,0.000545,113.461454,0.12290299999999377,1.0,2.0,216297.0,41.0,628.0
impacts-256-B-0,232.0,115.866582,0.000546,115.636892,0.2291439999999909,1.0,2.0,217352.0,29.0,616.0
impacts-256-B-0,233.0,113.216159,0.000414,112.956971,0.2587740000000025,1.0,2.0,216383.0,28.0,612.0
impacts-256-B-0,234.0,109.461441,0.000394,109.208896,0.2521509999999978,1.0,2.0,215130.0,5.0,644.0
impacts-256-B-0,235.0,111.772804,0.000406,111.50146,0.270938000000001,1.0,2.0,213220.0,39.0,680.0
impacts-256-B-0,236.0,109.811215,0.000432,109.540066,0.27071700000000476,1.0,2.0,211820.0,83.0,676.0
impacts-256-B-0,237.0,110.907424,0.000426,110.624488,0.28251000000000204,1.0,2.0,211953.0,37.0,624.0
impacts-256-B-0,238.0,112.253183,0.000411,111.958625,0.2941470000000095,1.0,2.0,210556.0,90.0,576.0
impacts-256-B-0,239.0,60.387163,0.000339,60.264113,0.12271100000000246,0.0,1.0,105569.0,1.0,636.0
impacts-256-B-0,240.0,108.41954,0.00043,108.149388,0.26972200000000157,1.0,2.0,210000.0,6.0,688.0
impacts-256-B-0,241.0,111.974386,0.000463,111.706756,0.2671670000000006,1.0,2.0,208957.0,49.0,608.0
impacts-256-B-0,242.0,113.167845,0.000358,112.905701,0.26178600000000074,1.0,2.0,207168.0,3.0,664.0
impacts-256-B-0,243.0,103.375877,0.000377,103.234463,0.1410369999999972,1.0,2.0,205339.0,4.0,600.0
impacts-256-B-0,244.0,111.997053,0.000421,111.758965,0.23766699999998764,1.0,2.0,203845.0,20.0,564.0
impacts-256-B-0,245.0,107.319025,0.000413,107.05162,0.2669920000000019,1.0,2.0,202624.0,13.0,592.0
impacts-256-B-0,246.0,110.48814,0.000532,110.226604,0.2610039999999998,1.0,2.0,200600.0,24.0,580.0
impacts-256-B-0,247.0,110.897354,0.000407,110.618118,0.278829000000016,1.0,2.0,198036.0,9.0,576.0
impacts-256-B-0,248.0,110.437664,0.000409,110.133078,0.3041769999999957,1.0,2.0,198412.0,17.0,612.0
impacts-256-B-0,249.0,110.383409,0.000423,110.121979,0.26100700000000643,1.0,2.0,197355.0,32.0,616.0
impacts-256-B-0,250.0,105.556503,0.000405,105.436698,0.11939999999999884,1.0,2.0,195901.0,20.0,612.0
impacts-256-B-0,251.0,110.534785,0.000434,110.272584,0.2617670000000061,1.0,2.0,197379.0,11.0,620.0
impacts-256-B-0,252.0,107.272536,0.000381,106.991113,0.28104199999999935,1.0,2.0,195446.0,17.0,644.0
impacts-256-B-0,253.0,112.077857,0.000521,111.824832,0.2525039999999876,1.0,2.0,194784.0,61.0,600.0
impacts-256-B-0,254.0,110.030279,0.000395,109.773473,0.25641099999999994,1.0,2.0,192577.0,16.0,604.0
impacts-256-B-0,255.0,103.407848,0.000533,103.143943,0.26337200000000394,1.0,2.0,191613.0,10.0,596.0
impacts-256-B-0,256.0,109.627613,0.000384,109.277594,0.34963500000000636,1.0,2.0,190008.0,21.0,592.0
impacts-256-B-0,257.0,110.384246,0.000397,110.235112,0.148736999999997,1.0,2.0,189002.0,18.0,580.0
impacts-256-B-0,258.0,109.091299,0.000417,108.859781,0.23110100000000955,1.0,2.0,185838.0,65.0,596.0
impacts-256-B-0,259.0,108.925129,0.000441,108.68013,0.24455799999999783,1.0,2.0,186619.0,10.0,636.0
impacts-256-B-0,260.0,101.964836,0.000425,101.680811,0.28359999999999275,1.0,2.0,185871.0,14.0,588.0
impacts-256-B-0,261.0,102.802673,0.000326,102.523334,0.27901299999999196,1.0,2.0,185323.0,3.0,580.0
impacts-256-B-0,262.0,102.606781,0.000396,102.361614,0.24477100000000007,1.0,2.0,183430.0,17.0,560.0
impacts-256-B-0,263.0,100.409641,0.000381,100.287492,0.12176799999998877,1.0,2.0,181053.0,12.0,604.0
impacts-256-B-0,264.0,111.536399,0.000419,111.301416,0.234564000000006,1.0,2.0,180303.0,38.0,612.0
impacts-256-B-0,265.0,113.591798,0.000364,113.313468,0.27796599999999216,1.0,2.0,178762.0,19.0,608.0
impacts-256-B-0,266.0,102.326431,0.000546,102.208724,0.11716099999999585,1.0,2.0,177279.0,11.0,600.0
impacts-256-B-0,267.0,100.072689,0.000441,99.819267,0.25298100000000545,1.0,2.0,176501.0,5.0,580.0
impacts-256-B-0,268.0,103.818023,0.00052,103.553638,0.2638649999999956,1.0,2.0,176155.0,31.0,596.0
impacts-256-B-0,269.0,98.511774,0.000405,98.254185,0.2571839999999952,1.0,2.0,174598.0,13.0,628.0
impacts-256-B-0,270.0,105.032234,0.000419,104.759975,0.27184000000001163,1.0,2.0,173458.0,5.0,600.0
impacts-256-B-0,271.0,99.255814,0.000457,99.136664,0.11869300000000749,1.0,2.0,170343.0,5.0,580.0
impacts-256-B-0,272.0,105.059831,0.000401,104.809526,0.2499040000000008,1.0,2.0,168129.0,19.0,588.0
impacts-256-B-0,273.0,97.008046,0.000395,96.773171,0.2344799999999907,1.0,2.0,166187.0,12.0,580.0
impacts-256-B-0,274.0,97.28261,0.000401,97.061031,0.22117800000000898,1.0,2.0,163851.0,14.0,560.0
impacts-256-B-0,275.0,98.225286,0.000393,97.996608,0.22828499999999963,1.0,2.0,163711.0,12.0,576.0
impacts-256-B-0,276.0,96.838921,0.000457,96.629562,0.20890199999999481,1.0,2.0,162899.0,6.0,580.0
impacts-256-B-0,277.0,96.628844,0.000415,96.351357,0.277072000000004,1.0,2.0,160959.0,13.0,584.0
impacts-256-B-0,278.0,102.31488,0.000324,102.096704,0.2178519999999935,1.0,2.0,161047.0,72.0,584.0
impacts-256-B-0,279.0,99.730815,0.000403,99.479672,0.2507400000000075,1.0,2.0,160681.0,3.0,584.0
impacts-256-B-0,280.0,99.753185,0.000471,99.487877,0.264837,1.0,2.0,156754.0,9.0,576.0
impacts-256-B-0,281.0,99.208192,0.000492,98.945666,0.2620339999999999,1.0,2.0,155221.0,18.0,600.0
impacts-256-B-0,282.0,92.023457,0.000306,91.772787,0.2503640000000047,1.0,2.0,154777.0,26.0,580.0
impacts-256-B-0,283.0,100.028552,0.000396,99.759841,0.2683150000000154,1.0,2.0,153704.0,12.0,600.0
impacts-256-B-0,284.0,103.69466,0.000405,103.420649,0.2736060000000009,1.0,2.0,152973.0,7.0,580.0
impacts-256-B-0,285.0,96.307609,0.00042,96.045028,0.2621609999999919,1.0,2.0,150275.0,19.0,592.0
impacts-256-B-0,286.0,93.121154,0.000425,92.796285,0.32444399999999973,1.0,2.0,150047.0,14.0,576.0
impacts-256-B-0,287.0,91.478513,0.000571,91.204943,0.27299900000001287,1.0,2.0,149670.0,8.0,604.0
impacts-256-B-0,288.0,95.246922,0.000441,94.968827,0.2776539999999983,1.0,2.0,149145.0,41.0,576.0
impacts-256-B-0,289.0,94.665011,0.000417,94.393723,0.27087100000001385,1.0,2.0,148308.0,18.0,580.0
impacts-256-B-0,290.0,89.577781,0.000342,89.317263,0.2601760000000013,1.0,2.0,145527.0,5.0,552.0
impacts-256-B-0,291.0,88.631151,0.000407,88.370717,0.260027000000008,1.0,2.0,144492.0,13.0,556.0
impacts-256-B-0,292.0,89.802681,0.000429,89.655991,0.14626100000000974,1.0,2.0,144373.0,1.0,584.0
impacts-256-B-0,293.0,91.337915,0.000415,91.087039,0.25046099999998717,1.0,2.0,142812.0,6.0,564.0
impacts-256-B-0,294.0,87.988537,0.000411,87.867516,0.12060999999999922,1.0,2.0,142278.0,7.0,568.0
impacts-256-B-0,295.0,88.651321,0.000417,88.383117,0.26778699999999844,1.0,2.0,141364.0,5.0,580.0
impacts-256-B-0,296.0,87.032534,0.000433,86.775801,0.256299999999996,1.0,2.0,139812.0,10.0,580.0
impacts-256-B-0,297.0,91.769527,0.000444,91.546521,0.22256199999999637,1.0,2.0,139054.0,20.0,584.0
impacts-256-B-0,298.0,86.603545,0.000411,86.485121,0.1180129999999906,1.0,2.0,138705.0,9.0,564.0
impacts-256-B-0,299.0,44.579879,0.000369,44.463696,0.1158140000000003,0.0,1.0,68956.0,0.0,584.0
impacts-256-B-0,300.0,41.385971,0.000431,41.266176,0.11936399999999736,0.0,1.0,68795.0,0.0,580.0
impacts-256-B-0,301.0,86.057931,0.000541,85.787716,0.26967399999999486,1.0,2.0,137417.0,14.0,580.0
impacts-256-B-0,302.0,83.37443,0.000394,83.13316,0.2408760000000001,1.0,2.0,136977.0,16.0,576.0
impacts-256-B-0,303.0,93.502824,0.000378,93.224695,0.2777510000000092,1.0,2.0,136463.0,30.0,588.0
impacts-256-B-0,304.0,84.963667,0.000437,84.842434,0.12079599999999857,1.0,2.0,134811.0,18.0,608.0
impacts-256-B-0,305.0,41.56496,0.00039,41.446537,0.11803299999999695,0.0,1.0,66565.0,0.0,568.0
impacts-256-B-0,306.0,42.870952,0.000417,42.748234,0.12230100000000732,0.0,1.0,66199.0,0.0,568.0
impacts-256-B-0,307.0,41.762966,0.000416,41.642592,0.1199579999999969,0.0,1.0,65750.0,0.0,564.0
impacts-256-B-0,308.0,41.236154,0.000433,41.09279,0.14293099999999725,0.0,1.0,65407.0,0.0,572.0
impacts-256-B-0,309.0,40.003035,0.000564,39.860502,0.14196900000000312,0.0,1.0,64985.0,0.0,576.0
impacts-256-B-0,310.0,42.065723,0.000384,41.943417,0.12192200000000497,0.0,1.0,64497.0,0.0,568.0
impacts-256-B-0,311.0,79.107129,0.000556,78.983598,0.12297499999999673,1.0,2.0,128814.0,1.0,552.0
impacts-256-B-0,312.0,42.316012,0.000548,42.197163,0.11830099999999533,0.0,1.0,64136.0,0.0,584.0
impacts-256-B-0,313.0,85.51379,0.000504,85.294115,0.21917099999998868,1.0,2.0,127255.0,27.0,564.0
impacts-256-B-0,314.0,80.777095,0.001036,80.577252,0.19880700000000218,1.0,2.0,126137.0,11.0,588.0
impacts-256-B-0,315.0,81.020192,0.000295,80.832133,0.18776400000000137,1.0,2.0,125080.0,2.0,564.0
impacts-256-B-0,316.0,38.81483,0.000395,38.692092,0.12234300000000076,0.0,1.0,61794.0,0.0,580.0
impacts-256-B-0,317.0,77.969241,0.000371,77.749256,0.21961399999999287,1.0,2.0,122785.0,2.0,596.0
impacts-256-B-0,318.0,79.379159,0.000406,79.168532,0.2102210000000042,1.0,2.0,121826.0,10.0,588.0
impacts-256-B-0,319.0,40.072971,0.000397,39.930548,0.14202600000000132,0.0,1.0,60223.0,0.0,568.0
impacts-256-B-0,320.0,37.87368,0.000393,37.67252,0.20076699999999903,0.0,1.0,59114.0,0.0,588.0
impacts-256-B-0,321.0,39.561762,0.00036,39.439899,0.12150300000000414,0.0,1.0,58896.0,0.0,540.0
impacts-256-B-0,322.0,39.206608,0.000742,39.052401,0.15346499999999708,0.0,1.0,58526.0,0.0,576.0
impacts-256-B-0,323.0,76.437803,0.000544,76.209111,0.22814800000000446,1.0,2.0,116482.0,8.0,540.0
impacts-256-B-0,324.0,74.880804,0.000551,74.687235,0.19301799999999503,1.0,2.0,116004.0,5.0,580.0
impacts-256-B-0,325.0,43.980136,0.000803,43.83497,0.14436300000000557,0.0,1.0,57492.0,2.0,600.0
impacts-256-B-0,326.0,75.902772,0.000401,75.746263,0.15610800000000324,1.0,2.0,112398.0,4.0,568.0
impacts-256-B-0,327.0,75.126446,0.000403,74.90627,0.21977299999998934,1.0,2.0,111537.0,8.0,592.0
impacts-256-B-0,328.0,38.179002,0.000392,38.039214,0.13939599999999785,0.0,1.0,55673.0,0.0,592.0
impacts-256-B-0,329.0,36.32749,0.000373,36.209773,0.11734399999999567,0.0,1.0,55628.0,0.0,532.0
impacts-256-B-0,330.0,75.413274,0.000403,75.19566,0.21721099999999183,1.0,2.0,110568.0,8.0,580.0
impacts-256-B-0,331.0,37.462718,0.000378,37.344692,0.11764800000000264,0.0,1.0,54493.0,0.0,576.0
impacts-256-B-0,332.0,37.14395,0.000692,37.010715,0.1325429999999983,0.0,1.0,54322.0,0.0,592.0
impacts-256-B-0,333.0,37.898291,0.000288,37.776937,0.12106600000000611,0.0,1.0,53615.0,0.0,576.0
impacts-256-B-0,334.0,36.509608,0.000427,36.394631,0.11455000000000126,0.0,1.0,53439.0,0.0,604.0
impacts-256-B-0,335.0,75.712331,0.000423,75.481632,0.23027600000000348,1.0,2.0,106113.0,3.0,560.0
impacts-256-B-0,336.0,37.887225,0.000384,37.765919,0.1209220000000073,0.0,1.0,52259.0,0.0,552.0
impacts-256-B-0,337.0,70.426996,0.000382,70.21045,0.21616400000000624,1.0,2.0,104267.0,10.0,596.0
impacts-256-B-0,338.0,75.386226,0.000376,75.168623,0.21722699999999406,1.0,2.0,103843.0,4.0,560.0
impacts-256-B-0,339.0,38.229988,0.000385,38.117266,0.11233699999999658,0.0,1.0,51333.0,0.0,596.0
impacts-256-B-0,340.0,34.658466,0.000386,34.535981,0.12209899999999863,0.0,1.0,51150.0,0.0,572.0
impacts-256-B-0,341.0,36.930704,0.000406,36.783928,0.14636999999999745,0.0,1.0,51265.0,0.0,592.0
impacts-256-B-0,342.0,35.57268,0.000383,35.457977,0.11431999999999931,0.0,1.0,49931.0,0.0,544.0
impacts-256-B-0,343.0,65.607177,0.000386,65.354028,0.2527629999999874,1.0,2.0,99603.0,2.0,564.0
impacts-256-B-0,344.0,33.625352,0.000416,33.504276,0.12066000000000088,0.0,1.0,49656.0,0.0,564.0
impacts-256-B-0,345.0,33.766892,0.000385,33.648232,0.11827499999999702,0.0,1.0,49154.0,0.0,592.0
impacts-256-B-0,346.0,33.603252,0.000398,33.483794,0.1190599999999975,0.0,1.0,48975.0,0.0,544.0
impacts-256-B-0,347.0,33.937353,0.000322,33.820302,0.11672900000000652,0.0,1.0,48695.0,0.0,552.0
impacts-256-B-0,348.0,36.446593,0.000382,36.310675,0.13553599999999477,0.0,1.0,47179.0,0.0,560.0
impacts-256-B-0,349.0,36.394128,0.000591,36.065695,0.32784200000000396,0.0,1.0,47038.0,1.0,604.0
impacts-256-B-0,350.0,38.589508,0.000425,38.465342,0.12374100000000254,0.0,1.0,46343.0,4.0,600.0
impacts-256-B-0,351.0,33.476583,0.000399,33.353951,0.12223299999999426,0.0,1.0,45308.0,0.0,604.0
impacts-256-B-0,352.0,31.826415,0.000614,31.700239,0.12556200000000217,0.0,1.0,44760.0,0.0,600.0
impacts-256-B-0,353.0,31.962225,0.000398,31.841189,0.12063799999999958,0.0,1.0,45227.0,0.0,576.0
impacts-256-B-0,354.0,32.349194,0.000508,32.225056,0.12362999999999147,0.0,1.0,45112.0,0.0,608.0
impacts-256-B-0,355.0,32.004331,0.000525,31.88792,0.11588599999999616,0.0,1.0,44832.0,0.0,644.0
impacts-256-B-0,356.0,32.327357,0.000517,32.208491,0.11834899999999493,0.0,1.0,44891.0,0.0,612.0
impacts-256-B-0,357.0,30.648965,0.000364,30.387465,0.2611360000000005,0.0,1.0,44823.0,0.0,592.0
impacts-256-B-0,358.0,31.780672,0.000242,31.690271,0.09015899999999988,0.0,1.0,44331.0,0.0,556.0
impacts-256-B-0,359.0,71.77837,0.000336,71.521528,0.25650599999998747,1.0,2.0,87910.0,11.0,544.0
impacts-256-B-0,360.0,30.660068,0.000281,30.3681,0.2916869999999996,0.0,1.0,42598.0,0.0,560.0
impacts-256-B-0,361.0,31.260211,0.000292,31.13624,0.1236789999999992,0.0,1.0,42674.0,0.0,568.0
impacts-256-B-0,362.0,63.455544,0.000509,63.184287,0.27074800000000465,1.0,2.0,84851.0,3.0,560.0
impacts-256-B-0,363.0,30.37892,0.000537,30.240325,0.1380580000000009,0.0,1.0,42542.0,0.0,576.0
impacts-256-B-0,364.0,30.664336,0.000461,30.523262,0.14061299999999832,0.0,1.0,42186.0,0.0,572.0
impacts-256-B-0,365.0,29.118182,0.000561,28.999908,0.1177129999999984,0.0,1.0,41928.0,0.0,564.0
impacts-256-B-0,366.0,33.75967,0.000381,33.630176,0.1291130000000038,0.0,1.0,41587.0,0.0,552.0
impacts-256-B-0,367.0,33.183032,0.000518,33.051289,0.1312250000000006,0.0,1.0,40780.0,0.0,552.0
impacts-256-B-0,368.0,68.130472,0.000424,67.932362,0.19768600000000447,1.0,2.0,80501.0,6.0,544.0
impacts-256-B-0,369.0,33.831155,0.000482,33.716585,0.11408800000000241,0.0,1.0,39880.0,0.0,552.0
impacts-256-B-0,370.0,31.583927,0.000403,31.469348,0.1141760000000005,0.0,1.0,39202.0,0.0,552.0
impacts-256-B-0,371.0,62.125552,0.00033,61.886926,0.2382959999999983,1.0,2.0,78383.0,3.0,544.0
impacts-256-B-0,372.0,57.728265,0.000381,57.521177,0.20670700000000153,1.0,2.0,77722.0,3.0,580.0
impacts-256-B-0,373.0,61.103252,0.000357,60.829533,0.2733619999999988,1.0,2.0,77141.0,2.0,540.0
impacts-256-B-0,374.0,27.840648,0.000328,27.720768,0.11955200000000232,0.0,1.0,37521.0,0.0,552.0
impacts-256-B-0,375.0,30.046337,0.000431,29.920147,0.12575900000000217,0.0,1.0,37376.0,0.0,552.0
impacts-256-B-0,376.0,28.614094,0.000414,28.467176,0.14650400000000374,0.0,1.0,37269.0,0.0,584.0
impacts-256-B-0,377.0,28.76072,0.000551,28.633371,0.1267979999999973,0.0,1.0,37167.0,0.0,552.0
impacts-256-B-0,378.0,31.241781,0.000498,31.11627,0.12501299999999915,0.0,1.0,37151.0,0.0,564.0
impacts-256-B-0,379.0,29.339265,0.000508,29.027538,0.31121900000000124,0.0,1.0,36978.0,0.0,520.0
impacts-256-B-0,380.0,28.348824,0.00031,28.054438,0.29407600000000045,0.0,1.0,36956.0,0.0,536.0
impacts-256-B-0,381.0,27.748072,0.00037,27.455254,0.29244800000000026,0.0,1.0,36475.0,0.0,520.0
impacts-256-B-0,382.0,57.539481,0.000266,57.28509,0.25412500000000193,1.0,2.0,72616.0,2.0,536.0
impacts-256-B-0,383.0,29.06238,0.000265,28.918344,0.14377100000000098,0.0,1.0,35851.0,0.0,548.0
impacts-256-B-0,384.0,32.511091,0.000494,32.390584,0.12001300000000015,0.0,1.0,35661.0,5.0,544.0
impacts-256-B-0,385.0,29.505267,0.000539,29.387769,0.11695900000000137,0.0,1.0,35791.0,0.0,544.0
impacts-256-B-0,386.0,27.315631,0.000534,27.202013,0.11308400000000063,0.0,1.0,36200.0,0.0,552.0
impacts-256-B-0,387.0,32.073155,0.000521,31.956157,0.11647699999999972,0.0,1.0,36073.0,1.0,556.0
impacts-256-B-0,388.0,28.631153,0.000504,28.51585,0.11479900000000143,0.0,1.0,36263.0,0.0,552.0
impacts-256-B-0,389.0,26.339948,0.000385,26.226783,0.11277999999999722,0.0,1.0,35508.0,0.0,552.0
impacts-256-B-0,390.0,26.693809,0.000395,26.558048,0.1353660000000012,0.0,1.0,35449.0,0.0,544.0
impacts-256-B-0,391.0,27.364749,0.000365,27.248002,0.11638200000000154,0.0,1.0,35166.0,0.0,544.0
impacts-256-B-0,392.0,25.172514,0.000372,25.058399,0.11374299999999948,0.0,1.0,34967.0,0.0,552.0
impacts-256-B-0,393.0,25.073931,0.000389,24.956634,0.11690800000000223,0.0,1.0,34747.0,0.0,548.0
impacts-256-B-0,394.0,30.605537,0.000401,30.477874,0.12726200000000176,0.0,1.0,34462.0,1.0,536.0
impacts-256-B-0,395.0,58.129258,0.000319,57.901784,0.22715500000000333,1.0,2.0,69356.0,13.0,572.0
impacts-256-B-0,396.0,28.016573,0.000378,27.897512,0.11868300000000076,0.0,1.0,34489.0,0.0,560.0
impacts-256-B-0,397.0,63.00491,0.000391,62.78117,0.2233489999999989,1.0,2.0,69075.0,5.0,548.0
impacts-256-B-0,398.0,26.930858,0.000383,26.800646,0.12982900000000086,0.0,1.0,34166.0,0.0,560.0
impacts-256-B-0,399.0,27.774677,0.000381,27.656026,0.11826999999999899,0.0,1.0,34202.0,0.0,524.0
impacts-256-B-0,400.0,26.020571,0.000313,25.898926,0.12133200000000244,0.0,1.0,33786.0,0.0,560.0
impacts-256-B-0,401.0,27.653413,0.000381,27.535227,0.1178050000000006,0.0,1.0,33636.0,0.0,556.0
impacts-256-B-0,402.0,26.032143,0.000563,25.91698,0.11460000000000292,0.0,1.0,33497.0,0.0,532.0
impacts-256-B-0,403.0,28.494254,0.000392,28.376437,0.11742500000000078,0.0,1.0,33463.0,0.0,544.0
impacts-256-B-0,404.0,27.883193,0.000369,27.765665,0.1171590000000009,0.0,1.0,32795.0,0.0,544.0
impacts-256-B-0,405.0,27.063772,0.000419,26.947928,0.11542499999999833,0.0,1.0,32746.0,0.0,564.0
impacts-256-B-0,406.0,24.667641,0.000398,24.526849,0.14039400000000057,0.0,1.0,32792.0,0.0,532.0
impacts-256-B-0,407.0,23.706154,0.000404,23.589286,0.11646400000000057,0.0,1.0,32049.0,0.0,560.0
impacts-256-B-0,408.0,23.625466,0.000382,23.514128,0.11095600000000161,0.0,1.0,31894.0,0.0,540.0
impacts-256-B-0,409.0,25.549639,0.000379,25.403604,0.1456559999999989,0.0,1.0,31565.0,0.0,544.0
impacts-256-B-0,410.0,25.091819,0.000398,24.953661,0.1377600000000001,0.0,1.0,31057.0,0.0,572.0
impacts-256-B-0,411.0,25.878641,0.000365,25.761632,0.11664400000000086,0.0,1.0,30898.0,0.0,552.0
impacts-256-B-0,412.0,26.014184,0.000384,25.896454,0.11734600000000128,0.0,1.0,30716.0,0.0,540.0
impacts-256-B-0,413.0,26.029642,0.000413,25.888589,0.14063999999999766,0.0,1.0,30460.0,0.0,536.0
impacts-256-B-0,414.0,24.705218,0.00041,24.566465,0.138342999999999,0.0,1.0,30263.0,0.0,548.0
impacts-256-B-0,415.0,22.962644,0.000455,22.829526,0.13266300000000086,0.0,1.0,30298.0,0.0,528.0
impacts-256-B-0,416.0,25.392089,0.000357,25.097767,0.2939649999999965,0.0,1.0,29799.0,0.0,528.0
impacts-256-B-0,417.0,23.908094,0.000316,23.65606,0.2517179999999968,0.0,1.0,29272.0,0.0,524.0
impacts-256-B-0,418.0,25.538635,0.000292,25.288485,0.24985799999999614,0.0,1.0,29068.0,0.0,536.0
impacts-256-B-0,419.0,26.398916,0.000229,26.134649,0.26403799999999933,0.0,1.0,28688.0,0.0,544.0
impacts-256-B-0,420.0,25.027271,0.000388,24.734662,0.29222099999999784,0.0,1.0,28699.0,0.0,544.0
impacts-256-B-0,421.0,24.446412,0.0003,24.192918,0.2531940000000006,0.0,1.0,28483.0,0.0,508.0
impacts-256-B-0,422.0,24.140535,0.000325,23.928293,0.2119169999999997,0.0,1.0,28124.0,0.0,524.0
impacts-256-B-0,423.0,24.179112,0.000307,24.062379,0.11642600000000058,0.0,1.0,28150.0,0.0,508.0
impacts-256-B-0,424.0,25.30996,0.000411,25.143283,0.16626600000000025,0.0,1.0,27882.0,0.0,508.0
impacts-256-B-0,425.0,25.47404,0.000609,25.356218,0.11721299999999957,0.0,1.0,27781.0,0.0,504.0
impacts-256-B-0,426.0,26.381686,0.000447,26.220825,0.16041399999999584,0.0,1.0,28047.0,0.0,516.0
impacts-256-B-0,427.0,24.845476,0.000602,24.696324,0.14855000000000018,0.0,1.0,27696.0,0.0,512.0
impacts-256-B-0,428.0,24.272384,0.000621,24.151709,0.12005399999999966,0.0,1.0,27714.0,0.0,524.0
impacts-256-B-0,429.0,24.925382,0.000677,24.808724,0.11598099999999789,0.0,1.0,27593.0,0.0,508.0
impacts-256-B-0,430.0,22.721396,0.000378,22.610075,0.1109429999999989,0.0,1.0,27268.0,0.0,520.0
impacts-256-B-0,431.0,27.585234,0.000388,27.475325,0.10952099999999731,0.0,1.0,25133.0,0.0,520.0
impacts-256-B-0,432.0,24.334201,0.000387,24.215884,0.1179300000000012,0.0,1.0,24985.0,0.0,516.0
impacts-256-B-0,433.0,23.147353,0.000719,22.915806,0.23082799999999892,0.0,1.0,24986.0,0.0,516.0
impacts-256-B-0,434.0,24.911956,0.000379,24.798307,0.11326999999999998,0.0,1.0,24926.0,0.0,532.0
impacts-256-B-0,435.0,23.293639,0.0003,23.045751,0.24758800000000036,0.0,1.0,24805.0,0.0,524.0
impacts-256-B-0,436.0,22.215596,0.000286,22.102678,0.1126320000000014,0.0,1.0,24522.0,0.0,516.0
impacts-256-B-0,437.0,22.088966,0.0004,21.980178,0.10838800000000148,0.0,1.0,24705.0,0.0,512.0
impacts-256-B-0,438.0,24.678308,0.000393,24.566471,0.11144400000000232,0.0,1.0,24546.0,0.0,508.0
impacts-256-B-0,439.0,24.433951,0.000387,24.284844,0.14872000000000085,0.0,1.0,24727.0,0.0,524.0
impacts-256-B-0,440.0,25.608328,0.000502,25.499504,0.10832199999999759,0.0,1.0,23820.0,0.0,612.0
impacts-256-B-0,441.0,24.306801,0.000389,24.174281,0.1321310000000011,0.0,1.0,23496.0,0.0,516.0
impacts-256-B-0,442.0,24.30564,0.00053,24.194123,0.11098699999999795,0.0,1.0,23447.0,0.0,516.0
impacts-256-B-0,443.0,58.193291,0.000396,57.973024,0.2198709999999977,1.0,2.0,46349.0,6.0,548.0
impacts-256-B-0,444.0,59.926782,0.000388,59.634435,0.2919589999999985,1.0,2.0,46356.0,12.0,568.0
impacts-256-B-0,445.0,24.602084,0.000639,24.493554,0.10789100000000218,0.0,1.0,22811.0,0.0,544.0
impacts-256-B-0,446.0,25.374804,0.000505,25.264827,0.10947200000000024,0.0,1.0,22877.0,0.0,572.0
impacts-256-B-0,447.0,22.857247,0.000401,22.591069,0.26577699999999993,0.0,1.0,22454.0,0.0,596.0
impacts-256-B-0,448.0,23.660561,0.000322,23.542337,0.11790200000000084,0.0,1.0,22460.0,0.0,580.0
impacts-256-B-0,449.0,23.535712,0.00036,23.423335,0.11201699999999803,0.0,1.0,20543.0,0.0,588.0
impacts-256-B-0,450.0,25.18895,0.000346,25.055405,0.13319899999999762,0.0,1.0,20666.0,0.0,580.0
impacts-256-B-0,451.0,23.795128,0.00039,23.676797,0.1179409999999983,0.0,1.0,20571.0,0.0,544.0
impacts-256-B-0,452.0,22.74505,0.0004,22.635599,0.1090510000000009,0.0,1.0,20562.0,0.0,544.0
impacts-256-B-0,453.0,23.159173,0.000397,23.051685,0.10709100000000049,0.0,1.0,20624.0,0.0,520.0
impacts-256-B-0,454.0,28.219731,0.000533,28.082246,0.1369519999999973,0.0,1.0,20550.0,0.0,488.0
impacts-256-B-0,455.0,23.691921,0.000513,23.578319,0.11308899999999866,0.0,1.0,20469.0,0.0,564.0
impacts-256-B-0,456.0,25.166259,0.000394,25.038256,0.12760899999999964,0.0,1.0,21984.0,0.0,564.0
impacts-256-B-0,457.0,24.701492,0.000401,24.440091,0.26099999999999923,0.0,1.0,21919.0,0.0,564.0
impacts-256-B-0,458.0,23.500228,0.000405,23.372491,0.1273319999999991,0.0,1.0,21611.0,0.0,564.0
impacts-256-B-0,459.0,23.031636,0.000739,22.902534,0.12836300000000023,0.0,1.0,21605.0,0.0,544.0
impacts-256-B-0,460.0,24.139177,0.000365,24.029071,0.1097410000000032,0.0,1.0,21633.0,0.0,500.0
impacts-256-B-0,461.0,23.393371,0.000393,23.283343,0.10963500000000082,0.0,1.0,21227.0,0.0,492.0
impacts-256-B-0,462.0,23.373017,0.000421,23.245256,0.12734000000000023,0.0,1.0,21227.0,0.0,560.0
impacts-256-B-0,463.0,23.206355,0.000388,23.093443,0.11252399999999696,0.0,1.0,20866.0,0.0,536.0
impacts-256-B-0,464.0,25.028039,0.000407,24.917798,0.10983399999999932,0.0,1.0,20865.0,0.0,560.0
impacts-256-B-0,465.0,25.297661,0.000394,25.056924,0.24034300000000286,0.0,1.0,20722.0,0.0,560.0
impacts-256-B-0,466.0,24.315974,0.000359,24.202358,0.11325700000000083,0.0,1.0,20581.0,0.0,564.0
impacts-256-B-0,467.0,23.904478,0.000389,23.770977,0.13311200000000412,0.0,1.0,20578.0,0.0,548.0
impacts-256-B-0,468.0,23.837904,0.000423,23.725393,0.11208799999999997,0.0,1.0,19789.0,0.0,512.0
impacts-256-B-0,469.0,23.407982,0.000496,23.29447,0.11301600000000178,0.0,1.0,19623.0,0.0,536.0
impacts-256-B-0,470.0,24.493605,0.000381,24.378397,0.11482699999999824,0.0,1.0,19345.0,0.0,504.0
impacts-256-B-0,471.0,23.941756,0.000421,23.698956,0.24237900000000323,0.0,1.0,19160.0,0.0,532.0
impacts-256-B-0,472.0,23.25645,0.000356,22.997283,0.25881100000000146,0.0,1.0,19035.0,0.0,568.0
impacts-256-B-0,473.0,25.554363,0.000398,25.421584,0.13238099999999875,0.0,1.0,19139.0,0.0,524.0
impacts-256-B-0,474.0,54.149307,0.000385,53.925443,0.22347899999999754,1.0,2.0,38658.0,1.0,544.0
impacts-256-B-0,475.0,25.096376,0.000361,24.981441,0.11457399999999751,0.0,1.0,19082.0,0.0,544.0
impacts-256-B-0,476.0,23.991975,0.00052,23.866369,0.1250859999999996,0.0,1.0,18678.0,0.0,536.0
impacts-256-B-0,477.0,26.088839,0.000382,25.961662,0.12679500000000132,0.0,1.0,18670.0,0.0,540.0
impacts-256-B-0,478.0,27.616398,0.000373,27.502888,0.11313700000000182,0.0,1.0,18614.0,0.0,540.0
impacts-256-B-0,479.0,22.960482,0.000368,22.852104,0.10800999999999661,0.0,1.0,18610.0,0.0,536.0
impacts-256-B-0,480.0,23.339809,0.000395,23.222898,0.11651599999999718,0.0,1.0,18669.0,0.0,536.0
impacts-256-B-0,481.0,23.956738,0.000481,23.842296,0.11396099999999976,0.0,1.0,18661.0,0.0,532.0
impacts-256-B-0,482.0,24.609563,0.000417,24.496386,0.11276000000000153,0.0,1.0,18632.0,0.0,500.0
impacts-256-B-0,483.0,23.338755,0.000378,23.225268,0.1131089999999979,0.0,1.0,18457.0,0.0,440.0
impacts-256-B-0,484.0,27.981,0.000313,27.838521,0.14216600000000312,0.0,1.0,18560.0,1.0,504.0
impacts-256-B-0,485.0,22.471327,0.000513,22.358055,0.11275899999999695,0.0,1.0,18362.0,0.0,540.0
impacts-256-B-0,486.0,23.539508,0.000397,23.406116,0.13299500000000108,0.0,1.0,18173.0,0.0,500.0
impacts-256-B-0,487.0,21.485314,0.000348,21.357621,0.12734499999999827,0.0,1.0,18086.0,0.0,504.0
impacts-256-B-0,488.0,24.00653,0.000378,23.89406,0.11209200000000052,0.0,1.0,18164.0,0.0,492.0
impacts-256-B-0,489.0,22.81294,0.000414,22.700044,0.11248200000000352,0.0,1.0,18177.0,0.0,456.0
impacts-256-B-0,490.0,24.050231,0.000378,23.889463,0.1603899999999996,0.0,1.0,18099.0,0.0,488.0
impacts-256-B-0,491.0,21.787893,0.000391,21.545275,0.24222699999999975,0.0,1.0,18082.0,0.0,456.0
impacts-256-B-0,492.0,23.551674,0.000414,23.442661,0.10859899999999811,0.0,1.0,18082.0,0.0,484.0
impacts-256-B-0,493.0,22.028762,0.000406,21.919242,0.10911399999999816,0.0,1.0,18045.0,0.0,452.0
impacts-256-B-0,494.0,24.112174,0.000386,24.000955,0.11083299999999952,0.0,1.0,17991.0,0.0,488.0
impacts-256-B-0,495.0,22.747087,0.000386,22.640963,0.10573800000000233,0.0,1.0,17978.0,0.0,464.0
impacts-256-B-0,496.0,23.736324,0.000382,23.631436,0.10450600000000065,0.0,1.0,18015.0,0.0,480.0
impacts-256-B-0,497.0,23.882208,0.00038,23.756275,0.12555300000000003,0.0,1.0,18055.0,0.0,464.0
impacts-256-B-0,498.0,22.701599,0.000386,22.590869,0.11034400000000133,0.0,1.0,18252.0,0.0,504.0
impacts-256-B-0,499.0,22.778792,0.000372,22.667151,0.11126900000000006,0.0,1.0,18222.0,0.0,504.0
impacts-256-B-0,500.0,22.900154,0.000298,22.793978,0.10587800000000058,0.0,1.0,18290.0,0.0,472.0
impacts-256-B-0,501.0,23.311385,0.000404,23.194507,0.11647400000000019,0.0,1.0,18001.0,0.0,484.0
impacts-256-B-0,502.0,23.927549,0.000401,23.735001,0.1921469999999985,0.0,1.0,18059.0,0.0,480.0
impacts-256-B-0,503.0,23.731902,0.000298,23.532086,0.1995180000000012,0.0,1.0,17846.0,0.0,468.0
impacts-256-B-0,504.0,19.841863,0.000285,19.726624,0.11495399999999734,0.0,1.0,17867.0,0.0,476.0
impacts-256-B-0,505.0,20.870351,0.000337,20.75603,0.11398400000000208,0.0,1.0,17778.0,0.0,504.0
impacts-256-B-0,506.0,21.117075,0.000369,21.01043,0.10627600000000115,0.0,1.0,17833.0,0.0,500.0
impacts-256-B-0,507.0,20.913715,0.000376,20.775904,0.13743499999999997,0.0,1.0,17594.0,0.0,492.0
impacts-256-B-0,508.0,23.296923,0.000392,23.108516,0.1880149999999965,0.0,1.0,17583.0,0.0,460.0
impacts-256-B-0,509.0,22.470559,0.000355,22.361203,0.10900100000000279,0.0,1.0,17529.0,0.0,508.0
impacts-256-B-0,510.0,21.501367,0.000395,21.388596,0.11237599999999759,0.0,1.0,17546.0,0.0,488.0
impacts-256-B-0,511.0,22.612027,0.000381,22.507535,0.10411099999999962,0.0,1.0,17590.0,0.0,508.0
impacts-256-B-0,512.0,21.89081,0.000696,21.777568,0.11254599999999826,0.0,1.0,17279.0,0.0,452.0
impacts-256-B-0,513.0,22.275048,0.000383,22.153732,0.12093300000000085,0.0,1.0,17317.0,0.0,512.0
impacts-256-B-0,514.0,23.864032,0.000415,23.754103,0.10951400000000078,0.0,1.0,17047.0,0.0,484.0
impacts-256-B-0,515.0,21.248813,0.000382,21.13986,0.1085710000000013,0.0,1.0,16978.0,0.0,476.0
impacts-256-B-0,516.0,23.477961,0.00037,23.367438,0.11015300000000039,0.0,1.0,16934.0,0.0,476.0
impacts-256-B-0,517.0,23.888342,0.000397,23.778574,0.109371000000003,0.0,1.0,16518.0,0.0,492.0
impacts-256-B-0,518.0,23.708108,0.000288,23.600035,0.1077849999999998,0.0,1.0,15179.0,0.0,512.0
impacts-256-B-0,519.0,20.485015,0.000399,20.363863,0.12075300000000055,0.0,1.0,15233.0,0.0,480.0
impacts-256-B-0,520.0,21.673303,0.000354,21.402102,0.27084699999999984,0.0,1.0,15227.0,0.0,500.0
impacts-256-B-0,521.0,22.449092,0.000384,22.261429,0.1872790000000002,0.0,1.0,15177.0,0.0,472.0
impacts-256-B-0,522.0,20.769082,0.000366,20.658498,0.1102179999999997,0.0,1.0,15180.0,0.0,508.0
impacts-256-B-0,523.0,22.346366,0.000346,22.19794,0.1480800000000002,0.0,1.0,15020.0,0.0,448.0
impacts-256-B-0,524.0,21.751912,0.000359,21.630027,0.12152600000000291,0.0,1.0,14881.0,0.0,500.0
impacts-256-B-0,525.0,23.163673,0.000406,23.047425,0.11584199999999711,0.0,1.0,14828.0,0.0,496.0
impacts-256-B-0,526.0,25.64702,0.000354,25.46065,0.18601599999999863,0.0,1.0,14876.0,0.0,492.0
impacts-256-B-0,527.0,24.81804,0.000375,24.710121,0.10754400000000075,0.0,1.0,14721.0,0.0,480.0
impacts-256-B-0,528.0,21.744987,0.000345,21.55978,0.18486199999999897,0.0,1.0,14681.0,0.0,504.0
impacts-256-B-0,529.0,25.922388,0.000384,25.793313,0.1286909999999999,0.0,1.0,14751.0,0.0,472.0
impacts-256-B-0,530.0,22.363356,0.000354,22.252526,0.11047599999999846,0.0,1.0,14654.0,0.0,460.0
impacts-256-B-0,531.0,22.299412,0.000363,22.185367,0.11368200000000073,0.0,1.0,14600.0,0.0,504.0
impacts-256-B-0,532.0,25.514915,0.000316,25.403659,0.11093999999999582,0.0,1.0,14625.0,0.0,480.0
impacts-256-B-0,533.0,23.378903,0.00027,23.267437,0.11119599999999963,0.0,1.0,14592.0,0.0,464.0
impacts-256-B-0,534.0,23.2985,0.0004,23.19179,0.10631000000000057,0.0,1.0,14185.0,0.0,496.0
impacts-256-B-0,535.0,21.86933,0.000441,21.760247,0.10864200000000324,0.0,1.0,14206.0,0.0,472.0
impacts-256-B-0,536.0,22.423269,0.000381,22.314012,0.10887599999999864,0.0,1.0,14233.0,0.0,500.0
impacts-256-B-0,537.0,23.381515,0.000376,23.244505,0.1366340000000008,0.0,1.0,14203.0,0.0,492.0
impacts-256-B-0,538.0,25.350497,0.000364,25.114144,0.235989,0.0,1.0,14226.0,0.0,492.0
impacts-256-B-0,539.0,23.88258,0.000404,23.762614,0.11956200000000194,0.0,1.0,14222.0,0.0,456.0
impacts-256-B-0,540.0,25.465024,0.000384,25.305719,0.15892099999999942,0.0,1.0,14237.0,0.0,464.0
impacts-256-B-0,541.0,24.49595,0.000393,24.379375,0.116182000000002,0.0,1.0,14220.0,0.0,492.0
impacts-256-B-0,542.0,23.187475,0.000371,23.074642,0.11246199999999718,0.0,1.0,14201.0,0.0,468.0
impacts-256-B-0,543.0,23.994239,0.000407,23.877326,0.11650600000000111,0.0,1.0,14189.0,0.0,456.0
impacts-256-B-0,544.0,25.077931,0.00035,24.954775,0.12280599999999708,0.0,1.0,14202.0,0.0,488.0
impacts-256-B-0,545.0,24.077929,0.00039,23.967609,0.10993000000000208,0.0,1.0,14167.0,0.0,500.0
impacts-256-B-0,546.0,22.961291,0.000408,22.852432,0.10845099999999874,0.0,1.0,14159.0,0.0,464.0
impacts-256-B-0,547.0,24.80423,0.000363,24.581007,0.22286000000000072,0.0,1.0,14240.0,0.0,524.0
impacts-256-B-0,548.0,23.212473,0.000421,22.967667,0.24438500000000118,0.0,1.0,14252.0,0.0,496.0
impacts-256-B-0,549.0,25.779255,0.000368,25.64619,0.13269699999999673,0.0,1.0,14214.0,0.0,488.0
impacts-256-B-0,550.0,25.88924,0.000365,25.779003,0.10987200000000286,0.0,1.0,13641.0,0.0,508.0
impacts-256-B-0,551.0,24.052529,0.000326,23.816919,0.23528400000000005,0.0,1.0,13779.0,0.0,436.0
impacts-256-B-0,552.0,25.058734,0.000383,24.898024,0.16032700000000233,0.0,1.0,13855.0,0.0,500.0
impacts-256-B-0,553.0,22.655096,0.000409,22.511711,0.14297600000000088,0.0,1.0,13785.0,0.0,464.0
impacts-256-B-0,554.0,22.149171,0.000403,22.035667,0.11310100000000034,0.0,1.0,13819.0,0.0,492.0
impacts-256-B-0,555.0,22.957212,0.000291,22.713854,0.24306699999999637,0.0,1.0,13776.0,0.0,480.0
impacts-256-B-0,556.0,22.082299,0.000283,21.809173,0.27284299999999817,0.0,1.0,13819.0,0.0,496.0
impacts-256-B-0,557.0,22.416942,0.0004,22.304916,0.11162600000000111,0.0,1.0,13311.0,0.0,520.0
impacts-256-B-0,558.0,21.344862,0.000298,21.231058,0.11350599999999744,0.0,1.0,13401.0,0.0,496.0
impacts-256-B-0,559.0,22.467487,0.000371,22.358348,0.10876799999999776,0.0,1.0,13317.0,0.0,504.0
impacts-256-B-0,560.0,22.350195,0.000381,22.235711,0.11410300000000007,0.0,1.0,13144.0,0.0,448.0
impacts-256-B-0,561.0,24.319065,0.000359,24.206904,0.11180199999999729,0.0,1.0,13150.0,0.0,496.0
impacts-256-B-0,562.0,22.601997,0.000399,22.455994,0.14560399999999873,0.0,1.0,13126.0,0.0,448.0
impacts-256-B-0,563.0,21.925691,0.000394,21.813387,0.11191000000000173,0.0,1.0,12908.0,0.0,476.0
impacts-256-B-0,564.0,22.597085,0.000304,22.438237,0.15854399999999913,0.0,1.0,12946.0,0.0,448.0
impacts-256-B-0,565.0,21.734396,0.000374,21.622867,0.11115500000000011,0.0,1.0,12926.0,0.0,500.0
impacts-256-B-0,566.0,23.532609,0.000402,23.309565,0.22264200000000045,0.0,1.0,12989.0,0.0,504.0
impacts-256-B-0,567.0,24.045932,0.000387,23.934576,0.11096900000000076,0.0,1.0,13021.0,0.0,496.0
impacts-256-B-0,568.0,21.784578,0.000371,21.67373,0.11047699999999949,0.0,1.0,13058.0,0.0,456.0
impacts-256-B-0,569.0,21.946266,0.000381,21.830481,0.11540400000000162,0.0,1.0,13041.0,0.0,476.0
impacts-256-B-0,570.0,23.400197,0.000355,23.289396,0.1104459999999996,0.0,1.0,13086.0,0.0,456.0
impacts-256-B-0,571.0,25.384328,0.000401,25.137998,0.2459290000000003,0.0,1.0,13287.0,0.0,500.0
impacts-256-B-0,572.0,26.042962,0.000381,25.897144,0.1454369999999976,0.0,1.0,13014.0,0.0,496.0
impacts-256-B-0,573.0,22.534851,0.000378,22.425395,0.10907799999999668,0.0,1.0,12719.0,0.0,472.0
impacts-256-B-0,574.0,22.546424,0.00038,22.302096,0.2439479999999996,0.0,1.0,12747.0,0.0,444.0
impacts-256-B-0,575.0,24.128486,0.000389,23.994432,0.1336650000000006,0.0,1.0,12718.0,0.0,472.0
impacts-256-B-0,576.0,19.349865,0.000391,19.092338,0.25713599999999914,0.0,1.0,12718.0,0.0,496.0
impacts-256-B-0,577.0,24.258838,0.000363,24.109628,0.14884699999999995,0.0,1.0,12765.0,0.0,504.0
impacts-256-B-0,578.0,23.782119,0.000379,23.665217,0.11652300000000437,0.0,1.0,12779.0,0.0,504.0
impacts-256-B-0,579.0,21.426086,0.000354,21.312793,0.11293900000000079,0.0,1.0,12792.0,0.0,504.0
impacts-256-B-0,580.0,23.708334,0.000383,23.593282,0.1146690000000028,0.0,1.0,12800.0,0.0,504.0
impacts-256-B-0,581.0,21.599973,0.000395,21.483897,0.11568099999999859,0.0,1.0,12788.0,0.0,508.0
impacts-256-B-0,582.0,21.509778,0.000424,21.39552,0.11383400000000066,0.0,1.0,12773.0,0.0,488.0
impacts-256-B-0,583.0,20.909813,0.000381,20.794992,0.11443999999999832,0.0,1.0,12646.0,0.0,464.0
impacts-256-B-0,584.0,20.991385,0.000367,20.842896,0.14812200000000075,0.0,1.0,12827.0,0.0,468.0
impacts-256-B-0,585.0,20.68811,0.000384,20.561928,0.12579799999999963,0.0,1.0,12786.0,0.0,444.0
impacts-256-B-0,586.0,20.90873,0.000383,20.799929,0.10841800000000035,0.0,1.0,12784.0,0.0,488.0
impacts-256-B-0,587.0,21.117699,0.000385,20.99073,0.12658400000000114,0.0,1.0,12785.0,0.0,508.0
impacts-256-B-0,588.0,19.292563,0.000408,19.150659,0.14149600000000007,0.0,1.0,12814.0,0.0,452.0
impacts-256-B-0,589.0,20.270047,0.000393,20.158495,0.11115900000000423,0.0,1.0,12815.0,0.0,504.0
impacts-256-B-0,590.0,20.967451,0.00039,20.857407,0.10965400000000258,0.0,1.0,12793.0,0.0,456.0
impacts-256-B-0,591.0,21.266174,0.000366,21.145808,0.120000000000001,0.0,1.0,12822.0,0.0,476.0
impacts-256-B-0,592.0,21.885765,0.000383,21.76901,0.11637199999999837,0.0,1.0,12846.0,0.0,496.0
impacts-256-B-0,593.0,22.788174,0.000369,22.678406,0.10939900000000335,0.0,1.0,12536.0,0.0,556.0
impacts-256-B-0,594.0,21.675483,0.000353,21.568381,0.10674900000000065,0.0,1.0,12543.0,0.0,472.0
impacts-256-B-0,595.0,20.885972,0.000376,20.775814,0.10978199999999916,0.0,1.0,12521.0,0.0,464.0
impacts-256-B-0,596.0,22.133941,0.000384,21.888266,0.24529099999999815,0.0,1.0,12529.0,0.0,524.0
impacts-256-B-0,597.0,20.895116,0.000383,20.633559,0.26117400000000046,0.0,1.0,12491.0,0.0,464.0
impacts-256-B-0,598.0,22.149845,0.000362,22.037451,0.11203199999999924,0.0,1.0,12502.0,0.0,528.0
impacts-256-B-0,599.0,22.089948,0.000542,21.847202,0.24220400000000097,0.0,1.0,12484.0,0.0,508.0
impacts-256-B-1,0.0,50.388166,31.354477,18.774751,0.25893800000000056,0.0,1.0,0.0,0.0,88.0
impacts-256-B-1,1.0,5.496729,0.000274,5.407348,0.08910700000000027,0.0,1.0,0.0,0.0,0.0
impacts-256-B-1,2.0,4.918723,0.000327,4.664902,0.2534939999999999,0.0,1.0,0.0,0.0,0.0
impacts-256-B-1,3.0,4.175682,0.000276,3.941952,0.2334539999999996,0.0,1.0,0.0,0.0,0.0
impacts-256-B-1,4.0,4.015418,0.000265,3.78501,0.23014300000000043,0.0,1.0,0.0,0.0,0.0
impacts-256-B-1,5.0,4.06352,0.000383,3.820897,0.24223999999999934,0.0,1.0,0.0,0.0,0.0
impacts-256-B-1,6.0,3.912072,0.000306,3.659346,0.25241999999999987,0.0,1.0,0.0,0.0,0.0
impacts-256-B-1,7.0,4.185249,0.000403,3.94228,0.24256599999999962,0.0,1.0,0.0,0.0,0.0
impacts-256-B-1,8.0,4.200035,0.000348,3.963615,0.23607200000000006,0.0,1.0,0.0,0.0,0.0
impacts-256-B-1,9.0,4.149503,0.000571,3.888326,0.2606060000000001,0.0,1.0,0.0,0.0,0.0
impacts-256-B-1,10.0,4.196336,0.000339,3.911468,0.28452899999999914,0.0,1.0,0.0,0.0,0.0
impacts-256-B-1,11.0,4.265013,0.000421,4.003874,0.2607179999999998,0.0,1.0,0.0,0.0,0.0
impacts-256-B-1,12.0,4.870897,0.000343,4.565921,0.30463299999999993,0.0,1.0,0.0,0.0,0.0
impacts-256-B-1,13.0,4.39551,0.000401,4.114348,0.28076100000000004,0.0,1.0,0.0,0.0,0.0
impacts-256-B-1,14.0,4.265379,0.000358,3.966346,0.2986749999999998,0.0,1.0,0.0,0.0,0.0
impacts-256-B-1,15.0,4.589972,0.000431,4.294502,0.29503900000000094,0.0,1.0,0.0,0.0,0.0
impacts-256-B-1,16.0,4.379896,0.000425,4.093181,0.28628999999999927,0.0,1.0,0.0,0.0,0.0
impacts-256-B-1,17.0,4.140738,0.000484,3.879115,0.26113899999999957,0.0,1.0,0.0,0.0,0.0
impacts-256-B-1,18.0,4.213671,0.000852,3.925973,0.2868459999999997,0.0,1.0,0.0,0.0,0.0
impacts-256-B-1,19.0,4.444754,0.000421,4.238068,0.20626499999999925,0.0,1.0,0.0,0.0,0.0
impacts-256-B-1,20.0,4.198713,0.000367,3.992101,0.206245,0.0,1.0,0.0,0.0,0.0
impacts-256-B-1,21.0,4.31807,0.000421,4.053712,0.2639369999999994,0.0,1.0,0.0,0.0,0.0
impacts-256-B-1,22.0,4.167677,0.000292,3.908721,0.25866400000000045,0.0,1.0,0.0,0.0,0.0
impacts-256-B-1,23.0,4.300014,0.000341,4.009416,0.29025700000000043,0.0,1.0,0.0,0.0,0.0
impacts-256-B-1,24.0,4.210535,0.000385,3.936489,0.2736610000000006,0.0,1.0,0.0,0.0,0.0
impacts-256-B-1,25.0,4.194657,0.000411,3.980067,0.21417900000000056,0.0,1.0,0.0,0.0,0.0
impacts-256-B-1,26.0,4.308504,0.000649,4.03195,0.27590499999999984,0.0,1.0,0.0,0.0,0.0
impacts-256-B-1,27.0,4.344496,0.000475,4.047143,0.2968780000000004,0.0,1.0,0.0,0.0,0.0
impacts-256-B-1,28.0,4.281444,0.000461,4.085103,0.19587999999999983,0.0,1.0,0.0,0.0,0.0
impacts-256-B-1,29.0,4.354502,0.000414,4.059214,0.2948740000000001,0.0,1.0,0.0,0.0,0.0
impacts-256-B-1,30.0,4.29651,0.000348,4.078858,0.2173039999999995,0.0,1.0,0.0,0.0,0.0
impacts-256-B-1,31.0,4.351923,0.000528,4.129647,0.22174799999999983,0.0,1.0,0.0,0.0,0.0
impacts-256-B-1,32.0,4.49285,0.00043,4.198085,0.29433500000000024,0.0,1.0,0.0,0.0,0.0
impacts-256-B-1,33.0,4.296807,0.000414,4.01612,0.2802730000000002,0.0,1.0,0.0,0.0,0.0
impacts-256-B-1,34.0,4.337114,0.000397,4.009363,0.3273539999999997,0.0,1.0,0.0,0.0,0.0
impacts-256-B-1,35.0,4.486018,0.000425,4.208121,0.2774719999999995,0.0,1.0,0.0,0.0,0.0
impacts-256-B-1,36.0,4.275551,0.00039,4.011471,0.26368999999999954,0.0,1.0,0.0,0.0,0.0
impacts-256-B-1,37.0,4.264444,0.00042,3.987056,0.2769680000000001,0.0,1.0,0.0,0.0,0.0
impacts-256-B-1,38.0,4.311715,0.000438,4.002906,0.3083710000000002,0.0,1.0,0.0,0.0,0.0
impacts-256-B-1,39.0,4.297609,0.000434,4.01878,0.2783949999999997,0.0,1.0,0.0,0.0,0.0
impacts-256-B-1,40.0,4.256809,0.000448,3.989554,0.266807,0.0,1.0,0.0,0.0,0.0
impacts-256-B-1,41.0,4.338302,0.000412,4.132045,0.20584500000000006,0.0,1.0,0.0,0.0,0.0
impacts-256-B-1,42.0,4.182748,0.000403,3.97177,0.21057499999999996,0.0,1.0,0.0,0.0,0.0
impacts-256-B-1,43.0,4.25043,0.000377,3.964864,0.28518899999999947,0.0,1.0,0.0,0.0,0.0
impacts-256-B-1,44.0,4.228023,0.000401,3.947201,0.28042100000000003,0.0,1.0,0.0,0.0,0.0
impacts-256-B-1,45.0,4.335825,0.000407,4.057137,0.2782809999999998,0.0,1.0,0.0,0.0,0.0
impacts-256-B-1,46.0,4.343648,0.000401,4.067578,0.2756689999999997,0.0,1.0,0.0,0.0,0.0
impacts-256-B-1,47.0,4.410925,0.000381,4.1902,0.22034399999999987,0.0,1.0,0.0,0.0,0.0
impacts-256-B-1,48.0,4.170635,0.000372,3.965143,0.2051200000000004,0.0,1.0,0.0,0.0,0.0
impacts-256-B-1,49.0,4.282181,0.000401,4.007503,0.27427699999999966,0.0,1.0,0.0,0.0,0.0
impacts-256-B-1,50.0,4.325264,0.000414,4.045042,0.27980800000000006,0.0,1.0,0.0,0.0,0.0
impacts-256-B-1,51.0,4.160469,0.000387,3.952091,0.20799100000000026,0.0,1.0,0.0,0.0,0.0
impacts-256-B-1,52.0,4.377496,0.000562,4.085724,0.2912099999999995,0.0,1.0,0.0,0.0,0.0
impacts-256-B-1,53.0,4.498585,0.000407,4.27982,0.21835800000000027,0.0,1.0,0.0,0.0,0.0
impacts-256-B-1,54.0,4.415345,0.000404,4.142147,0.2727940000000011,0.0,1.0,0.0,0.0,0.0
impacts-256-B-1,55.0,4.40935,0.000387,4.203426,0.20553699999999964,0.0,1.0,0.0,0.0,0.0
impacts-256-B-1,56.0,4.508697,0.000338,4.316713,0.19164599999999954,0.0,1.0,0.0,0.0,0.0
impacts-256-B-1,57.0,4.277825,0.000471,4.032459,0.24489499999999964,0.0,1.0,0.0,0.0,0.0
impacts-256-B-1,58.0,4.288775,0.000398,4.207214,0.08116300000000098,0.0,1.0,0.0,0.0,0.0
impacts-256-B-1,59.0,4.418155,0.000371,4.18327,0.234513999999999,0.0,1.0,0.0,0.0,0.0
impacts-256-B-1,60.0,4.302152,0.000404,4.094779,0.20696900000000085,0.0,1.0,0.0,0.0,0.0
impacts-256-B-1,61.0,4.401262,0.000368,4.178186,0.2227079999999999,0.0,1.0,0.0,0.0,0.0
impacts-256-B-1,62.0,4.572281,0.000401,4.260455,0.31142499999999984,0.0,1.0,0.0,0.0,0.0
impacts-256-B-1,63.0,4.648036,0.000425,4.346045,0.3015660000000002,0.0,1.0,0.0,0.0,0.0
impacts-256-B-1,64.0,4.756977,0.000417,4.463439,0.2931210000000002,0.0,1.0,0.0,0.0,0.0
impacts-256-B-1,65.0,4.533201,0.000467,4.251596,0.28113799999999944,0.0,1.0,0.0,0.0,0.0
impacts-256-B-1,66.0,4.636763,0.000391,4.350073,0.2862990000000005,0.0,1.0,0.0,0.0,0.0
impacts-256-B-1,67.0,4.487098,0.000431,4.182726,0.303941,0.0,1.0,0.0,0.0,0.0
impacts-256-B-1,68.0,4.836511,0.000427,4.576678,0.25940599999999936,0.0,1.0,0.0,0.0,0.0
impacts-256-B-1,69.0,4.502039,0.000418,4.21468,0.28694099999999967,0.0,1.0,0.0,0.0,0.0
impacts-256-B-1,70.0,4.653679,0.000445,4.446866,0.20636800000000033,0.0,1.0,0.0,0.0,0.0
impacts-256-B-1,71.0,4.474732,0.000371,4.265701,0.20866000000000007,0.0,1.0,0.0,0.0,0.0
impacts-256-B-1,72.0,4.511357,0.000414,4.277503,0.23343999999999987,0.0,1.0,0.0,0.0,0.0
impacts-256-B-1,73.0,4.554278,0.000368,4.348361,0.20554900000000043,0.0,1.0,0.0,0.0,0.0
impacts-256-B-1,74.0,4.654233,0.000364,4.461226,0.19264299999999945,0.0,1.0,0.0,0.0,0.0
impacts-256-B-1,75.0,4.701468,0.000365,4.503629,0.1974739999999997,0.0,1.0,0.0,0.0,0.0
impacts-256-B-1,76.0,4.847931,0.000424,4.539907,0.3075999999999999,0.0,1.0,0.0,0.0,0.0
impacts-256-B-1,77.0,4.741949,0.000407,4.439559,0.3019829999999999,0.0,1.0,0.0,0.0,0.0
impacts-256-B-1,78.0,4.550744,0.000383,4.301307,0.24905399999999922,0.0,1.0,0.0,0.0,0.0
impacts-256-B-1,79.0,4.766292,0.000441,4.490653,0.2751979999999996,0.0,1.0,0.0,0.0,0.0
impacts-256-B-1,80.0,4.834105,0.000401,4.537704,0.29600000000000026,0.0,1.0,0.0,0.0,0.0
impacts-256-B-1,81.0,4.701515,0.000441,4.461913,0.2391609999999993,0.0,1.0,0.0,0.0,0.0
impacts-256-B-1,82.0,189.448302,0.000351,189.182352,0.2655990000000088,1.0,2.0,39499.0,28596.0,288.0
impacts-256-B-1,83.0,45.245943,0.000481,45.008467,0.23699499999999318,0.0,1.0,49444.0,0.0,332.0
impacts-256-B-1,84.0,112.368037,0.000365,112.116004,0.2516679999999951,1.0,2.0,107863.0,602.0,368.0
impacts-256-B-1,85.0,122.88292,0.000454,122.587847,0.2946189999999973,1.0,2.0,114081.0,1861.0,380.0
impacts-256-B-1,86.0,54.721575,0.000439,54.477553,0.243583000000001,0.0,1.0,53433.0,4.0,380.0
impacts-256-B-1,87.0,87.62451,0.000427,87.375851,0.24823200000000156,1.0,2.0,102895.0,23.0,436.0
impacts-256-B-1,88.0,47.107676,0.000497,46.984711,0.1224679999999978,0.0,1.0,49977.0,0.0,380.0
impacts-256-B-1,89.0,114.341352,0.000481,114.181814,0.15905700000000422,1.0,2.0,99910.0,326.0,396.0
impacts-256-B-1,90.0,48.916203,0.000699,48.738901,0.17660300000000717,0.0,1.0,49653.0,153.0,404.0
impacts-256-B-1,91.0,84.829887,0.000464,84.543743,0.28567999999999927,1.0,2.0,100465.0,97.0,388.0
impacts-256-B-1,92.0,94.388725,0.000419,94.116634,0.27167199999999525,1.0,2.0,102551.0,1377.0,388.0
impacts-256-B-1,93.0,99.765257,0.000324,99.520718,0.24421499999999696,1.0,2.0,107342.0,298.0,544.0
impacts-256-B-1,94.0,104.062697,0.000378,103.806904,0.2554149999999993,1.0,2.0,108082.0,340.0,592.0
impacts-256-B-1,95.0,92.484722,0.000303,92.22357,0.26084900000000744,1.0,2.0,106774.0,37.0,524.0
impacts-256-B-1,96.0,86.570073,0.000429,86.272473,0.29717099999999164,1.0,2.0,108021.0,4.0,528.0
impacts-256-B-1,97.0,89.091947,0.000328,88.834731,0.25688800000000356,1.0,2.0,109111.0,97.0,484.0
impacts-256-B-1,98.0,117.584142,0.000433,117.295951,0.2877579999999966,1.0,2.0,111696.0,3432.0,496.0
impacts-256-B-1,99.0,121.175213,0.000407,120.904736,0.27007000000000403,1.0,2.0,117539.0,1267.0,536.0
impacts-256-B-1,100.0,118.780133,0.000328,118.541732,0.2380730000000142,1.0,2.0,126366.0,1773.0,556.0
impacts-256-B-1,101.0,118.518954,0.000303,118.260296,0.25835499999999456,1.0,2.0,134269.0,1584.0,536.0
impacts-256-B-1,102.0,157.659751,0.000608,157.414201,0.24494200000000887,1.0,2.0,156591.0,6117.0,588.0
impacts-256-B-1,103.0,158.016852,0.000333,157.738956,0.27756299999998646,1.0,2.0,183597.0,4308.0,544.0
impacts-256-B-1,104.0,124.198654,0.000315,123.935599,0.26274000000000797,1.0,2.0,195944.0,450.0,636.0
impacts-256-B-1,105.0,110.660014,0.000341,110.427931,0.231741999999997,1.0,2.0,197973.0,93.0,612.0
impacts-256-B-1,106.0,119.212183,0.000398,118.957102,0.2546829999999858,1.0,2.0,200272.0,136.0,584.0
impacts-256-B-1,107.0,112.834945,0.0004,112.569757,0.26478800000001,1.0,2.0,205652.0,65.0,572.0
impacts-256-B-1,108.0,112.53675,0.000337,112.269139,0.26727400000000046,1.0,2.0,206398.0,24.0,572.0
impacts-256-B-1,109.0,109.583227,0.000336,109.3238,0.25909099999998375,1.0,2.0,204589.0,6.0,560.0
impacts-256-B-1,110.0,107.679339,0.000318,107.451507,0.22751399999999933,1.0,2.0,207223.0,4.0,560.0
impacts-256-B-1,111.0,103.55924,0.000604,103.314383,0.2442530000000005,1.0,2.0,207396.0,2.0,556.0
impacts-256-B-1,112.0,56.407391,0.000295,56.256554,0.1505419999999944,0.0,1.0,103527.0,0.0,544.0
impacts-256-B-1,113.0,102.517752,0.000305,102.2499,0.26754700000000753,1.0,2.0,204980.0,4.0,540.0
impacts-256-B-1,114.0,100.71943,0.000323,100.47892,0.24018700000000592,1.0,2.0,206169.0,2.0,516.0
impacts-256-B-1,115.0,58.878624,0.000392,58.581096,0.29713600000000184,0.0,1.0,103885.0,0.0,544.0
impacts-256-B-1,116.0,55.344794,0.000331,55.209265,0.1351979999999955,0.0,1.0,104035.0,0.0,496.0
impacts-256-B-1,117.0,106.191444,0.000314,105.945936,0.2451939999999979,1.0,2.0,207882.0,8.0,492.0
impacts-256-B-1,118.0,104.904785,0.000312,104.654981,0.2494920000000036,1.0,2.0,207640.0,15.0,492.0
impacts-256-B-1,119.0,55.49808,0.00035,55.356195,0.14153500000000463,0.0,1.0,102694.0,0.0,540.0
impacts-256-B-1,120.0,54.770924,0.000313,54.644101,0.12651000000000323,0.0,1.0,103213.0,0.0,544.0
impacts-256-B-1,121.0,100.957172,0.000364,100.705566,0.25124199999999064,1.0,2.0,206863.0,4.0,492.0
impacts-256-B-1,122.0,55.18884,0.000303,55.051856,0.13668099999999583,0.0,1.0,104146.0,0.0,500.0
impacts-256-B-1,123.0,103.13622,0.000334,102.899716,0.23617000000000132,1.0,2.0,206982.0,3.0,508.0
impacts-256-B-1,124.0,55.472535,0.000384,55.345617,0.12653400000000659,0.0,1.0,104396.0,0.0,556.0
impacts-256-B-1,125.0,107.069004,0.000328,106.819685,0.24899100000000374,1.0,2.0,208003.0,49.0,532.0
impacts-256-B-1,126.0,106.788485,0.000389,106.532804,0.2552919999999972,1.0,2.0,210449.0,21.0,548.0
impacts-256-B-1,127.0,103.191432,0.00034,102.928989,0.2621030000000104,1.0,2.0,210479.0,10.0,520.0
impacts-256-B-1,128.0,100.735127,0.000344,100.486165,0.24861800000000756,1.0,2.0,212434.0,12.0,568.0
impacts-256-B-1,129.0,102.601884,0.00065,102.365656,0.23557800000000384,1.0,2.0,212458.0,12.0,552.0
impacts-256-B-1,130.0,105.528208,0.000339,105.271283,0.25658600000001286,1.0,2.0,212097.0,31.0,552.0
impacts-256-B-1,131.0,111.832552,0.000343,111.585472,0.2467370000000102,1.0,2.0,213822.0,484.0,532.0
impacts-256-B-1,132.0,111.098304,0.000308,110.839583,0.25841299999999023,1.0,2.0,214081.0,28.0,772.0
impacts-256-B-1,133.0,107.45827,0.000333,107.196334,0.261603000000008,1.0,2.0,215628.0,22.0,764.0
impacts-256-B-1,134.0,106.110716,0.000423,105.866964,0.2433290000000028,1.0,2.0,214088.0,17.0,732.0
impacts-256-B-1,135.0,101.487855,0.000449,101.27403,0.21337599999999668,1.0,2.0,214169.0,2.0,680.0
impacts-256-B-1,136.0,102.263287,0.000326,102.11667,0.14629100000000506,1.0,2.0,213632.0,4.0,684.0
impacts-256-B-1,137.0,109.568599,0.000326,109.33863,0.22964300000001003,1.0,2.0,210788.0,5.0,704.0
impacts-256-B-1,138.0,101.475932,0.000384,101.215965,0.25958300000000634,1.0,2.0,208711.0,5.0,784.0
impacts-256-B-1,139.0,103.202965,0.000425,102.964771,0.23776900000000012,1.0,2.0,210732.0,9.0,728.0
impacts-256-B-1,140.0,106.256208,0.000315,106.021956,0.2339369999999974,1.0,2.0,209660.0,24.0,740.0
impacts-256-B-1,141.0,108.317205,0.000549,108.057488,0.2591679999999883,1.0,2.0,209826.0,84.0,736.0
impacts-256-B-1,142.0,109.889439,0.000322,109.637546,0.25157099999999843,1.0,2.0,208959.0,50.0,680.0
impacts-256-B-1,143.0,108.40745,0.000358,108.164345,0.24274699999999427,1.0,2.0,209416.0,82.0,704.0
impacts-256-B-1,144.0,111.955643,0.000346,111.706416,0.24888099999999724,1.0,2.0,210442.0,168.0,756.0
impacts-256-B-1,145.0,109.384539,0.000381,109.118491,0.26566699999999344,1.0,2.0,210414.0,31.0,684.0
impacts-256-B-1,146.0,111.726252,0.000305,111.471779,0.25416800000000705,1.0,2.0,207841.0,99.0,716.0
impacts-256-B-1,147.0,112.897779,0.000321,112.628081,0.26937700000000575,1.0,2.0,211212.0,88.0,684.0
impacts-256-B-1,148.0,107.186132,0.000331,106.93897,0.24683100000000024,1.0,2.0,210207.0,30.0,696.0
impacts-256-B-1,149.0,110.790533,0.000306,110.485589,0.3046379999999971,1.0,2.0,211515.0,5.0,700.0
impacts-256-B-1,150.0,111.173733,0.0005,110.920535,0.2526979999999952,1.0,2.0,208893.0,98.0,668.0
impacts-256-B-1,151.0,110.223379,0.000619,109.974497,0.24826299999999435,1.0,2.0,208517.0,7.0,696.0
impacts-256-B-1,152.0,111.226806,0.000323,110.955909,0.2705739999999963,1.0,2.0,207813.0,63.0,672.0
impacts-256-B-1,153.0,106.899561,0.000337,106.637974,0.261250000000004,1.0,2.0,205346.0,11.0,692.0
impacts-256-B-1,154.0,107.801928,0.000436,107.530222,0.27127000000001544,1.0,2.0,201768.0,30.0,680.0
impacts-256-B-1,155.0,102.212302,0.000325,101.966311,0.24566599999998573,1.0,2.0,202006.0,23.0,680.0
impacts-256-B-1,156.0,112.378253,0.000306,112.138473,0.2394740000000013,1.0,2.0,201599.0,24.0,696.0
impacts-256-B-1,157.0,108.918558,0.000304,108.626844,0.29140999999999906,1.0,2.0,201821.0,69.0,684.0
impacts-256-B-1,158.0,108.40396,0.000417,108.12161,0.2819329999999951,1.0,2.0,204212.0,72.0,712.0
impacts-256-B-1,159.0,141.738495,0.000316,141.482859,0.25532000000001176,1.0,2.0,206848.0,182.0,696.0
impacts-256-B-1,160.0,111.889486,0.000399,111.655897,0.23319000000000756,1.0,2.0,209387.0,97.0,556.0
impacts-256-B-1,161.0,109.425626,0.000323,109.183967,0.241336000000004,1.0,2.0,209840.0,55.0,564.0
impacts-256-B-1,162.0,114.168024,0.000317,113.896802,0.2709050000000133,1.0,2.0,211216.0,65.0,588.0
impacts-256-B-1,163.0,110.109521,0.000331,109.879621,0.2295689999999979,1.0,2.0,211472.0,15.0,592.0
impacts-256-B-1,164.0,113.029017,0.000373,112.748662,0.27998200000000395,1.0,2.0,212149.0,92.0,560.0
impacts-256-B-1,165.0,108.357455,0.000326,108.117303,0.23982599999999366,1.0,2.0,212573.0,6.0,584.0
impacts-256-B-1,166.0,106.47694,0.00038,106.335577,0.14098299999999142,1.0,2.0,211645.0,7.0,568.0
impacts-256-B-1,167.0,111.583222,0.00034,111.339088,0.24379400000000828,1.0,2.0,211660.0,98.0,592.0
impacts-256-B-1,168.0,110.950895,0.000395,110.663507,0.2869930000000096,1.0,2.0,211544.0,177.0,576.0
impacts-256-B-1,169.0,111.921485,0.000286,111.666787,0.2544120000000021,1.0,2.0,211908.0,33.0,592.0
impacts-256-B-1,170.0,112.37611,0.000338,112.13387,0.24190199999999606,1.0,2.0,211780.0,24.0,576.0
impacts-256-B-1,171.0,110.543118,0.000298,110.282823,0.2599970000000127,1.0,2.0,212786.0,48.0,568.0
impacts-256-B-1,172.0,105.883849,0.000306,105.650953,0.23259000000000185,1.0,2.0,212880.0,9.0,600.0
impacts-256-B-1,173.0,108.989223,0.000302,108.85621,0.13271099999998626,1.0,2.0,212462.0,9.0,584.0
impacts-256-B-1,174.0,112.559008,0.000294,112.317403,0.24131100000001027,1.0,2.0,212609.0,21.0,556.0
impacts-256-B-1,175.0,105.5252,0.000364,105.269647,0.25518899999998723,1.0,2.0,212914.0,26.0,592.0
impacts-256-B-1,176.0,108.10655,0.000323,107.859355,0.24687200000001042,1.0,2.0,212428.0,24.0,584.0
impacts-256-B-1,177.0,106.920967,0.000388,106.659138,0.2614410000000049,1.0,2.0,211087.0,24.0,552.0
impacts-256-B-1,178.0,110.794741,0.000318,110.515718,0.2787050000000022,1.0,2.0,211172.0,104.0,580.0
impacts-256-B-1,179.0,111.432467,0.000313,111.180456,0.25169799999999043,1.0,2.0,211825.0,80.0,588.0
impacts-256-B-1,180.0,113.681634,0.000333,113.417498,0.26380300000001,1.0,2.0,211969.0,53.0,580.0
impacts-256-B-1,181.0,113.602392,0.000329,113.343731,0.2583319999999958,1.0,2.0,211080.0,140.0,572.0
impacts-256-B-1,182.0,119.338469,0.000284,119.078052,0.2601330000000104,1.0,2.0,211661.0,340.0,604.0
impacts-256-B-1,183.0,112.474835,0.000341,112.221277,0.25321699999999225,1.0,2.0,212416.0,12.0,580.0
impacts-256-B-1,184.0,105.913245,0.000432,105.691969,0.2208439999999996,1.0,2.0,214695.0,18.0,560.0
impacts-256-B-1,185.0,104.755028,0.000286,104.488034,0.26670799999999417,1.0,2.0,214180.0,13.0,588.0
impacts-256-B-1,186.0,108.827425,0.000245,108.705588,0.1215919999999926,1.0,2.0,213974.0,58.0,572.0
impacts-256-B-1,187.0,110.333959,0.000474,110.064811,0.2686739999999901,1.0,2.0,213800.0,8.0,560.0
impacts-256-B-1,188.0,105.621174,0.000426,105.494479,0.12626899999999353,1.0,2.0,212883.0,74.0,580.0
impacts-256-B-1,189.0,108.877028,0.000459,108.604245,0.27232399999998336,1.0,2.0,212743.0,14.0,588.0
impacts-256-B-1,190.0,109.931732,0.000336,109.661528,0.26986799999998823,1.0,2.0,212150.0,3.0,612.0
impacts-256-B-1,191.0,107.94957,0.000483,107.670743,0.27834399999998993,1.0,2.0,212655.0,7.0,544.0
impacts-256-B-1,192.0,111.477222,0.000481,111.165179,0.3115620000000092,1.0,2.0,212999.0,577.0,524.0
impacts-256-B-1,193.0,107.214878,0.000472,107.095252,0.11915399999999465,1.0,2.0,213800.0,29.0,680.0
impacts-256-B-1,194.0,115.541162,0.000428,115.29502,0.24571400000000665,1.0,2.0,215588.0,224.0,684.0
impacts-256-B-1,195.0,116.188355,0.000692,115.94749,0.24017299999999864,1.0,2.0,216520.0,146.0,652.0
impacts-256-B-1,196.0,112.447107,0.000328,112.18691,0.259869000000009,1.0,2.0,216505.0,192.0,640.0
impacts-256-B-1,197.0,113.644469,0.000225,113.391463,0.2527809999999988,1.0,2.0,217979.0,65.0,628.0
impacts-256-B-1,198.0,118.667211,0.000309,118.394639,0.27226299999999526,1.0,2.0,218441.0,212.0,612.0
impacts-256-B-1,199.0,118.036092,0.000308,117.787323,0.24846099999999183,1.0,2.0,218949.0,227.0,608.0
impacts-256-B-1,200.0,111.535796,0.000388,111.260049,0.2753590000000088,1.0,2.0,219456.0,58.0,636.0
impacts-256-B-1,201.0,114.499896,0.000337,114.217602,0.28195700000000556,1.0,2.0,220418.0,124.0,632.0
impacts-256-B-1,202.0,117.073918,0.000408,116.849181,0.22432900000001155,1.0,2.0,220782.0,301.0,640.0
impacts-256-B-1,203.0,116.145608,0.000265,115.949064,0.19627899999998988,1.0,2.0,221746.0,292.0,1120.0
impacts-256-B-1,204.0,119.163102,0.000281,118.918982,0.24383899999999414,1.0,2.0,222979.0,37.0,620.0
impacts-256-B-1,205.0,116.717988,0.000417,116.427171,0.2904000000000053,1.0,2.0,221840.0,35.0,604.0
impacts-256-B-1,206.0,115.896283,0.000471,115.65425,0.24156199999998762,1.0,2.0,221928.0,139.0,640.0
impacts-256-B-1,207.0,118.426881,0.000448,118.153092,0.27334099999998784,1.0,2.0,220709.0,46.0,704.0
impacts-256-B-1,208.0,113.761291,0.000505,113.492783,0.2680029999999931,1.0,2.0,220085.0,82.0,624.0
impacts-256-B-1,209.0,119.94951,0.000524,119.649254,0.2997320000000059,1.0,2.0,221146.0,94.0,640.0
impacts-256-B-1,210.0,115.219,0.000455,114.946119,0.27242599999999584,1.0,2.0,221292.0,28.0,648.0
impacts-256-B-1,211.0,122.389176,0.000481,122.073649,0.3150460000000095,1.0,2.0,223251.0,272.0,648.0
impacts-256-B-1,212.0,118.205544,0.000521,117.963831,0.24119199999999807,1.0,2.0,223541.0,163.0,612.0
impacts-256-B-1,213.0,121.836039,0.000341,121.575207,0.2604909999999876,1.0,2.0,224379.0,144.0,628.0
impacts-256-B-1,214.0,116.966416,0.000342,116.71476,0.2513139999999936,1.0,2.0,225278.0,62.0,648.0
impacts-256-B-1,215.0,113.06865,0.000334,112.801088,0.2672280000000171,1.0,2.0,224648.0,38.0,644.0
impacts-256-B-1,216.0,117.605556,0.000453,117.351832,0.25327100000001224,1.0,2.0,225100.0,8.0,620.0
impacts-256-B-1,217.0,112.150778,0.000356,111.87491,0.2755120000000062,1.0,2.0,224271.0,24.0,660.0
impacts-256-B-1,218.0,111.678507,0.000422,111.425647,0.25243799999999794,1.0,2.0,223714.0,1.0,628.0
impacts-256-B-1,219.0,107.336821,0.000353,107.092783,0.24368499999999926,1.0,2.0,223117.0,1.0,632.0
impacts-256-B-1,220.0,116.219478,0.000352,115.947785,0.2713409999999925,1.0,2.0,223673.0,62.0,624.0
impacts-256-B-1,221.0,112.183454,0.000318,111.947737,0.23539900000000102,1.0,2.0,225060.0,57.0,608.0
impacts-256-B-1,222.0,116.455853,0.00038,116.196362,0.2591110000000043,1.0,2.0,224153.0,77.0,616.0
impacts-256-B-1,223.0,63.387013,0.000341,63.270139,0.116533000000004,0.0,1.0,112206.0,4.0,656.0
impacts-256-B-1,224.0,115.609835,0.000451,115.35222,0.25716400000000306,1.0,2.0,221851.0,42.0,700.0
impacts-256-B-1,225.0,114.90648,0.000379,114.641928,0.26417300000001376,1.0,2.0,221909.0,101.0,652.0
impacts-256-B-1,226.0,114.605856,0.000381,114.369859,0.23561599999999316,1.0,2.0,220905.0,122.0,688.0
impacts-256-B-1,227.0,117.255954,0.000414,116.973641,0.2818989999999957,1.0,2.0,219266.0,53.0,632.0
impacts-256-B-1,228.0,118.571201,0.000337,118.309028,0.2618360000000024,1.0,2.0,218206.0,39.0,668.0
impacts-256-B-1,229.0,111.6746,0.000371,111.41945,0.2547789999999992,1.0,2.0,216033.0,13.0,652.0
impacts-256-B-1,230.0,114.19204,0.000353,113.921621,0.2700659999999999,1.0,2.0,216255.0,42.0,600.0
impacts-256-B-1,231.0,112.704888,0.000373,112.459951,0.2445639999999969,1.0,2.0,216297.0,41.0,628.0
impacts-256-B-1,232.0,112.374637,0.000373,112.129252,0.24501200000001688,1.0,2.0,217352.0,29.0,616.0
impacts-256-B-1,233.0,115.391069,0.000314,115.123843,0.2669120000000049,1.0,2.0,216383.0,28.0,612.0
impacts-256-B-1,234.0,111.336662,0.000333,111.05143,0.28489900000001,1.0,2.0,215130.0,5.0,644.0
impacts-256-B-1,235.0,111.010606,0.000421,110.756477,0.25370799999998894,1.0,2.0,213220.0,39.0,680.0
impacts-256-B-1,236.0,112.217009,0.000366,111.929085,0.2875580000000042,1.0,2.0,211820.0,83.0,676.0
impacts-256-B-1,237.0,114.484149,0.000331,114.219348,0.26447000000000287,1.0,2.0,211953.0,37.0,624.0
impacts-256-B-1,238.0,116.004824,0.000447,115.733602,0.27077500000000043,1.0,2.0,210556.0,90.0,576.0
impacts-256-B-1,239.0,62.478177,0.000439,62.355135,0.12260300000000512,0.0,1.0,105569.0,1.0,636.0
impacts-256-B-1,240.0,111.188234,0.000534,110.875264,0.31243599999999105,1.0,2.0,210000.0,6.0,688.0
impacts-256-B-1,241.0,114.317871,0.000451,114.05981,0.2576099999999997,1.0,2.0,208957.0,49.0,608.0
impacts-256-B-1,242.0,112.976692,0.000498,112.688499,0.2876950000000136,1.0,2.0,207168.0,3.0,664.0
impacts-256-B-1,243.0,106.871197,0.000481,106.562936,0.30778000000000816,1.0,2.0,205339.0,4.0,600.0
impacts-256-B-1,244.0,111.289943,0.000474,111.027326,0.2621429999999947,1.0,2.0,203845.0,20.0,564.0
impacts-256-B-1,245.0,108.29578,0.000481,108.044862,0.2504370000000051,1.0,2.0,202624.0,13.0,592.0
impacts-256-B-1,246.0,111.258118,0.000399,111.015322,0.24239699999999686,1.0,2.0,200600.0,24.0,580.0
impacts-256-B-1,247.0,109.184431,0.000371,108.923112,0.26094799999999907,1.0,2.0,198036.0,9.0,576.0
impacts-256-B-1,248.0,108.030309,0.000361,107.760474,0.26947400000000243,1.0,2.0,198412.0,17.0,612.0
impacts-256-B-1,249.0,110.285051,0.000321,110.016857,0.2678729999999945,1.0,2.0,197355.0,32.0,616.0
impacts-256-B-1,250.0,108.753288,0.000319,108.476911,0.2760579999999919,1.0,2.0,195901.0,20.0,612.0
impacts-256-B-1,251.0,109.362152,0.000307,109.096112,0.2657329999999831,1.0,2.0,197379.0,11.0,620.0
impacts-256-B-1,252.0,107.974467,0.00032,107.726416,0.2477310000000017,1.0,2.0,195446.0,17.0,644.0
impacts-256-B-1,253.0,111.655112,0.000355,111.418557,0.23619999999999663,1.0,2.0,194784.0,61.0,600.0
impacts-256-B-1,254.0,108.925714,0.000343,108.682508,0.24286299999999983,1.0,2.0,192577.0,16.0,604.0
impacts-256-B-1,255.0,101.955138,0.00038,101.70413,0.25062799999999186,1.0,2.0,191613.0,10.0,596.0
impacts-256-B-1,256.0,105.512436,0.000333,105.268227,0.2438760000000002,1.0,2.0,190008.0,21.0,592.0
impacts-256-B-1,257.0,110.326081,0.000317,110.088881,0.23688300000000595,1.0,2.0,189002.0,18.0,580.0
impacts-256-B-1,258.0,109.006245,0.000404,108.739101,0.26673999999999864,1.0,2.0,185838.0,65.0,596.0
impacts-256-B-1,259.0,108.900633,0.000318,108.636289,0.2640260000000012,1.0,2.0,186619.0,10.0,636.0
impacts-256-B-1,260.0,101.276853,0.000363,101.073535,0.20295500000000288,1.0,2.0,185871.0,14.0,588.0
impacts-256-B-1,261.0,101.276265,0.000305,101.056898,0.21906199999999387,1.0,2.0,185323.0,3.0,580.0
impacts-256-B-1,262.0,100.599299,0.000268,100.401658,0.1973729999999989,1.0,2.0,183430.0,17.0,560.0
impacts-256-B-1,263.0,97.595179,0.000255,97.334678,0.2602460000000093,1.0,2.0,181053.0,12.0,604.0
impacts-256-B-1,264.0,107.721276,0.000362,107.466511,0.2544030000000106,1.0,2.0,180303.0,38.0,612.0
impacts-256-B-1,265.0,105.561128,0.000385,105.305709,0.2550340000000091,1.0,2.0,178762.0,19.0,608.0
impacts-256-B-1,266.0,103.617572,0.000516,103.353103,0.26395299999998656,1.0,2.0,177279.0,11.0,600.0
impacts-256-B-1,267.0,96.509136,0.000332,96.349911,0.15889299999999196,1.0,2.0,176501.0,5.0,580.0
impacts-256-B-1,268.0,102.123401,0.00033,101.86004,0.263030999999998,1.0,2.0,176155.0,31.0,596.0
impacts-256-B-1,269.0,99.550816,0.000283,99.432834,0.11769900000000177,1.0,2.0,174598.0,13.0,628.0
impacts-256-B-1,270.0,105.201075,0.000312,104.939868,0.260895000000005,1.0,2.0,173458.0,5.0,600.0
impacts-256-B-1,271.0,98.026514,0.00073,97.746813,0.2789709999999985,1.0,2.0,170343.0,5.0,580.0
impacts-256-B-1,272.0,103.743287,0.000325,103.461831,0.2811309999999878,1.0,2.0,168129.0,19.0,588.0
impacts-256-B-1,273.0,96.055949,0.000355,95.760045,0.29554899999999407,1.0,2.0,166187.0,12.0,580.0
impacts-256-B-1,274.0,99.122163,0.000335,98.816199,0.30562899999999615,1.0,2.0,163851.0,14.0,560.0
impacts-256-B-1,275.0,99.752228,0.000409,99.49375,0.2580689999999919,1.0,2.0,163711.0,12.0,576.0
impacts-256-B-1,276.0,94.955559,0.000334,94.667798,0.2874269999999939,1.0,2.0,162899.0,6.0,580.0
impacts-256-B-1,277.0,96.718614,0.000377,96.441433,0.2768039999999985,1.0,2.0,160959.0,13.0,584.0
impacts-256-B-1,278.0,102.238672,0.000538,102.024942,0.21319199999999228,1.0,2.0,161047.0,72.0,584.0
impacts-256-B-1,279.0,103.217537,0.000278,102.864757,0.3525020000000012,1.0,2.0,160681.0,3.0,584.0
impacts-256-B-1,280.0,98.245951,0.000661,97.983659,0.2616310000000084,1.0,2.0,156754.0,9.0,576.0
impacts-256-B-1,281.0,101.648486,0.000549,101.363875,0.2840620000000058,1.0,2.0,155221.0,18.0,600.0
impacts-256-B-1,282.0,93.64772,0.000447,93.36142,0.28585300000001723,1.0,2.0,154777.0,26.0,580.0
impacts-256-B-1,283.0,97.81955,0.000418,97.520135,0.29899700000001417,1.0,2.0,153704.0,12.0,600.0
impacts-256-B-1,284.0,102.632048,0.000316,102.3914,0.2403319999999951,1.0,2.0,152973.0,7.0,580.0
impacts-256-B-1,285.0,101.128769,0.000322,100.858953,0.2694940000000088,1.0,2.0,150275.0,19.0,592.0
impacts-256-B-1,286.0,92.655761,0.000347,92.407168,0.24824599999999464,1.0,2.0,150047.0,14.0,576.0
impacts-256-B-1,287.0,92.027659,0.00032,91.745143,0.282195999999999,1.0,2.0,149670.0,8.0,604.0
impacts-256-B-1,288.0,95.834386,0.000397,95.604026,0.2299629999999837,1.0,2.0,149145.0,41.0,576.0
impacts-256-B-1,289.0,96.153155,0.000333,95.950697,0.20212499999999523,1.0,2.0,148308.0,18.0,580.0
impacts-256-B-1,290.0,87.066808,0.00034,86.79915,0.26731800000000305,1.0,2.0,145527.0,5.0,552.0
impacts-256-B-1,291.0,86.961016,0.000343,86.697611,0.263062000000005,1.0,2.0,144492.0,13.0,556.0
impacts-256-B-1,292.0,86.255778,0.000399,86.002514,0.2528649999999999,1.0,2.0,144373.0,1.0,584.0
impacts-256-B-1,293.0,89.266421,0.000308,89.012326,0.25378699999998844,1.0,2.0,142812.0,6.0,564.0
impacts-256-B-1,294.0,88.851632,0.000645,88.571854,0.2791329999999874,1.0,2.0,142278.0,7.0,568.0
impacts-256-B-1,295.0,89.026218,0.000411,88.766582,0.2592250000000007,1.0,2.0,141364.0,5.0,580.0
impacts-256-B-1,296.0,88.194949,0.000447,88.073483,0.12101900000000398,1.0,2.0,139812.0,10.0,580.0
impacts-256-B-1,297.0,90.277806,0.000418,90.157946,0.11944200000000649,1.0,2.0,139054.0,20.0,584.0
impacts-256-B-1,298.0,86.155508,0.000383,85.826173,0.328952000000001,1.0,2.0,138705.0,9.0,564.0
impacts-256-B-1,299.0,44.203004,0.000386,44.059817,0.14280099999999862,0.0,1.0,68956.0,0.0,584.0
impacts-256-B-1,300.0,43.852006,0.000323,43.735548,0.11613499999999988,0.0,1.0,68795.0,0.0,580.0
impacts-256-B-1,301.0,88.432062,0.000297,88.144726,0.28703899999999294,1.0,2.0,137417.0,14.0,580.0
impacts-256-B-1,302.0,87.604053,0.000343,87.345199,0.2585109999999986,1.0,2.0,136977.0,16.0,576.0
impacts-256-B-1,303.0,92.186708,0.000419,91.875163,0.31112600000000157,1.0,2.0,136463.0,30.0,588.0
impacts-256-B-1,304.0,84.211168,0.00043,83.962099,0.24863900000001138,1.0,2.0,134811.0,18.0,608.0
impacts-256-B-1,305.0,42.229018,0.000315,42.108707,0.11999600000000044,0.0,1.0,66565.0,0.0,568.0
impacts-256-B-1,306.0,41.136392,0.000333,41.018456,0.11760300000000257,0.0,1.0,66199.0,0.0,568.0
impacts-256-B-1,307.0,40.709444,0.000403,40.590887,0.11815399999999698,0.0,1.0,65750.0,0.0,564.0
impacts-256-B-1,308.0,40.92299,0.000424,40.751296,0.1712699999999927,0.0,1.0,65407.0,0.0,572.0
impacts-256-B-1,309.0,40.156729,0.000451,40.035688,0.12058999999999997,0.0,1.0,64985.0,0.0,576.0
impacts-256-B-1,310.0,42.896702,0.000411,42.769049,0.12724199999999541,0.0,1.0,64497.0,0.0,568.0
impacts-256-B-1,311.0,82.277549,0.000558,82.011208,0.265782999999999,1.0,2.0,128814.0,1.0,552.0
impacts-256-B-1,312.0,43.169658,0.000505,43.047678,0.12147500000000377,0.0,1.0,64136.0,0.0,584.0
impacts-256-B-1,313.0,87.136428,0.000648,86.83109,0.3046899999999937,1.0,2.0,127255.0,27.0,564.0
impacts-256-B-1,314.0,82.072776,0.000504,81.714939,0.357332999999997,1.0,2.0,126137.0,11.0,588.0
impacts-256-B-1,315.0,80.69221,0.000321,80.436296,0.2555930000000046,1.0,2.0,125080.0,2.0,564.0
impacts-256-B-1,316.0,41.699757,0.000471,41.580898,0.11838800000000305,0.0,1.0,61794.0,0.0,580.0
impacts-256-B-1,317.0,77.012062,0.000449,76.757274,0.25433900000000165,1.0,2.0,122785.0,2.0,596.0
impacts-256-B-1,318.0,79.70318,0.000439,79.546819,0.1559220000000039,1.0,2.0,121826.0,10.0,588.0
impacts-256-B-1,319.0,41.635592,0.000373,41.517416,0.1178030000000021,0.0,1.0,60223.0,0.0,568.0
impacts-256-B-1,320.0,38.433829,0.000364,38.317255,0.11621000000000237,0.0,1.0,59114.0,0.0,588.0
impacts-256-B-1,321.0,39.141797,0.000517,39.006284,0.1349959999999939,0.0,1.0,58896.0,0.0,540.0
impacts-256-B-1,322.0,38.950354,0.000412,38.834906,0.11503600000000347,0.0,1.0,58526.0,0.0,576.0
impacts-256-B-1,323.0,76.945599,0.000403,76.68385,0.261345999999989,1.0,2.0,116482.0,8.0,540.0
impacts-256-B-1,324.0,76.361841,0.000311,76.112849,0.24868100000000481,1.0,2.0,116004.0,5.0,580.0
impacts-256-B-1,325.0,43.487827,0.00033,43.372736,0.11476100000000145,0.0,1.0,57492.0,2.0,600.0
impacts-256-B-1,326.0,75.851582,0.000411,75.735578,0.11559299999998984,1.0,2.0,112398.0,4.0,568.0
impacts-256-B-1,327.0,74.813727,0.000353,74.568915,0.244458999999992,1.0,2.0,111537.0,8.0,592.0
impacts-256-B-1,328.0,39.651877,0.000428,39.413978,0.23747099999999932,0.0,1.0,55673.0,0.0,592.0
impacts-256-B-1,329.0,36.708503,0.00033,36.416676,0.2914969999999997,0.0,1.0,55628.0,0.0,532.0
impacts-256-B-1,330.0,76.642102,0.000325,76.335337,0.30643999999999494,1.0,2.0,110568.0,8.0,580.0
impacts-256-B-1,331.0,37.646353,0.000324,37.530325,0.11570400000000092,0.0,1.0,54493.0,0.0,576.0
impacts-256-B-1,332.0,37.248471,0.000398,37.104743,0.14333000000000595,0.0,1.0,54322.0,0.0,592.0
impacts-256-B-1,333.0,36.057439,0.000413,35.935452,0.12157400000000251,0.0,1.0,53615.0,0.0,576.0
impacts-256-B-1,334.0,36.684129,0.000443,36.563308,0.12037800000000232,0.0,1.0,53439.0,0.0,604.0
impacts-256-B-1,335.0,75.07209,0.000319,74.772119,0.2996519999999947,1.0,2.0,106113.0,3.0,560.0
impacts-256-B-1,336.0,36.073232,0.000361,35.959268,0.11360299999999768,0.0,1.0,52259.0,0.0,552.0
impacts-256-B-1,337.0,72.293664,0.00042,72.037228,0.25601600000000246,1.0,2.0,104267.0,10.0,596.0
impacts-256-B-1,338.0,76.525291,0.00037,76.270156,0.2547649999999919,1.0,2.0,103843.0,4.0,560.0
impacts-256-B-1,339.0,38.639275,0.000327,38.510696,0.12825199999999626,0.0,1.0,51333.0,0.0,596.0
impacts-256-B-1,340.0,36.867498,0.000341,36.620372,0.2467849999999956,0.0,1.0,51150.0,0.0,572.0
impacts-256-B-1,341.0,38.008432,0.000425,37.889148,0.11885900000000049,0.0,1.0,51265.0,0.0,592.0
impacts-256-B-1,342.0,36.057379,0.000435,35.939474,0.1174699999999973,0.0,1.0,49931.0,0.0,544.0
impacts-256-B-1,343.0,70.480545,0.000402,70.218575,0.2615680000000111,1.0,2.0,99603.0,2.0,564.0
impacts-256-B-1,344.0,36.378195,0.000353,36.111975,0.2658670000000001,0.0,1.0,49656.0,0.0,564.0
impacts-256-B-1,345.0,34.213588,0.000407,33.909756,0.30342499999999717,0.0,1.0,49154.0,0.0,592.0
impacts-256-B-1,346.0,33.929241,0.000504,33.645006,0.28373099999999596,0.0,1.0,48975.0,0.0,544.0
impacts-256-B-1,347.0,33.919515,0.000248,33.577737,0.3415299999999988,0.0,1.0,48695.0,0.0,552.0
impacts-256-B-1,348.0,35.215213,0.000233,35.070196,0.14478399999999425,0.0,1.0,47179.0,0.0,560.0
impacts-256-B-1,349.0,38.282583,0.000395,38.163787,0.11840100000000575,0.0,1.0,47038.0,1.0,604.0
impacts-256-B-1,350.0,38.131987,0.000411,38.012838,0.11873800000000045,0.0,1.0,46343.0,4.0,600.0
impacts-256-B-1,351.0,31.476548,0.000448,31.331208,0.14489200000000224,0.0,1.0,45308.0,0.0,604.0
impacts-256-B-1,352.0,32.699302,0.00045,32.554428,0.14442400000000077,0.0,1.0,44760.0,0.0,600.0
impacts-256-B-1,353.0,32.175118,0.000432,32.054767,0.11991899999999589,0.0,1.0,45227.0,0.0,576.0
impacts-256-B-1,354.0,32.634696,0.000428,32.492663,0.14160499999999843,0.0,1.0,45112.0,0.0,608.0
impacts-256-B-1,355.0,31.810272,0.0003,31.538191,0.2717810000000007,0.0,1.0,44832.0,0.0,644.0
impacts-256-B-1,356.0,31.287302,0.000422,31.170325,0.11655500000000174,0.0,1.0,44891.0,0.0,612.0
impacts-256-B-1,357.0,30.740811,0.000751,30.62479,0.11526999999999887,0.0,1.0,44823.0,0.0,592.0
impacts-256-B-1,358.0,32.136242,0.000346,31.882128,0.2537680000000009,0.0,1.0,44331.0,0.0,556.0
impacts-256-B-1,359.0,70.840759,0.000667,70.507437,0.3326550000000026,1.0,2.0,87910.0,11.0,544.0
impacts-256-B-1,360.0,32.66879,0.00037,32.549998,0.11842200000000247,0.0,1.0,42598.0,0.0,560.0
impacts-256-B-1,361.0,31.667652,0.000371,31.549079,0.11820200000000014,0.0,1.0,42674.0,0.0,568.0
impacts-256-B-1,362.0,62.509991,0.000306,62.25878,0.25090499999999594,1.0,2.0,84851.0,3.0,560.0
impacts-256-B-1,363.0,30.883018,0.000301,30.60443,0.27828699999999884,0.0,1.0,42542.0,0.0,576.0
impacts-256-B-1,364.0,29.24886,0.000245,29.107914,0.14070099999999996,0.0,1.0,42186.0,0.0,572.0
impacts-256-B-1,365.0,29.07951,0.000258,28.957375,0.12187700000000135,0.0,1.0,41928.0,0.0,564.0
impacts-256-B-1,366.0,33.533167,0.00046,33.415238,0.11746899999999982,0.0,1.0,41587.0,0.0,552.0
impacts-256-B-1,367.0,32.698962,0.000431,32.580234,0.11829700000000543,0.0,1.0,40780.0,0.0,552.0
impacts-256-B-1,368.0,63.98734,0.000399,63.727144,0.25979699999999895,1.0,2.0,80501.0,6.0,544.0
impacts-256-B-1,369.0,32.357102,0.000247,32.06742,0.28943499999999744,0.0,1.0,39880.0,0.0,552.0
impacts-256-B-1,370.0,31.613199,0.000261,31.274299,0.33863900000000413,0.0,1.0,39202.0,0.0,552.0
impacts-256-B-1,371.0,63.442121,0.000245,63.147267,0.29460900000000123,1.0,2.0,78383.0,3.0,544.0
impacts-256-B-1,372.0,61.75712,0.000483,61.50593,0.25070699999999846,1.0,2.0,77722.0,3.0,580.0
impacts-256-B-1,373.0,62.707185,0.000306,62.473654,0.23322499999999735,1.0,2.0,77141.0,2.0,540.0
impacts-256-B-1,374.0,29.816398,0.000321,29.693269,0.12280799999999914,0.0,1.0,37521.0,0.0,552.0
impacts-256-B-1,375.0,32.616189,0.000389,32.481019,0.1347809999999967,0.0,1.0,37376.0,0.0,552.0
impacts-256-B-1,376.0,30.102261,0.000427,29.987896,0.11393800000000098,0.0,1.0,37269.0,0.0,584.0
impacts-256-B-1,377.0,30.971358,0.000345,30.857259,0.11375400000000013,0.0,1.0,37167.0,0.0,552.0
impacts-256-B-1,378.0,34.627166,0.000379,34.508633,0.11815399999999698,0.0,1.0,37151.0,0.0,564.0
impacts-256-B-1,379.0,30.363529,0.00038,30.238544,0.12460499999999897,0.0,1.0,36978.0,0.0,520.0
impacts-256-B-1,380.0,30.933723,0.000421,30.814109,0.11919300000000277,0.0,1.0,36956.0,0.0,536.0
impacts-256-B-1,381.0,31.128951,0.000415,31.016569,0.11196699999999993,0.0,1.0,36475.0,0.0,520.0
impacts-256-B-1,382.0,61.118326,0.000375,60.793292,0.324659000000004,1.0,2.0,72616.0,2.0,536.0
impacts-256-B-1,383.0,31.206118,0.00034,31.075332,0.13044599999999917,0.0,1.0,35851.0,0.0,548.0
impacts-256-B-1,384.0,35.485637,0.000398,35.367605,0.11763400000000246,0.0,1.0,35661.0,5.0,544.0
impacts-256-B-1,385.0,29.996928,0.000414,29.886295,0.11021900000000073,0.0,1.0,35791.0,0.0,544.0
impacts-256-B-1,386.0,30.427426,0.000373,30.315737,0.11131600000000219,0.0,1.0,36200.0,0.0,552.0
impacts-256-B-1,387.0,31.326916,0.000323,31.208328,0.1182649999999974,0.0,1.0,36073.0,1.0,556.0
impacts-256-B-1,388.0,29.173933,0.000328,28.915181,0.25842400000000154,0.0,1.0,36263.0,0.0,552.0
impacts-256-B-1,389.0,28.352635,0.000572,28.216145,0.1359180000000002,0.0,1.0,35508.0,0.0,552.0
impacts-256-B-1,390.0,28.085498,0.000329,27.968023,0.11714600000000175,0.0,1.0,35449.0,0.0,544.0
impacts-256-B-1,391.0,28.022696,0.000385,27.875371,0.14693999999999718,0.0,1.0,35166.0,0.0,544.0
impacts-256-B-1,392.0,27.37259,0.000401,27.261643,0.11054599999999937,0.0,1.0,34967.0,0.0,552.0
impacts-256-B-1,393.0,27.494223,0.000323,27.383365,0.11053499999999872,0.0,1.0,34747.0,0.0,548.0
impacts-256-B-1,394.0,31.628728,0.000441,31.516283,0.11200399999999888,0.0,1.0,34462.0,1.0,536.0
impacts-256-B-1,395.0,60.111278,0.000397,59.90222,0.20866099999999932,1.0,2.0,69356.0,13.0,572.0
impacts-256-B-1,396.0,27.776412,0.000398,27.659521,0.1164929999999984,0.0,1.0,34489.0,0.0,560.0
impacts-256-B-1,397.0,65.915569,0.000338,65.622567,0.29266400000000203,1.0,2.0,69075.0,5.0,548.0
impacts-256-B-1,398.0,28.787566,0.00034,28.669408,0.11781799999999976,0.0,1.0,34166.0,0.0,560.0
impacts-256-B-1,399.0,28.183658,0.000329,27.915562,0.2677669999999992,0.0,1.0,34202.0,0.0,524.0
impacts-256-B-1,400.0,26.085471,0.000299,25.832933,0.25223899999999944,0.0,1.0,33786.0,0.0,560.0
impacts-256-B-1,401.0,27.387266,0.000296,27.277696,0.10927400000000276,0.0,1.0,33636.0,0.0,556.0
impacts-256-B-1,402.0,28.813328,0.00036,28.580216,0.23275199999999785,0.0,1.0,33497.0,0.0,532.0
impacts-256-B-1,403.0,28.583107,0.00033,28.412055,0.17072199999999782,0.0,1.0,33463.0,0.0,544.0
impacts-256-B-1,404.0,28.253913,0.000399,28.139104,0.11440999999999946,0.0,1.0,32795.0,0.0,544.0
impacts-256-B-1,405.0,27.199229,0.000313,27.08558,0.11333600000000033,0.0,1.0,32746.0,0.0,564.0
impacts-256-B-1,406.0,27.276739,0.00038,27.163756,0.11260300000000001,0.0,1.0,32792.0,0.0,532.0
impacts-256-B-1,407.0,26.658947,0.000384,26.410991,0.24757200000000168,0.0,1.0,32049.0,0.0,560.0
impacts-256-B-1,408.0,26.061665,0.000447,25.95419,0.10702799999999968,0.0,1.0,31894.0,0.0,540.0
impacts-256-B-1,409.0,26.932452,0.000421,26.673686,0.25834500000000205,0.0,1.0,31565.0,0.0,544.0
impacts-256-B-1,410.0,26.235905,0.000371,26.124686,0.11084799999999717,0.0,1.0,31057.0,0.0,572.0
impacts-256-B-1,411.0,26.812531,0.000383,26.672291,0.13985699999999923,0.0,1.0,30898.0,0.0,552.0
impacts-256-B-1,412.0,26.104608,0.000402,25.959428,0.14477799999999874,0.0,1.0,30716.0,0.0,540.0
impacts-256-B-1,413.0,25.366712,0.000413,25.255021,0.11127799999999866,0.0,1.0,30460.0,0.0,536.0
impacts-256-B-1,414.0,24.681059,0.00035,24.552984,0.12772500000000164,0.0,1.0,30263.0,0.0,548.0
impacts-256-B-1,415.0,25.922756,0.000448,25.81366,0.1086480000000023,0.0,1.0,30298.0,0.0,528.0
impacts-256-B-1,416.0,27.191752,0.000506,27.074698,0.1165479999999981,0.0,1.0,29799.0,0.0,528.0
impacts-256-B-1,417.0,25.96515,0.000347,25.710183,0.2546199999999992,0.0,1.0,29272.0,0.0,524.0
impacts-256-B-1,418.0,26.719436,0.000414,26.438643,0.2803790000000035,0.0,1.0,29068.0,0.0,536.0
impacts-256-B-1,419.0,26.22475,0.000385,26.112135,0.11223000000000027,0.0,1.0,28688.0,0.0,544.0
impacts-256-B-1,420.0,25.502027,0.000337,25.258244,0.24344599999999872,0.0,1.0,28699.0,0.0,544.0
impacts-256-B-1,421.0,25.871887,0.000412,25.752807,0.11866799999999955,0.0,1.0,28483.0,0.0,508.0
impacts-256-B-1,422.0,24.777978,0.000391,24.669435,0.10815200000000047,0.0,1.0,28124.0,0.0,524.0
impacts-256-B-1,423.0,25.11163,0.00042,24.768861,0.34234900000000223,0.0,1.0,28150.0,0.0,508.0
impacts-256-B-1,424.0,23.81198,0.00026,23.4267,0.38501999999999725,0.0,1.0,27882.0,0.0,508.0
impacts-256-B-1,425.0,21.419865,0.000207,21.172125,0.24753300000000067,0.0,1.0,27781.0,0.0,504.0
impacts-256-B-1,426.0,24.760454,0.000232,24.652321,0.10790099999999825,0.0,1.0,28047.0,0.0,516.0
impacts-256-B-1,427.0,25.172799,0.000391,25.060977,0.11143099999999961,0.0,1.0,27696.0,0.0,512.0
impacts-256-B-1,428.0,26.084141,0.000388,25.96737,0.11638299999999902,0.0,1.0,27714.0,0.0,524.0
impacts-256-B-1,429.0,26.003348,0.000602,25.817461,0.1852849999999968,0.0,1.0,27593.0,0.0,508.0
impacts-256-B-1,430.0,26.028546,0.000373,25.894845,0.13332799999999878,0.0,1.0,27268.0,0.0,520.0
impacts-256-B-1,431.0,27.909501,0.000418,27.792496,0.11658699999999911,0.0,1.0,25133.0,0.0,520.0
impacts-256-B-1,432.0,22.467374,0.000343,22.35634,0.1106909999999992,0.0,1.0,24985.0,0.0,516.0
impacts-256-B-1,433.0,25.010523,0.00039,24.775402,0.23473100000000002,0.0,1.0,24986.0,0.0,516.0
impacts-256-B-1,434.0,22.47971,0.0003,22.367845,0.11156500000000236,0.0,1.0,24926.0,0.0,532.0
impacts-256-B-1,435.0,22.305577,0.00034,22.192605,0.11263199999999784,0.0,1.0,24805.0,0.0,524.0
impacts-256-B-1,436.0,22.630349,0.000324,22.518535,0.11148999999999987,0.0,1.0,24522.0,0.0,516.0
impacts-256-B-1,437.0,21.68998,0.000536,21.449655,0.23978899999999825,0.0,1.0,24705.0,0.0,512.0
impacts-256-B-1,438.0,23.700538,0.000301,23.422729,0.277508000000001,0.0,1.0,24546.0,0.0,508.0
impacts-256-B-1,439.0,22.624458,0.000432,22.513212,0.1108140000000013,0.0,1.0,24727.0,0.0,524.0
impacts-256-B-1,440.0,22.415632,0.000317,22.298053,0.1172620000000002,0.0,1.0,23820.0,0.0,612.0
impacts-256-B-1,441.0,22.565465,0.000343,22.316761,0.24836099999999917,0.0,1.0,23496.0,0.0,516.0
impacts-256-B-1,442.0,24.023726,0.000695,23.888699,0.13433200000000056,0.0,1.0,23447.0,0.0,516.0
impacts-256-B-1,443.0,57.377816,0.000343,57.034384,0.3430889999999991,1.0,2.0,46349.0,6.0,548.0
impacts-256-B-1,444.0,57.14975,0.001243,56.846601,0.30190599999999534,1.0,2.0,46356.0,12.0,568.0
impacts-256-B-1,445.0,24.93994,0.000329,24.668643,0.2709679999999999,0.0,1.0,22811.0,0.0,544.0
impacts-256-B-1,446.0,23.765947,0.000374,23.643651,0.12192200000000142,0.0,1.0,22877.0,0.0,572.0
impacts-256-B-1,447.0,24.163471,0.000308,24.050138,0.11302500000000038,0.0,1.0,22454.0,0.0,596.0
impacts-256-B-1,448.0,24.627056,0.000366,24.517299,0.10939099999999868,0.0,1.0,22460.0,0.0,580.0
impacts-256-B-1,449.0,23.639991,0.000532,23.527374,0.11208500000000043,0.0,1.0,20543.0,0.0,588.0
impacts-256-B-1,450.0,23.771652,0.000381,23.662657,0.10861399999999932,0.0,1.0,20666.0,0.0,580.0
impacts-256-B-1,451.0,25.159383,0.000577,25.02966,0.12914599999999865,0.0,1.0,20571.0,0.0,544.0
impacts-256-B-1,452.0,22.752089,0.000392,22.516844,0.2348530000000011,0.0,1.0,20562.0,0.0,544.0
impacts-256-B-1,453.0,23.517092,0.000335,23.270716,0.24604100000000173,0.0,1.0,20624.0,0.0,520.0
impacts-256-B-1,454.0,21.671817,0.000358,21.564751,0.10670800000000114,0.0,1.0,20550.0,0.0,488.0
impacts-256-B-1,455.0,22.361018,0.000704,22.247099,0.11321500000000384,0.0,1.0,20469.0,0.0,564.0
impacts-256-B-1,456.0,25.26222,0.000498,25.147325,0.1143970000000003,0.0,1.0,21984.0,0.0,564.0
impacts-256-B-1,457.0,23.462975,0.000336,23.212415,0.25022399999999934,0.0,1.0,21919.0,0.0,564.0
impacts-256-B-1,458.0,24.279,0.00034,24.161006,0.11765399999999815,0.0,1.0,21611.0,0.0,564.0
impacts-256-B-1,459.0,22.454458,0.000413,22.330625,0.12341999999999587,0.0,1.0,21605.0,0.0,544.0
impacts-256-B-1,460.0,25.850638,0.000341,25.737335,0.11296199999999956,0.0,1.0,21633.0,0.0,500.0
impacts-256-B-1,461.0,24.199092,0.000412,23.946752,0.2519279999999995,0.0,1.0,21227.0,0.0,492.0
impacts-256-B-1,462.0,24.146395,0.000479,23.906591,0.2393250000000009,0.0,1.0,21227.0,0.0,560.0
impacts-256-B-1,463.0,24.369996,0.000412,24.2423,0.1272839999999995,0.0,1.0,20866.0,0.0,536.0
impacts-256-B-1,464.0,25.011729,0.000368,24.769615,0.24174599999999558,0.0,1.0,20865.0,0.0,560.0
impacts-256-B-1,465.0,24.611872,0.0004,24.501972,0.10950000000000415,0.0,1.0,20722.0,0.0,560.0
impacts-256-B-1,466.0,23.829924,0.000382,23.715317,0.11422500000000113,0.0,1.0,20581.0,0.0,564.0
impacts-256-B-1,467.0,25.263375,0.000327,25.13581,0.12723800000000196,0.0,1.0,20578.0,0.0,548.0
impacts-256-B-1,468.0,23.696458,0.000336,23.532122,0.16399999999999793,0.0,1.0,19789.0,0.0,512.0
impacts-256-B-1,469.0,24.536695,0.000347,24.42112,0.11522800000000188,0.0,1.0,19623.0,0.0,536.0
impacts-256-B-1,470.0,22.834959,0.000387,22.683804,0.1507680000000029,0.0,1.0,19345.0,0.0,504.0
impacts-256-B-1,471.0,23.18968,0.000457,23.077044,0.11217899999999759,0.0,1.0,19160.0,0.0,532.0
impacts-256-B-1,472.0,22.038707,0.000387,21.760527,0.27779299999999907,0.0,1.0,19035.0,0.0,568.0
impacts-256-B-1,473.0,23.041404,0.000319,22.934958,0.1061269999999972,0.0,1.0,19139.0,0.0,524.0
impacts-256-B-1,474.0,51.601064,0.000412,51.308955,0.2916970000000063,1.0,2.0,38658.0,1.0,544.0
impacts-256-B-1,475.0,25.651209,0.000391,25.536609,0.11420900000000245,0.0,1.0,19082.0,0.0,544.0
impacts-256-B-1,476.0,22.022658,0.000405,21.753248,0.26900499999999994,0.0,1.0,18678.0,0.0,536.0
impacts-256-B-1,477.0,24.69449,0.000336,24.57932,0.11483399999999833,0.0,1.0,18670.0,0.0,540.0
impacts-256-B-1,478.0,26.928132,0.000419,26.809735,0.1179780000000008,0.0,1.0,18614.0,0.0,540.0
impacts-256-B-1,479.0,22.665323,0.000399,22.552272,0.11265200000000064,0.0,1.0,18610.0,0.0,536.0
impacts-256-B-1,480.0,24.688089,0.000489,24.55702,0.13057999999999836,0.0,1.0,18669.0,0.0,536.0
impacts-256-B-1,481.0,23.124232,0.000388,22.998468,0.12537599999999927,0.0,1.0,18661.0,0.0,532.0
impacts-256-B-1,482.0,23.838892,0.000295,23.727478,0.11111899999999864,0.0,1.0,18632.0,0.0,500.0
impacts-256-B-1,483.0,23.150872,0.000429,23.005611,0.14483200000000096,0.0,1.0,18457.0,0.0,440.0
impacts-256-B-1,484.0,27.862542,0.000328,27.747845,0.11436899999999994,0.0,1.0,18560.0,1.0,504.0
impacts-256-B-1,485.0,21.971842,0.000509,21.858408,0.11292499999999706,0.0,1.0,18362.0,0.0,540.0
impacts-256-B-1,486.0,22.819696,0.000329,22.712358,0.10700900000000146,0.0,1.0,18173.0,0.0,500.0
impacts-256-B-1,487.0,21.319039,0.000342,21.208313,0.11038399999999982,0.0,1.0,18086.0,0.0,504.0
impacts-256-B-1,488.0,22.032554,0.000416,21.922656,0.10948199999999986,0.0,1.0,18164.0,0.0,492.0
impacts-256-B-1,489.0,24.148653,0.000364,24.026647,0.12164199999999781,0.0,1.0,18177.0,0.0,456.0
impacts-256-B-1,490.0,21.759753,0.000405,21.650468,0.1088799999999992,0.0,1.0,18099.0,0.0,488.0
impacts-256-B-1,491.0,21.319454,0.000438,21.200784,0.11823200000000256,0.0,1.0,18082.0,0.0,456.0
impacts-256-B-1,492.0,24.6604,0.000373,24.549668,0.11035899999999899,0.0,1.0,18082.0,0.0,484.0
impacts-256-B-1,493.0,23.812037,0.000381,23.578777,0.2328790000000005,0.0,1.0,18045.0,0.0,452.0
impacts-256-B-1,494.0,23.326844,0.000295,23.214704,0.11184499999999886,0.0,1.0,17991.0,0.0,488.0
impacts-256-B-1,495.0,23.678876,0.000381,23.452945,0.22554999999999836,0.0,1.0,17978.0,0.0,464.0
impacts-256-B-1,496.0,23.238567,0.000347,23.134058,0.10416199999999876,0.0,1.0,18015.0,0.0,480.0
impacts-256-B-1,497.0,23.726851,0.000315,23.619111,0.10742499999999922,0.0,1.0,18055.0,0.0,464.0
impacts-256-B-1,498.0,23.083453,0.000319,22.976397,0.10673699999999897,0.0,1.0,18252.0,0.0,504.0
impacts-256-B-1,499.0,24.241383,0.000387,24.136161,0.10483499999999779,0.0,1.0,18222.0,0.0,504.0
impacts-256-B-1,500.0,22.964258,0.000298,22.839002,0.12495799999999946,0.0,1.0,18290.0,0.0,472.0
impacts-256-B-1,501.0,23.390499,0.000333,23.119759,0.27040699999999873,0.0,1.0,18001.0,0.0,484.0
impacts-256-B-1,502.0,23.187456,0.000378,23.080347,0.10673099999999991,0.0,1.0,18059.0,0.0,480.0
impacts-256-B-1,503.0,20.625479,0.00034,20.379279,0.24585999999999686,0.0,1.0,17846.0,0.0,468.0
impacts-256-B-1,504.0,20.396033,0.000295,20.253083,0.14265499999999776,0.0,1.0,17867.0,0.0,476.0
impacts-256-B-1,505.0,20.661772,0.000305,20.510827,0.15063999999999922,0.0,1.0,17778.0,0.0,504.0
impacts-256-B-1,506.0,21.313799,0.000377,21.100665,0.21275699999999986,0.0,1.0,17833.0,0.0,500.0
impacts-256-B-1,507.0,22.631508,0.000376,22.394871,0.2362610000000025,0.0,1.0,17594.0,0.0,492.0
impacts-256-B-1,508.0,22.886168,0.000307,22.776765,0.10909600000000097,0.0,1.0,17583.0,0.0,460.0
impacts-256-B-1,509.0,22.638905,0.000375,22.529308,0.1092220000000026,0.0,1.0,17529.0,0.0,508.0
impacts-256-B-1,510.0,24.616122,0.000459,24.503208,0.11245500000000064,0.0,1.0,17546.0,0.0,488.0
impacts-256-B-1,511.0,22.404288,0.000395,22.085767,0.31812599999999946,0.0,1.0,17590.0,0.0,508.0
impacts-256-B-1,512.0,22.525476,0.000313,22.414613,0.11055000000000348,0.0,1.0,17279.0,0.0,452.0
impacts-256-B-1,513.0,23.80612,0.000404,23.698466,0.10725000000000051,0.0,1.0,17317.0,0.0,512.0
impacts-256-B-1,514.0,23.222548,0.000321,23.080158,0.14206899999999933,0.0,1.0,17047.0,0.0,484.0
impacts-256-B-1,515.0,22.06193,0.000581,21.945227,0.11612200000000072,0.0,1.0,16978.0,0.0,476.0
impacts-256-B-1,516.0,22.734172,0.000298,22.625412,0.10846199999999939,0.0,1.0,16934.0,0.0,476.0
impacts-256-B-1,517.0,23.605695,0.000386,23.483229,0.12208000000000041,0.0,1.0,16518.0,0.0,492.0
impacts-256-B-1,518.0,23.541422,0.000358,23.435371,0.10569300000000226,0.0,1.0,15179.0,0.0,512.0
impacts-256-B-1,519.0,23.679524,0.000301,23.558114,0.12110900000000058,0.0,1.0,15233.0,0.0,480.0
impacts-256-B-1,520.0,22.845981,0.000482,22.626585,0.21891399999999805,0.0,1.0,15227.0,0.0,500.0
impacts-256-B-1,521.0,22.558569,0.000315,22.444154,0.11409999999999698,0.0,1.0,15177.0,0.0,472.0
impacts-256-B-1,522.0,22.828777,0.000327,22.723233,0.10521699999999967,0.0,1.0,15180.0,0.0,508.0
impacts-256-B-1,523.0,22.961979,0.000317,22.831495,0.13016700000000014,0.0,1.0,15020.0,0.0,448.0
impacts-256-B-1,524.0,22.745917,0.000601,22.511365,0.23395099999999758,0.0,1.0,14881.0,0.0,500.0
impacts-256-B-1,525.0,19.743528,0.000314,19.631579,0.11163500000000326,0.0,1.0,14828.0,0.0,496.0
impacts-256-B-1,526.0,21.856827,0.000302,21.717624,0.13890099999999705,0.0,1.0,14876.0,0.0,492.0
impacts-256-B-1,527.0,22.499941,0.000368,22.386583,0.11298999999999637,0.0,1.0,14721.0,0.0,480.0
impacts-256-B-1,528.0,25.63356,0.000318,25.521877,0.11136499999999927,0.0,1.0,14681.0,0.0,504.0
impacts-256-B-1,529.0,22.318607,0.000312,22.199158,0.1191369999999985,0.0,1.0,14751.0,0.0,472.0
impacts-256-B-1,530.0,20.15303,0.000337,19.911252,0.2414410000000018,0.0,1.0,14654.0,0.0,460.0
impacts-256-B-1,531.0,23.2962,0.000394,23.174581,0.12122499999999903,0.0,1.0,14600.0,0.0,504.0
impacts-256-B-1,532.0,21.482263,0.00029,21.353841,0.1281320000000008,0.0,1.0,14625.0,0.0,480.0
impacts-256-B-1,533.0,22.144462,0.000331,21.901789,0.24234200000000072,0.0,1.0,14592.0,0.0,464.0
impacts-256-B-1,534.0,21.056002,0.000311,20.82582,0.22987099999999927,0.0,1.0,14185.0,0.0,496.0
impacts-256-B-1,535.0,19.85898,0.000393,19.746974,0.11161299999999841,0.0,1.0,14206.0,0.0,472.0
impacts-256-B-1,536.0,21.460193,0.000288,21.349084,0.11082099999999784,0.0,1.0,14233.0,0.0,500.0
impacts-256-B-1,537.0,22.089602,0.000328,21.981524,0.10774999999999935,0.0,1.0,14203.0,0.0,492.0
impacts-256-B-1,538.0,22.218866,0.00041,21.973927,0.244529,0.0,1.0,14226.0,0.0,492.0
impacts-256-B-1,539.0,22.713687,0.000319,22.601764,0.11160399999999981,0.0,1.0,14222.0,0.0,456.0
impacts-256-B-1,540.0,24.16784,0.00033,24.060433,0.10707700000000031,0.0,1.0,14237.0,0.0,464.0
impacts-256-B-1,541.0,22.721126,0.000297,22.495156,0.22567300000000046,0.0,1.0,14220.0,0.0,492.0
impacts-256-B-1,542.0,23.71213,0.000378,23.607353,0.10439899999999724,0.0,1.0,14201.0,0.0,468.0
impacts-256-B-1,543.0,24.896176,0.000395,24.658696,0.23708500000000043,0.0,1.0,14189.0,0.0,456.0
impacts-256-B-1,544.0,23.270321,0.000413,23.164278,0.10562999999999789,0.0,1.0,14202.0,0.0,488.0
impacts-256-B-1,545.0,22.546355,0.000388,22.43392,0.1120469999999969,0.0,1.0,14167.0,0.0,500.0
impacts-256-B-1,546.0,21.796401,0.000401,21.569338,0.22666200000000103,0.0,1.0,14159.0,0.0,464.0
impacts-256-B-1,547.0,22.481651,0.000326,22.368695,0.11262999999999934,0.0,1.0,14240.0,0.0,524.0
impacts-256-B-1,548.0,21.691598,0.000323,21.581589,0.1096859999999964,0.0,1.0,14252.0,0.0,496.0
impacts-256-B-1,549.0,23.635896,0.000393,23.50844,0.1270629999999997,0.0,1.0,14214.0,0.0,488.0
impacts-256-B-1,550.0,21.680768,0.000416,21.553579,0.12677300000000002,0.0,1.0,13641.0,0.0,508.0
impacts-256-B-1,551.0,22.745354,0.000278,22.636769,0.10830699999999638,0.0,1.0,13779.0,0.0,436.0
impacts-256-B-1,552.0,23.93173,0.000331,23.686933,0.24446600000000274,0.0,1.0,13855.0,0.0,500.0
impacts-256-B-1,553.0,20.514937,0.000316,20.271652,0.24296899999999866,0.0,1.0,13785.0,0.0,464.0
impacts-256-B-1,554.0,21.356269,0.000313,21.114053,0.2419030000000042,0.0,1.0,13819.0,0.0,492.0
impacts-256-B-1,555.0,21.162962,0.000398,21.051791,0.11077299999999823,0.0,1.0,13776.0,0.0,480.0
impacts-256-B-1,556.0,21.878611,0.000462,21.76351,0.11463900000000038,0.0,1.0,13819.0,0.0,496.0
impacts-256-B-1,557.0,21.73804,0.000407,21.623129,0.11450400000000371,0.0,1.0,13311.0,0.0,520.0
impacts-256-B-1,558.0,21.513149,0.000416,21.399659,0.11307399999999745,0.0,1.0,13401.0,0.0,496.0
impacts-256-B-1,559.0,20.92364,0.000385,20.81206,0.1111949999999986,0.0,1.0,13317.0,0.0,504.0
impacts-256-B-1,560.0,22.944464,0.000429,22.83056,0.1134750000000011,0.0,1.0,13144.0,0.0,448.0
impacts-256-B-1,561.0,21.664748,0.000343,21.520592,0.14381299999999797,0.0,1.0,13150.0,0.0,496.0
impacts-256-B-1,562.0,22.382298,0.000338,22.273257,0.10870299999999844,0.0,1.0,13126.0,0.0,448.0
impacts-256-B-1,563.0,23.355717,0.000401,23.095766,0.2595499999999973,0.0,1.0,12908.0,0.0,476.0
impacts-256-B-1,564.0,21.893631,0.000313,21.784369,0.10894899999999907,0.0,1.0,12946.0,0.0,448.0
impacts-256-B-1,565.0,22.62442,0.000389,22.51561,0.10842100000000343,0.0,1.0,12926.0,0.0,500.0
impacts-256-B-1,566.0,21.378037,0.000328,21.257735,0.11997399999999914,0.0,1.0,12989.0,0.0,504.0
impacts-256-B-1,567.0,20.855032,0.000355,20.731654,0.12302300000000344,0.0,1.0,13021.0,0.0,496.0
impacts-256-B-1,568.0,22.137761,0.000386,22.029039,0.10833600000000132,0.0,1.0,13058.0,0.0,456.0
impacts-256-B-1,569.0,23.066217,0.000515,22.95312,0.11258200000000329,0.0,1.0,13041.0,0.0,476.0
impacts-256-B-1,570.0,23.056548,0.000441,22.941947,0.11416000000000182,0.0,1.0,13086.0,0.0,456.0
impacts-256-B-1,571.0,23.74824,0.000421,23.634867,0.11295199999999994,0.0,1.0,13287.0,0.0,500.0
impacts-256-B-1,572.0,24.984096,0.000322,24.871435,0.11233899999999863,0.0,1.0,13014.0,0.0,496.0
impacts-256-B-1,573.0,22.688185,0.000336,22.575433,0.11241599999999963,0.0,1.0,12719.0,0.0,472.0
impacts-256-B-1,574.0,20.953624,0.000699,20.649964,0.3029609999999998,0.0,1.0,12747.0,0.0,444.0
impacts-256-B-1,575.0,22.828576,0.000307,22.579296,0.248973000000003,0.0,1.0,12718.0,0.0,472.0
impacts-256-B-1,576.0,22.642194,0.00046,22.530325,0.11140899999999831,0.0,1.0,12718.0,0.0,496.0
impacts-256-B-1,577.0,24.390327,0.000399,24.139226,0.25070199999999687,0.0,1.0,12765.0,0.0,504.0
impacts-256-B-1,578.0,24.112891,0.000311,23.955587,0.15699299999999994,0.0,1.0,12779.0,0.0,504.0
impacts-256-B-1,579.0,21.271425,0.000408,21.023223,0.24779399999999896,0.0,1.0,12792.0,0.0,504.0
impacts-256-B-1,580.0,23.598344,0.000324,23.477536,0.12048400000000115,0.0,1.0,12800.0,0.0,504.0
impacts-256-B-1,581.0,24.807037,0.000381,24.693687,0.11296899999999965,0.0,1.0,12788.0,0.0,508.0
impacts-256-B-1,582.0,22.489515,0.000381,22.375021,0.11411299999999969,0.0,1.0,12773.0,0.0,488.0
impacts-256-B-1,583.0,23.01022,0.000338,22.867673,0.14220900000000114,0.0,1.0,12646.0,0.0,464.0
impacts-256-B-1,584.0,21.711799,0.000313,21.6013,0.11018600000000234,0.0,1.0,12827.0,0.0,468.0
impacts-256-B-1,585.0,21.644428,0.000408,21.538862,0.10515799999999942,0.0,1.0,12786.0,0.0,444.0
impacts-256-B-1,586.0,22.631515,0.000409,22.386167,0.24493899999999869,0.0,1.0,12784.0,0.0,488.0
impacts-256-B-1,587.0,22.516029,0.000314,22.404721,0.11099400000000159,0.0,1.0,12785.0,0.0,508.0
impacts-256-B-1,588.0,21.545102,0.000415,21.315929,0.22875799999999913,0.0,1.0,12814.0,0.0,452.0
impacts-256-B-1,589.0,21.801016,0.000312,21.690775,0.10992900000000105,0.0,1.0,12815.0,0.0,504.0
impacts-256-B-1,590.0,20.292556,0.000416,20.068279,0.22386099999999942,0.0,1.0,12793.0,0.0,456.0
impacts-256-B-1,591.0,21.366278,0.000344,21.136719,0.2292150000000035,0.0,1.0,12822.0,0.0,476.0
impacts-256-B-1,592.0,21.767774,0.000328,21.627355,0.1400909999999982,0.0,1.0,12846.0,0.0,496.0
impacts-256-B-1,593.0,20.43979,0.000315,20.330487,0.10898799999999653,0.0,1.0,12536.0,0.0,556.0
impacts-256-B-1,594.0,22.762599,0.0004,22.652572,0.10962700000000325,0.0,1.0,12543.0,0.0,472.0
impacts-256-B-1,595.0,21.555847,0.000331,21.445582,0.10993399999999909,0.0,1.0,12521.0,0.0,464.0
impacts-256-B-1,596.0,20.447199,0.000412,20.340063,0.10672399999999982,0.0,1.0,12529.0,0.0,524.0
impacts-256-B-1,597.0,22.037842,0.000421,21.810474,0.22694700000000267,0.0,1.0,12491.0,0.0,464.0
impacts-256-B-1,598.0,23.88604,0.0004,23.633656,0.25198400000000376,0.0,1.0,12502.0,0.0,528.0
impacts-256-B-1,599.0,23.816657,0.000358,23.704357,0.1119419999999991,0.0,1.0,12484.0,0.0,508.0
