scenario,arm,repeat,complete_step_ms,command_ms,simulate_fetch_ms,completion_ms,restore_ms,stress_iterations
bridge64-cold,A0,0,11.701534,9.7e-05,11.497533,0.203904,213.042661,184
bridge64-cold,A0,1,8.561039,0.000129,8.369145,0.191765,10.630654,184
bridge64-cold,A0,2,8.50029,0.000127,8.318461,0.181702,10.473605,184
bridge64-cold,A0,3,8.422644,0.000127,8.238576,0.183941,10.423211,184
bridge64-cold,A0,4,8.469805,9.6e-05,8.271215,0.198494,10.445243,184
bridge64-cold,A0,5,8.578445,0.000129,8.37318,0.205136,10.698919,184
bridge64-cold,A0,6,8.519386,9.9e-05,8.312382,0.206905,11.456521,184
bridge64-cold,A0,7,8.523713,0.0001,8.292751,0.230862,10.915864,184
bridge64-cold,A0,8,8.909386,0.000107,8.712873,0.196406,13.195259,184
bridge64-cold,A0,9,8.610791,0.000111,8.426323,0.184357,12.128445,184
bridge64-cold,A0,10,8.4206,0.000114,8.208205,0.212281,11.315702,184
bridge64-cold,A0,11,8.416859,0.000124,8.226969,0.189766,10.666046,184
bridge64-cold,A0,12,8.679127,0.000104,8.463432,0.215591,10.949618,184
bridge64-cold,A0,13,9.605193,0.000128,9.410083,0.194982,11.639215,184
bridge64-cold,A0,14,8.5155,0.000101,8.307617,0.207782,10.94374,184
bridge64-cold,A0,15,8.417699,0.000127,8.220375,0.197197,10.915044,184
bridge64-cold,A0,16,8.472789,0.000104,8.262981,0.209704,10.854965,184
bridge64-cold,A0,17,8.390916,0.000133,8.21712,0.173663,10.606029,184
bridge64-cold,A0,18,8.380501,0.000138,8.157348,0.223015,15.611116,184
bridge64-cold,A0,19,8.784806,0.000137,8.571299,0.21337,11.275421,184
bridge64-cold,B,0,13.818572,9.1e-05,13.66895,0.149531,220.642399,184
bridge64-cold,B,1,8.700771,8.8e-05,8.531512,0.169171,10.845388,184
bridge64-cold,B,2,8.702119,9.1e-05,8.529066,0.172962,10.511143,184
bridge64-cold,B,3,8.660657,9e-05,8.491415,0.169152,10.324134,184
bridge64-cold,B,4,8.662468,9.4e-05,8.475021,0.187353,10.425293,184
bridge64-cold,B,5,8.596169,8.9e-05,8.414856,0.181224,10.498399,184
bridge64-cold,B,6,8.734273,9e-05,8.557342,0.176841,10.97986,184
bridge64-cold,B,7,8.780475,0.000105,8.542917,0.237453,10.739674,184
bridge64-cold,B,8,7.879599,9.8e-05,7.661736,0.217765,14.785853,184
bridge64-cold,B,9,8.219649,9.2e-05,7.999785,0.219772,12.679593,184
bridge64-cold,B,10,8.105938,9.6e-05,7.841365,0.264477,11.314976,184
bridge64-cold,B,11,7.947734,9.2e-05,7.72023,0.227412,10.92144,184
bridge64-cold,B,12,8.492373,8.8e-05,8.222163,0.270122,10.675734,184
bridge64-cold,B,13,8.529347,9.2e-05,8.291047,0.238208,10.686365,184
bridge64-cold,B,14,8.420228,9.2e-05,8.148029,0.272107,10.678264,184
bridge64-cold,B,15,8.045353,9.2e-05,7.831746,0.213515,10.793151,184
bridge64-cold,B,16,8.03903,9.2e-05,7.849303,0.189635,10.539703,184
bridge64-cold,B,17,7.937062,8.8e-05,7.771095,0.165879,10.029981,184
bridge64-cold,B,18,8.026618,8.3e-05,7.830766,0.195769,10.124931,184
bridge64-cold,B,19,8.269865,8.3e-05,8.029861,0.239921,10.026721,184
bridge64-cold,A1,0,11.233626,0.000101,11.033355,0.20017,212.259739,184
bridge64-cold,A1,1,8.722538,9.7e-05,8.525064,0.197377,10.581284,184
bridge64-cold,A1,2,8.487311,0.000112,8.306328,0.180871,10.524852,184
bridge64-cold,A1,3,8.589157,9.5e-05,8.39002,0.199042,10.439023,184
bridge64-cold,A1,4,8.488129,0.000127,8.305406,0.182596,10.476562,184
bridge64-cold,A1,5,8.461469,0.000125,8.278504,0.18284,10.516255,184
bridge64-cold,A1,6,8.434854,0.000115,8.231711,0.203028,10.511864,184
bridge64-cold,A1,7,8.417329,0.000113,8.220496,0.19672,14.08815,184
bridge64-cold,A1,8,8.529854,0.000125,8.341341,0.188388,10.442764,184
bridge64-cold,A1,9,8.463455,0.000115,8.279428,0.183912,10.742614,184
bridge64-cold,A1,10,8.520594,0.000115,8.317451,0.203028,10.547229,184
bridge64-cold,A1,11,8.479804,0.000117,8.291974,0.187713,10.622053,184
bridge64-cold,A1,12,8.499261,0.000124,8.305271,0.193866,10.866007,184
bridge64-cold,A1,13,9.117502,0.000129,8.900174,0.217199,10.880518,184
bridge64-cold,A1,14,8.66801,0.000117,8.479128,0.188765,10.851402,184
bridge64-cold,A1,15,8.518459,0.000162,8.331026,0.187271,10.53142,184
bridge64-cold,A1,16,8.668644,0.000101,8.481914,0.186629,10.721421,184
bridge64-cold,A1,17,8.722626,0.000117,8.514739,0.20777,10.598331,184
bridge64-cold,A1,18,8.638416,0.000124,8.421639,0.216653,13.996964,184
bridge64-cold,A1,19,9.012984,0.00011,8.82096,0.191914,10.806694,184
bridge64-warm,A0,0,11.724564,0.000205,11.543543,0.180816,215.847931,184
bridge64-warm,A0,1,8.68331,0.000135,8.513602,0.169573,10.65179,184
bridge64-warm,A0,2,9.142929,0.000145,8.961816,0.180968,10.545483,184
bridge64-warm,A0,3,9.034923,0.000129,8.856166,0.178628,10.325037,184
bridge64-warm,A0,4,8.946752,0.000118,8.775885,0.170749,10.769522,184
bridge64-warm,A0,5,8.621159,0.000145,8.439775,0.181239,10.630978,184
bridge64-warm,A0,6,9.029709,0.000132,8.840162,0.189415,11.415354,184
bridge64-warm,A0,7,8.461698,0.00013,8.285552,0.176016,10.707054,184
bridge64-warm,A0,8,8.710745,0.000138,8.53183,0.178777,12.041071,184
bridge64-warm,A0,9,8.571159,0.000136,8.383361,0.187662,10.969657,184
bridge64-warm,A0,10,8.485099,0.000199,8.305904,0.178996,11.096126,184
bridge64-warm,A0,11,9.068736,0.000139,8.86101,0.207587,10.586881,184
bridge64-warm,A0,12,8.381634,0.000143,8.207162,0.174329,10.581105,184
bridge64-warm,A0,13,8.734246,0.000156,8.556654,0.177436,15.383736,184
bridge64-warm,A0,14,8.10788,0.00013,7.926847,0.180903,10.632797,184
bridge64-warm,A0,15,8.301796,0.000129,8.09607,0.205597,10.820481,184
bridge64-warm,A0,16,8.205976,0.000133,8.037431,0.168412,10.791127,184
bridge64-warm,A0,17,8.336368,0.000153,8.154758,0.181457,10.561234,184
bridge64-warm,A0,18,8.644397,0.000124,8.452991,0.191282,11.006037,184
bridge64-warm,A0,19,8.558535,0.000113,8.390357,0.168065,10.581598,184
bridge64-warm,B,0,11.509871,0.00016,11.344631,0.16508,198.876214,184
bridge64-warm,B,1,7.889234,0.000132,7.735313,0.153789,9.744883,184
bridge64-warm,B,2,7.500734,0.000136,7.348344,0.152254,9.50612,184
bridge64-warm,B,3,7.757677,0.000129,7.603625,0.153923,9.495982,184
bridge64-warm,B,4,8.14256,0.000137,7.967051,0.175372,9.67971,184
bridge64-warm,B,5,8.248349,0.000129,8.087598,0.160622,9.323258,184
bridge64-warm,B,6,7.728453,0.000129,7.550608,0.177716,9.609038,184
bridge64-warm,B,7,8.007722,0.000133,7.840794,0.166795,10.53524,184
bridge64-warm,B,8,8.067807,0.000123,7.954794,0.11289,9.720029,184
bridge64-warm,B,9,8.593935,0.000138,8.431759,0.162038,9.651419,184
bridge64-warm,B,10,9.14342,0.000146,8.958711,0.184563,12.284745,184
bridge64-warm,B,11,9.082364,0.00015,8.897741,0.184473,10.639413,184
bridge64-warm,B,12,8.690946,0.000152,8.526034,0.16476,10.432609,184
bridge64-warm,B,13,8.703653,0.000108,8.529573,0.173972,13.58843,184
bridge64-warm,B,14,8.640985,0.000141,8.45252,0.188324,10.507364,184
bridge64-warm,B,15,7.964417,0.000116,7.776833,0.187468,10.830392,184
bridge64-warm,B,16,7.671378,0.000166,7.497443,0.173769,10.354872,184
bridge64-warm,B,17,8.023754,9.6e-05,7.838217,0.185441,10.409159,184
bridge64-warm,B,18,7.990742,0.000155,7.791065,0.199522,10.624121,184
bridge64-warm,B,19,7.716798,0.000103,7.520535,0.19616,10.450262,184
bridge64-warm,A1,0,10.514882,8.2e-05,10.341077,0.173723,189.628952,184
bridge64-warm,A1,1,8.052876,8.3e-05,7.88388,0.168913,10.167075,184
bridge64-warm,A1,2,7.779778,9e-05,7.604021,0.175667,10.483789,184
bridge64-warm,A1,3,8.553738,8.8e-05,8.360781,0.192869,10.289438,184
bridge64-warm,A1,4,7.539168,8.9e-05,7.365205,0.173874,10.32575,184
bridge64-warm,A1,5,8.424488,8.4e-05,8.198146,0.226258,10.198997,184
bridge64-warm,A1,6,7.665113,8.6e-05,7.48781,0.177217,10.101941,184
bridge64-warm,A1,7,7.980168,9.2e-05,7.698279,0.281797,12.755876,184
bridge64-warm,A1,8,7.855266,8.7e-05,7.610609,0.24457,10.573152,184
bridge64-warm,A1,9,8.359732,8.5e-05,8.127157,0.23249,13.497771,184
bridge64-warm,A1,10,7.846968,9.5e-05,7.664866,0.182007,10.016961,184
bridge64-warm,A1,11,7.394614,8.3e-05,7.218686,0.175845,10.099613,184
bridge64-warm,A1,12,7.772323,9e-05,7.624043,0.14819,10.207677,184
bridge64-warm,A1,13,7.981617,9.1e-05,7.798419,0.183107,10.07004,184
bridge64-warm,A1,14,7.262647,8.4e-05,7.057945,0.204618,10.014282,184
bridge64-warm,A1,15,7.740627,9.5e-05,7.55017,0.190362,10.745876,184
bridge64-warm,A1,16,7.292012,8e-05,7.08717,0.204762,10.150164,184
bridge64-warm,A1,17,7.25391,8.4e-05,7.058171,0.195655,9.86495,184
bridge64-warm,A1,18,7.409299,8.4e-05,7.23027,0.178945,12.177829,184
bridge64-warm,A1,19,7.42624,8.3e-05,7.233857,0.1923,9.798366,184
building-cold,A0,0,7.030874,8e-05,6.858529,0.172265,189.261723,88
building-cold,A0,1,4.460556,8.4e-05,4.299889,0.160583,9.753042,88
building-cold,A0,2,4.493586,8.2e-05,4.326682,0.166822,8.920591,88
building-cold,A0,3,4.688388,8.5e-05,4.522552,0.165751,9.005795,88
building-cold,A0,4,4.278244,8.2e-05,4.106917,0.171245,8.972824,88
building-cold,A0,5,4.536754,8.4e-05,4.372138,0.164532,8.900179,88
building-cold,A0,6,4.57215,8.2e-05,4.408915,0.163153,8.956472,88
building-cold,A0,7,4.243618,8.3e-05,4.074966,0.168569,9.117384,88
building-cold,A0,8,4.585596,8.5e-05,4.422285,0.163226,9.036602,88
building-cold,A0,9,4.59031,8.6e-05,4.428895,0.161329,11.155349,88
building-cold,A0,10,4.66406,8.5e-05,4.490501,0.173474,8.967024,88
building-cold,A0,11,4.571596,8.4e-05,4.403103,0.168409,8.85862,88
building-cold,A0,12,4.364868,9.3e-05,4.192332,0.172443,11.30427,88
building-cold,A0,13,4.740713,8.4e-05,4.576302,0.164327,9.06263,88
building-cold,A0,14,4.20602,8.2e-05,4.058283,0.147655,9.10401,88
building-cold,A0,15,4.281739,8.3e-05,4.117141,0.164515,9.418805,88
building-cold,A0,16,4.033965,0.000114,3.855124,0.178727,9.222864,88
building-cold,A0,17,3.500174,8.2e-05,3.333795,0.166297,8.864148,88
building-cold,A0,18,3.467949,8.2e-05,3.290874,0.176993,8.909932,88
building-cold,A0,19,4.248507,8.4e-05,4.08083,0.167593,9.004255,88
building-cold,B,0,7.969964,9.5e-05,7.864176,0.105693,217.054123,88
building-cold,B,1,4.761459,0.000129,4.669502,0.091828,9.494926,88
building-cold,B,2,4.777311,0.000104,4.688772,0.088435,9.29416,88
building-cold,B,3,4.464526,8.9e-05,4.375742,0.088695,9.301875,88
building-cold,B,4,4.60105,0.000136,4.513158,0.087756,9.369844,88
building-cold,B,5,4.646136,0.000143,4.418616,0.227377,15.128473,88
building-cold,B,6,4.719907,8.3e-05,4.561797,0.158027,14.271871,88
building-cold,B,7,4.304801,0.000104,4.126877,0.17782,9.568574,88
building-cold,B,8,3.95599,0.000195,3.826686,0.129109,13.223475,88
building-cold,B,9,3.935718,0.000164,3.735349,0.200205,13.800246,88
building-cold,B,10,4.112726,9.2e-05,3.929598,0.183036,9.281219,88
building-cold,B,11,3.915088,8.6e-05,3.718062,0.19694,9.047998,88
building-cold,B,12,3.951909,0.000102,3.763211,0.188596,9.078325,88
building-cold,B,13,4.199664,8.5e-05,4.015278,0.184301,8.94325,88
building-cold,B,14,4.20429,9.9e-05,4.013326,0.190865,8.960543,88
building-cold,B,15,4.017164,9.4e-05,3.866343,0.150727,9.049858,88
building-cold,B,16,3.707603,0.000111,3.524509,0.182983,8.88017,88
building-cold,B,17,4.570363,9.2e-05,4.4153,0.154971,9.084787,88
building-cold,B,18,3.950533,9.8e-05,3.779531,0.170904,9.170221,88
building-cold,B,19,4.473572,9.7e-05,4.292419,0.181056,9.452323,88
building-cold,A1,0,7.413749,0.000143,7.242978,0.170628,209.772389,88
building-cold,A1,1,5.018881,0.000112,4.819526,0.199243,9.891839,88
building-cold,A1,2,4.700971,9.6e-05,4.524095,0.17678,10.334195,88
building-cold,A1,3,4.491381,8.9e-05,4.324727,0.166565,10.085741,88
building-cold,A1,4,4.733619,9.5e-05,4.522518,0.211006,9.774491,88
building-cold,A1,5,4.638287,0.000108,4.509564,0.128615,14.558119,88
building-cold,A1,6,4.600011,9.2e-05,4.434283,0.165636,9.616592,88
building-cold,A1,7,4.672046,0.000106,4.511593,0.160347,9.832276,88
building-cold,A1,8,4.502431,0.000448,4.35139,0.150593,17.224295,88
building-cold,A1,9,4.707275,9.1e-05,4.526533,0.180651,15.316077,88
building-cold,A1,10,4.638958,9.1e-05,4.479795,0.159072,9.580503,88
building-cold,A1,11,4.77964,9.4e-05,4.614319,0.165227,9.524254,88
building-cold,A1,12,4.481393,9.6e-05,4.317254,0.164043,9.633499,88
building-cold,A1,13,4.792209,9.3e-05,4.622748,0.169368,9.769248,88
building-cold,A1,14,4.506853,8.9e-05,4.362383,0.144381,9.63926,88
building-cold,A1,15,4.599219,9.5e-05,4.437229,0.161895,9.99403,88
building-cold,A1,16,4.574848,8.7e-05,4.410954,0.163807,9.760275,88
building-cold,A1,17,4.888277,9.3e-05,4.726255,0.161929,9.627659,88
building-cold,A1,18,4.504636,9.1e-05,4.343138,0.161407,9.71249,88
building-cold,A1,19,4.783733,9e-05,4.604786,0.178857,9.659447,88
building-fragmented,A0,0,15.020766,9.2e-05,14.847554,0.17312,213.638713,4
building-fragmented,A0,1,8.851677,0.000127,8.659583,0.191967,10.813512,4
building-fragmented,A0,2,9.926378,9.8e-05,9.805718,0.120562,10.686061,4
building-fragmented,A0,3,7.991016,0.000134,7.782722,0.20816,10.769957,4
building-fragmented,A0,4,8.582287,9.5e-05,8.46069,0.121502,15.032548,4
building-fragmented,A0,5,7.831631,8.6e-05,7.67323,0.158315,9.755898,4
building-fragmented,A0,6,7.220218,0.000135,7.000145,0.219938,9.820381,4
building-fragmented,A0,7,8.048706,0.000152,7.840834,0.20772,16.689887,4
building-fragmented,A0,8,7.670557,9.9e-05,7.490531,0.179927,10.105682,4
building-fragmented,A0,9,7.021315,8.6e-05,6.844499,0.17673,9.77121,4
building-fragmented,A0,10,6.399903,0.000103,6.242969,0.156831,9.714052,4
building-fragmented,A0,11,7.05666,0.000101,6.898549,0.15801,9.779378,4
building-fragmented,A0,12,7.791586,9.5e-05,7.637417,0.154074,9.770593,4
building-fragmented,A0,13,7.391976,8.4e-05,7.233014,0.158878,9.706552,4
building-fragmented,A0,14,6.966753,9.4e-05,6.81017,0.156489,9.721714,4
building-fragmented,A0,15,7.869629,8.4e-05,7.699147,0.170398,9.693969,4
building-fragmented,A0,16,8.139744,0.00015,7.930093,0.209501,13.42796,4
building-fragmented,A0,17,7.858444,0.000104,7.699399,0.158941,14.187582,4
building-fragmented,A0,18,8.092472,8.3e-05,7.917875,0.174514,9.771406,4
building-fragmented,A0,19,8.353279,0.000132,8.126367,0.22678,15.984802,4
building-fragmented,B,0,14.939841,0.000144,14.68288,0.256817,217.695877,4
building-fragmented,B,1,9.27319,0.000144,9.004787,0.268259,11.336557,4
building-fragmented,B,2,9.033745,0.00012,8.768766,0.264859,11.51126,4
building-fragmented,B,3,8.972508,0.000167,8.773959,0.198382,16.978251,4
building-fragmented,B,4,8.766203,0.000124,8.511667,0.254412,11.062219,4
building-fragmented,B,5,9.057031,0.000197,8.770939,0.285895,15.521311,4
building-fragmented,B,6,10.26172,0.000177,9.989126,0.272417,17.315296,4
building-fragmented,B,7,9.316213,0.000106,9.06709,0.249017,11.501904,4
building-fragmented,B,8,7.998145,0.000105,7.753593,0.244447,10.967608,4
building-fragmented,B,9,8.093826,0.000147,7.832502,0.261177,11.049037,4
building-fragmented,B,10,8.172514,0.000146,7.901043,0.271325,10.892131,4
building-fragmented,B,11,8.441919,0.000146,8.183904,0.257869,11.27774,4
building-fragmented,B,12,8.080078,0.000144,7.837001,0.242933,11.001026,4
building-fragmented,B,13,8.588867,0.00015,8.295427,0.29329,10.9635,4
building-fragmented,B,14,8.176658,0.000193,7.925265,0.2512,14.099169,4
building-fragmented,B,15,8.068985,0.000147,7.813836,0.255002,11.078094,4
building-fragmented,B,16,8.481361,0.000207,8.250714,0.23044,17.78169,4
building-fragmented,B,17,8.091045,9.8e-05,7.812706,0.278241,14.923661,4
building-fragmented,B,18,8.131098,0.000146,7.890694,0.240258,10.965519,4
building-fragmented,B,19,8.553108,0.00013,8.321386,0.231592,10.270561,4
building-fragmented,A1,0,14.920165,9.6e-05,14.747285,0.172784,211.654298,4
building-fragmented,A1,1,9.155878,9.1e-05,8.965293,0.190494,10.789574,4
building-fragmented,A1,2,8.29709,8.9e-05,8.121095,0.175906,10.737241,4
building-fragmented,A1,3,9.403777,0.000124,9.219296,0.184357,16.48964,4
building-fragmented,A1,4,8.517117,8.4e-05,8.350192,0.166841,10.727619,4
building-fragmented,A1,5,8.86038,8.2e-05,8.645514,0.214784,9.740081,4
building-fragmented,A1,6,8.70989,0.000128,8.49652,0.213242,15.632225,4
building-fragmented,A1,7,8.103902,8.1e-05,7.919393,0.184428,10.233317,4
building-fragmented,A1,8,8.110859,8.4e-05,7.939344,0.171431,9.820497,4
building-fragmented,A1,9,7.715046,8.2e-05,7.554439,0.160525,9.705973,4
building-fragmented,A1,10,7.879994,8.4e-05,7.710713,0.169197,9.694249,4
building-fragmented,A1,11,8.308334,8.1e-05,8.144389,0.163864,9.663946,4
building-fragmented,A1,12,8.034853,8.1e-05,7.844725,0.190047,9.646905,4
building-fragmented,A1,13,8.163454,8.4e-05,7.99079,0.17258,9.776511,4
building-fragmented,A1,14,8.119289,8.5e-05,7.960534,0.15867,10.242766,4
building-fragmented,A1,15,7.954399,8.5e-05,7.734013,0.220301,15.852096,4
building-fragmented,A1,16,7.807166,8.1e-05,7.642659,0.164426,9.892421,4
building-fragmented,A1,17,8.13695,8.3e-05,7.917901,0.218966,9.760952,4
building-fragmented,A1,18,8.22644,0.000106,8.001304,0.22503,15.05315,4
building-fragmented,A1,19,8.503891,8.1e-05,8.309695,0.194115,10.116682,4
building-warm,A0,0,7.410943,0.000171,7.222279,0.188493,210.214905,88
building-warm,A0,1,3.651871,0.000119,3.482347,0.169405,9.754395,88
building-warm,A0,2,4.095881,0.000108,3.928921,0.166852,9.802369,88
building-warm,A0,3,3.881289,0.000102,3.718708,0.162479,8.73908,88
building-warm,A0,4,3.719897,0.000108,3.550472,0.169317,8.7867,88
building-warm,A0,5,4.271451,9.1e-05,4.086712,0.184648,8.78079,88
building-warm,A0,6,3.992562,0.0001,3.831255,0.161207,8.854422,88
building-warm,A0,7,3.535722,9.5e-05,3.364805,0.170822,9.369173,88
building-warm,A0,8,4.48899,9.9e-05,4.331017,0.157874,9.428446,88
building-warm,A0,9,4.472805,0.000106,4.316491,0.156208,8.70439,88
building-warm,A0,10,4.600361,0.000103,4.435831,0.164427,11.206163,88
building-warm,A0,11,4.563364,0.000118,4.394965,0.168281,8.837535,88
building-warm,A0,12,4.533797,0.000112,4.363317,0.170368,8.828693,88
building-warm,A0,13,4.928126,0.000167,4.707862,0.220097,9.7305,88
building-warm,A0,14,4.597138,0.00017,4.386941,0.210027,10.294071,88
building-warm,A0,15,4.472746,0.000105,4.300668,0.171973,8.982493,88
building-warm,A0,16,4.328095,0.000102,4.14924,0.178753,8.75514,88
building-warm,A0,17,4.431453,0.0001,4.265739,0.165614,8.781546,88
building-warm,A0,18,4.532506,0.000113,4.376819,0.155574,8.834452,88
building-warm,A0,19,4.775333,0.000108,4.613792,0.161433,8.959968,88
building-warm,B,0,7.247443,0.00014,7.093782,0.153521,217.024604,88
building-warm,B,1,4.157693,0.000108,4.005002,0.152583,9.739345,88
building-warm,B,2,4.077131,0.000157,3.929791,0.147183,9.685811,88
building-warm,B,3,4.19936,0.000122,4.046397,0.152841,9.561791,88
building-warm,B,4,3.874126,0.000147,3.713871,0.160108,9.52058,88
building-warm,B,5,3.845313,0.000157,3.657017,0.188139,9.504862,88
building-warm,B,6,3.916743,0.000158,3.683108,0.233477,9.546533,88
building-warm,B,7,3.878454,0.000157,3.71264,0.165657,11.311143,88
building-warm,B,8,3.717566,0.000141,3.54883,0.168595,9.226434,88
building-warm,B,9,3.846694,0.00014,3.679329,0.167225,9.641485,88
building-warm,B,10,3.962907,0.000118,3.795356,0.167433,10.6446,88
building-warm,B,11,3.468157,0.000131,3.300956,0.16707,11.523375,88
building-warm,B,12,4.037294,0.000126,3.82613,0.211038,8.942886,88
building-warm,B,13,4.09721,0.00014,3.930268,0.166802,8.896159,88
building-warm,B,14,4.036845,0.00014,3.851107,0.185598,8.804446,88
building-warm,B,15,3.777966,0.000119,3.611981,0.165866,8.74944,88
building-warm,B,16,3.923148,0.000129,3.755947,0.167072,8.847107,88
building-warm,B,17,3.896723,0.000128,3.716728,0.179867,8.742928,88
building-warm,B,18,3.956946,0.000139,3.780057,0.17675,8.75432,88
building-warm,B,19,4.116104,0.000141,3.943797,0.172166,8.849231,88
building-warm,A1,0,5.960441,0.000137,5.717406,0.242898,211.141242,88
building-warm,A1,1,5.018086,0.000135,4.773334,0.244617,9.450121,88
building-warm,A1,2,3.665807,0.00012,3.425679,0.240008,9.325149,88
building-warm,A1,3,4.411045,0.000121,4.157908,0.253016,9.440518,88
building-warm,A1,4,4.503431,0.00012,4.261151,0.24216,9.328005,88
building-warm,A1,5,4.448747,0.000135,4.156331,0.292281,9.250025,88
building-warm,A1,6,4.492702,0.000141,4.257441,0.23512,9.465586,88
building-warm,A1,7,3.63588,8.6e-05,3.407879,0.227915,12.317438,88
building-warm,A1,8,4.506081,0.000406,4.249936,0.255739,9.521692,88
building-warm,A1,9,4.303801,0.000135,4.056426,0.24724,9.268789,88
building-warm,A1,10,3.90064,0.000126,3.64797,0.252544,11.795734,88
building-warm,A1,11,4.169407,0.000145,3.929706,0.239556,9.414028,88
building-warm,A1,12,3.974874,0.00012,3.738625,0.236129,9.738337,88
building-warm,A1,13,4.275054,0.000129,4.036135,0.23879,9.335575,88
building-warm,A1,14,3.760128,0.000135,3.524122,0.235871,9.189451,88
building-warm,A1,15,4.288044,0.000132,4.033991,0.253921,9.305369,88
building-warm,A1,16,3.763839,0.00013,3.527616,0.236093,9.255269,88
building-warm,A1,17,4.232483,9.1e-05,3.973856,0.258536,9.275695,88
building-warm,A1,18,3.831991,0.00012,3.593417,0.238454,9.319041,88
building-warm,A1,19,4.151452,0.00013,3.902234,0.249088,9.347053,88
cantilever64-cold,A0,0,10.272427,8.2e-05,10.028104,0.244241,190.489675,984
cantilever64-cold,A0,1,7.390624,9.6e-05,7.161303,0.229225,6.012649,984
cantilever64-cold,A0,2,7.334884,0.0001,7.088469,0.246315,6.120885,984
cantilever64-cold,A0,3,7.207101,0.000103,6.986798,0.2202,6.082235,984
cantilever64-cold,A0,4,7.403915,0.000109,7.105519,0.298287,6.149458,984
cantilever64-cold,A0,5,7.150645,0.000103,6.903636,0.246906,6.17646,984
cantilever64-cold,A0,6,7.160099,0.000102,6.920743,0.239254,6.310794,984
cantilever64-cold,A0,7,7.063605,0.000123,6.82054,0.242942,6.417204,984
cantilever64-cold,A0,8,7.460247,0.00012,7.19783,0.262297,6.499342,984
cantilever64-cold,A0,9,7.236312,0.000121,6.983834,0.252357,6.406034,984
cantilever64-cold,A0,10,7.233969,0.000112,6.989893,0.243964,6.602675,984
cantilever64-cold,A0,11,7.315959,0.000131,7.063757,0.252071,6.891766,984
cantilever64-cold,A0,12,7.287568,0.000143,7.032496,0.254929,8.560665,984
cantilever64-cold,A0,13,7.156505,0.000135,6.911415,0.244955,7.203638,984
cantilever64-cold,A0,14,7.074358,0.000126,6.823459,0.250773,7.605457,984
cantilever64-cold,A0,15,7.219891,0.000162,6.954736,0.264993,8.747381,984
cantilever64-cold,A0,16,7.049022,0.000155,6.832249,0.216618,7.210636,984
cantilever64-cold,A0,17,7.256814,0.000153,7.004974,0.251687,7.270929,984
cantilever64-cold,A0,18,7.183476,0.000114,6.936851,0.246511,7.231482,984
cantilever64-cold,A0,19,7.290616,0.000178,7.0234,0.267038,7.378042,984
cantilever64-cold,B,0,10.498028,0.000147,10.237771,0.26011,216.08789,984
cantilever64-cold,B,1,7.688102,8.7e-05,7.432528,0.255487,6.580932,984
cantilever64-cold,B,2,7.48031,0.000124,7.2318,0.248386,6.432224,984
cantilever64-cold,B,3,7.236576,0.00012,6.987624,0.248832,6.516895,984
cantilever64-cold,B,4,7.097918,0.000117,6.860445,0.237356,6.582717,984
cantilever64-cold,B,5,7.353794,0.000136,7.10524,0.248418,6.857561,984
cantilever64-cold,B,6,7.978897,0.000232,7.729597,0.249068,6.751829,984
cantilever64-cold,B,7,7.281095,0.000158,7.009411,0.271526,7.262308,984
cantilever64-cold,B,8,7.419746,0.000131,7.20823,0.211385,6.954535,984
cantilever64-cold,B,9,7.423872,0.000147,7.154252,0.269473,8.610087,984
cantilever64-cold,B,10,7.281082,0.000153,7.02341,0.257519,8.018449,984
cantilever64-cold,B,11,7.997383,0.000181,7.754566,0.242636,8.693908,984
cantilever64-cold,B,12,7.512953,0.00015,7.223374,0.289429,7.675141,984
cantilever64-cold,B,13,7.526661,0.000136,7.265414,0.261111,7.60748,984
cantilever64-cold,B,14,7.539334,0.000188,7.269073,0.270073,7.981736,984
cantilever64-cold,B,15,7.340074,0.000152,7.202141,0.137781,7.960413,984
cantilever64-cold,B,16,7.503192,0.000156,7.22129,0.281746,8.038885,984
cantilever64-cold,B,17,7.278152,0.000164,6.991313,0.286675,7.792248,984
cantilever64-cold,B,18,7.502942,0.000164,7.234896,0.267882,7.868792,984
cantilever64-cold,B,19,7.512664,0.000166,7.234566,0.277932,7.699648,984
cantilever64-cold,A1,0,9.83211,0.000124,9.72962,0.102366,205.729657,984
cantilever64-cold,A1,1,7.178387,0.000113,7.048071,0.130203,6.075105,984
cantilever64-cold,A1,2,7.293194,0.000177,7.149261,0.143756,7.971428,984
cantilever64-cold,A1,3,7.131669,0.000193,6.989583,0.141893,8.044699,984
cantilever64-cold,A1,4,7.230971,0.000203,7.055041,0.175727,8.176293,984
cantilever64-cold,A1,5,6.957804,0.000185,6.815358,0.142261,8.159311,984
cantilever64-cold,A1,6,7.121572,0.000175,6.978211,0.143186,8.018822,984
cantilever64-cold,A1,7,7.044075,0.00019,6.943786,0.100099,8.622145,984
cantilever64-cold,A1,8,6.998752,0.000175,6.855251,0.143326,7.90875,984
cantilever64-cold,A1,9,7.030816,0.000203,6.893521,0.137092,8.017863,984
cantilever64-cold,A1,10,7.14931,0.000198,6.956703,0.192409,8.735157,984
cantilever64-cold,A1,11,6.972047,0.000188,6.820248,0.151611,8.000334,984
cantilever64-cold,A1,12,7.013736,0.000171,6.916351,0.097214,8.656744,984
cantilever64-cold,A1,13,6.835722,0.000179,6.741318,0.094225,8.002053,984
cantilever64-cold,A1,14,6.854311,0.000166,6.718969,0.135176,8.400798,984
cantilever64-cold,A1,15,7.069973,0.000192,6.877476,0.192305,7.927111,984
cantilever64-cold,A1,16,7.043467,0.000176,6.85743,0.185861,7.945897,984
cantilever64-cold,A1,17,7.323884,0.000181,7.114118,0.209585,7.994428,984
cantilever64-cold,A1,18,7.00778,0.000177,6.812036,0.195567,7.792191,984
cantilever64-cold,A1,19,7.022403,0.00019,6.824148,0.198065,7.8792,984
cantilever64-warm,A0,0,9.794548,9.2e-05,9.586168,0.208288,215.735603,984
cantilever64-warm,A0,1,7.181091,0.000147,6.982972,0.197972,6.374393,984
cantilever64-warm,A0,2,6.874296,0.000129,6.68081,0.193357,7.024767,984
cantilever64-warm,A0,3,6.340187,0.000124,6.144875,0.195188,6.580111,984
cantilever64-warm,A0,4,7.012722,0.000134,6.827264,0.185324,6.296669,984
cantilever64-warm,A0,5,7.125114,0.000124,6.929786,0.195204,6.410944,984
cantilever64-warm,A0,6,6.913423,0.000142,6.702251,0.21103,6.52892,984
cantilever64-warm,A0,7,6.812093,0.000104,6.603449,0.20854,6.465948,984
cantilever64-warm,A0,8,7.012662,0.000112,6.83189,0.18066,6.720954,984
cantilever64-warm,A0,9,6.827308,0.000123,6.602874,0.224311,7.417962,984
cantilever64-warm,A0,10,6.904152,0.000115,6.692523,0.211514,6.668517,984
cantilever64-warm,A0,11,7.112567,0.00012,6.914496,0.197951,8.261885,984
cantilever64-warm,A0,12,7.116109,0.000156,6.922457,0.193496,8.779762,984
cantilever64-warm,A0,13,6.886293,0.00016,6.758473,0.12766,7.047889,984
cantilever64-warm,A0,14,7.089109,0.000159,6.87362,0.21533,7.363839,984
cantilever64-warm,A0,15,6.522035,0.000171,6.277438,0.244426,7.165291,984
cantilever64-warm,A0,16,7.196399,0.000135,6.981529,0.214735,7.334225,984
cantilever64-warm,A0,17,6.805082,0.000156,6.567578,0.237348,7.252724,984
cantilever64-warm,A0,18,7.016277,0.000119,6.75969,0.256468,7.232112,984
cantilever64-warm,A0,19,6.845972,0.000146,6.580368,0.265458,7.422887,984
cantilever64-warm,B,0,8.19754,9.4e-05,8.002451,0.194995,216.346112,984
cantilever64-warm,B,1,6.66982,0.000139,6.516569,0.153112,6.17001,984
cantilever64-warm,B,2,6.799831,0.000138,6.625152,0.174541,6.192283,984
cantilever64-warm,B,3,6.407322,0.000119,6.218917,0.188286,6.137176,984
cantilever64-warm,B,4,6.571144,0.00011,6.386147,0.184887,6.338103,984
cantilever64-warm,B,5,6.161055,0.000117,5.954321,0.206617,6.133706,984
cantilever64-warm,B,6,6.646967,0.000136,6.456234,0.190597,6.272305,984
cantilever64-warm,B,7,6.173067,0.000122,5.964383,0.208562,6.475142,984
cantilever64-warm,B,8,6.240877,0.000136,6.062726,0.178015,6.202468,984
cantilever64-warm,B,9,6.416787,0.000124,6.297041,0.119622,6.512996,984
cantilever64-warm,B,10,6.476218,0.000113,6.287076,0.189029,6.533566,984
cantilever64-warm,B,11,6.312158,0.000122,6.113137,0.198899,7.092643,984
cantilever64-warm,B,12,6.507834,0.000122,6.362034,0.145678,7.394949,984
cantilever64-warm,B,13,6.394246,9.9e-05,6.204185,0.189962,8.22451,984
cantilever64-warm,B,14,6.34064,0.000124,6.158074,0.182442,6.889472,984
cantilever64-warm,B,15,6.801822,0.000125,6.594904,0.206793,6.613423,984
cantilever64-warm,B,16,6.80363,0.000143,6.600802,0.202685,6.804902,984
cantilever64-warm,B,17,6.862158,0.000133,6.662379,0.199646,6.645258,984
cantilever64-warm,B,18,6.778983,0.000104,6.562451,0.216428,6.983686,984
cantilever64-warm,B,19,6.754135,0.000122,6.552403,0.20161,6.86716,984
cantilever64-warm,A1,0,9.521216,0.000144,9.337988,0.183084,210.263669,984
cantilever64-warm,A1,1,6.702101,0.00012,6.556178,0.145803,6.081538,984
cantilever64-warm,A1,2,6.515929,0.000113,6.363022,0.152794,5.938199,984
cantilever64-warm,A1,3,6.279821,0.000136,6.117058,0.162627,6.018845,984
cantilever64-warm,A1,4,6.370417,0.000136,6.215004,0.155277,6.166767,984
cantilever64-warm,A1,5,6.545376,0.000135,6.394765,0.150476,6.284275,984
cantilever64-warm,A1,6,7.100303,0.000152,6.956743,0.143408,6.415802,984
cantilever64-warm,A1,7,6.645528,0.000152,6.433032,0.212344,6.78383,984
cantilever64-warm,A1,8,6.448983,0.000143,6.223331,0.225509,6.641571,984
cantilever64-warm,A1,9,6.689645,0.000165,6.482544,0.206936,7.690321,984
cantilever64-warm,A1,10,6.780537,0.000149,6.581147,0.199241,6.75567,984
cantilever64-warm,A1,11,6.891158,0.000161,6.818695,0.072302,6.888078,984
cantilever64-warm,A1,12,6.907491,0.000184,6.648868,0.258439,8.574032,984
cantilever64-warm,A1,13,6.91769,0.000164,6.656585,0.260941,7.447254,984
cantilever64-warm,A1,14,6.964465,0.000176,6.713605,0.250684,7.202145,984
cantilever64-warm,A1,15,6.740572,0.000178,6.546743,0.193651,7.39657,984
cantilever64-warm,A1,16,6.735675,0.000173,6.583274,0.152228,7.349304,984
cantilever64-warm,A1,17,6.926558,0.000188,6.726267,0.200103,7.25176,984
cantilever64-warm,A1,18,6.780945,0.000169,6.645876,0.1349,7.062675,984
cantilever64-warm,A1,19,6.78531,0.000175,6.581191,0.203944,7.13281,984
chain256-cold,A0,0,7.871381,0.000109,7.7037,0.167572,188.632152,492
chain256-cold,A0,1,6.649641,0.0001,6.492634,0.156907,6.085619,492
chain256-cold,A0,2,6.122747,0.000101,5.951553,0.171093,5.987353,492
chain256-cold,A0,3,6.348607,9.9e-05,6.187944,0.160564,6.046825,492
chain256-cold,A0,4,6.03134,0.000102,5.857009,0.174229,5.947841,492
chain256-cold,A0,5,5.96565,0.0001,5.767313,0.198237,6.205984,492
chain256-cold,A0,6,6.450338,0.00011,6.281656,0.168572,6.544143,492
chain256-cold,A0,7,6.103874,0.000111,5.920279,0.183484,6.349497,492
chain256-cold,A0,8,6.091704,0.000115,5.922952,0.168637,6.550481,492
chain256-cold,A0,9,6.304273,0.000117,6.116797,0.187359,6.487598,492
chain256-cold,A0,10,6.189111,0.000119,5.996183,0.192809,6.627783,492
chain256-cold,A0,11,6.069875,0.000116,5.88395,0.185809,6.81423,492
chain256-cold,A0,12,6.473079,0.000116,6.319382,0.153581,6.814188,492
chain256-cold,A0,13,6.915042,0.000124,6.714915,0.200003,7.071442,492
chain256-cold,A0,14,7.256583,0.000128,7.068962,0.187493,7.459446,492
chain256-cold,A0,15,7.136523,0.000129,6.947933,0.188461,7.24896,492
chain256-cold,A0,16,6.777884,0.000136,6.651449,0.126299,7.398835,492
chain256-cold,A0,17,7.081999,0.000141,6.855012,0.226846,8.816472,492
chain256-cold,A0,18,7.234533,0.000153,7.089611,0.144769,7.700019,492
chain256-cold,A0,19,6.895143,0.000185,6.679831,0.215127,8.896425,492
chain256-cold,B,0,10.474631,0.00011,10.255551,0.21897,223.87658,492
chain256-cold,B,1,6.597215,9.4e-05,6.411351,0.18577,7.060838,492
chain256-cold,B,2,6.596978,0.000103,6.383866,0.213009,6.635559,492
chain256-cold,B,3,7.085342,0.000115,6.893368,0.191859,7.481853,492
chain256-cold,B,4,7.173464,0.000154,6.955386,0.217924,6.742687,492
chain256-cold,B,5,6.629531,0.000126,6.413659,0.215746,6.848429,492
chain256-cold,B,6,6.825097,0.000124,6.642871,0.182102,6.950859,492
chain256-cold,B,7,6.54535,0.000126,6.363607,0.181617,6.894258,492
chain256-cold,B,8,6.354457,0.000133,6.128844,0.22548,6.754925,492
chain256-cold,B,9,6.619378,0.000139,6.437874,0.181365,8.196994,492
chain256-cold,B,10,7.195853,0.000154,6.999187,0.196512,7.288986,492
chain256-cold,B,11,6.884656,0.00013,6.682251,0.202275,7.42744,492
chain256-cold,B,12,7.214947,0.000147,7.000151,0.214649,7.921813,492
chain256-cold,B,13,7.166261,0.000153,6.930995,0.235113,7.849033,492
chain256-cold,B,14,7.152427,0.000176,6.938438,0.213813,8.644655,492
chain256-cold,B,15,7.168435,0.000176,6.95526,0.212999,8.181439,492
chain256-cold,B,16,7.035972,0.000162,6.820503,0.215307,8.097929,492
chain256-cold,B,17,7.268135,0.000121,7.053778,0.214236,8.181988,492
chain256-cold,B,18,6.684957,0.000173,6.451202,0.233582,8.09578,492
chain256-cold,B,19,6.887051,0.000122,6.644489,0.24244,8.007442,492
chain256-cold,A1,0,9.160528,0.000125,8.985428,0.174975,188.949372,492
chain256-cold,A1,1,6.139284,0.000129,5.965322,0.173833,7.102281,492
chain256-cold,A1,2,6.127343,9.5e-05,5.943687,0.183561,6.464835,492
chain256-cold,A1,3,6.166079,0.000117,5.994253,0.171709,6.460886,492
chain256-cold,A1,4,5.884664,0.000115,5.713178,0.171371,6.33857,492
chain256-cold,A1,5,6.095181,0.000129,5.918295,0.176757,6.253967,492
chain256-cold,A1,6,6.76477,0.000161,6.593371,0.171238,6.279003,492
chain256-cold,A1,7,6.034097,0.000106,5.844482,0.189509,6.58617,492
chain256-cold,A1,8,5.882529,0.000141,5.708289,0.174099,6.682115,492
chain256-cold,A1,9,6.667062,0.000149,6.484892,0.182021,6.73248,492
chain256-cold,A1,10,6.370016,0.000174,6.191161,0.178681,6.584924,492
chain256-cold,A1,11,6.894372,0.000159,6.706832,0.187381,8.761461,492
chain256-cold,A1,12,5.976236,0.000155,5.790907,0.185174,6.66727,492
chain256-cold,A1,13,6.19116,0.000163,5.983468,0.207529,7.036951,492
chain256-cold,A1,14,6.132269,0.00016,5.917253,0.214856,8.975011,492
chain256-cold,A1,15,6.157188,0.000157,5.964302,0.192729,6.860263,492
chain256-cold,A1,16,5.994219,0.000213,5.787172,0.206834,7.339252,492
chain256-cold,A1,17,6.177984,0.000159,5.983271,0.194554,7.40519,492
chain256-cold,A1,18,6.318691,0.000169,6.114219,0.204303,7.209939,492
chain256-cold,A1,19,6.539717,0.000133,6.324093,0.215491,7.199259,492
chain256-warm,A0,0,9.761734,0.000131,9.548938,0.212665,212.950186,492
chain256-warm,A0,1,6.90673,0.000153,6.699921,0.206656,7.094514,492
chain256-warm,A0,2,6.779833,0.000152,6.591635,0.188046,6.890546,492
chain256-warm,A0,3,6.762777,0.00016,6.547177,0.21544,6.902387,492
chain256-warm,A0,4,6.842096,0.000155,6.654179,0.187762,6.85408,492
chain256-warm,A0,5,6.659385,0.000158,6.449104,0.210123,6.804815,492
chain256-warm,A0,6,7.194349,0.000125,6.980364,0.21386,7.31503,492
chain256-warm,A0,7,6.479483,0.000112,6.287661,0.19171,6.946122,492
chain256-warm,A0,8,6.824573,0.000109,6.635988,0.188476,6.755483,492
chain256-warm,A0,9,6.659052,0.000167,6.387649,0.271236,8.575449,492
chain256-warm,A0,10,7.167947,0.000178,6.917623,0.250146,7.458691,492
chain256-warm,A0,11,7.280256,0.000177,6.973166,0.306913,8.755242,492
chain256-warm,A0,12,7.00115,0.00019,6.869003,0.131957,7.591881,492
chain256-warm,A0,13,6.542141,0.000186,6.324501,0.217454,7.546643,492
chain256-warm,A0,14,6.957033,0.000138,6.739087,0.217808,7.862995,492
chain256-warm,A0,15,7.155683,0.000138,6.945173,0.210372,7.727405,492
chain256-warm,A0,16,6.865017,0.000125,6.638643,0.226249,7.97656,492
chain256-warm,A0,17,6.649361,0.000186,6.428674,0.220501,7.928434,492
chain256-warm,A0,18,6.568363,0.00018,6.346367,0.221816,7.796198,492
chain256-warm,A0,19,6.902024,0.000199,6.664639,0.237186,8.064407,492
chain256-warm,B,0,8.800094,9.4e-05,8.620706,0.179294,216.402258,492
chain256-warm,B,1,6.131453,9.7e-05,5.942567,0.188789,6.713265,492
chain256-warm,B,2,7.071665,9e-05,6.895963,0.175612,6.630198,492
chain256-warm,B,3,6.792249,9.8e-05,6.584634,0.207517,6.517589,492
chain256-warm,B,4,7.31741,0.000123,7.123031,0.194256,6.777677,492
chain256-warm,B,5,7.146584,9.5e-05,6.95091,0.195579,6.992528,492
chain256-warm,B,6,6.716528,9.7e-05,6.509383,0.207048,7.122742,492
chain256-warm,B,7,6.485932,0.000101,6.344208,0.141623,7.406773,492
chain256-warm,B,8,6.981832,0.000111,6.777787,0.203934,7.641319,492
chain256-warm,B,9,7.353411,0.000123,7.135736,0.217552,7.377437,492
chain256-warm,B,10,6.710591,0.000104,6.512927,0.19756,7.559038,492
chain256-warm,B,11,6.682598,0.000157,6.532662,0.149779,9.691518,492
chain256-warm,B,12,6.973945,0.000115,6.763156,0.210674,7.973696,492
chain256-warm,B,13,6.905459,0.000115,6.673385,0.231959,8.087282,492
chain256-warm,B,14,6.655045,0.000117,6.429563,0.225365,8.07297,492
chain256-warm,B,15,7.252635,0.000131,7.003969,0.248535,7.896568,492
chain256-warm,B,16,7.056032,0.000135,6.825131,0.230766,7.935117,492
chain256-warm,B,17,6.442087,0.000135,6.230096,0.211856,7.63312,492
chain256-warm,B,18,7.267565,0.000138,7.055104,0.212323,7.909861,492
chain256-warm,B,19,7.071577,0.000115,6.862889,0.208573,8.078578,492
chain256-warm,A1,0,10.029662,8.9e-05,9.847649,0.181924,205.244215,492
chain256-warm,A1,1,7.157156,8.3e-05,6.993324,0.163749,6.850149,492
chain256-warm,A1,2,6.589685,8.8e-05,6.428179,0.161418,6.622803,492
chain256-warm,A1,3,6.305592,9.2e-05,6.135512,0.169988,6.80741,492
chain256-warm,A1,4,5.826041,9.4e-05,5.665402,0.160545,6.738462,492
chain256-warm,A1,5,6.333474,8.7e-05,6.145198,0.188189,6.64958,492
chain256-warm,A1,6,6.767861,0.0001,6.585272,0.182489,6.886893,492
chain256-warm,A1,7,6.246217,9.1e-05,6.060773,0.185353,7.149285,492
chain256-warm,A1,8,7.844666,0.000147,7.665026,0.179493,6.9862,492
chain256-warm,A1,9,7.196379,0.000101,7.008124,0.188154,7.136434,492
chain256-warm,A1,10,7.18719,0.000111,6.993222,0.193857,8.503692,492
chain256-warm,A1,11,7.232961,0.000113,7.055172,0.177676,7.463245,492
chain256-warm,A1,12,6.418168,0.000152,6.236628,0.181388,7.897076,492
chain256-warm,A1,13,6.637865,0.00012,6.391281,0.246464,9.642333,492
chain256-warm,A1,14,6.417338,0.000108,6.176015,0.241215,7.967942,492
chain256-warm,A1,15,6.444718,0.00011,6.182685,0.261923,8.109365,492
chain256-warm,A1,16,6.522271,0.000114,6.346127,0.17603,7.690253,492
chain256-warm,A1,17,7.038545,0.000106,6.868109,0.17033,7.640219,492
chain256-warm,A1,18,7.038267,0.000111,6.734908,0.303248,7.742824,492
chain256-warm,A1,19,7.460956,0.000119,6.730554,0.730283,7.78407,492
chain32-cold,A0,0,4.325372,0.000136,4.161469,0.163767,208.556129,32
chain32-cold,A0,1,2.303767,0.000142,2.144228,0.159397,6.115873,32
chain32-cold,A0,2,2.278189,0.000134,2.109833,0.168222,6.103511,32
chain32-cold,A0,3,2.902052,0.00014,2.724146,0.177766,6.21586,32
chain32-cold,A0,4,2.945403,0.000126,2.782649,0.162628,6.121306,32
chain32-cold,A0,5,2.88907,0.000123,2.730051,0.158896,5.660224,32
chain32-cold,A0,6,3.465258,0.000128,3.298551,0.166579,5.674939,32
chain32-cold,A0,7,2.86938,0.009677,2.708821,0.150882,5.888685,32
chain32-cold,A0,8,2.882633,0.000119,2.731098,0.151416,5.685108,32
chain32-cold,A0,9,2.892092,0.000123,2.728057,0.163912,5.700576,32
chain32-cold,A0,10,2.843098,0.000138,2.669667,0.173293,5.718399,32
chain32-cold,A0,11,2.80269,0.000128,2.651882,0.15068,5.762266,32
chain32-cold,A0,12,2.767744,0.000109,2.617521,0.150114,5.823075,32
chain32-cold,A0,13,2.867486,0.000109,2.707588,0.159789,6.900869,32
chain32-cold,A0,14,2.736382,0.000116,2.582068,0.154198,5.903091,32
chain32-cold,A0,15,2.763049,0.000128,2.601555,0.161366,5.925202,32
chain32-cold,A0,16,2.782085,0.000119,2.631298,0.150668,5.743728,32
chain32-cold,A0,17,2.952235,0.000119,2.750331,0.201785,8.166802,32
chain32-cold,A0,18,2.810719,0.000136,2.642469,0.168114,6.586332,32
chain32-cold,A0,19,2.943857,0.000115,2.769682,0.17406,5.996202,32
chain32-cold,B,0,4.492092,7.8e-05,4.298744,0.19327,215.613348,32
chain32-cold,B,1,2.605613,9.2e-05,2.431736,0.173785,6.153511,32
chain32-cold,B,2,3.055047,0.000101,2.879103,0.175843,6.154628,32
chain32-cold,B,3,2.329868,0.000108,2.127394,0.202366,6.066957,32
chain32-cold,B,4,2.909477,8.4e-05,2.713524,0.195869,6.123342,32
chain32-cold,B,5,2.209513,0.00011,2.032699,0.176704,6.119192,32
chain32-cold,B,6,2.645437,0.000113,2.469502,0.175822,6.090669,32
chain32-cold,B,7,2.339899,9.5e-05,2.170017,0.169787,5.913887,32
chain32-cold,B,8,2.768147,9.3e-05,2.595815,0.172239,5.771466,32
chain32-cold,B,9,2.397596,0.000105,2.220322,0.177169,5.7192,32
chain32-cold,B,10,2.615006,7.8e-05,2.431771,0.183157,5.598208,32
chain32-cold,B,11,2.328577,9.8e-05,2.147272,0.181207,5.640153,32
chain32-cold,B,12,2.199674,0.00012,2.033675,0.165879,5.723734,32
chain32-cold,B,13,2.543646,8e-05,2.331563,0.212003,6.728798,32
chain32-cold,B,14,3.00218,0.000105,2.832497,0.169578,6.723025,32
chain32-cold,B,15,2.27255,9.3e-05,2.099711,0.172746,5.56806,32
chain32-cold,B,16,2.5341,0.00011,2.360444,0.173546,5.667038,32
chain32-cold,B,17,2.223444,7.1e-05,2.057314,0.166059,6.504037,32
chain32-cold,B,18,2.422771,7.5e-05,2.25789,0.164806,6.471576,32
chain32-cold,B,19,2.43715,0.000103,2.270793,0.166254,5.604075,32
chain32-cold,A1,0,6.928729,8.7e-05,6.719758,0.208884,207.523972,32
chain32-cold,A1,1,2.442078,0.000103,2.265456,0.176519,6.250891,32
chain32-cold,A1,2,2.993984,0.000103,2.813008,0.180873,6.119016,32
chain32-cold,A1,3,2.067945,0.000103,1.895426,0.172416,5.992429,32
chain32-cold,A1,4,2.033408,0.000116,1.866327,0.166965,6.035427,32
chain32-cold,A1,5,2.016251,0.000102,1.846205,0.169944,6.048138,32
chain32-cold,A1,6,2.763873,0.000108,2.594113,0.169652,6.031934,32
chain32-cold,A1,7,3.173814,0.000108,2.973876,0.19983,6.233286,32
chain32-cold,A1,8,3.047117,0.000105,2.846948,0.200064,6.141407,32
chain32-cold,A1,9,2.833979,0.000105,2.650341,0.183533,5.951699,32
chain32-cold,A1,10,2.815929,0.000106,2.649182,0.166641,6.080077,32
chain32-cold,A1,11,2.788608,0.000103,2.621872,0.166633,6.864736,32
chain32-cold,A1,12,2.91236,0.000113,2.741728,0.170519,6.16471,32
chain32-cold,A1,13,2.876689,9.5e-05,2.718362,0.158232,5.653447,32
chain32-cold,A1,14,2.780142,0.000108,2.620845,0.159189,5.754738,32
chain32-cold,A1,15,2.747582,9.1e-05,2.584141,0.16335,6.463381,32
chain32-cold,A1,16,3.409041,9.2e-05,3.250084,0.158865,5.790711,32
chain32-cold,A1,17,3.009315,9.2e-05,2.842303,0.16692,5.516259,32
chain32-cold,A1,18,2.707872,0.000103,2.544501,0.163268,6.74271,32
chain32-cold,A1,19,3.08477,9.3e-05,2.925322,0.159355,5.699625,32
chain32-warm,A0,0,6.079256,0.000155,5.834888,0.244213,209.620885,32
chain32-warm,A0,1,3.069313,0.000115,2.827673,0.241525,6.399266,32
chain32-warm,A0,2,2.517863,0.000115,2.262152,0.255596,7.263522,32
chain32-warm,A0,3,2.938958,0.00011,2.676589,0.262259,6.493253,32
chain32-warm,A0,4,2.500964,6.9e-05,2.248415,0.25248,6.228463,32
chain32-warm,A0,5,2.542244,0.000125,2.29507,0.247049,6.587932,32
chain32-warm,A0,6,2.049719,9.3e-05,1.784104,0.265522,6.353678,32
chain32-warm,A0,7,2.581925,0.000105,2.340648,0.241172,6.345607,32
chain32-warm,A0,8,2.337775,0.000104,2.113725,0.223946,6.396624,32
chain32-warm,A0,9,2.632432,0.000111,2.377537,0.254784,6.283917,32
chain32-warm,A0,10,2.83124,0.000115,2.575016,0.256109,6.405331,32
chain32-warm,A0,11,2.383827,9.8e-05,2.139284,0.244445,6.055156,32
chain32-warm,A0,12,2.433117,0.000103,2.19601,0.237004,5.898746,32
chain32-warm,A0,13,2.543234,9.1e-05,2.299738,0.243405,7.419541,32
chain32-warm,A0,14,1.853,0.000101,1.606177,0.246722,6.170826,32
chain32-warm,A0,15,2.559,9.7e-05,2.327985,0.230918,6.098868,32
chain32-warm,A0,16,2.195603,8.5e-05,1.975419,0.220099,6.595671,32
chain32-warm,A0,17,1.985141,9.5e-05,1.731437,0.253609,7.410608,32
chain32-warm,A0,18,2.492994,8.7e-05,2.255235,0.237672,6.094595,32
chain32-warm,A0,19,2.751821,9.2e-05,2.51588,0.235849,6.272068,32
chain32-warm,B,0,6.944343,9.5e-05,6.817562,0.126686,222.156221,32
chain32-warm,B,1,3.231184,9.2e-05,3.1094,0.121692,5.607437,32
chain32-warm,B,2,3.126135,0.000103,2.971283,0.154749,5.78335,32
chain32-warm,B,3,3.027268,9.1e-05,2.872668,0.154509,5.724605,32
chain32-warm,B,4,2.90485,9.3e-05,2.750319,0.154438,5.721873,32
chain32-warm,B,5,2.855154,0.000101,2.699663,0.15539,5.81259,32
chain32-warm,B,6,3.115349,9.8e-05,2.948663,0.166588,5.725251,32
chain32-warm,B,7,2.738286,0.000101,2.578106,0.160079,5.876877,32
chain32-warm,B,8,2.975276,6.9e-05,2.816031,0.159176,5.804905,32
chain32-warm,B,9,3.37707,0.000107,3.217832,0.159131,5.677664,32
chain32-warm,B,10,3.2874,0.000101,3.11948,0.167819,5.584573,32
chain32-warm,B,11,2.759575,9.5e-05,2.643316,0.116164,5.85007,32
chain32-warm,B,12,3.091219,0.000106,2.940911,0.150202,6.050801,32
chain32-warm,B,13,2.863408,0.000118,2.709479,0.153811,5.693768,32
chain32-warm,B,14,2.782876,9.2e-05,2.631041,0.151743,5.756582,32
chain32-warm,B,15,2.805372,8.8e-05,2.645314,0.15997,5.571222,32
chain32-warm,B,16,3.016796,9.2e-05,2.852282,0.164422,6.401173,32
chain32-warm,B,17,3.775191,9.1e-05,3.581434,0.193666,6.746268,32
chain32-warm,B,18,3.524525,8.9e-05,3.305382,0.219054,5.869803,32
chain32-warm,B,19,2.932484,0.000109,2.740704,0.191671,5.698413,32
chain32-warm,A1,0,5.621271,0.000152,5.513489,0.10763,204.486662,32
chain32-warm,A1,1,2.400162,9.2e-05,2.290239,0.109831,5.882019,32
chain32-warm,A1,2,1.97229,0.000141,1.851383,0.120766,6.000346,32
chain32-warm,A1,3,2.294099,0.00011,2.214324,0.079665,6.029635,32
chain32-warm,A1,4,1.808305,0.000139,1.707293,0.100873,5.962232,32
chain32-warm,A1,5,1.913497,0.000115,1.799878,0.113504,5.435851,32
chain32-warm,A1,6,1.978775,0.0001,1.884671,0.094004,5.495706,32
chain32-warm,A1,7,2.013878,0.000101,1.917904,0.095873,5.557211,32
chain32-warm,A1,8,1.791287,0.000125,1.692768,0.098394,5.465952,32
chain32-warm,A1,9,1.978814,0.000108,1.83404,0.144666,5.81217,32
chain32-warm,A1,10,1.882508,0.000121,1.739305,0.143082,5.520489,32
chain32-warm,A1,11,1.970302,0.00011,1.810804,0.159388,5.586295,32
chain32-warm,A1,12,2.059313,0.000138,1.900412,0.158763,5.537867,32
chain32-warm,A1,13,2.054747,0.000125,1.907819,0.146803,5.450116,32
chain32-warm,A1,14,1.933362,0.000127,1.776469,0.156766,7.440651,32
chain32-warm,A1,15,2.563019,0.000128,2.400635,0.162256,5.732368,32
chain32-warm,A1,16,3.10527,8.8e-05,2.951088,0.154094,6.438482,32
chain32-warm,A1,17,2.769593,0.000128,2.610088,0.159377,5.712152,32
chain32-warm,A1,18,2.752977,0.000121,2.59562,0.157236,5.546434,32
chain32-warm,A1,19,2.783998,0.00012,2.625867,0.158011,5.650953,32
dense12-cold,A0,0,32.863033,0.000145,32.617942,0.244946,223.036832,34
dense12-cold,A0,1,30.771923,0.000146,30.508673,0.263104,18.66669,34
dense12-cold,A0,2,29.977774,0.000171,29.712428,0.265175,19.829201,34
dense12-cold,A0,3,30.289933,0.000156,30.068612,0.221165,28.273437,34
dense12-cold,A0,4,30.549099,0.000174,30.328916,0.220009,25.612134,34
dense12-cold,A0,5,30.723684,0.000214,30.572509,0.150961,24.328108,34
dense12-cold,A0,6,30.689415,0.000222,30.507025,0.182168,25.574449,34
dense12-cold,A0,7,30.820237,0.000265,30.765712,0.05426,34.26285,34
dense12-cold,A0,8,30.713482,0.000194,30.486188,0.2271,28.186311,34
dense12-cold,A0,9,30.32692,0.000252,30.08933,0.237338,25.930464,34
dense12-cold,A0,10,30.168771,0.000217,30.026957,0.141597,26.234715,34
dense12-cold,A0,11,30.169088,0.000224,29.975188,0.193676,26.204746,34
dense12-cold,A0,12,30.831538,0.000255,30.554081,0.277202,28.634718,34
dense12-cold,A0,13,31.815106,0.000213,31.626949,0.187944,29.709342,34
dense12-cold,A0,14,31.498662,0.00023,31.306162,0.19227,28.341071,34
dense12-cold,A0,15,31.489303,0.000206,31.304997,0.1841,28.92391,34
dense12-cold,A0,16,31.623477,0.000225,31.55698,0.066272,34.574854,34
dense12-cold,A0,17,31.758368,0.000185,31.563168,0.195015,31.728761,34
dense12-cold,A0,18,31.722365,0.000167,31.413074,0.309124,27.7314,34
dense12-cold,A0,19,31.945455,0.000219,31.755614,0.189622,27.410053,34
dense12-cold,B,0,34.263777,9.1e-05,34.023572,0.240114,228.941723,34
dense12-cold,B,1,31.225615,0.000135,31.028692,0.196788,18.413948,34
dense12-cold,B,2,31.476139,0.000101,31.269536,0.206502,18.573071,34
dense12-cold,B,3,31.490296,0.00012,31.288081,0.202095,24.990707,34
dense12-cold,B,4,30.966546,0.00017,30.732296,0.23408,24.385452,34
dense12-cold,B,5,31.416774,0.000137,31.239688,0.176949,25.578421,34
dense12-cold,B,6,31.083893,0.000131,30.872099,0.211663,27.964444,34
dense12-cold,B,7,31.061389,0.000209,30.878435,0.182745,30.023505,34
dense12-cold,B,8,30.336116,0.000136,30.141206,0.194774,26.107699,34
dense12-cold,B,9,30.153098,0.000197,29.939322,0.213579,26.405789,34
dense12-cold,B,10,30.483028,0.000167,30.229844,0.253017,28.77193,34
dense12-cold,B,11,30.237914,0.000171,30.049177,0.188566,38.071981,34
dense12-cold,B,12,30.359132,9e-05,30.179108,0.179934,18.275588,34
dense12-cold,B,13,30.004995,0.000165,29.797135,0.207695,18.205463,34
dense12-cold,B,14,30.610471,0.000116,30.361651,0.248704,21.925325,34
dense12-cold,B,15,29.782351,0.000123,29.634522,0.147706,23.658637,34
dense12-cold,B,16,30.432519,0.000174,30.253423,0.178922,34.741232,34
dense12-cold,B,17,30.938496,0.000141,30.712467,0.225888,26.743829,34
dense12-cold,B,18,30.152054,0.000134,29.897011,0.254909,25.709995,34
dense12-cold,B,19,31.123846,0.000134,30.970838,0.152874,25.262781,34
dense12-cold,A1,0,33.073033,0.000155,32.812601,0.260277,222.378483,34
dense12-cold,A1,1,30.437463,0.000128,30.16583,0.271505,17.625782,34
dense12-cold,A1,2,30.910637,0.00013,30.64718,0.263327,18.958406,34
dense12-cold,A1,3,29.938138,0.000127,29.651918,0.286093,20.125278,34
dense12-cold,A1,4,30.377531,0.000174,30.229192,0.148165,27.950273,34
dense12-cold,A1,5,30.123311,0.000251,29.896828,0.226232,25.094263,34
dense12-cold,A1,6,30.230641,0.000179,29.972562,0.2579,25.374406,34
dense12-cold,A1,7,30.552887,0.000198,30.284425,0.268264,26.850983,34
dense12-cold,A1,8,30.67621,0.000212,30.504794,0.171204,29.511185,34
dense12-cold,A1,9,30.747605,0.000271,30.573915,0.173419,25.553047,34
dense12-cold,A1,10,30.797898,0.000184,30.546206,0.251508,26.40642,34
dense12-cold,A1,11,30.459148,0.000203,30.288173,0.170772,28.589001,34
dense12-cold,A1,12,31.135001,0.000176,30.925995,0.20883,26.26166,34
dense12-cold,A1,13,30.398955,0.000186,30.158716,0.240053,26.595904,34
dense12-cold,A1,14,30.22591,0.000201,29.990308,0.235401,26.402888,34
dense12-cold,A1,15,30.817117,0.000228,30.649606,0.167283,26.18419,34
dense12-cold,A1,16,31.414046,0.000214,31.353817,0.060015,32.680379,34
dense12-cold,A1,17,32.189522,0.000203,31.90823,0.281089,28.952653,34
dense12-cold,A1,18,31.180136,0.000181,30.994081,0.185874,26.503833,34
dense12-cold,A1,19,31.303951,0.000181,31.132,0.17177,26.458182,34
dense12-warm,A0,0,33.734196,0.000122,33.629029,0.105045,224.054952,34
dense12-warm,A0,1,29.683356,0.000134,29.535168,0.148054,18.713544,34
dense12-warm,A0,2,29.976649,9.6e-05,29.810886,0.165667,24.868861,34
dense12-warm,A0,3,30.99777,0.000183,30.848144,0.149443,24.337528,34
dense12-warm,A0,4,31.021779,0.000221,30.829423,0.192135,25.427055,34
dense12-warm,A0,5,31.097749,0.000228,30.968162,0.129359,25.379197,34
dense12-warm,A0,6,31.215483,0.000134,31.04221,0.173139,26.420399,34
dense12-warm,A0,7,31.283614,0.00016,31.110352,0.173102,29.574652,34
dense12-warm,A0,8,31.339675,0.000146,31.148534,0.190995,26.098103,34
dense12-warm,A0,9,31.198421,0.000136,31.006288,0.191997,26.547272,34
dense12-warm,A0,10,31.133029,0.000247,30.990901,0.141881,27.595514,34
dense12-warm,A0,11,31.236622,0.000248,31.08466,0.151714,32.490934,34
dense12-warm,A0,12,31.4564,0.00014,31.274144,0.182116,27.968531,34
dense12-warm,A0,13,31.387332,0.000224,31.180916,0.206192,26.227445,34
dense12-warm,A0,14,31.403644,0.000245,31.203122,0.200277,26.652229,34
dense12-warm,A0,15,31.203068,0.000171,31.075749,0.127148,26.55387,34
dense12-warm,A0,16,30.924832,0.000197,30.743017,0.181618,25.509123,34
dense12-warm,A0,17,31.761051,0.000161,31.584689,0.176201,27.823765,34
dense12-warm,A0,18,30.974499,0.000208,30.817576,0.156715,26.107372,34
dense12-warm,A0,19,31.669853,0.000191,31.520759,0.148903,26.255728,34
dense12-warm,B,0,34.624495,9.1e-05,34.45046,0.173944,228.919445,34
dense12-warm,B,1,31.143022,8.4e-05,30.968134,0.174804,16.965403,34
dense12-warm,B,2,31.164635,9.8e-05,30.974482,0.190055,17.88969,34
dense12-warm,B,3,31.293754,0.00012,31.065732,0.227902,21.851942,34
dense12-warm,B,4,31.060777,0.000131,30.85323,0.207416,22.202088,34
dense12-warm,B,5,30.940907,0.000128,30.792824,0.147955,23.901056,34
dense12-warm,B,6,31.171729,0.000151,30.992955,0.178623,29.768845,34
dense12-warm,B,7,31.206475,0.000151,31.002645,0.203679,27.869929,34
dense12-warm,B,8,31.425562,0.000146,31.240218,0.185198,27.428806,34
dense12-warm,B,9,31.440662,0.000157,31.173743,0.266762,26.212554,34
dense12-warm,B,10,31.163153,0.000238,30.984456,0.178459,27.872622,34
dense12-warm,B,11,31.459432,0.000145,31.213165,0.246122,28.187002,34
dense12-warm,B,12,31.809564,0.00016,31.620736,0.188668,28.69315,34
dense12-warm,B,13,31.376178,0.000144,31.211092,0.164942,27.628611,34
dense12-warm,B,14,31.208779,0.000148,30.938073,0.270558,26.052713,34
dense12-warm,B,15,31.453497,0.000167,31.255751,0.197579,27.868432,34
dense12-warm,B,16,31.205106,0.000203,30.929467,0.275436,27.662977,34
dense12-warm,B,17,31.117345,0.000151,30.958295,0.158899,27.530368,34
dense12-warm,B,18,30.892558,0.000154,30.701051,0.191353,26.133494,34
dense12-warm,B,19,31.554665,0.000163,31.372662,0.18184,28.396312,34
dense12-warm,A1,0,33.648387,0.000112,33.475419,0.172856,207.414414,34
dense12-warm,A1,1,31.067317,0.000115,30.884991,0.182211,17.104729,34
dense12-warm,A1,2,31.838562,0.000117,31.633117,0.205328,16.947582,34
dense12-warm,A1,3,31.122129,0.000158,30.922401,0.19957,22.569479,34
dense12-warm,A1,4,31.098158,0.000185,30.855335,0.242638,23.260038,34
dense12-warm,A1,5,31.286319,0.000177,31.065263,0.220879,25.30885,34
dense12-warm,A1,6,31.029457,0.000196,30.882341,0.14692,26.965381,34
dense12-warm,A1,7,31.461741,0.000185,31.260772,0.200784,26.275478,34
dense12-warm,A1,8,30.987142,0.000201,30.823926,0.163015,26.769048,34
dense12-warm,A1,9,30.875194,0.000215,30.689857,0.185122,28.527934,34
dense12-warm,A1,10,31.322908,0.000201,31.069117,0.25359,26.429649,34
dense12-warm,A1,11,31.147259,0.000172,30.953817,0.19327,24.47343,34
dense12-warm,A1,12,31.221128,0.000185,30.943192,0.277751,25.709163,34
dense12-warm,A1,13,31.781157,0.00024,31.609868,0.171049,38.432464,34
dense12-warm,A1,14,31.231367,0.000189,30.962353,0.268825,26.047431,34
dense12-warm,A1,15,30.784817,0.00018,30.534458,0.250179,26.222012,34
dense12-warm,A1,16,31.29287,0.000201,31.227329,0.06534,28.08221,34
dense12-warm,A1,17,30.864875,0.000235,30.685429,0.179211,28.60925,34
dense12-warm,A1,18,31.292901,0.000222,31.019837,0.272842,27.862436,34
dense12-warm,A1,19,31.195815,0.000216,31.020939,0.17466,27.506607,34
destruction-cold,A0,0,6.886448,0.000111,6.713626,0.172711,185.957856,1
destruction-cold,A0,1,3.134719,6.8e-05,2.969084,0.165567,5.30987,1
destruction-cold,A0,2,2.697786,9.8e-05,2.536417,0.161271,5.409946,1
destruction-cold,A0,3,2.242068,6.4e-05,2.069139,0.172865,5.439815,1
destruction-cold,A0,4,2.776005,8.4e-05,2.622626,0.153295,5.322811,1
destruction-cold,A0,5,2.705373,6.9e-05,2.532856,0.172448,6.676124,1
destruction-cold,A0,6,3.028939,6.6e-05,2.868987,0.159886,5.435423,1
destruction-cold,A0,7,2.598313,9.1e-05,2.443931,0.154291,5.481668,1
destruction-cold,A0,8,2.53264,0.0001,2.359913,0.172627,5.539808,1
destruction-cold,A0,9,3.119642,6.4e-05,2.960251,0.159327,5.501793,1
destruction-cold,A0,10,3.061899,6.8e-05,2.90678,0.155051,5.430291,1
destruction-cold,A0,11,2.916909,8.9e-05,2.747808,0.169012,5.475807,1
destruction-cold,A0,12,3.081001,7.2e-05,2.913746,0.167183,5.461619,1
destruction-cold,A0,13,3.062104,8e-05,2.905208,0.156816,5.396226,1
destruction-cold,A0,14,3.515476,8.2e-05,3.334971,0.180423,5.687005,1
destruction-cold,A0,15,2.998052,6.2e-05,2.848199,0.149791,5.297877,1
destruction-cold,A0,16,3.112227,7.1e-05,2.953789,0.158367,5.391623,1
destruction-cold,A0,17,3.42658,8.5e-05,3.272821,0.153674,5.324725,1
destruction-cold,A0,18,2.894094,6.4e-05,2.731038,0.162992,5.576614,1
destruction-cold,A0,19,2.869616,7.2e-05,2.714299,0.155245,5.249072,1
destruction-cold,B,0,7.346314,0.0001,7.1456,0.200614,204.360671,1
destruction-cold,B,1,3.566585,9.7e-05,3.406774,0.159714,5.522099,1
destruction-cold,B,2,3.287283,0.00012,3.125683,0.16148,5.64786,1
destruction-cold,B,3,3.027886,0.000115,2.862174,0.165597,5.459988,1
destruction-cold,B,4,3.068125,0.000126,2.908978,0.159021,5.486593,1
destruction-cold,B,5,3.740956,0.000121,3.564869,0.175966,5.473209,1
destruction-cold,B,6,3.271489,0.0001,3.114934,0.156455,5.460613,1
destruction-cold,B,7,3.079824,0.000124,2.914139,0.165561,5.969264,1
destruction-cold,B,8,3.463562,0.000107,3.289043,0.174412,5.588513,1
destruction-cold,B,9,3.101555,0.000124,2.94027,0.161161,5.589185,1
destruction-cold,B,10,3.070619,0.000146,2.907927,0.162546,5.651559,1
destruction-cold,B,11,3.08338,0.000119,2.921701,0.16156,5.498706,1
destruction-cold,B,12,3.39307,0.000126,3.239017,0.153927,5.508396,1
destruction-cold,B,13,3.450912,0.000115,3.280275,0.170522,5.431849,1
destruction-cold,B,14,3.027144,0.00012,2.866595,0.160429,6.07009,1
destruction-cold,B,15,3.245749,0.00012,3.080444,0.165185,5.45573,1
destruction-cold,B,16,3.469414,9.9e-05,3.297744,0.171571,5.412293,1
destruction-cold,B,17,3.068507,9.8e-05,2.884038,0.184371,5.535903,1
destruction-cold,B,18,3.411613,9.9e-05,3.250714,0.1608,6.639517,1
destruction-cold,B,19,2.958053,0.00013,2.795076,0.162847,5.568805,1
destruction-cold,A1,0,6.634902,0.000161,6.455565,0.179176,212.010895,1
destruction-cold,A1,1,2.857397,0.000115,2.677298,0.179984,5.89786,1
destruction-cold,A1,2,2.126429,0.000102,1.969431,0.156896,5.982628,1
destruction-cold,A1,3,2.075237,0.000139,1.911438,0.16366,5.332351,1
destruction-cold,A1,4,2.142156,0.000113,1.984333,0.15771,5.770138,1
destruction-cold,A1,5,2.960203,0.000111,2.802634,0.157458,6.205307,1
destruction-cold,A1,6,2.193952,0.000109,2.022478,0.171365,5.582571,1
destruction-cold,A1,7,2.257269,0.000448,2.09886,0.157961,5.638664,1
destruction-cold,A1,8,2.630927,0.000104,2.454058,0.176765,5.50935,1
destruction-cold,A1,9,2.3284,0.000108,2.175045,0.153247,5.974571,1
destruction-cold,A1,10,1.963937,0.000102,1.805686,0.158149,5.532814,1
destruction-cold,A1,11,2.196276,0.000109,2.034711,0.161456,5.443579,1
destruction-cold,A1,12,2.052239,0.000112,1.891752,0.160375,5.531706,1
destruction-cold,A1,13,2.665093,0.000113,2.507159,0.157821,5.308944,1
destruction-cold,A1,14,2.147759,0.00014,1.976026,0.171593,5.871579,1
destruction-cold,A1,15,2.579656,0.00012,2.402835,0.176701,5.420707,1
destruction-cold,A1,16,2.201046,0.000111,2.031878,0.169057,5.757252,1
destruction-cold,A1,17,2.932662,9.7e-05,2.77007,0.162495,5.399316,1
destruction-cold,A1,18,3.786511,9.7e-05,3.626229,0.160185,6.065136,1
destruction-cold,A1,19,1.803476,0.000112,1.653803,0.149561,6.028901,1
destruction-damaged,A0,0,6.784647,7.5e-05,6.617847,0.166725,204.214414,1
destruction-damaged,A0,1,3.265596,8.6e-05,3.114894,0.150616,5.360437,1
destruction-damaged,A0,2,3.00678,6.7e-05,2.849896,0.156817,5.369609,1
destruction-damaged,A0,3,3.078247,6.8e-05,2.91062,0.167559,5.45783,1
destruction-damaged,A0,4,3.345476,6.4e-05,3.190964,0.154448,5.830993,1
destruction-damaged,A0,5,3.249956,9.7e-05,3.067524,0.182335,5.990662,1
destruction-damaged,A0,6,2.952071,6.4e-05,2.797102,0.154905,5.410341,1
destruction-damaged,A0,7,3.077585,6.3e-05,2.924123,0.153399,5.687341,1
destruction-damaged,A0,8,3.304776,6.8e-05,3.151657,0.153051,5.558265,1
destruction-damaged,A0,9,3.158719,6.8e-05,2.99963,0.159021,5.668218,1
destruction-damaged,A0,10,2.267792,6.4e-05,2.112541,0.155187,5.404488,1
destruction-damaged,A0,11,2.05525,7.5e-05,1.889445,0.16573,5.763471,1
destruction-damaged,A0,12,2.510607,6.8e-05,2.357399,0.15314,6.082661,1
destruction-damaged,A0,13,2.137161,7.9e-05,1.971989,0.165093,5.322296,1
destruction-damaged,A0,14,1.873915,7.9e-05,1.702036,0.1718,5.56656,1
destruction-damaged,A0,15,2.875994,6.6e-05,2.724769,0.151159,5.243339,1
destruction-damaged,A0,16,2.617939,6.7e-05,2.449434,0.168438,6.484841,1
destruction-damaged,A0,17,3.559446,7.1e-05,3.404658,0.154717,11.346893,1
destruction-damaged,A0,18,3.096726,7.5e-05,2.939265,0.157386,5.263912,1
destruction-damaged,A0,19,3.256212,8.2e-05,3.089917,0.166213,5.176625,1
destruction-damaged,B,0,7.226662,0.00012,7.055309,0.171233,218.639682,1
destruction-damaged,B,1,3.540607,9.1e-05,3.375204,0.165312,5.9819,1
destruction-damaged,B,2,3.14262,9.1e-05,2.977936,0.164593,6.02351,1
destruction-damaged,B,3,3.145208,9.4e-05,2.977004,0.16811,6.039698,1
destruction-damaged,B,4,2.95481,9.2e-05,2.7883,0.166418,5.973132,1
destruction-damaged,B,5,2.905006,9.1e-05,2.738779,0.166136,6.064257,1
destruction-damaged,B,6,3.211214,9.2e-05,3.037948,0.173174,5.975781,1
destruction-damaged,B,7,3.031371,0.000118,2.864882,0.166371,6.036224,1
destruction-damaged,B,8,3.319162,0.000127,3.136718,0.182317,6.088625,1
destruction-damaged,B,9,3.286238,0.000119,3.112105,0.174014,6.070298,1
destruction-damaged,B,10,3.606351,0.000127,3.412584,0.19364,6.09406,1
destruction-damaged,B,11,3.184715,9.2e-05,3.018348,0.166275,6.406405,1
destruction-damaged,B,12,3.014096,0.0001,2.84661,0.167386,6.054175,1
destruction-damaged,B,13,3.004515,0.00012,2.835522,0.168873,5.847038,1
destruction-damaged,B,14,3.256643,9.2e-05,3.089654,0.166897,7.227277,1
destruction-damaged,B,15,3.3154,0.000104,3.147126,0.16817,7.082068,1
destruction-damaged,B,16,2.953869,0.000112,2.784056,0.169701,5.743121,1
destruction-damaged,B,17,4.252133,8.1e-05,4.093275,0.158777,5.694948,1
destruction-damaged,B,18,3.063898,8.1e-05,2.90331,0.160507,5.660436,1
destruction-damaged,B,19,2.956931,0.00011,2.779994,0.176827,5.493676,1
destruction-damaged,A1,0,7.22617,9.6e-05,7.064968,0.161106,208.183475,1
destruction-damaged,A1,1,3.808851,8.5e-05,3.652903,0.155863,5.465992,1
destruction-damaged,A1,2,3.163864,8.4e-05,2.997597,0.166183,5.371577,1
destruction-damaged,A1,3,3.190577,8.2e-05,3.034625,0.15587,5.352531,1
destruction-damaged,A1,4,3.124106,8.2e-05,2.962342,0.161682,5.305096,1
destruction-damaged,A1,5,3.678674,8e-05,3.517001,0.161593,5.242646,1
destruction-damaged,A1,6,3.167857,8.8e-05,3.010495,0.157274,5.381365,1
destruction-damaged,A1,7,3.469673,6.5e-05,3.302289,0.167319,5.501689,1
destruction-damaged,A1,8,2.955424,8e-05,2.802923,0.152421,5.370772,1
destruction-damaged,A1,9,3.135517,8.9e-05,2.985244,0.150184,5.331945,1
destruction-damaged,A1,10,3.228636,8.6e-05,3.073721,0.154829,5.412215,1
destruction-damaged,A1,11,3.233272,9.2e-05,3.077821,0.155359,5.397134,1
destruction-damaged,A1,12,3.181702,8.1e-05,3.027953,0.153668,5.373638,1
destruction-damaged,A1,13,3.903889,8.8e-05,3.721969,0.181832,6.051496,1
destruction-damaged,A1,14,3.099785,8.1e-05,2.919026,0.180678,6.83952,1
destruction-damaged,A1,15,3.049803,8.5e-05,2.894339,0.155379,5.325402,1
destruction-damaged,A1,16,3.029206,8.3e-05,2.878949,0.150174,5.413906,1
destruction-damaged,A1,17,3.66277,8.3e-05,3.509164,0.153523,5.352369,1
destruction-damaged,A1,18,3.985197,9e-05,3.826998,0.158109,6.639745,1
destruction-damaged,A1,19,3.256372,8.5e-05,3.071075,0.185212,5.6814,1
destruction-fractured,A0,0,9.357663,0.000155,9.178835,0.178673,221.029423,0
destruction-fractured,A0,1,4.831954,0.000116,4.662686,0.169152,6.18615,0
destruction-fractured,A0,2,4.887055,0.00011,4.72176,0.165185,5.974134,0
destruction-fractured,A0,3,2.958197,0.000117,2.778438,0.179642,5.968331,0
destruction-fractured,A0,4,3.339232,0.000139,3.170361,0.168732,5.964523,0
destruction-fractured,A0,5,3.350718,0.000117,3.215335,0.135266,7.596438,0
destruction-fractured,A0,6,5.306258,0.000148,5.110767,0.195343,6.28925,0
destruction-fractured,A0,7,4.849068,0.00014,4.685322,0.163606,6.539564,0
destruction-fractured,A0,8,5.381327,0.00014,5.1099,0.271287,6.065455,0
destruction-fractured,A0,9,4.961337,0.000145,4.743128,0.218064,6.486918,0
destruction-fractured,A0,10,5.005024,0.000122,4.814148,0.190754,6.505523,0
destruction-fractured,A0,11,4.802845,0.000106,4.611073,0.191666,5.819218,0
destruction-fractured,A0,12,4.478811,0.000131,4.362448,0.116232,5.552043,0
destruction-fractured,A0,13,5.013748,0.000133,4.844638,0.168977,5.742909,0
destruction-fractured,A0,14,5.45604,0.000125,5.281359,0.174556,6.880317,0
destruction-fractured,A0,15,4.58714,0.000126,4.411514,0.1755,5.727229,0
destruction-fractured,A0,16,4.451528,0.000105,4.285956,0.165467,5.666548,0
destruction-fractured,A0,17,4.597426,0.00012,4.428128,0.169178,7.19724,0
destruction-fractured,A0,18,4.491752,9.5e-05,4.319439,0.172218,5.724898,0
destruction-fractured,A0,19,4.770788,0.000125,4.588312,0.182351,5.724846,0
destruction-fractured,B,0,10.369509,0.000106,10.19932,0.170083,217.006028,0
destruction-fractured,B,1,5.905831,0.00032,5.705732,0.199779,6.091571,0
destruction-fractured,B,2,5.096192,0.000106,4.8722,0.223886,6.042515,0
destruction-fractured,B,3,5.175734,0.000139,4.937798,0.237797,5.985207,0
destruction-fractured,B,4,4.811324,0.000115,4.546939,0.26427,6.1412,0
destruction-fractured,B,5,5.138862,0.000129,4.9328,0.205933,6.321606,0
destruction-fractured,B,6,4.596046,0.000147,4.398004,0.197895,6.153428,0
destruction-fractured,B,7,5.36603,0.000157,5.196757,0.169116,6.127228,0
destruction-fractured,B,8,5.498338,0.000129,5.308916,0.189293,5.996547,0
destruction-fractured,B,9,4.994422,0.000136,4.807443,0.186843,6.427852,0
destruction-fractured,B,10,9.738795,0.000148,9.645099,0.093548,6.952477,0
destruction-fractured,B,11,4.181518,0.000121,3.607918,0.573479,5.816971,0
destruction-fractured,B,12,8.795346,0.00023,8.534901,0.260215,10.717039,0
destruction-fractured,B,13,5.075793,0.000247,4.807764,0.267782,10.17935,0
destruction-fractured,B,14,4.877795,0.000281,4.734516,0.142998,9.820831,0
destruction-fractured,B,15,5.730383,0.000211,5.50981,0.220362,9.161207,0
destruction-fractured,B,16,4.727574,0.000231,4.497701,0.229642,9.33388,0
destruction-fractured,B,17,4.786887,0.000235,4.57715,0.209502,8.614291,0
destruction-fractured,B,18,4.661172,0.000211,4.442731,0.21823,8.041819,0
destruction-fractured,B,19,4.603483,0.000212,4.378814,0.224457,7.673665,0
destruction-fractured,A1,0,10.152203,0.000117,9.989992,0.162094,206.978506,0
destruction-fractured,A1,1,4.920506,0.000127,4.760149,0.16023,5.888888,0
destruction-fractured,A1,2,5.440733,0.000115,5.280197,0.160421,5.799412,0
destruction-fractured,A1,3,4.562672,0.00011,4.404422,0.15814,5.724713,0
destruction-fractured,A1,4,5.493578,0.000116,5.315754,0.177708,5.737361,0
destruction-fractured,A1,5,4.759055,0.000115,4.585962,0.172978,5.676784,0
destruction-fractured,A1,6,4.694433,0.000124,4.536888,0.157421,5.800173,0
destruction-fractured,A1,7,4.682964,0.000132,4.512619,0.170213,5.951139,0
destruction-fractured,A1,8,4.356155,0.000113,4.180352,0.17569,5.743034,0
destruction-fractured,A1,9,4.501378,0.000116,4.342064,0.159198,5.464127,0
destruction-fractured,A1,10,6.23898,0.000106,6.077918,0.160956,5.553218,0
destruction-fractured,A1,11,5.905512,0.00012,5.749599,0.155793,6.400436,0
destruction-fractured,A1,12,5.10926,0.000127,4.951119,0.158014,5.650182,0
destruction-fractured,A1,13,4.637763,0.000122,4.473336,0.164305,5.929211,0
destruction-fractured,A1,14,4.653085,0.000111,4.496004,0.15697,6.216398,0
destruction-fractured,A1,15,4.66978,0.000141,4.50938,0.160259,7.825744,0
destruction-fractured,A1,16,4.813428,0.000102,4.623274,0.190052,5.741643,0
destruction-fractured,A1,17,5.975344,0.000127,5.809074,0.166143,6.139359,0
destruction-fractured,A1,18,4.715931,0.000109,4.558456,0.157366,5.763307,0
destruction-fractured,A1,19,4.537206,0.000111,4.374941,0.162154,5.78712,0
destruction-intact,A0,0,6.459831,0.000126,6.325289,0.134416,208.244642,1
destruction-intact,A0,1,3.214924,8.9e-05,3.079242,0.135593,5.6093,1
destruction-intact,A0,2,3.28732,8.3e-05,3.114858,0.172379,5.741776,1
destruction-intact,A0,3,3.396427,8.9e-05,3.262948,0.13339,5.609529,1
destruction-intact,A0,4,2.895347,9.5e-05,2.774016,0.121236,5.393186,1
destruction-intact,A0,5,2.962469,9.6e-05,2.824983,0.13739,5.221294,1
destruction-intact,A0,6,3.077124,8.8e-05,2.956376,0.12066,5.135526,1
destruction-intact,A0,7,3.045776,0.00011,2.922325,0.123341,5.539425,1
destruction-intact,A0,8,3.142724,8.4e-05,3.007616,0.135024,5.105384,1
destruction-intact,A0,9,2.95082,9.6e-05,2.830464,0.12026,5.275066,1
destruction-intact,A0,10,2.879954,9.1e-05,2.756953,0.12291,5.181358,1
destruction-intact,A0,11,3.714042,0.000106,3.576837,0.137099,5.245535,1
destruction-intact,A0,12,3.002199,0.000103,2.879987,0.122109,5.217855,1
destruction-intact,A0,13,2.365634,8.5e-05,2.24402,0.121529,5.261215,1
destruction-intact,A0,14,2.764978,8.1e-05,2.677192,0.087705,6.24688,1
destruction-intact,A0,15,3.004962,6e-05,2.867282,0.13762,5.202961,1
destruction-intact,A0,16,3.162135,9.6e-05,3.040326,0.121713,5.071478,1
destruction-intact,A0,17,3.147399,9.3e-05,3.013464,0.133842,5.171615,1
destruction-intact,A0,18,3.932631,9.5e-05,3.796942,0.135594,6.020333,1
destruction-intact,A0,19,4.215403,8.8e-05,4.095138,0.120177,7.186273,1
destruction-intact,B,0,7.641911,6.4e-05,7.447271,0.194576,194.729751,1
destruction-intact,B,1,3.184699,6.8e-05,3.012666,0.171965,5.490431,1
destruction-intact,B,2,3.033049,8e-05,2.865195,0.167774,5.46928,1
destruction-intact,B,3,3.179975,9.5e-05,2.994266,0.185614,5.412034,1
destruction-intact,B,4,3.307429,0.000102,3.105534,0.201793,5.513165,1
destruction-intact,B,5,3.258599,9.6e-05,3.016954,0.241549,5.403986,1
destruction-intact,B,6,3.244451,9.9e-05,3.101448,0.142904,5.433914,1
destruction-intact,B,7,3.206695,9.3e-05,3.042608,0.163994,5.622309,1
destruction-intact,B,8,3.137752,0.000102,2.955747,0.181903,5.459619,1
destruction-intact,B,9,3.154611,8.4e-05,2.961062,0.193465,5.41222,1
destruction-intact,B,10,3.019857,9.5e-05,2.828106,0.191656,5.462903,1
destruction-intact,B,11,3.189847,0.000112,2.998157,0.191578,5.425951,1
destruction-intact,B,12,3.155386,0.000105,2.985472,0.169809,5.820088,1
destruction-intact,B,13,3.434638,0.000109,3.223032,0.211497,5.624274,1
destruction-intact,B,14,3.263874,0.000145,3.022016,0.241713,8.658428,1
destruction-intact,B,15,3.692959,0.000144,3.562527,0.130288,7.182856,1
destruction-intact,B,16,3.153466,0.000101,2.975101,0.178264,7.533626,1
destruction-intact,B,17,3.147589,0.000134,2.972658,0.174797,7.122422,1
destruction-intact,B,18,3.173493,0.00015,2.996662,0.176681,7.140945,1
destruction-intact,B,19,3.419225,0.000127,3.241428,0.17767,9.060245,1
destruction-intact,A1,0,6.086308,0.000108,5.899721,0.186479,202.159811,1
destruction-intact,A1,1,2.570231,0.000117,2.37712,0.192994,6.119642,1
destruction-intact,A1,2,2.863721,0.000108,2.690127,0.173486,5.849229,1
destruction-intact,A1,3,2.927236,0.000101,2.807853,0.119282,5.788362,1
destruction-intact,A1,4,2.521553,0.000135,2.381839,0.139579,5.778995,1
destruction-intact,A1,5,2.342097,8.9e-05,2.12892,0.213088,5.960044,1
destruction-intact,A1,6,2.363992,8.7e-05,2.134655,0.22925,5.761055,1
destruction-intact,A1,7,2.759518,0.000128,2.640452,0.118938,5.969118,1
destruction-intact,A1,8,2.402098,9.3e-05,2.228436,0.173569,5.667128,1
destruction-intact,A1,9,2.404839,0.000103,2.183882,0.220854,5.612307,1
destruction-intact,A1,10,2.578662,8.2e-05,2.400995,0.177585,5.40113,1
destruction-intact,A1,11,2.400917,8.1e-05,2.228346,0.17249,5.433002,1
destruction-intact,A1,12,2.543084,0.000104,2.35993,0.18305,5.435515,1
destruction-intact,A1,13,2.835243,8.1e-05,2.659329,0.175833,5.99279,1
destruction-intact,A1,14,2.184574,0.000105,1.993274,0.191195,7.693582,1
destruction-intact,A1,15,2.048229,0.000105,1.879652,0.168472,5.350427,1
destruction-intact,A1,16,2.710144,0.000102,2.536339,0.173703,5.462024,1
destruction-intact,A1,17,2.368729,0.000115,2.170604,0.19801,5.492514,1
destruction-intact,A1,18,2.58444,0.000102,2.333297,0.251041,5.995082,1
destruction-intact,A1,19,2.751324,9.3e-05,2.538801,0.21243,5.746056,1
destruction-onset,A0,0,7.451875,0.000122,7.349357,0.102396,227.54509,1
destruction-onset,A0,1,3.69713,8.6e-05,3.597625,0.099419,5.776824,1
destruction-onset,A0,2,3.714876,9.1e-05,3.615255,0.09953,5.849695,1
destruction-onset,A0,3,3.671077,9.6e-05,3.517256,0.153725,5.762336,1
destruction-onset,A0,4,3.708628,9.1e-05,3.493572,0.214965,5.763629,1
destruction-onset,A0,5,3.775517,0.000108,3.611473,0.163936,5.826068,1
destruction-onset,A0,6,4.029543,0.000115,3.872836,0.156592,5.82379,1
destruction-onset,A0,7,4.031287,0.000117,3.847446,0.183724,5.921425,1
destruction-onset,A0,8,3.647495,8.5e-05,3.487237,0.160173,5.941543,1
destruction-onset,A0,9,3.751673,0.000127,3.581405,0.170141,6.075281,1
destruction-onset,A0,10,3.512168,0.000111,3.365813,0.146244,5.752149,1
destruction-onset,A0,11,3.565638,7.8e-05,3.395067,0.170493,5.66906,1
destruction-onset,A0,12,4.010955,0.000119,3.844193,0.166643,7.898517,1
destruction-onset,A0,13,3.612135,0.000122,3.447278,0.164735,8.420336,1
destruction-onset,A0,14,4.004248,7.7e-05,3.827547,0.176624,5.910648,1
destruction-onset,A0,15,3.853636,0.00012,3.714307,0.139209,5.901535,1
destruction-onset,A0,16,4.460121,0.000101,4.291838,0.168182,6.231809,1
destruction-onset,A0,17,3.618059,7.4e-05,3.467091,0.150894,5.835182,1
destruction-onset,A0,18,5.0395,0.000115,4.883933,0.155452,6.25505,1
destruction-onset,A0,19,3.614194,0.000103,3.461893,0.152198,5.849704,1
destruction-onset,B,0,8.200174,0.000134,8.03587,0.16417,216.329827,1
destruction-onset,B,1,4.156604,0.000125,3.986465,0.170014,5.942645,1
destruction-onset,B,2,3.870445,0.000105,3.709299,0.161041,5.903568,1
destruction-onset,B,3,3.82641,0.000124,3.666136,0.16015,5.782055,1
destruction-onset,B,4,3.730441,0.000138,3.566465,0.163838,5.772668,1
destruction-onset,B,5,3.980928,0.000127,3.816908,0.163893,5.875113,1
destruction-onset,B,6,3.766979,0.000156,3.599933,0.16689,5.634379,1
destruction-onset,B,7,3.674978,0.000114,3.505113,0.169751,5.845044,1
destruction-onset,B,8,4.007073,0.00012,3.832824,0.174129,5.718202,1
destruction-onset,B,9,3.893706,0.000115,3.729237,0.164354,5.408895,1
destruction-onset,B,10,3.682501,0.000118,3.517334,0.165049,5.492569,1
destruction-onset,B,11,3.755949,0.000127,3.598812,0.15701,5.431696,1
destruction-onset,B,12,4.404394,0.000102,4.25021,0.154082,6.316367,1
destruction-onset,B,13,3.744113,0.000111,3.579346,0.164656,5.415972,1
destruction-onset,B,14,3.668956,0.000112,3.512109,0.156735,5.559697,1
destruction-onset,B,15,3.787111,0.000135,3.63052,0.156456,5.466497,1
destruction-onset,B,16,4.679688,0.000125,4.522482,0.157081,8.622057,1
destruction-onset,B,17,3.751706,9.3e-05,3.577664,0.173949,5.714882,1
destruction-onset,B,18,3.625672,0.000123,3.455664,0.169885,5.794094,1
destruction-onset,B,19,3.836371,0.00015,3.615916,0.220305,5.600027,1
destruction-onset,A1,0,5.251917,0.000106,5.09067,0.161141,198.105891,1
destruction-onset,A1,1,3.202774,8.4e-05,2.975356,0.227334,5.932117,1
destruction-onset,A1,2,3.693837,7.2e-05,3.484955,0.20881,5.651344,1
destruction-onset,A1,3,2.502423,0.000109,2.283982,0.218332,5.956968,1
destruction-onset,A1,4,3.622694,0.000119,3.390731,0.231844,5.830988,1
destruction-onset,A1,5,3.100663,7.6e-05,2.93776,0.162827,5.546188,1
destruction-onset,A1,6,2.880787,6.5e-05,2.708819,0.171903,5.754712,1
destruction-onset,A1,7,2.672671,0.000104,2.499229,0.173338,5.771717,1
destruction-onset,A1,8,2.907451,7.2e-05,2.743695,0.163684,5.847752,1
destruction-onset,A1,9,2.590527,0.000115,2.433077,0.157335,5.485535,1
destruction-onset,A1,10,2.251,8e-05,2.093676,0.157244,5.526235,1
destruction-onset,A1,11,3.164986,8.4e-05,2.969608,0.195294,5.931124,1
destruction-onset,A1,12,2.937808,0.000117,2.744519,0.193172,5.846703,1
destruction-onset,A1,13,2.846007,0.000118,2.638035,0.207854,5.723331,1
destruction-onset,A1,14,3.398398,9.1e-05,3.192163,0.206144,6.357075,1
destruction-onset,A1,15,2.755961,0.00012,2.674004,0.081837,5.196852,1
destruction-onset,A1,16,2.625813,9.3e-05,2.541622,0.084098,5.26075,1
destruction-onset,A1,17,2.65417,0.000113,2.573852,0.080205,5.211263,1
destruction-onset,A1,18,3.360672,0.000118,3.203186,0.157368,5.476437,1
destruction-onset,A1,19,3.564279,9.5e-05,3.407067,0.157117,6.539717,1
destruction-stimulus,A0,0,7.996117,0.022863,7.769624,0.20363,204.31126,1
destruction-stimulus,A0,1,4.070723,0.002298,3.916168,0.152257,6.313267,1
destruction-stimulus,A0,2,3.723791,0.00167,3.574898,0.147223,5.817748,1
destruction-stimulus,A0,3,3.395471,0.001462,3.227986,0.166023,5.852881,1
destruction-stimulus,A0,4,3.648831,0.001377,3.497166,0.150288,5.791656,1
destruction-stimulus,A0,5,3.180431,0.001831,3.028845,0.149755,5.647457,1
destruction-stimulus,A0,6,2.817865,0.001442,2.661134,0.155289,5.766529,1
destruction-stimulus,A0,7,3.041758,0.001588,2.890089,0.150081,5.82883,1
destruction-stimulus,A0,8,3.076718,0.001403,2.92322,0.152095,5.679286,1
destruction-stimulus,A0,9,2.58844,0.001719,2.425694,0.161027,5.630488,1
destruction-stimulus,A0,10,3.181232,0.00154,3.031035,0.148657,5.726398,1
destruction-stimulus,A0,11,3.804568,0.001574,3.653016,0.149978,5.591293,1
destruction-stimulus,A0,12,2.780309,0.001834,2.628841,0.149634,5.891094,1
destruction-stimulus,A0,13,2.630983,0.001365,2.480264,0.149354,5.903324,1
destruction-stimulus,A0,14,2.76534,0.001322,2.62188,0.142138,6.020612,1
destruction-stimulus,A0,15,3.091548,0.00139,2.933931,0.156227,5.211885,1
destruction-stimulus,A0,16,2.426656,0.001351,2.270282,0.155023,5.378427,1
destruction-stimulus,A0,17,2.507283,0.001343,2.365529,0.140411,5.250518,1
destruction-stimulus,A0,18,2.823029,0.001474,2.660952,0.160603,5.994013,1
destruction-stimulus,A0,19,2.427543,0.001489,2.285474,0.14058,7.274641,1
destruction-stimulus,B,0,7.89774,0.002984,7.744075,0.150681,193.332548,1
destruction-stimulus,B,1,4.015015,0.001816,3.863821,0.149378,5.486104,1
destruction-stimulus,B,2,3.948212,0.001876,3.785734,0.160602,5.427721,1
destruction-stimulus,B,3,3.863427,0.001408,3.716711,0.145308,7.170653,1
destruction-stimulus,B,4,3.719996,0.001795,3.559696,0.158505,5.393538,1
destruction-stimulus,B,5,3.682514,0.001711,3.542431,0.138372,5.478311,1
destruction-stimulus,B,6,3.795651,0.001518,3.64095,0.153183,5.43893,1
destruction-stimulus,B,7,3.745838,0.001594,3.59403,0.150214,5.556238,1
destruction-stimulus,B,8,3.77717,0.001751,3.618158,0.157261,5.409649,1
destruction-stimulus,B,9,3.688498,0.001998,3.54026,0.14624,5.379696,1
destruction-stimulus,B,10,3.563471,0.001516,3.417135,0.14482,5.441057,1
destruction-stimulus,B,11,3.767424,0.001902,3.620328,0.145194,5.396075,1
destruction-stimulus,B,12,3.841658,0.001519,3.689971,0.150168,5.552232,1
destruction-stimulus,B,13,3.81352,0.001532,3.667166,0.144822,5.513568,1
destruction-stimulus,B,14,3.739204,0.001531,3.583808,0.153865,5.683253,1
destruction-stimulus,B,15,3.698264,0.001752,3.54057,0.155942,5.297072,1
destruction-stimulus,B,16,4.456376,0.001599,4.305673,0.149104,7.141621,1
destruction-stimulus,B,17,3.896718,0.001605,3.749029,0.146084,5.358074,1
destruction-stimulus,B,18,3.668246,0.001531,3.494221,0.172494,5.812746,1
destruction-stimulus,B,19,3.756255,0.001546,3.604233,0.150476,5.310431,1
destruction-stimulus,A1,0,6.705431,0.002877,6.567453,0.135101,206.855401,1
destruction-stimulus,A1,1,2.863168,0.001762,2.724941,0.136465,5.855442,1
destruction-stimulus,A1,2,3.133854,0.001698,3.00132,0.130836,5.776894,1
destruction-stimulus,A1,3,2.496052,0.001548,2.364663,0.129841,5.801995,1
destruction-stimulus,A1,4,2.731841,0.00153,2.58277,0.147541,5.790602,1
destruction-stimulus,A1,5,2.275087,0.001698,2.126094,0.147295,5.832857,1
destruction-stimulus,A1,6,2.674925,0.001764,2.543608,0.129553,5.752447,1
destruction-stimulus,A1,7,2.707057,0.001826,2.569746,0.135485,5.939592,1
destruction-stimulus,A1,8,2.377884,0.001931,2.248666,0.127287,5.719256,1
destruction-stimulus,A1,9,2.665571,0.001517,2.528038,0.136016,5.630679,1
destruction-stimulus,A1,10,2.838501,0.001551,2.724265,0.112685,5.827169,1
destruction-stimulus,A1,11,2.442955,0.001583,2.282686,0.158686,5.672334,1
destruction-stimulus,A1,12,2.32139,0.001656,2.150501,0.169233,5.797913,1
destruction-stimulus,A1,13,2.69824,0.001749,2.538882,0.157609,5.640005,1
destruction-stimulus,A1,14,2.559529,0.00185,2.395204,0.162475,6.214431,1
destruction-stimulus,A1,15,3.233685,0.001757,3.100306,0.131622,5.77959,1
destruction-stimulus,A1,16,2.926959,0.001771,2.743806,0.181382,6.007051,1
destruction-stimulus,A1,17,2.659586,0.001649,2.493135,0.164802,5.681817,1
destruction-stimulus,A1,18,3.337187,0.00139,3.1834,0.152397,6.233591,1
destruction-stimulus,A1,19,2.544421,0.002069,2.363677,0.178675,14.540364,1
flying,A0,0,3.052404,0.000142,3.051775,0.000487,130.305476,0
flying,A0,1,2.113929,0.000108,2.113429,0.000392,0.684905,0
flying,A0,2,2.061309,0.000116,2.060731,0.000462,0.590962,0
flying,A0,3,1.946879,0.000107,1.946382,0.00039,0.612391,0
flying,A0,4,1.904356,9.1e-05,1.903812,0.000453,0.581108,0
flying,A0,5,2.118938,0.00014,2.118357,0.000441,0.652916,0
flying,A0,6,2.155041,0.000127,2.154393,0.000521,0.578477,0
flying,A0,7,1.800895,0.000152,1.800268,0.000475,0.704159,0
flying,A0,8,1.775991,0.000128,1.775322,0.000541,0.583844,0
flying,A0,9,1.844009,0.000122,1.843522,0.000365,0.593357,0
flying,A0,10,1.863638,0.000133,1.863071,0.000434,0.608152,0
flying,A0,11,2.475,0.000112,2.474403,0.000485,0.565804,0
flying,A0,12,2.075746,0.000148,2.07526,0.000338,0.579161,0
flying,A0,13,1.647582,0.000162,1.647042,0.000378,0.64451,0
flying,A0,14,1.860008,0.000158,1.85936,0.00049,0.659881,0
flying,A0,15,1.980139,0.000138,1.979437,0.000564,0.643306,0
flying,A0,16,2.000656,0.00016,2.00001,0.000486,0.589534,0
flying,A0,17,1.996142,0.000156,1.995439,0.000547,0.617998,0
flying,A0,18,1.669113,0.000182,1.66835,0.000581,0.66688,0
flying,A0,19,1.94354,0.00019,1.942815,0.000535,0.609983,0
flying,B,0,2.657357,0.00015,2.656683,0.000524,126.622052,0
flying,B,1,2.053545,0.000134,2.052949,0.000462,0.7362,0
flying,B,2,1.866446,0.000104,1.865859,0.000483,0.604681,0
flying,B,3,1.698818,0.000152,1.698139,0.000527,0.627716,0
flying,B,4,1.787166,0.000108,1.786484,0.000574,0.583433,0
flying,B,5,1.82555,9.9e-05,1.824954,0.000497,0.704023,0
flying,B,6,1.758003,0.000101,1.757358,0.000544,0.573301,0
flying,B,7,1.642397,0.0001,1.641896,0.000401,0.710603,0
flying,B,8,1.849103,0.000188,1.848319,0.000596,0.584418,0
flying,B,9,1.758634,0.000101,1.758014,0.000519,0.595744,0
flying,B,10,1.898952,0.0001,1.898302,0.00055,0.588226,0
flying,B,11,1.674149,0.000105,1.673542,0.000502,0.676319,0
flying,B,12,1.801699,0.000106,1.801117,0.000476,0.701339,0
flying,B,13,1.801849,9.5e-05,1.801207,0.000547,0.600726,0
flying,B,14,2.014421,0.000164,2.013712,0.000545,0.688277,0
flying,B,15,1.948021,9.5e-05,1.947442,0.000484,0.617563,0
flying,B,16,1.775653,0.000101,1.775049,0.000503,0.584541,0
flying,B,17,1.571596,0.00015,1.570988,0.000458,0.703046,0
flying,B,18,1.637853,0.00012,1.637275,0.000458,0.693197,0
flying,B,19,1.724261,0.000108,1.723721,0.000432,0.599208,0
flying,A1,0,2.880637,0.000125,2.880078,0.000434,126.773397,0
flying,A1,1,2.173473,7.8e-05,2.172945,0.00045,0.756261,0
flying,A1,2,1.978651,7.7e-05,1.978055,0.000519,0.672972,0
flying,A1,3,1.779065,9e-05,1.778661,0.000314,0.67201,0
flying,A1,4,1.839152,8.2e-05,1.838688,0.000382,0.663266,0
flying,A1,5,1.678374,9.2e-05,1.677975,0.000307,0.664728,0
flying,A1,6,1.79909,8.4e-05,1.798535,0.000471,0.69389,0
flying,A1,7,1.679781,8e-05,1.679386,0.000315,0.680333,0
flying,A1,8,1.672054,8.5e-05,1.67155,0.000419,0.649466,0
flying,A1,9,1.765219,8.1e-05,1.76473,0.000408,0.657054,0
flying,A1,10,1.735142,9e-05,1.734611,0.000441,0.693914,0
flying,A1,11,1.094751,8.2e-05,1.094259,0.00041,0.668631,0
flying,A1,12,1.720001,8e-05,1.719409,0.000512,0.623659,0
flying,A1,13,1.136282,7.9e-05,1.135757,0.000446,0.694786,0
flying,A1,14,1.473559,8.6e-05,1.473013,0.00046,0.677932,0
flying,A1,15,0.999075,8.2e-05,0.998533,0.00046,0.646189,0
flying,A1,16,1.492055,8.2e-05,1.491651,0.000322,0.675105,0
flying,A1,17,1.111441,9.2e-05,1.110983,0.000366,0.685077,0
flying,A1,18,1.436647,8.6e-05,1.436169,0.000392,0.673013,0
flying,A1,19,0.978109,7.1e-05,0.977634,0.000404,0.677823,0
ladder128-cold,A0,0,8.333881,0.000141,8.164687,0.169053,209.674665,192
ladder128-cold,A0,1,5.626567,0.000112,5.463262,0.163193,9.675828,192
ladder128-cold,A0,2,5.813493,0.00012,5.619811,0.193562,9.578402,192
ladder128-cold,A0,3,5.570523,9.9e-05,5.369372,0.201052,9.17022,192
ladder128-cold,A0,4,5.304432,0.0001,5.148969,0.155363,8.679966,192
ladder128-cold,A0,5,5.211132,9.6e-05,5.046258,0.164778,8.469769,192
ladder128-cold,A0,6,5.235234,8.5e-05,5.0778,0.157349,8.649819,192
ladder128-cold,A0,7,5.298633,9.8e-05,5.139215,0.15932,8.640943,192
ladder128-cold,A0,8,5.317101,9.8e-05,5.150894,0.166109,8.373302,192
ladder128-cold,A0,9,5.224675,9.2e-05,5.067262,0.157321,8.522505,192
ladder128-cold,A0,10,5.313957,0.000122,5.103443,0.210392,8.598707,192
ladder128-cold,A0,11,5.312483,0.000102,5.118057,0.194324,10.622664,192
ladder128-cold,A0,12,5.245159,0.000111,5.087295,0.157753,8.730115,192
ladder128-cold,A0,13,5.403294,0.000105,5.238995,0.164194,9.670721,192
ladder128-cold,A0,14,5.394045,8.8e-05,5.210584,0.183373,8.719492,192
ladder128-cold,A0,15,5.112962,0.000105,4.945146,0.167711,8.632199,192
ladder128-cold,A0,16,5.365543,0.000108,5.186084,0.179351,8.730595,192
ladder128-cold,A0,17,5.162413,0.0001,5.004113,0.1582,8.760284,192
ladder128-cold,A0,18,5.251551,0.000105,5.049998,0.201448,8.750163,192
ladder128-cold,A0,19,5.414404,0.000107,5.244155,0.170142,8.712801,192
ladder128-cold,B,0,8.706034,9.3e-05,8.532096,0.173845,211.23613,192
ladder128-cold,B,1,5.632624,0.000155,5.482496,0.149973,8.69959,192
ladder128-cold,B,2,4.937673,8.8e-05,4.788441,0.149144,8.47714,192
ladder128-cold,B,3,5.604911,0.000105,5.416359,0.188447,8.494916,192
ladder128-cold,B,4,5.661825,9.6e-05,5.49624,0.165489,8.6377,192
ladder128-cold,B,5,5.5409,0.000101,5.363675,0.177124,8.498443,192
ladder128-cold,B,6,5.580676,8.9e-05,5.418834,0.161753,8.635817,192
ladder128-cold,B,7,5.357389,9.2e-05,5.196964,0.160333,8.73354,192
ladder128-cold,B,8,5.741059,0.000106,5.578675,0.162278,9.066012,192
ladder128-cold,B,9,5.676116,0.000113,5.48596,0.190043,8.448558,192
ladder128-cold,B,10,5.321292,0.000105,5.137953,0.183234,8.565586,192
ladder128-cold,B,11,5.401636,0.000107,5.233819,0.16771,12.100775,192
ladder128-cold,B,12,5.646989,9.1e-05,5.488484,0.158414,8.869169,192
ladder128-cold,B,13,5.844235,8.8e-05,5.680545,0.163602,10.32971,192
ladder128-cold,B,14,5.536637,9.4e-05,5.379518,0.157025,8.699371,192
ladder128-cold,B,15,5.62675,0.000111,5.453086,0.173553,9.100142,192
ladder128-cold,B,16,5.427259,9.7e-05,5.26035,0.166812,8.774567,192
ladder128-cold,B,17,5.365939,0.000138,5.209431,0.15637,8.824002,192
ladder128-cold,B,18,5.741726,9e-05,5.521605,0.220031,9.132934,192
ladder128-cold,B,19,5.804764,9.5e-05,5.614057,0.190612,9.30339,192
ladder128-cold,A1,0,7.736356,0.000113,7.554967,0.181276,207.328659,192
ladder128-cold,A1,1,5.688369,0.000115,5.525001,0.163253,8.625152,192
ladder128-cold,A1,2,5.284678,0.000109,5.130878,0.153691,8.549302,192
ladder128-cold,A1,3,5.078509,0.000112,4.918197,0.1602,8.547531,192
ladder128-cold,A1,4,5.124141,0.000115,4.988624,0.135402,8.594944,192
ladder128-cold,A1,5,5.087625,0.000103,4.928329,0.159193,8.71578,192
ladder128-cold,A1,6,5.335972,9e-05,5.161828,0.174054,8.713308,192
ladder128-cold,A1,7,5.115652,8.9e-05,4.950106,0.165457,8.77017,192
ladder128-cold,A1,8,5.089517,0.000107,4.92548,0.16393,8.675235,192
ladder128-cold,A1,9,5.161789,0.000102,5.002714,0.158973,8.335134,192
ladder128-cold,A1,10,5.69504,0.000109,5.528414,0.166517,8.691937,192
ladder128-cold,A1,11,6.183584,0.000109,6.01766,0.165815,8.957274,192
ladder128-cold,A1,12,5.389728,0.000107,5.230756,0.158865,11.639607,192
ladder128-cold,A1,13,5.394327,0.000109,5.229018,0.1652,8.496467,192
ladder128-cold,A1,14,5.034393,8.3e-05,4.877181,0.157129,8.530306,192
ladder128-cold,A1,15,5.141422,0.000108,4.982131,0.159183,8.428864,192
ladder128-cold,A1,16,4.85185,9.8e-05,4.687604,0.164148,8.655096,192
ladder128-cold,A1,17,5.026887,0.000113,4.860316,0.166458,8.65215,192
ladder128-cold,A1,18,4.887791,0.000115,4.711706,0.17597,8.658439,192
ladder128-cold,A1,19,5.429283,9.6e-05,5.257615,0.171572,8.518631,192
ladder128-warm,A0,0,8.213811,0.000134,8.061806,0.151871,210.599716,192
ladder128-warm,A0,1,5.621379,0.000136,5.468467,0.152776,9.225718,192
ladder128-warm,A0,2,5.492201,0.000131,5.337036,0.155034,9.2305,192
ladder128-warm,A0,3,5.356646,0.000129,5.202101,0.154416,9.251601,192
ladder128-warm,A0,4,5.203546,0.000104,5.044233,0.159209,9.143101,192
ladder128-warm,A0,5,5.23835,0.000123,5.075213,0.163014,9.105292,192
ladder128-warm,A0,6,5.138482,0.000134,4.985064,0.153284,9.158278,192
ladder128-warm,A0,7,4.97455,0.000127,4.820582,0.153841,9.291016,192
ladder128-warm,A0,8,5.334276,0.000106,5.176489,0.157681,9.708041,192
ladder128-warm,A0,9,5.107055,0.000115,4.95866,0.14828,9.212605,192
ladder128-warm,A0,10,5.444657,0.00013,5.292691,0.151836,15.942607,192
ladder128-warm,A0,11,5.3753,9.2e-05,5.212749,0.162459,11.042866,192
ladder128-warm,A0,12,5.096602,9.9e-05,4.929136,0.167367,8.767329,192
ladder128-warm,A0,13,5.414235,0.000217,5.266139,0.147879,8.58848,192
ladder128-warm,A0,14,5.070625,9.1e-05,4.914579,0.155955,8.452583,192
ladder128-warm,A0,15,5.063878,0.000115,4.918176,0.145587,8.446344,192
ladder128-warm,A0,16,5.004099,9.7e-05,4.857519,0.146483,8.426747,192
ladder128-warm,A0,17,5.125799,0.000118,4.978592,0.147089,8.358997,192
ladder128-warm,A0,18,5.033419,8.3e-05,4.88826,0.145076,8.250678,192
ladder128-warm,A0,19,5.42448,9.5e-05,5.281113,0.143272,8.369863,192
ladder128-warm,B,0,8.667011,0.00015,8.495053,0.171808,215.998562,192
ladder128-warm,B,1,5.730177,0.000176,5.557257,0.172744,9.880734,192
ladder128-warm,B,2,5.552156,0.000162,5.375886,0.176108,9.677074,192
ladder128-warm,B,3,5.305533,0.000167,5.139124,0.166242,9.505842,192
ladder128-warm,B,4,5.548354,0.000157,5.382001,0.166196,9.367974,192
ladder128-warm,B,5,5.561734,0.00015,5.391404,0.17018,10.280663,192
ladder128-warm,B,6,5.492827,0.000157,5.328132,0.164538,12.802515,192
ladder128-warm,B,7,5.542981,0.000153,5.377838,0.16499,9.662685,192
ladder128-warm,B,8,5.435087,0.000147,5.268957,0.165983,11.687518,192
ladder128-warm,B,9,5.382526,0.000167,5.217363,0.164996,9.467176,192
ladder128-warm,B,10,5.506401,0.000159,5.312105,0.194137,9.669609,192
ladder128-warm,B,11,5.482621,0.000144,5.315269,0.167208,9.381568,192
ladder128-warm,B,12,5.827727,0.000148,5.58541,0.242169,9.664626,192
ladder128-warm,B,13,5.971158,0.000162,5.787313,0.183683,10.032134,192
ladder128-warm,B,14,5.617568,0.000157,5.439986,0.177425,9.587109,192
ladder128-warm,B,15,5.409773,0.000159,5.239802,0.169812,9.335782,192
ladder128-warm,B,16,5.345965,0.000155,5.166991,0.178819,9.339882,192
ladder128-warm,B,17,5.30979,0.00016,5.132066,0.177564,9.258007,192
ladder128-warm,B,18,5.469067,0.000127,5.299159,0.169781,9.423281,192
ladder128-warm,B,19,5.700976,0.000146,5.536371,0.164459,9.39995,192
ladder128-warm,A1,0,6.611247,0.000106,6.431863,0.179278,248.357875,192
ladder128-warm,A1,1,5.090708,0.000177,4.898824,0.191707,9.733984,192
ladder128-warm,A1,2,6.325158,0.000141,6.149066,0.175951,10.682666,192
ladder128-warm,A1,3,4.935194,0.000146,4.726359,0.208689,9.659463,192
ladder128-warm,A1,4,5.255838,0.000136,5.087152,0.16855,11.285557,192
ladder128-warm,A1,5,4.785684,0.000206,4.570989,0.214489,11.3612,192
ladder128-warm,A1,6,4.524252,0.000124,4.377067,0.147061,9.263384,192
ladder128-warm,A1,7,4.555201,0.000123,4.35705,0.198028,13.903059,192
ladder128-warm,A1,8,4.787311,0.000134,4.596798,0.190379,8.810591,192
ladder128-warm,A1,9,4.611787,0.000166,4.42719,0.184431,8.936245,192
ladder128-warm,A1,10,4.804308,0.000134,4.688049,0.116125,9.722255,192
ladder128-warm,A1,11,4.411094,0.000127,4.275883,0.135084,8.707552,192
ladder128-warm,A1,12,4.815026,0.000132,4.590793,0.224101,10.176126,192
ladder128-warm,A1,13,4.503732,0.000135,4.326162,0.177435,8.942496,192
ladder128-warm,A1,14,4.802614,0.000124,4.566964,0.235526,10.495293,192
ladder128-warm,A1,15,4.586469,0.000123,4.406937,0.179409,8.968761,192
ladder128-warm,A1,16,4.493453,0.000128,4.364284,0.129041,8.822578,192
ladder128-warm,A1,17,4.989703,0.000129,4.845627,0.143947,8.91471,192
ladder128-warm,A1,18,4.511757,0.000133,4.308049,0.203575,8.623304,192
ladder128-warm,A1,19,5.047481,0.0001,4.84999,0.197391,8.726497,192
panel32-cold,A0,0,23.376105,0.000113,23.210458,0.165534,211.54711,492
panel32-cold,A0,1,21.213288,0.000108,21.044218,0.168962,11.231858,492
panel32-cold,A0,2,21.031827,0.00012,20.850467,0.18124,11.291176,492
panel32-cold,A0,3,20.638156,0.00015,20.449523,0.188483,13.977935,492
panel32-cold,A0,4,20.551105,0.000229,20.358497,0.192379,16.273383,492
panel32-cold,A0,5,20.761729,0.000136,20.572141,0.189452,14.344007,492
panel32-cold,A0,6,21.229797,0.000166,21.02756,0.202071,15.117041,492
panel32-cold,A0,7,21.080643,0.000164,20.805253,0.275226,16.127107,492
panel32-cold,A0,8,20.979897,0.000158,20.771004,0.208735,16.274248,492
panel32-cold,A0,9,20.550283,0.00015,20.374083,0.17605,16.069388,492
panel32-cold,A0,10,20.346872,0.000151,20.225025,0.121696,16.618122,492
panel32-cold,A0,11,20.439466,0.000221,20.22134,0.217905,17.189012,492
panel32-cold,A0,12,20.597358,0.000168,20.390946,0.206244,16.1671,492
panel32-cold,A0,13,20.590443,0.000253,20.396987,0.193203,16.380416,492
panel32-cold,A0,14,20.439288,0.000153,20.253327,0.185808,16.374037,492
panel32-cold,A0,15,20.580729,0.000181,20.442083,0.138465,16.648775,492
panel32-cold,A0,16,20.921301,0.000174,20.730228,0.190899,16.82356,492
panel32-cold,A0,17,21.314428,0.000203,21.220806,0.093419,18.732491,492
panel32-cold,A0,18,20.848334,0.000187,20.633024,0.215123,17.956854,492
panel32-cold,A0,19,20.950245,0.00022,20.766242,0.183783,16.348815,492
panel32-cold,B,0,23.477147,9e-05,23.295506,0.181551,217.657424,492
panel32-cold,B,1,20.880244,9.1e-05,20.739772,0.140381,11.189767,492
panel32-cold,B,2,20.586657,9.9e-05,20.390708,0.19585,11.94036,492
panel32-cold,B,3,20.868758,0.000111,20.62,0.248647,13.605754,492
panel32-cold,B,4,21.00768,0.000164,20.733816,0.2737,15.692665,492
panel32-cold,B,5,20.774947,0.000211,20.570801,0.203935,17.456099,492
panel32-cold,B,6,20.559393,0.00019,20.387076,0.172127,15.564608,492
panel32-cold,B,7,20.606651,0.000145,20.431238,0.175268,16.188656,492
panel32-cold,B,8,22.415699,0.000132,22.258432,0.157135,16.592972,492
panel32-cold,B,9,20.542765,0.000131,20.330274,0.21236,16.730029,492
panel32-cold,B,10,20.455288,0.000246,20.235256,0.219786,20.925984,492
panel32-cold,B,11,20.365108,0.000154,20.107591,0.257363,20.670987,492
panel32-cold,B,12,20.464113,0.000126,20.262237,0.20175,16.054831,492
panel32-cold,B,13,20.888212,0.00013,20.746059,0.142023,16.347605,492
panel32-cold,B,14,20.496771,0.00014,20.269578,0.227053,16.316537,492
panel32-cold,B,15,20.397995,0.000124,20.154217,0.243654,16.427515,492
panel32-cold,B,16,20.578964,0.000157,20.437878,0.140929,18.190342,492
panel32-cold,B,17,20.623957,0.000261,20.380884,0.242812,18.979549,492
panel32-cold,B,18,20.547042,0.000134,20.333801,0.213107,15.954036,492
panel32-cold,B,19,20.749309,0.000163,20.527336,0.22181,16.03089,492
panel32-cold,A1,0,23.649057,9e-05,23.473636,0.175331,213.710125,492
panel32-cold,A1,1,20.737449,8.3e-05,20.549688,0.187678,10.202735,492
panel32-cold,A1,2,20.612809,9.3e-05,20.445679,0.167037,10.117312,492
panel32-cold,A1,3,19.989153,9.7e-05,19.82486,0.164196,12.225372,492
panel32-cold,A1,4,20.862519,0.000123,20.688892,0.173504,13.417731,492
panel32-cold,A1,5,20.663196,0.000132,20.426458,0.236606,16.938397,492
panel32-cold,A1,6,20.650494,0.00013,20.413373,0.236991,15.462835,492
panel32-cold,A1,7,21.621153,0.000129,21.457849,0.163175,15.661556,492
panel32-cold,A1,8,20.679887,0.000147,20.424178,0.255562,16.074181,492
panel32-cold,A1,9,20.307148,0.000125,20.107843,0.19918,16.060693,492
panel32-cold,A1,10,20.138194,0.00014,20.090734,0.04732,16.208302,492
panel32-cold,A1,11,20.463029,0.00014,20.247992,0.214897,19.021461,492
panel32-cold,A1,12,20.439052,0.000151,20.260041,0.17886,18.007972,492
panel32-cold,A1,13,20.876698,0.000137,20.653149,0.223412,16.194332,492
panel32-cold,A1,14,20.63135,0.000154,20.410531,0.220665,16.165628,492
panel32-cold,A1,15,20.732492,0.000135,20.502443,0.229914,16.413037,492
panel32-cold,A1,16,20.484329,0.000133,20.288265,0.195931,16.670036,492
panel32-cold,A1,17,20.652266,0.000128,20.456581,0.195557,16.885815,492
panel32-cold,A1,18,20.276955,0.000207,20.128187,0.148561,20.113527,492
panel32-cold,A1,19,20.88391,0.000153,20.655566,0.228191,17.996187,492
panel32-warm,A0,0,22.700264,0.000145,22.527214,0.172905,212.239019,492
panel32-warm,A0,1,20.673195,0.000139,20.479511,0.193545,11.358723,492
panel32-warm,A0,2,20.759716,0.000115,20.573549,0.186052,12.952817,492
panel32-warm,A0,3,20.622542,0.00016,20.419693,0.202689,14.185165,492
panel32-warm,A0,4,20.536542,0.00021,20.312905,0.223427,20.227431,492
panel32-warm,A0,5,20.863529,0.000158,20.662058,0.201313,15.793382,492
panel32-warm,A0,6,20.455442,0.000189,20.29663,0.158623,16.324082,492
panel32-warm,A0,7,20.387362,0.00016,20.231383,0.155819,16.232268,492
panel32-warm,A0,8,20.998111,0.00017,20.807758,0.190183,18.929973,492
panel32-warm,A0,9,20.368069,0.000213,20.105124,0.262732,18.599364,492
panel32-warm,A0,10,20.096386,0.000154,19.909202,0.18703,18.047714,492
panel32-warm,A0,11,20.605394,0.000224,20.454937,0.150233,18.812679,492
panel32-warm,A0,12,20.097361,0.000192,19.929651,0.167518,16.10976,492
panel32-warm,A0,13,20.451284,0.000139,20.267547,0.183598,16.005337,492
panel32-warm,A0,14,20.336832,0.000147,20.151763,0.184922,15.912348,492
panel32-warm,A0,15,20.390206,0.000188,20.230626,0.159392,15.980227,492
panel32-warm,A0,16,20.387807,0.000208,20.168826,0.218773,16.515484,492
panel32-warm,A0,17,21.372701,0.000194,21.128772,0.243735,18.949907,492
panel32-warm,A0,18,20.424353,0.000212,20.199987,0.224154,17.781678,492
panel32-warm,A0,19,20.672554,0.000189,20.525029,0.147336,17.027196,492
panel32-warm,B,0,24.163225,0.000123,23.948133,0.214969,228.219469,492
panel32-warm,B,1,21.459265,9.9e-05,21.247889,0.211277,12.355995,492
panel32-warm,B,2,21.484612,0.00011,21.302424,0.182078,12.377375,492
panel32-warm,B,3,21.802173,0.000169,21.610628,0.191376,15.572025,492
panel32-warm,B,4,21.79353,0.000183,21.58716,0.206187,19.22568,492
panel32-warm,B,5,20.161321,0.000139,19.923613,0.237569,17.059151,492
panel32-warm,B,6,19.683346,0.000124,19.55302,0.130202,15.417723,492
panel32-warm,B,7,20.8203,0.000185,20.618892,0.201223,16.256882,492
panel32-warm,B,8,20.663231,0.000183,20.464229,0.198819,16.299279,492
panel32-warm,B,9,20.882869,0.000195,20.723607,0.159067,16.647836,492
panel32-warm,B,10,21.036568,0.000236,20.856873,0.179459,20.444402,492
panel32-warm,B,11,22.598385,0.000163,22.370216,0.228006,19.121695,492
panel32-warm,B,12,20.259076,0.000211,20.010324,0.248541,17.480796,492
panel32-warm,B,13,20.800375,0.000192,20.570856,0.229327,16.370584,492
panel32-warm,B,14,20.621626,0.000189,20.407015,0.214422,16.158981,492
panel32-warm,B,15,21.007468,0.00021,20.776747,0.230511,17.311348,492
panel32-warm,B,16,21.512732,0.000137,21.351364,0.161231,16.400005,492
panel32-warm,B,17,21.43003,0.000228,21.283067,0.146735,18.480432,492
panel32-warm,B,18,20.925654,0.000212,20.75121,0.174232,19.681504,492
panel32-warm,B,19,21.313574,0.000199,21.083641,0.229734,16.770987,492
panel32-warm,A1,0,24.582143,0.000132,24.33458,0.247431,237.981084,492
panel32-warm,A1,1,21.271504,0.000145,21.028957,0.242402,13.788358,492
panel32-warm,A1,2,20.695507,0.000341,20.601586,0.09358,17.689707,492
panel32-warm,A1,3,20.950406,0.000176,20.786923,0.163307,31.220922,492
panel32-warm,A1,4,20.832981,0.000186,20.656518,0.176277,20.080691,492
panel32-warm,A1,5,20.654841,0.000214,20.365569,0.289058,18.519991,492
panel32-warm,A1,6,21.272247,0.000267,21.084858,0.187122,20.402749,492
panel32-warm,A1,7,20.832958,0.000263,20.670669,0.162026,20.121435,492
panel32-warm,A1,8,20.743025,0.000225,20.674101,0.068699,18.008808,492
panel32-warm,A1,9,20.121905,0.000221,20.038767,0.082917,18.416961,492
panel32-warm,A1,10,21.095184,0.000252,20.859153,0.235779,20.200375,492
panel32-warm,A1,11,21.117382,0.000176,20.87921,0.237996,16.936547,492
panel32-warm,A1,12,20.790343,0.000216,20.578069,0.212058,17.066913,492
panel32-warm,A1,13,21.066339,0.000206,20.849555,0.216578,16.711799,492
panel32-warm,A1,14,21.088033,0.000151,20.860736,0.227146,16.574626,492
panel32-warm,A1,15,20.94644,0.000212,20.723419,0.222809,21.321679,492
panel32-warm,A1,16,21.047219,0.000197,20.787551,0.259471,23.071611,492
panel32-warm,A1,17,21.042194,0.000161,20.834772,0.207261,17.514871,492
panel32-warm,A1,18,20.65925,0.000243,20.488904,0.170103,18.619451,492
panel32-warm,A1,19,21.060165,0.000218,20.860653,0.199294,19.905315,492
resting,A0,0,2.808636,0.000115,2.807953,0.000568,130.231984,0
resting,A0,1,2.313297,8.9e-05,2.312765,0.000443,0.725943,0
resting,A0,2,1.467713,0.000131,1.467125,0.000457,0.677258,0
resting,A0,3,2.063685,0.000122,2.063141,0.000422,0.625082,0
resting,A0,4,1.435001,0.000131,1.434438,0.000432,0.608537,0
resting,A0,5,1.264393,0.000132,1.26383,0.000431,0.662198,0
resting,A0,6,1.401127,0.00012,1.400618,0.000389,0.584226,0
resting,A0,7,2.04678,0.000132,2.046141,0.000507,0.706632,0
resting,A0,8,1.416378,0.000114,1.415837,0.000427,0.696591,0
resting,A0,9,1.238313,0.000131,1.237802,0.00038,0.66508,0
resting,A0,10,1.232359,0.000139,1.231754,0.000466,0.578435,0
resting,A0,11,1.465309,0.000137,1.464686,0.000486,0.698155,0
resting,A0,12,1.236925,0.000118,1.236371,0.000436,0.653558,0
resting,A0,13,1.316488,0.000124,1.315936,0.000428,0.556137,0
resting,A0,14,1.454925,0.000124,1.454348,0.000453,0.695743,0
resting,A0,15,1.248094,0.000131,1.247515,0.000448,0.657889,0
resting,A0,16,1.439783,0.000113,1.43929,0.00038,0.618263,0
resting,A0,17,1.360216,0.000132,1.359666,0.000418,0.665991,0
resting,A0,18,1.29951,0.000135,1.298974,0.000401,0.654004,0
resting,A0,19,1.349167,9.1e-05,1.348688,0.000388,0.671403,0
resting,B,0,2.826787,0.000113,2.826198,0.000476,127.119858,0
resting,B,1,2.11832,8.4e-05,2.117802,0.000434,1.36327,0
resting,B,2,1.588552,9.4e-05,1.588052,0.000406,0.568065,0
resting,B,3,1.48369,8.4e-05,1.483147,0.000459,0.719599,0
resting,B,4,1.896951,8.3e-05,1.896467,0.000401,0.555878,0
resting,B,5,1.418019,9.4e-05,1.417554,0.000371,0.688278,0
resting,B,6,1.376854,9.2e-05,1.376335,0.000427,0.694768,0
resting,B,7,1.358697,8.2e-05,1.358368,0.000247,0.613667,0
resting,B,8,1.25548,9.6e-05,1.254968,0.000416,0.651156,0
resting,B,9,1.299801,8.9e-05,1.299412,0.0003,0.647675,0
resting,B,10,1.345581,8.3e-05,1.345086,0.000412,0.730957,0
resting,B,11,1.854657,7.9e-05,1.854168,0.00041,0.614384,0
resting,B,12,1.347922,9.2e-05,1.347392,0.000438,0.57323,0
resting,B,13,1.277307,8.9e-05,1.276918,0.0003,0.695067,0
resting,B,14,1.397404,8e-05,1.396906,0.000418,0.767553,0
resting,B,15,1.2952,7.7e-05,1.294674,0.000449,0.566208,0
resting,B,16,1.222673,9.5e-05,1.222183,0.000395,0.650615,0
resting,B,17,1.420327,9e-05,1.419772,0.000465,0.601798,0
resting,B,18,1.335658,9.6e-05,1.335109,0.000453,0.649939,0
resting,B,19,1.453274,9.2e-05,1.452728,0.000454,0.647326,0
resting,A1,0,2.749886,8.5e-05,2.749322,0.000479,114.605557,0
resting,A1,1,2.044717,0.000111,2.044203,0.000403,0.731323,0
resting,A1,2,2.086225,8.5e-05,2.085723,0.000417,0.647511,0
resting,A1,3,1.450086,0.000108,1.449526,0.000452,0.657742,0
resting,A1,4,1.378946,0.00011,1.378341,0.000495,0.665597,0
resting,A1,5,1.323681,8.1e-05,1.32315,0.00045,0.6389,0
resting,A1,6,1.384053,0.000112,1.383487,0.000454,0.637596,0
resting,A1,7,1.482973,0.000101,1.482476,0.000396,0.658271,0
resting,A1,8,2.056096,9.9e-05,2.055507,0.00049,0.664304,0
resting,A1,9,1.299855,0.000106,1.299314,0.000435,0.670102,0
resting,A1,10,1.36101,0.000112,1.360475,0.000423,0.633141,0
resting,A1,11,1.227619,0.000107,1.227052,0.00046,0.62156,0
resting,A1,12,1.296023,0.000109,1.295439,0.000475,0.629695,0
resting,A1,13,1.319271,0.000103,1.318671,0.000497,0.654916,0
resting,A1,14,1.427081,0.000108,1.426488,0.000485,0.704245,0
resting,A1,15,1.381896,9.4e-05,1.381307,0.000495,0.65093,0
resting,A1,16,1.303522,8.3e-05,1.303082,0.000357,0.640445,0
resting,A1,17,1.422678,0.000111,1.422151,0.000416,0.62567,0
resting,A1,18,1.240643,0.000103,1.240039,0.000501,0.615764,0
resting,A1,19,1.269439,0.000102,1.268909,0.000428,0.639924,0
sliding,A0,0,4.01395,0.00013,4.013398,0.000422,129.520336,0
sliding,A0,1,4.245342,0.000104,4.244922,0.000316,0.672513,0
sliding,A0,2,3.721621,0.000153,3.721134,0.000334,0.584098,0
sliding,A0,3,2.724727,8.3e-05,2.724142,0.000502,0.68055,0
sliding,A0,4,2.321646,0.000113,2.321019,0.000514,0.593415,0
sliding,A0,5,2.429069,0.000105,2.428498,0.000466,0.706475,0
sliding,A0,6,2.328281,8.4e-05,2.327862,0.000335,0.673916,0
sliding,A0,7,2.227602,0.000115,2.226988,0.000499,0.649435,0
sliding,A0,8,2.75506,0.000112,2.754526,0.000422,0.767169,0
sliding,A0,9,2.309232,0.000158,2.30856,0.000514,0.664197,0
sliding,A0,10,2.555239,9.5e-05,2.554644,0.0005,0.654564,0
sliding,A0,11,2.792234,0.000131,2.791627,0.000476,0.65019,0
sliding,A0,12,4.0234,0.000115,4.022756,0.000529,0.788722,0
sliding,A0,13,3.415019,0.000174,3.414368,0.000477,0.573198,0
sliding,A0,14,2.526193,0.000166,2.525501,0.000526,0.640497,0
sliding,A0,15,2.55716,0.000178,2.556394,0.000588,0.615893,0
sliding,A0,16,2.748888,0.000109,2.748175,0.000604,0.649454,0
sliding,A0,17,2.373234,0.000141,2.372568,0.000525,0.609618,0
sliding,A0,18,2.813774,0.000195,2.813028,0.000551,0.601647,0
sliding,A0,19,2.96778,0.000117,2.967077,0.000586,0.663224,0
sliding,B,0,3.881446,0.000152,3.880713,0.000581,126.283132,0
sliding,B,1,3.854982,0.000133,3.854324,0.000525,0.63038,0
sliding,B,2,3.878056,0.000135,3.877452,0.000469,0.665076,0
sliding,B,3,4.61052,0.000153,4.609699,0.000668,0.679193,0
sliding,B,4,2.722618,0.000161,2.722016,0.000441,0.565068,0
sliding,B,5,3.277904,0.000109,3.277391,0.000404,0.694488,0
sliding,B,6,2.306904,0.000179,2.306199,0.000526,0.698448,0
sliding,B,7,2.861877,0.000111,2.861245,0.000521,0.597837,0
sliding,B,8,2.902837,0.000143,2.902176,0.000518,0.653447,0
sliding,B,9,2.945868,0.00012,2.94525,0.000498,0.548681,0
sliding,B,10,2.541494,0.000158,2.540851,0.000485,0.553528,0
sliding,B,11,2.716969,0.000157,2.716363,0.000449,0.563929,0
sliding,B,12,2.403811,0.000145,2.403208,0.000458,0.681706,0
sliding,B,13,2.520869,0.000141,2.520148,0.00058,0.683581,0
sliding,B,14,2.028981,0.000136,2.02838,0.000465,0.759258,0
sliding,B,15,2.0307,0.000127,2.030144,0.000429,0.631428,0
sliding,B,16,2.224533,0.000147,2.22386,0.000526,0.587308,0
sliding,B,17,2.124579,9.6e-05,2.124,0.000483,0.625345,0
sliding,B,18,2.233847,0.000171,2.233205,0.000471,0.585171,0
sliding,B,19,1.97833,0.000142,1.977613,0.000575,0.558089,0
sliding,A1,0,3.556051,0.000102,3.555513,0.000436,132.401744,0
sliding,A1,1,2.552101,9.4e-05,2.551546,0.000461,0.661491,0
sliding,A1,2,2.867207,0.000108,2.866651,0.000448,0.612012,0
sliding,A1,3,2.036053,0.000113,2.035481,0.000459,0.578817,0
sliding,A1,4,2.118016,0.000101,2.11741,0.000505,0.633167,0
sliding,A1,5,2.949594,0.000124,2.949034,0.000436,0.589499,0
sliding,A1,6,1.998916,0.000124,1.998283,0.000509,0.578026,0
sliding,A1,7,2.005858,0.00015,2.005189,0.000519,0.700553,0
sliding,A1,8,1.7995,0.000138,1.798875,0.000487,0.624741,0
sliding,A1,9,2.23473,0.000138,2.234096,0.000496,0.643766,0
sliding,A1,10,1.917747,0.000122,1.917091,0.000534,0.634885,0
sliding,A1,11,2.407895,0.000126,2.407252,0.000517,0.655448,0
sliding,A1,12,2.357805,0.000132,2.357142,0.000531,0.684065,0
sliding,A1,13,2.396514,0.000136,2.395834,0.000544,0.681975,0
sliding,A1,14,2.150046,0.000132,2.14941,0.000504,0.715122,0
sliding,A1,15,2.431032,0.000151,2.43029,0.000591,0.667862,0
sliding,A1,16,2.425977,0.000145,2.425263,0.000569,0.714393,0
sliding,A1,17,2.066191,0.000158,2.065542,0.000491,0.715643,0
sliding,A1,18,1.911128,0.000168,1.910369,0.000591,0.728778,0
sliding,A1,19,2.225118,0.000145,2.224427,0.000546,0.726148,0
tower64-cold,A0,0,110.274218,9.5e-05,110.101732,0.172391,202.345081,137
tower64-cold,A0,1,107.495755,9.5e-05,107.299731,0.195929,17.890006,137
tower64-cold,A0,2,107.94321,0.000123,107.685532,0.257555,21.535121,137
tower64-cold,A0,3,107.912894,0.00017,107.744713,0.168011,25.819159,137
tower64-cold,A0,4,108.61518,0.000164,108.344568,0.270448,38.653895,137
tower64-cold,A0,5,107.446792,0.000164,107.276529,0.170099,30.266319,137
tower64-cold,A0,6,108.186466,0.000161,108.017933,0.168372,30.80483,137
tower64-cold,A0,7,107.870931,0.000164,107.7934,0.077367,31.382505,137
tower64-cold,A0,8,108.189312,0.000154,107.998952,0.190206,35.925888,137
tower64-cold,A0,9,107.768759,0.00017,107.603998,0.164591,30.438581,137
tower64-cold,A0,10,108.154334,0.000184,107.962019,0.192131,30.115295,137
tower64-cold,A0,11,107.486178,0.000164,107.318839,0.167175,30.157167,137
tower64-cold,A0,12,106.827847,0.000187,106.63688,0.19078,31.566369,137
tower64-cold,A0,13,108.035118,0.000201,107.875402,0.159515,31.31256,137
tower64-cold,A0,14,107.682837,0.000171,107.601241,0.081425,29.776908,137
tower64-cold,A0,15,107.831195,0.000183,107.652864,0.178148,31.194668,137
tower64-cold,A0,16,107.318577,0.000214,107.144976,0.173387,29.960083,137
tower64-cold,A0,17,107.659658,0.000198,107.466381,0.193079,37.180755,137
tower64-cold,A0,18,107.295169,0.000197,107.029072,0.2659,30.197846,137
tower64-cold,A0,19,107.710058,0.000218,107.576199,0.133641,34.975725,137
tower64-cold,B,0,111.459634,0.000121,111.268698,0.190815,235.397655,137
tower64-cold,B,1,108.300926,0.00011,108.120338,0.180478,19.727417,137
tower64-cold,B,2,108.421512,0.000253,108.25012,0.171139,30.076623,137
tower64-cold,B,3,109.411874,0.000203,109.330297,0.081374,31.013227,137
tower64-cold,B,4,108.496755,0.000227,108.328345,0.168183,31.273161,137
tower64-cold,B,5,108.242567,0.000224,108.154754,0.087589,30.304709,137
tower64-cold,B,6,107.732961,0.000201,107.568321,0.164439,31.47124,137
tower64-cold,B,7,107.752237,0.000211,107.677066,0.07496,31.564655,137
tower64-cold,B,8,107.439594,0.00021,107.265913,0.173471,32.480596,137
tower64-cold,B,9,107.735256,0.000214,107.554922,0.18012,30.477081,137
tower64-cold,B,10,108.254202,0.000225,108.177307,0.07667,37.398797,137
tower64-cold,B,11,108.038126,0.000201,107.819222,0.218703,30.462196,137
tower64-cold,B,12,107.840981,0.000271,107.673495,0.167215,30.493704,137
tower64-cold,B,13,107.450224,0.000211,107.284521,0.165492,30.75198,137
tower64-cold,B,14,107.672736,0.000218,107.488378,0.18414,31.416898,137
tower64-cold,B,15,107.685599,0.000273,107.592639,0.092687,30.279951,137
tower64-cold,B,16,108.443975,0.000208,108.249027,0.19474,30.815407,137
tower64-cold,B,17,107.962626,0.000286,107.790427,0.171913,35.769874,137
tower64-cold,B,18,107.217818,0.000194,107.035156,0.182468,30.520814,137
tower64-cold,B,19,107.831685,0.00022,107.668884,0.162581,32.003296,137
tower64-cold,A1,0,111.560704,0.000145,111.324355,0.236204,227.442002,137
tower64-cold,A1,1,107.542053,0.000128,107.310859,0.231066,19.609646,137
tower64-cold,A1,2,109.082168,0.000212,108.892421,0.189535,29.846113,137
tower64-cold,A1,3,108.638721,0.000184,108.470513,0.168024,30.480449,137
tower64-cold,A1,4,107.382919,0.000224,107.212071,0.170624,31.021426,137
tower64-cold,A1,5,107.936802,0.000236,107.828402,0.108164,29.717281,137
tower64-cold,A1,6,107.513903,0.000246,107.327025,0.186632,31.04103,137
tower64-cold,A1,7,106.962494,0.000247,106.786701,0.175546,30.507314,137
tower64-cold,A1,8,107.196535,0.000245,107.112988,0.083302,31.073813,137
tower64-cold,A1,9,107.363012,0.000205,107.061426,0.301381,30.480687,137
tower64-cold,A1,10,110.09466,0.000253,109.898617,0.19579,44.374306,137
tower64-cold,A1,11,108.029433,0.000217,107.84515,0.184066,30.49897,137
tower64-cold,A1,12,108.77088,0.000231,108.55288,0.217769,30.612097,137
tower64-cold,A1,13,108.204415,0.000226,108.025217,0.178972,30.50027,137
tower64-cold,A1,14,107.597199,0.000237,107.365024,0.231938,30.959325,137
tower64-cold,A1,15,107.12808,0.000261,106.936072,0.191747,30.665614,137
tower64-cold,A1,16,108.079925,0.00017,108.021505,0.05825,30.369333,137
tower64-cold,A1,17,107.163945,0.000243,106.985553,0.178149,32.284458,137
tower64-cold,A1,18,108.219023,0.000183,108.130809,0.088031,30.891621,137
tower64-cold,A1,19,108.916788,0.00022,108.728406,0.188162,38.109527,137
tower64-warm,A0,0,110.602792,8.3e-05,110.422388,0.180321,203.947023,137
tower64-warm,A0,1,108.001605,8e-05,107.810516,0.191009,17.61816,137
tower64-warm,A0,2,107.867716,0.00016,107.699396,0.16816,30.110843,137
tower64-warm,A0,3,108.358349,0.000425,108.09811,0.259814,29.870952,137
tower64-warm,A0,4,107.85007,0.000163,107.610952,0.238955,40.374501,137
tower64-warm,A0,5,108.640903,0.000224,108.556097,0.084582,30.075633,137
tower64-warm,A0,6,107.902369,0.000138,107.731895,0.170336,30.100553,137
tower64-warm,A0,7,107.888663,0.000157,107.646097,0.242409,30.541853,137
tower64-warm,A0,8,107.397297,0.000165,107.231499,0.165633,31.788662,137
tower64-warm,A0,9,108.698093,0.000161,108.620189,0.077743,29.89484,137
tower64-warm,A0,10,108.307148,0.000217,108.075043,0.231888,29.705861,137
tower64-warm,A0,11,107.340064,0.000164,107.175207,0.164693,30.069424,137
tower64-warm,A0,12,106.921165,0.00016,106.811668,0.109337,30.108465,137
tower64-warm,A0,13,108.520755,0.00019,108.416366,0.104199,31.222892,137
tower64-warm,A0,14,107.483829,0.000161,107.312877,0.170791,30.017504,137
tower64-warm,A0,15,108.054827,0.000167,107.981969,0.072691,30.373639,137
tower64-warm,A0,16,108.404949,0.000147,108.314871,0.089931,30.044849,137
tower64-warm,A0,17,107.569333,0.000151,107.330251,0.238931,31.056201,137
tower64-warm,A0,18,107.332912,0.000164,107.093702,0.239046,29.902365,137
tower64-warm,A0,19,107.701648,0.000168,107.503791,0.197689,29.70329,137
tower64-warm,B,0,111.185883,9.9e-05,110.933073,0.252711,233.957259,137
tower64-warm,B,1,107.128819,0.00011,106.906098,0.222611,19.294469,137
tower64-warm,B,2,107.124453,0.000132,106.981701,0.14262,20.01599,137
tower64-warm,B,3,108.129389,0.000174,107.952521,0.176694,29.169549,137
tower64-warm,B,4,107.536349,0.000247,107.351949,0.184153,35.261969,137
tower64-warm,B,5,107.7823,0.00018,107.593287,0.188833,30.711523,137
tower64-warm,B,6,108.282451,0.00017,108.17533,0.106951,30.997506,137
tower64-warm,B,7,107.316426,0.000284,107.130697,0.185445,30.676512,137
tower64-warm,B,8,107.272139,0.000193,107.12623,0.145716,30.563992,137
tower64-warm,B,9,107.323356,0.00019,107.129939,0.193227,31.300453,137
tower64-warm,B,10,108.368951,0.000163,108.166657,0.202131,34.046869,137
tower64-warm,B,11,107.759349,0.000207,107.67716,0.081982,30.181314,137
tower64-warm,B,12,107.618772,0.000183,107.433558,0.185031,33.562786,137
tower64-warm,B,13,108.345495,0.00019,108.101392,0.243913,30.343107,137
tower64-warm,B,14,108.142571,0.000156,107.952901,0.189514,34.914543,137
tower64-warm,B,15,108.132967,0.000183,107.926328,0.206456,30.568259,137
tower64-warm,B,16,107.238243,0.000193,107.060883,0.177167,30.411458,137
tower64-warm,B,17,108.183218,0.000221,108.010428,0.172569,31.793252,137
tower64-warm,B,18,108.088487,0.000178,107.879217,0.209092,30.102372,137
tower64-warm,B,19,108.61378,0.000164,108.525398,0.088218,41.877258,137
tower64-warm,A1,0,110.731879,0.000131,110.518557,0.213191,204.904995,137
tower64-warm,A1,1,111.346631,9.9e-05,111.132375,0.214157,18.540554,137
tower64-warm,A1,2,108.921297,0.00012,108.645174,0.276003,20.295175,137
tower64-warm,A1,3,108.405958,0.00013,108.180709,0.225119,20.21082,137
tower64-warm,A1,4,111.088879,0.000164,110.889901,0.198814,27.296302,137
tower64-warm,A1,5,108.716133,0.000184,108.584718,0.131231,30.237279,137
tower64-warm,A1,6,107.573442,0.000194,107.388318,0.18493,31.415757,137
tower64-warm,A1,7,108.049663,0.000201,107.843514,0.205948,23.829227,137
tower64-warm,A1,8,107.896942,0.000142,107.671019,0.225781,23.092766,137
tower64-warm,A1,9,108.343114,0.000245,108.168313,0.174556,30.958622,137
tower64-warm,A1,10,108.352953,0.000211,108.28468,0.068062,30.199212,137
tower64-warm,A1,11,107.71055,0.000177,107.450372,0.260001,32.936422,137
tower64-warm,A1,12,107.183171,0.000129,107.027633,0.155409,23.678038,137
tower64-warm,A1,13,107.907042,0.000146,107.657472,0.249424,23.685351,137
tower64-warm,A1,14,107.811999,0.000187,107.601351,0.210461,23.564609,137
tower64-warm,A1,15,107.863254,0.000147,107.669148,0.193959,23.176981,137
tower64-warm,A1,16,108.313697,0.000263,108.224321,0.089113,32.353922,137
tower64-warm,A1,17,108.565759,0.000201,108.369518,0.19604,30.466079,137
tower64-warm,A1,18,108.316725,0.000187,108.154009,0.162529,39.623955,137
tower64-warm,A1,19,108.430441,0.000284,108.362889,0.067268,30.163962,137
city25-intact-idle,A0,0,12.707923,0.000118,12.505379,0.202426,361.848747,88
city25-intact-idle,A0,1,10.151837,0.000111,10.00171,0.150016,41.29053,88
city25-intact-idle,A0,2,9.759261,0.00012,9.547064,0.212077,43.053719,88
city25-intact-idle,A0,3,9.862225,0.000118,9.671119,0.190988,43.093776,88
city25-intact-idle,A0,4,9.455342,0.00011,9.294618,0.160614,41.531727,88
city25-intact-idle,A0,5,9.398468,0.000117,9.227707,0.170644,40.876894,88
city25-intact-idle,A0,6,9.51417,8.1e-05,9.321328,0.192761,46.415538,88
city25-intact-idle,A0,7,9.413529,0.000109,9.240567,0.172853,42.195433,88
city25-intact-idle,A0,8,9.415628,0.000112,9.259924,0.155592,40.749856,88
city25-intact-idle,A0,9,9.531321,0.00011,9.370185,0.161026,40.721001,88
city25-intact-idle,A0,10,9.542742,0.000119,9.392422,0.150201,54.661749,88
city25-intact-idle,A0,11,9.361059,0.000119,9.198517,0.162423,43.990828,88
city25-intact-idle,A0,12,9.332712,0.000113,9.189083,0.143516,41.183443,88
city25-intact-idle,A0,13,9.357823,0.000109,9.177886,0.179828,40.698326,88
city25-intact-idle,A0,14,9.37164,0.00011,9.2149,0.15663,49.507756,88
city25-intact-idle,A0,15,9.518028,0.00011,9.370336,0.147582,43.842119,88
city25-intact-idle,A0,16,9.453652,0.000121,9.264621,0.18891,42.186736,88
city25-intact-idle,A0,17,9.5162,0.000107,9.309349,0.206744,40.923957,88
city25-intact-idle,A0,18,9.796702,0.000107,9.646362,0.150233,48.201212,88
city25-intact-idle,A0,19,9.264556,0.00012,9.093608,0.170828,42.109989,88
city25-intact-idle,B,0,13.501144,8.5e-05,13.318922,0.182137,385.205111,88
city25-intact-idle,B,1,9.528527,0.000141,9.349562,0.178824,47.823011,88
city25-intact-idle,B,2,8.902862,8.1e-05,8.713666,0.189115,41.518484,88
city25-intact-idle,B,3,8.847365,0.000107,8.680473,0.166785,41.447904,88
city25-intact-idle,B,4,8.723536,0.000145,8.540653,0.182738,51.018698,88
city25-intact-idle,B,5,9.276117,0.00012,9.094126,0.181871,63.05128,88
city25-intact-idle,B,6,8.949665,0.00012,8.777045,0.1725,42.092036,88
city25-intact-idle,B,7,8.600746,8.7e-05,8.418215,0.182444,41.372623,88
city25-intact-idle,B,8,8.901873,0.000152,8.731586,0.170135,48.498008,88
city25-intact-idle,B,9,9.059884,0.00012,8.884555,0.175209,42.636994,88
city25-intact-idle,B,10,8.912612,0.000119,8.742022,0.170471,41.32965,88
city25-intact-idle,B,11,9.382049,0.000143,9.199104,0.182802,41.931621,88
city25-intact-idle,B,12,9.60132,0.000126,9.432196,0.168998,44.098634,88
city25-intact-idle,B,13,8.977959,9.7e-05,8.788201,0.189661,45.101273,88
city25-intact-idle,B,14,8.534714,8.3e-05,8.356064,0.178567,41.552878,88
city25-intact-idle,B,15,8.743306,0.000128,8.571435,0.171743,41.21914,88
city25-intact-idle,B,16,9.048242,0.000107,8.876381,0.171754,42.021652,88
city25-intact-idle,B,17,8.596026,0.000122,8.417199,0.178705,52.052655,88
city25-intact-idle,B,18,8.669883,0.000115,8.484433,0.185335,44.847656,88
city25-intact-idle,B,19,8.710477,0.00012,8.538049,0.172308,41.352131,88
city25-intact-idle,A1,0,12.920121,8.3e-05,12.721398,0.19864,374.241328,88
city25-intact-idle,A1,1,10.214327,8.3e-05,10.023027,0.191217,41.900641,88
city25-intact-idle,A1,2,10.439789,8.1e-05,10.18087,0.258838,55.005958,88
city25-intact-idle,A1,3,9.756986,8.3e-05,9.538653,0.21825,41.204134,88
city25-intact-idle,A1,4,9.774256,8.2e-05,9.564739,0.209435,48.339702,88
city25-intact-idle,A1,5,9.586829,8.3e-05,9.364089,0.222657,41.323276,88
city25-intact-idle,A1,6,9.688431,8.3e-05,9.481828,0.20652,56.144084,88
city25-intact-idle,A1,7,9.617705,8.2e-05,9.439625,0.177998,41.306401,88
city25-intact-idle,A1,8,9.473621,9.1e-05,9.269346,0.204184,41.267327,88
city25-intact-idle,A1,9,9.461059,8.2e-05,9.266476,0.194501,41.06323,88
city25-intact-idle,A1,10,9.576013,8.1e-05,9.342393,0.233539,49.512381,88
city25-intact-idle,A1,11,9.393822,8e-05,9.20137,0.192372,41.67059,88
city25-intact-idle,A1,12,9.420251,8.5e-05,9.211969,0.208197,41.842355,88
city25-intact-idle,A1,13,9.521372,8e-05,9.295302,0.22599,41.015697,88
city25-intact-idle,A1,14,9.533065,8.1e-05,9.310154,0.22283,42.860998,88
city25-intact-idle,A1,15,9.411559,8.1e-05,9.221451,0.190027,43.854203,88
city25-intact-idle,A1,16,9.535314,9.2e-05,9.318075,0.217147,42.028926,88
city25-intact-idle,A1,17,9.624578,6e-05,9.416635,0.207883,42.256977,88
city25-intact-idle,A1,18,9.382644,0.000132,9.178029,0.204483,43.53297,88
city25-intact-idle,A1,19,9.461047,8.7e-05,9.239069,0.221891,43.597314,88
city25-airborne,A0,0,16.752976,8.4e-05,16.579483,0.173409,376.665234,88
city25-airborne,A0,1,11.10528,8.2e-05,10.929517,0.175681,41.455021,88
city25-airborne,A0,2,8.86448,8.5e-05,8.696233,0.168162,41.950359,88
city25-airborne,A0,3,10.362379,0.000118,10.190916,0.171345,43.723313,88
city25-airborne,A0,4,10.590609,8.1e-05,10.396064,0.194464,40.738465,88
city25-airborne,A0,5,10.386622,8.1e-05,10.201833,0.184708,40.449776,88
city25-airborne,A0,6,10.753763,8.6e-05,10.578826,0.174851,48.977806,88
city25-airborne,A0,7,10.680491,8e-05,10.510193,0.170218,44.564285,88
city25-airborne,A0,8,10.481484,8.4e-05,10.309362,0.172038,40.931609,88
city25-airborne,A0,9,10.4811,0.000117,10.30715,0.173833,42.279068,88
city25-airborne,A0,10,10.494104,0.000113,10.321316,0.172675,48.529428,88
city25-airborne,A0,11,10.452037,0.000119,10.283233,0.168685,42.941286,88
city25-airborne,A0,12,10.718287,0.000111,10.53226,0.185916,41.156305,88
city25-airborne,A0,13,10.589392,8.1e-05,10.419719,0.169592,40.84952,88
city25-airborne,A0,14,10.584255,8.3e-05,10.411356,0.172816,45.736523,88
city25-airborne,A0,15,10.495984,8.1e-05,10.342327,0.153576,43.249162,88
city25-airborne,A0,16,10.732114,8.5e-05,10.556459,0.17557,43.671925,88
city25-airborne,A0,17,10.569902,8.4e-05,10.38224,0.187578,41.015158,88
city25-airborne,A0,18,10.216851,8.2e-05,10.044767,0.172002,46.252298,88
city25-airborne,A0,19,10.509241,0.000106,10.339442,0.169693,42.680082,88
city25-airborne,B,0,13.643478,8.4e-05,13.461589,0.181805,358.591487,88
city25-airborne,B,1,10.430243,8.1e-05,10.249307,0.180855,41.639231,88
city25-airborne,B,2,9.874806,8.4e-05,9.697213,0.177509,41.584172,88
city25-airborne,B,3,9.839868,8.4e-05,9.635546,0.204238,50.216666,88
city25-airborne,B,4,9.810536,8e-05,9.62519,0.185266,41.394456,88
city25-airborne,B,5,9.441816,8.3e-05,9.262407,0.179326,41.141271,88
city25-airborne,B,6,9.955572,8.4e-05,9.770906,0.184582,41.699575,88
city25-airborne,B,7,7.687942,8.8e-05,7.534579,0.153275,56.69762,88
city25-airborne,B,8,9.709872,9.7e-05,9.489836,0.219939,41.486588,88
city25-airborne,B,9,8.814479,8.2e-05,8.636377,0.17802,41.206129,88
city25-airborne,B,10,8.739918,9.7e-05,8.544708,0.195113,41.253535,88
city25-airborne,B,11,9.709127,8.1e-05,9.527625,0.181421,57.82989,88
city25-airborne,B,12,9.735437,8.3e-05,9.550615,0.184739,41.759478,88
city25-airborne,B,13,9.657226,8e-05,9.457788,0.199358,41.700996,88
city25-airborne,B,14,9.826707,0.000112,9.636808,0.189787,41.589407,88
city25-airborne,B,15,9.36861,8.3e-05,9.182159,0.186368,56.922839,88
city25-airborne,B,16,9.638498,8.5e-05,9.425989,0.212424,41.854218,88
city25-airborne,B,17,9.59052,8.1e-05,9.410408,0.180031,41.251256,88
city25-airborne,B,18,9.598451,8.4e-05,9.392738,0.205629,41.76792,88
city25-airborne,B,19,9.747961,8.2e-05,9.567172,0.180707,57.091344,88
city25-airborne,A1,0,14.109736,8e-05,13.910476,0.19918,371.089188,88
city25-airborne,A1,1,11.122172,0.000155,10.951815,0.170202,42.637251,88
city25-airborne,A1,2,10.905411,8.2e-05,10.703368,0.201961,46.012575,88
city25-airborne,A1,3,10.875031,9.4e-05,10.704686,0.170251,41.724039,88
city25-airborne,A1,4,10.700901,9.3e-05,10.52607,0.174738,41.328784,88
city25-airborne,A1,5,10.731567,8.1e-05,10.549808,0.181678,41.864418,88
city25-airborne,A1,6,10.524984,8e-05,10.336438,0.188466,55.43128,88
city25-airborne,A1,7,10.520173,8.1e-05,10.330524,0.189568,41.624729,88
city25-airborne,A1,8,10.998598,8e-05,10.783454,0.215064,41.867299,88
city25-airborne,A1,9,10.808843,8.1e-05,10.605356,0.203406,42.197159,88
city25-airborne,A1,10,10.568901,8.9e-05,10.40236,0.166452,56.813293,88
city25-airborne,A1,11,10.704888,8e-05,10.528488,0.17632,41.673569,88
city25-airborne,A1,12,10.517851,7.5e-05,10.343167,0.174609,41.608135,88
city25-airborne,A1,13,10.56529,8.1e-05,10.386196,0.179013,41.598841,88
city25-airborne,A1,14,10.79976,8.1e-05,10.616427,0.183252,56.239449,88
city25-airborne,A1,15,9.979968,0.000147,9.809716,0.170105,42.098556,88
city25-airborne,A1,16,10.271224,8.1e-05,10.073013,0.19813,42.136232,88
city25-airborne,A1,17,10.550953,0.000153,10.371822,0.178978,42.018728,88
city25-airborne,A1,18,8.590531,8.1e-05,8.443633,0.146817,58.347302,88
city25-airborne,A1,19,10.522148,8.1e-05,10.346944,0.175123,41.742692,88
city25-initial-impact,A0,0,49.891963,8e-05,49.65035,0.241533,368.164035,304
city25-initial-impact,A0,1,37.309214,9e-05,37.057435,0.251689,43.714671,304
city25-initial-impact,A0,2,40.244058,9.1e-05,39.987261,0.256706,42.180873,304
city25-initial-impact,A0,3,39.525657,8.7e-05,39.280373,0.245197,41.77096,304
city25-initial-impact,A0,4,40.420454,9.4e-05,40.092137,0.328223,42.161152,304
city25-initial-impact,A0,5,38.607342,0.000101,38.342923,0.264318,43.09495,304
city25-initial-impact,A0,6,38.91967,9.3e-05,38.664054,0.255523,41.758408,304
city25-initial-impact,A0,7,38.503715,8.7e-05,38.260153,0.243475,44.997341,304
city25-initial-impact,A0,8,39.840483,9e-05,39.596617,0.243776,43.148896,304
city25-initial-impact,A0,9,40.203332,9.6e-05,39.960518,0.242718,42.275033,304
city25-initial-impact,A0,10,38.534196,8.4e-05,38.276194,0.257918,46.162261,304
city25-initial-impact,A0,11,36.839917,9.5e-05,36.598363,0.241459,42.414673,304
city25-initial-impact,A0,12,38.837243,8.8e-05,38.551131,0.286024,41.8813,304
city25-initial-impact,A0,13,38.463467,9.7e-05,38.217591,0.245779,50.249159,304
city25-initial-impact,A0,14,39.136636,0.000101,38.894253,0.242282,44.137017,304
city25-initial-impact,A0,15,38.682126,9.5e-05,38.428686,0.253345,41.79141,304
city25-initial-impact,A0,16,37.801073,8.8e-05,37.559316,0.241669,43.107391,304
city25-initial-impact,A0,17,38.648805,0.000103,38.391325,0.257377,45.327186,304
city25-initial-impact,A0,18,38.279764,9.3e-05,38.013994,0.265677,49.297533,304
city25-initial-impact,A0,19,42.012348,8.5e-05,41.769537,0.242726,49.266612,304
city25-initial-impact,B,0,45.316123,0.000148,45.142929,0.173046,361.280798,304
city25-initial-impact,B,1,38.622078,0.00014,38.446371,0.175567,42.434009,304
city25-initial-impact,B,2,37.831387,0.000149,37.639555,0.191683,41.6659,304
city25-initial-impact,B,3,37.045419,0.00018,36.869431,0.175808,41.3132,304
city25-initial-impact,B,4,38.864929,0.000143,38.664915,0.199871,44.54877,304
city25-initial-impact,B,5,36.34672,0.000134,36.18789,0.158696,46.715505,304
city25-initial-impact,B,6,37.214159,0.000148,37.04645,0.167561,44.22814,304
city25-initial-impact,B,7,33.105496,0.000146,32.921084,0.184266,49.148115,304
city25-initial-impact,B,8,35.000789,9.1e-05,34.83138,0.169318,41.96944,304
city25-initial-impact,B,9,32.892003,8e-05,32.720606,0.171317,42.264201,304
city25-initial-impact,B,10,37.547206,0.00012,37.365582,0.181504,42.816047,304
city25-initial-impact,B,11,38.417348,0.000156,38.230058,0.187134,44.315216,304
city25-initial-impact,B,12,35.870268,0.000144,35.632507,0.237617,43.729029,304
city25-initial-impact,B,13,35.425122,0.00012,35.249106,0.175896,43.139586,304
city25-initial-impact,B,14,30.93276,0.000108,30.790645,0.142007,45.273613,304
city25-initial-impact,B,15,34.123163,0.000141,33.988294,0.134728,41.614066,304
city25-initial-impact,B,16,32.816022,0.000145,32.624831,0.191046,42.274545,304
city25-initial-impact,B,17,34.081186,0.000153,33.885867,0.195166,45.428908,304
city25-initial-impact,B,18,33.971048,0.000118,33.759536,0.211394,41.620938,304
city25-initial-impact,B,19,34.731923,0.000119,34.560943,0.170861,42.593254,304
city25-initial-impact,A1,0,47.934617,0.000113,47.75069,0.183814,372.113356,304
city25-initial-impact,A1,1,41.553698,9e-05,41.430877,0.122731,50.237144,304
city25-initial-impact,A1,2,43.912516,0.000135,42.630348,1.282033,46.021501,304
city25-initial-impact,A1,3,38.213895,0.000123,38.022167,0.191605,43.134469,304
city25-initial-impact,A1,4,37.583248,0.000118,37.405814,0.177316,55.947695,304
city25-initial-impact,A1,5,38.880597,0.000126,38.701613,0.178858,42.89908,304
city25-initial-impact,A1,6,40.410924,6.8e-05,40.228946,0.18191,42.559546,304
city25-initial-impact,A1,7,38.503548,0.000106,38.32857,0.174872,55.163723,304
city25-initial-impact,A1,8,37.601394,0.000123,37.459889,0.141382,46.426796,304
city25-initial-impact,A1,9,36.707469,0.000114,36.51986,0.187495,42.763049,304
city25-initial-impact,A1,10,37.846895,0.000118,37.665922,0.180855,54.769666,304
city25-initial-impact,A1,11,36.41012,0.000123,36.225582,0.184415,43.255447,304
city25-initial-impact,A1,12,37.552406,0.000136,37.369408,0.182862,43.359753,304
city25-initial-impact,A1,13,37.44698,0.000109,37.269306,0.177565,57.1067,304
city25-initial-impact,A1,14,37.920773,0.000117,37.747402,0.173254,43.009533,304
city25-initial-impact,A1,15,36.631053,8.4e-05,36.454654,0.176315,42.668919,304
city25-initial-impact,A1,16,38.245899,8.9e-05,38.038208,0.207602,59.512343,304
city25-initial-impact,A1,17,39.334815,0.000128,39.163445,0.171242,48.762495,304
city25-initial-impact,A1,18,37.84698,0.000112,37.666503,0.180365,43.3898,304
city25-initial-impact,A1,19,37.522362,8.2e-05,37.33917,0.18311,51.045476,304
city25-post-impact,A0,0,29.413356,0.00013,29.221746,0.19148,373.070004,332
city25-post-impact,A0,1,23.652126,0.000131,23.477079,0.174916,44.647876,332
city25-post-impact,A0,2,21.962137,0.000128,21.786778,0.175231,44.377958,332
city25-post-impact,A0,3,21.126827,0.000103,20.944868,0.181856,43.912119,332
city25-post-impact,A0,4,22.044786,0.00012,21.832287,0.212379,46.003439,332
city25-post-impact,A0,5,23.053332,0.000132,22.874922,0.178278,48.56499,332
city25-post-impact,A0,6,21.483402,0.000129,21.304965,0.178308,44.775015,332
city25-post-impact,A0,7,21.446887,0.00014,21.27069,0.176057,45.170873,332
city25-post-impact,A0,8,21.504871,0.000138,21.32554,0.179193,53.158097,332
city25-post-impact,A0,9,25.72091,0.000136,25.53892,0.181854,44.652919,332
city25-post-impact,A0,10,21.528755,0.000129,21.353804,0.174822,45.002471,332
city25-post-impact,A0,11,22.189914,8.3e-05,21.976278,0.213553,45.71185,332
city25-post-impact,A0,12,21.806726,0.000131,21.629253,0.177342,46.524498,332
city25-post-impact,A0,13,21.705939,0.000133,21.541096,0.16471,44.419778,332
city25-post-impact,A0,14,21.397675,0.000139,21.218834,0.178702,54.054763,332
city25-post-impact,A0,15,21.58568,0.000166,21.385257,0.200257,47.993557,332
city25-post-impact,A0,16,21.274405,0.000136,21.091325,0.182944,44.840488,332
city25-post-impact,A0,17,21.113725,0.000129,20.98119,0.132406,45.601029,332
city25-post-impact,A0,18,23.780109,0.000261,23.574646,0.205202,74.466015,332
city25-post-impact,A0,19,21.689139,0.000147,21.467884,0.221108,51.627137,332
city25-post-impact,B,0,34.905606,8.1e-05,34.659681,0.245844,383.068278,332
city25-post-impact,B,1,24.117104,0.000103,23.839546,0.277455,56.304965,332
city25-post-impact,B,2,21.435571,0.000176,21.300302,0.135093,43.549888,332
city25-post-impact,B,3,22.975304,9.3e-05,22.733474,0.241737,43.510692,332
city25-post-impact,B,4,21.04278,0.000102,20.867236,0.175442,48.553062,332
city25-post-impact,B,5,20.722635,0.000133,20.521747,0.200755,44.767911,332
city25-post-impact,B,6,23.640069,0.000112,23.460155,0.179802,44.576739,332
city25-post-impact,B,7,22.589485,0.000112,22.413386,0.175987,44.076384,332
city25-post-impact,B,8,22.889082,9.9e-05,22.70856,0.180423,56.061985,332
city25-post-impact,B,9,20.174013,0.000146,20.001632,0.172235,44.847273,332
city25-post-impact,B,10,20.203588,9.7e-05,20.029121,0.17437,43.780625,332
city25-post-impact,B,11,21.502869,0.000106,21.304254,0.198509,44.0246,332
city25-post-impact,B,12,21.03272,9.8e-05,20.858811,0.173811,44.859274,332
city25-post-impact,B,13,21.379413,0.000148,21.205172,0.174093,43.903843,332
city25-post-impact,B,14,20.574483,0.000134,20.39674,0.177609,51.872993,332
city25-post-impact,B,15,21.937878,8.5e-05,21.751088,0.186705,56.207957,332
city25-post-impact,B,16,22.03683,0.000103,21.827811,0.208916,43.971124,332
city25-post-impact,B,17,21.123988,0.0001,20.940042,0.183846,43.898915,332
city25-post-impact,B,18,21.557758,8.5e-05,21.371863,0.18581,50.761312,332
city25-post-impact,B,19,20.068296,0.00012,19.882893,0.185283,46.326842,332
city25-post-impact,A1,0,28.915042,8e-05,28.695492,0.21947,384.68501,332
city25-post-impact,A1,1,23.720148,8.3e-05,23.515745,0.20432,52.318391,332
city25-post-impact,A1,2,24.184912,0.000161,24.017113,0.167638,46.883145,332
city25-post-impact,A1,3,26.52107,8.6e-05,26.296945,0.224039,45.79038,332
city25-post-impact,A1,4,23.818877,8.2e-05,23.614295,0.2045,56.752501,332
city25-post-impact,A1,5,21.588703,8.2e-05,21.364413,0.224208,45.643613,332
city25-post-impact,A1,6,24.271909,8.3e-05,24.022519,0.249307,50.326865,332
city25-post-impact,A1,7,21.753104,8.3e-05,21.530992,0.222029,48.507576,332
city25-post-impact,A1,8,21.558228,8.2e-05,21.341357,0.216789,45.837332,332
city25-post-impact,A1,9,21.218251,8.4e-05,21.004759,0.213408,44.878686,332
city25-post-impact,A1,10,22.65803,8.1e-05,22.443125,0.214824,46.639072,332
city25-post-impact,A1,11,18.429715,8.3e-05,18.26506,0.164572,55.180632,332
city25-post-impact,A1,12,18.699035,0.000108,18.515042,0.183885,45.477925,332
city25-post-impact,A1,13,21.62935,8.4e-05,21.457271,0.171995,45.380153,332
city25-post-impact,A1,14,21.924429,8.4e-05,21.733815,0.19053,48.637584,332
city25-post-impact,A1,15,21.009541,8.1e-05,20.77713,0.23233,46.248856,332
city25-post-impact,A1,16,21.840246,8e-05,21.606831,0.233335,45.405505,332
city25-post-impact,A1,17,21.852234,0.000117,21.668325,0.183792,47.412808,332
city25-post-impact,A1,18,21.685506,8.5e-05,21.474878,0.210543,51.168194,332
city25-post-impact,A1,19,21.298031,0.000118,21.071322,0.226591,46.571036,332
city25-cascading-fracture,A0,0,49.896434,8.7e-05,49.701175,0.195172,373.596992,388
city25-cascading-fracture,A0,1,39.841143,0.000115,39.64111,0.199918,44.597934,388
city25-cascading-fracture,A0,2,39.64571,8e-05,39.471125,0.174505,43.935331,388
city25-cascading-fracture,A0,3,36.245316,8.6e-05,36.121538,0.123692,43.964195,388
city25-cascading-fracture,A0,4,40.36853,8e-05,40.183828,0.184622,46.058231,388
city25-cascading-fracture,A0,5,40.444426,8.3e-05,40.267551,0.176792,44.199306,388
city25-cascading-fracture,A0,6,37.19494,6.9e-05,37.012574,0.182297,44.01248,388
city25-cascading-fracture,A0,7,37.178165,8.3e-05,36.985174,0.192908,47.825828,388
city25-cascading-fracture,A0,8,37.152614,8.2e-05,36.972261,0.180271,44.390465,388
city25-cascading-fracture,A0,9,37.68687,8.5e-05,37.505027,0.181758,44.708886,388
city25-cascading-fracture,A0,10,37.379544,8e-05,37.186538,0.192926,49.306507,388
city25-cascading-fracture,A0,11,37.907322,8.3e-05,37.729655,0.177584,44.312071,388
city25-cascading-fracture,A0,12,38.194388,8.3e-05,38.003077,0.191228,45.239948,388
city25-cascading-fracture,A0,13,44.392503,8.5e-05,44.195775,0.196643,51.7031,388
city25-cascading-fracture,A0,14,38.438641,8.3e-05,38.233329,0.205229,46.006516,388
city25-cascading-fracture,A0,15,38.271894,8.2e-05,38.093704,0.178108,44.310362,388
city25-cascading-fracture,A0,16,38.472236,8.1e-05,38.288099,0.184056,48.894322,388
city25-cascading-fracture,A0,17,37.220463,8.1e-05,37.045134,0.175248,46.182146,388
city25-cascading-fracture,A0,18,37.9505,8.2e-05,37.766167,0.184251,44.930833,388
city25-cascading-fracture,A0,19,38.06582,8.4e-05,37.881901,0.183835,51.117695,388
city25-cascading-fracture,B,0,49.227725,0.000118,48.980429,0.247178,378.855824,388
city25-cascading-fracture,B,1,41.412812,0.000136,41.159813,0.252863,49.950141,388
city25-cascading-fracture,B,2,37.421325,0.00014,37.162182,0.259003,45.988583,388
city25-cascading-fracture,B,3,40.186295,8.1e-05,39.907096,0.279118,45.463089,388
city25-cascading-fracture,B,4,39.867853,0.000113,39.606313,0.261427,50.922914,388
city25-cascading-fracture,B,5,38.344928,0.000116,38.084047,0.260765,45.449276,388
city25-cascading-fracture,B,6,38.299928,0.00012,38.041373,0.258435,52.353284,388
city25-cascading-fracture,B,7,38.05019,0.000122,37.785294,0.264774,45.915838,388
city25-cascading-fracture,B,8,38.900238,0.000112,38.65029,0.249836,46.053661,388
city25-cascading-fracture,B,9,38.014265,0.000107,37.762184,0.251974,47.210953,388
city25-cascading-fracture,B,10,38.750966,0.000119,38.496636,0.254211,48.099826,388
city25-cascading-fracture,B,11,37.375879,0.000121,37.074723,0.301035,45.841088,388
city25-cascading-fracture,B,12,37.588904,0.000108,37.203117,0.385679,48.460206,388
city25-cascading-fracture,B,13,39.004681,0.000132,38.729211,0.275338,45.905923,388
city25-cascading-fracture,B,14,37.836149,0.000109,37.626967,0.209073,45.236158,388
city25-cascading-fracture,B,15,31.125641,0.000116,30.937596,0.187929,48.076405,388
city25-cascading-fracture,B,16,33.607309,0.000129,33.421604,0.185576,45.451154,388
city25-cascading-fracture,B,17,37.987934,0.000124,37.808348,0.179462,45.583964,388
city25-cascading-fracture,B,18,37.222301,0.000111,37.028395,0.193795,48.020432,388
city25-cascading-fracture,B,19,36.636951,0.00012,36.457901,0.17893,45.572645,388
city25-cascading-fracture,A1,0,50.606012,0.000128,50.421254,0.18463,364.810833,388
city25-cascading-fracture,A1,1,42.399834,0.000134,42.213923,0.185777,60.590853,388
city25-cascading-fracture,A1,2,43.73155,0.000132,43.55183,0.179588,44.395814,388
city25-cascading-fracture,A1,3,39.350359,0.000147,39.174339,0.175873,44.49473,388
city25-cascading-fracture,A1,4,41.208704,0.000142,41.027068,0.181494,49.129465,388
city25-cascading-fracture,A1,5,41.357702,0.000123,41.164483,0.193096,47.706586,388
city25-cascading-fracture,A1,6,38.872588,0.00013,38.697336,0.175122,45.048131,388
city25-cascading-fracture,A1,7,37.71103,0.000127,37.536794,0.174109,45.0935,388
city25-cascading-fracture,A1,8,42.669976,0.000151,42.483518,0.186307,45.543992,388
city25-cascading-fracture,A1,9,38.029546,0.00013,37.857124,0.172292,45.47515,388
city25-cascading-fracture,A1,10,38.385855,0.000123,38.212411,0.173321,48.901197,388
city25-cascading-fracture,A1,11,39.251445,0.000131,39.074811,0.176503,45.744714,388
city25-cascading-fracture,A1,12,38.416757,0.000128,38.238562,0.178067,45.596865,388
city25-cascading-fracture,A1,13,41.015005,0.000128,40.839304,0.175573,46.834166,388
city25-cascading-fracture,A1,14,39.986857,0.00012,39.811032,0.175705,46.903629,388
city25-cascading-fracture,A1,15,41.068695,0.000138,40.892857,0.1757,51.551287,388
city25-cascading-fracture,A1,16,39.303758,0.000128,39.116452,0.187178,45.440131,388
city25-cascading-fracture,A1,17,39.856352,0.000127,39.681425,0.1748,46.743486,388
city25-cascading-fracture,A1,18,40.513624,0.000141,40.338423,0.17506,49.578852,388
city25-cascading-fracture,A1,19,37.877116,0.000128,37.702024,0.174964,46.392466,388
city25-fragmented-loaded,A0,0,61.314973,0.000132,61.14617,0.168671,376.930207,536
city25-fragmented-loaded,A0,1,54.694683,0.000134,54.526826,0.167723,47.403689,536
city25-fragmented-loaded,A0,2,50.419313,0.000218,50.249818,0.169277,45.613332,536
city25-fragmented-loaded,A0,3,51.692643,0.00013,51.506275,0.186238,53.009133,536
city25-fragmented-loaded,A0,4,51.458399,0.000162,51.271883,0.186354,49.255028,536
city25-fragmented-loaded,A0,5,50.265845,0.00017,50.093162,0.172513,45.663968,536
city25-fragmented-loaded,A0,6,54.635102,0.000128,54.400708,0.234266,60.807821,536
city25-fragmented-loaded,A0,7,51.261887,0.000136,51.074191,0.18756,46.269519,536
city25-fragmented-loaded,A0,8,50.173952,0.00014,50.004198,0.169614,50.536327,536
city25-fragmented-loaded,A0,9,46.271734,0.000136,46.097476,0.174122,46.912828,536
city25-fragmented-loaded,A0,10,46.835082,0.00014,46.644913,0.190029,45.765747,536
city25-fragmented-loaded,A0,11,55.712298,0.00015,55.539859,0.172289,46.561496,536
city25-fragmented-loaded,A0,12,53.530138,0.000158,53.337686,0.192294,46.703584,536
city25-fragmented-loaded,A0,13,52.701661,0.000151,52.52909,0.17242,46.326284,536
city25-fragmented-loaded,A0,14,50.730213,0.00016,50.559009,0.171044,46.808259,536
city25-fragmented-loaded,A0,15,53.273766,0.000117,53.088458,0.185191,46.21747,536
city25-fragmented-loaded,A0,16,55.302175,0.000142,55.13494,0.167093,60.214889,536
city25-fragmented-loaded,A0,17,52.560037,0.00015,52.387661,0.172226,45.896454,536
city25-fragmented-loaded,A0,18,53.718417,0.000141,53.53461,0.183666,46.319387,536
city25-fragmented-loaded,A0,19,54.816948,0.000171,54.645214,0.171563,57.183762,536
city25-fragmented-loaded,B,0,65.42381,9.5e-05,65.285386,0.138329,387.046039,536
city25-fragmented-loaded,B,1,55.608992,8.6e-05,55.413973,0.194933,48.53129,536
city25-fragmented-loaded,B,2,51.027952,0.000128,50.857004,0.17082,46.882089,536
city25-fragmented-loaded,B,3,52.718473,0.000101,52.539834,0.178538,54.779885,536
city25-fragmented-loaded,B,4,53.209101,0.000103,53.014335,0.194663,47.201703,536
city25-fragmented-loaded,B,5,52.661803,0.000108,52.478525,0.18317,47.097524,536
city25-fragmented-loaded,B,6,49.898509,8.5e-05,49.716997,0.181427,46.711759,536
city25-fragmented-loaded,B,7,51.525187,0.000109,51.342955,0.182123,46.012804,536
city25-fragmented-loaded,B,8,52.643525,0.000104,52.426674,0.216747,47.176176,536
city25-fragmented-loaded,B,9,52.070004,8.5e-05,51.879381,0.190538,45.82544,536
city25-fragmented-loaded,B,10,52.337122,0.000102,52.139799,0.197221,45.662537,536
city25-fragmented-loaded,B,11,49.825435,0.000101,49.637605,0.187729,46.519108,536
city25-fragmented-loaded,B,12,52.379122,0.000112,52.193285,0.185725,47.244307,536
city25-fragmented-loaded,B,13,58.023572,0.000102,57.819371,0.204099,54.413641,536
city25-fragmented-loaded,B,14,50.567102,8.8e-05,50.350675,0.216339,48.481433,536
city25-fragmented-loaded,B,15,61.751974,8.5e-05,61.55304,0.198849,46.200466,536
city25-fragmented-loaded,B,16,48.116479,0.000103,47.938468,0.177908,53.888286,536
city25-fragmented-loaded,B,17,53.125513,8.5e-05,52.938048,0.18738,46.468866,536
city25-fragmented-loaded,B,18,49.094801,9.8e-05,48.906824,0.187879,47.691534,536
city25-fragmented-loaded,B,19,52.173371,9.5e-05,51.980257,0.193019,46.729606,536
city25-fragmented-loaded,A1,0,62.744194,0.000138,62.547142,0.196914,390.884467,536
city25-fragmented-loaded,A1,1,51.438937,0.000118,51.235289,0.20353,47.220469,536
city25-fragmented-loaded,A1,2,52.147638,9.6e-05,51.942278,0.205264,47.06986,536
city25-fragmented-loaded,A1,3,49.864973,0.000107,49.669948,0.194918,51.011493,536
city25-fragmented-loaded,A1,4,52.012472,0.00011,51.795089,0.217273,46.947063,536
city25-fragmented-loaded,A1,5,50.507974,0.000132,50.262377,0.245465,54.614665,536
city25-fragmented-loaded,A1,6,48.606428,0.000155,48.45189,0.154383,48.735481,536
city25-fragmented-loaded,A1,7,50.430509,0.000145,50.216065,0.214299,47.681596,536
city25-fragmented-loaded,A1,8,50.949864,0.000133,50.701125,0.248606,54.851427,536
city25-fragmented-loaded,A1,9,52.232623,0.000123,52.014948,0.217552,47.705865,536
city25-fragmented-loaded,A1,10,53.050591,0.000111,52.850721,0.199759,49.365952,536
city25-fragmented-loaded,A1,11,50.193473,0.000169,50.000566,0.192738,50.906171,536
city25-fragmented-loaded,A1,12,49.855897,0.000139,49.664359,0.191399,48.06195,536
city25-fragmented-loaded,A1,13,51.249599,0.000222,50.979233,0.270144,49.032656,536
city25-fragmented-loaded,A1,14,51.519582,0.00012,51.387201,0.132261,48.03872,536
city25-fragmented-loaded,A1,15,47.5195,0.000132,47.297797,0.221571,54.072754,536
city25-fragmented-loaded,A1,16,47.721169,0.000136,47.453982,0.267051,47.914098,536
city25-fragmented-loaded,A1,17,52.983271,0.000125,52.78418,0.198966,47.723994,536
city25-fragmented-loaded,A1,18,53.123715,0.000129,52.919669,0.203917,50.414982,536
city25-fragmented-loaded,A1,19,51.905483,0.000104,51.654052,0.251327,48.999075,536
city25-late-debris,A0,0,75.383106,0.000106,75.123659,0.259341,372.893084,676
city25-late-debris,A0,1,72.672646,0.000146,72.477283,0.195217,46.956939,676
city25-late-debris,A0,2,68.791851,0.000105,68.578791,0.212955,57.69511,676
city25-late-debris,A0,3,67.27481,0.000118,67.03455,0.240142,51.109108,676
city25-late-debris,A0,4,69.168575,0.000124,68.971325,0.197126,49.621399,676
city25-late-debris,A0,5,67.446211,0.000109,67.259594,0.186508,49.101735,676
city25-late-debris,A0,6,65.474962,0.00012,65.251864,0.222978,46.985146,676
city25-late-debris,A0,7,56.135834,0.000119,55.930761,0.204954,50.698735,676
city25-late-debris,A0,8,64.885289,0.000109,64.6925,0.19268,49.145618,676
city25-late-debris,A0,9,68.756576,0.000111,68.561343,0.195122,59.408796,676
city25-late-debris,A0,10,66.094135,0.000108,65.885451,0.208576,49.978787,676
city25-late-debris,A0,11,66.379199,0.000118,66.202185,0.176896,48.14032,676
city25-late-debris,A0,12,64.93122,0.000115,64.75426,0.176845,47.70209,676
city25-late-debris,A0,13,69.080398,0.00011,68.808875,0.271413,56.819527,676
city25-late-debris,A0,14,68.207443,0.000118,68.028296,0.179029,48.900508,676
city25-late-debris,A0,15,65.897081,0.000112,65.700634,0.196335,48.514616,676
city25-late-debris,A0,16,66.917425,0.000118,66.664047,0.25326,48.589746,676
city25-late-debris,A0,17,66.100729,0.000146,65.915611,0.184972,53.03859,676
city25-late-debris,A0,18,63.406908,0.000122,63.28615,0.120636,50.629306,676
city25-late-debris,A0,19,64.20653,0.000121,64.018789,0.18762,50.401365,676
city25-late-debris,B,0,82.363039,8.9e-05,82.183712,0.179238,386.664392,676
city25-late-debris,B,1,69.523779,9.8e-05,69.327741,0.19594,48.838626,676
city25-late-debris,B,2,70.650764,0.000103,70.43407,0.216591,48.291877,676
city25-late-debris,B,3,68.525034,8.1e-05,68.243358,0.281595,51.893967,676
city25-late-debris,B,4,64.739817,8.1e-05,64.532677,0.207059,50.245925,676
city25-late-debris,B,5,65.416278,9.7e-05,65.199645,0.216536,59.043375,676
city25-late-debris,B,6,66.387058,9.5e-05,66.196128,0.190835,47.671018,676
city25-late-debris,B,7,66.343782,0.000102,66.136206,0.207474,50.348873,676
city25-late-debris,B,8,65.415138,8e-05,65.213408,0.20165,50.506597,676
city25-late-debris,B,9,64.809014,8.6e-05,64.567882,0.241046,48.772468,676
city25-late-debris,B,10,65.737747,8.1e-05,65.502602,0.235064,54.640357,676
city25-late-debris,B,11,68.076787,8e-05,67.840577,0.23613,50.010509,676
city25-late-debris,B,12,67.464491,0.000141,67.178385,0.285965,57.049933,676
city25-late-debris,B,13,67.759912,9.6e-05,67.499586,0.26023,53.857101,676
city25-late-debris,B,14,65.865104,0.000117,65.609511,0.255476,59.284133,676
city25-late-debris,B,15,66.617369,0.00011,66.398172,0.219087,53.765237,676
city25-late-debris,B,16,65.696687,8.9e-05,65.468496,0.228102,58.21968,676
city25-late-debris,B,17,68.831757,8.9e-05,68.601506,0.230162,52.783162,676
city25-late-debris,B,18,65.974359,9.1e-05,65.751328,0.22294,55.742341,676
city25-late-debris,B,19,67.374033,0.000118,67.12334,0.250575,55.897024,676
city25-late-debris,A1,0,86.900793,0.000142,86.652014,0.248637,389.997595,676
city25-late-debris,A1,1,70.606136,0.000125,70.374437,0.231574,47.356086,676
city25-late-debris,A1,2,69.717572,0.000123,69.472971,0.244478,47.447105,676
city25-late-debris,A1,3,75.191567,0.000145,74.937551,0.253871,54.209152,676
city25-late-debris,A1,4,65.698249,0.000108,65.466892,0.231249,52.984085,676
city25-late-debris,A1,5,67.380983,0.000119,67.154448,0.226416,53.039445,676
city25-late-debris,A1,6,67.269133,0.000171,67.038981,0.229981,53.358606,676
city25-late-debris,A1,7,68.081817,0.00015,67.819109,0.262558,55.4668,676
city25-late-debris,A1,8,67.156366,0.000185,66.906968,0.249213,52.522064,676
city25-late-debris,A1,9,70.862417,0.000155,70.572332,0.28993,57.753079,676
city25-late-debris,A1,10,71.067831,0.000143,70.790628,0.27706,52.213365,676
city25-late-debris,A1,11,65.696304,0.000147,65.466623,0.229534,57.608144,676
city25-late-debris,A1,12,69.988233,0.000123,69.769859,0.218251,52.463397,676
city25-late-debris,A1,13,66.269065,0.000143,66.016799,0.252123,57.232579,676
city25-late-debris,A1,14,67.322218,0.000144,67.115682,0.206392,53.039656,676
city25-late-debris,A1,15,66.193061,0.000145,65.999478,0.193438,54.84466,676
city25-late-debris,A1,16,67.2012,0.000136,66.971254,0.22981,52.586747,676
city25-late-debris,A1,17,67.873435,0.000167,67.643054,0.230214,56.45314,676
city25-late-debris,A1,18,67.4271,0.000144,67.155437,0.271519,51.267587,676
city25-late-debris,A1,19,65.367945,0.000157,65.159003,0.208785,58.548733,676
city25-ten-second-debris,A0,0,88.203082,0.000117,88.003308,0.199657,382.4518,716
city25-ten-second-debris,A0,1,71.953402,0.000126,71.711584,0.241692,47.063882,716
city25-ten-second-debris,A0,2,66.663506,0.000174,66.47215,0.191182,48.34968,716
city25-ten-second-debris,A0,3,77.76043,0.000171,77.515364,0.244895,60.565737,716
city25-ten-second-debris,A0,4,67.423194,0.000177,67.192248,0.230769,50.191683,716
city25-ten-second-debris,A0,5,67.834706,0.000276,67.618002,0.216428,55.165128,716
city25-ten-second-debris,A0,6,69.979149,0.000125,69.760343,0.218681,57.737484,716
city25-ten-second-debris,A0,7,67.099861,0.000185,66.886556,0.21312,57.966119,716
city25-ten-second-debris,A0,8,66.397568,0.000196,66.196081,0.201291,51.668343,716
city25-ten-second-debris,A0,9,67.520927,0.000186,67.320783,0.199958,59.520666,716
city25-ten-second-debris,A0,10,67.743106,0.000183,67.555867,0.187056,51.954431,716
city25-ten-second-debris,A0,11,65.864641,0.000191,65.645928,0.218522,55.73573,716
city25-ten-second-debris,A0,12,69.911048,0.000222,69.679308,0.231518,59.366742,716
city25-ten-second-debris,A0,13,66.676859,0.000186,66.471601,0.205072,60.241478,716
city25-ten-second-debris,A0,14,67.795726,0.000209,67.542473,0.253044,51.505453,716
city25-ten-second-debris,A0,15,65.983083,0.000157,65.748476,0.23445,56.868696,716
city25-ten-second-debris,A0,16,64.22653,0.000196,64.016644,0.20969,53.548751,716
city25-ten-second-debris,A0,17,64.675457,0.000187,64.460548,0.214722,55.164388,716
city25-ten-second-debris,A0,18,67.831097,0.000186,67.62052,0.210391,58.1766,716
city25-ten-second-debris,A0,19,63.879413,0.000196,63.68869,0.190527,57.485281,716
city25-ten-second-debris,B,0,90.203025,0.000109,90.022539,0.180377,385.334623,716
city25-ten-second-debris,B,1,75.004272,0.000101,74.785382,0.218789,49.287823,716
city25-ten-second-debris,B,2,75.366699,0.000112,75.195623,0.170964,48.716954,716
city25-ten-second-debris,B,3,67.361064,0.000182,67.135711,0.225171,57.403152,716
city25-ten-second-debris,B,4,59.629848,0.000171,59.47519,0.154487,49.719056,716
city25-ten-second-debris,B,5,60.955953,0.000127,60.767445,0.188381,54.627648,716
city25-ten-second-debris,B,6,69.665516,0.000122,69.437339,0.228055,51.135544,716
city25-ten-second-debris,B,7,67.612104,0.000125,67.465905,0.146074,56.742604,716
city25-ten-second-debris,B,8,66.037313,0.000117,65.83539,0.201806,51.497581,716
city25-ten-second-debris,B,9,67.189545,0.000108,66.992586,0.196851,53.6249,716
city25-ten-second-debris,B,10,68.956687,0.00012,68.725795,0.230772,53.386241,716
city25-ten-second-debris,B,11,67.469725,0.000125,67.268537,0.201063,57.934013,716
city25-ten-second-debris,B,12,69.223655,0.000132,68.957919,0.265604,51.857917,716
city25-ten-second-debris,B,13,65.989822,0.000164,65.793625,0.196033,54.739818,716
city25-ten-second-debris,B,14,66.772417,0.000117,66.564174,0.208126,51.24108,716
city25-ten-second-debris,B,15,66.797612,0.000122,66.569465,0.228025,65.45323,716
city25-ten-second-debris,B,16,67.514892,0.000124,67.295685,0.219083,53.829503,716
city25-ten-second-debris,B,17,67.136665,0.000115,66.915026,0.221524,63.102517,716
city25-ten-second-debris,B,18,67.172468,0.000132,66.960826,0.21151,52.026802,716
city25-ten-second-debris,B,19,71.738666,0.000183,71.527087,0.211396,67.303332,716
city25-ten-second-debris,A1,0,86.305642,8.4e-05,86.016753,0.288805,395.643055,716
city25-ten-second-debris,A1,1,69.539817,8.2e-05,69.346177,0.193558,47.771324,716
city25-ten-second-debris,A1,2,64.007773,9e-05,63.837187,0.170496,48.868113,716
city25-ten-second-debris,A1,3,62.156541,0.000125,61.947745,0.208671,47.228702,716
city25-ten-second-debris,A1,4,61.417691,8.4e-05,61.234332,0.183275,48.187069,716
city25-ten-second-debris,A1,5,59.590782,8.2e-05,59.406855,0.183845,51.424553,716
city25-ten-second-debris,A1,6,66.457708,8.2e-05,66.249499,0.208127,48.063284,716
city25-ten-second-debris,A1,7,62.533169,0.000116,62.364809,0.168244,54.155175,716
city25-ten-second-debris,A1,8,60.157127,8.8e-05,59.982572,0.174467,47.258321,716
city25-ten-second-debris,A1,9,61.546911,7.1e-05,61.375969,0.170871,51.099422,716
city25-ten-second-debris,A1,10,63.57972,8e-05,63.366215,0.213425,47.388349,716
city25-ten-second-debris,A1,11,62.657345,8e-05,62.484258,0.173007,47.194101,716
city25-ten-second-debris,A1,12,61.524988,8.4e-05,61.353879,0.171025,51.83862,716
city25-ten-second-debris,A1,13,64.488501,8.9e-05,64.293142,0.19527,46.878799,716
city25-ten-second-debris,A1,14,58.714541,0.000129,58.522956,0.191456,56.604936,716
city25-ten-second-debris,A1,15,61.475275,8e-05,61.296392,0.178803,46.970975,716
city25-ten-second-debris,A1,16,60.639389,8.2e-05,60.440703,0.198604,52.558452,716
city25-ten-second-debris,A1,17,54.681317,0.00012,54.459923,0.221274,49.274477,716
city25-ten-second-debris,A1,18,58.877381,8.4e-05,58.730825,0.146472,47.383297,716
city25-ten-second-debris,A1,19,55.967866,8.1e-05,55.786761,0.181024,49.030644,716
city64-intact-idle,A0,0,23.708798,0.000123,23.501467,0.207208,1116.607351,88
city64-intact-idle,A0,1,21.463456,9.2e-05,21.255922,0.207442,95.091168,88
city64-intact-idle,A0,2,20.546192,0.000115,20.352803,0.193274,100.121588,88
city64-intact-idle,A0,3,20.052782,0.000124,19.841019,0.211639,97.541703,88
city64-intact-idle,A0,4,19.282931,0.000131,19.148063,0.134737,99.26391,88
city64-intact-idle,A0,5,19.964608,0.000126,19.822669,0.141813,103.377019,88
city64-intact-idle,A0,6,20.620903,0.00012,20.428608,0.192175,97.369321,88
city64-intact-idle,A0,7,17.003153,0.000113,16.786255,0.216785,100.930991,88
city64-intact-idle,A0,8,16.398839,0.00012,16.210312,0.188407,97.724246,88
city64-intact-idle,A0,9,19.401736,0.000127,19.256778,0.144831,97.756973,88
city64-intact-idle,A0,10,19.202394,0.000127,19.006755,0.195512,101.591525,88
city64-intact-idle,A0,11,20.089033,0.000122,19.902266,0.186645,99.822343,88
city64-intact-idle,A0,12,19.660618,9.2e-05,19.463795,0.196731,110.958663,88
city64-intact-idle,A0,13,19.629541,0.000117,19.47092,0.158504,97.640494,88
city64-intact-idle,A0,14,13.623159,0.000128,13.435545,0.187486,100.077181,88
city64-intact-idle,A0,15,14.760022,0.000121,14.554875,0.205026,99.831055,88
city64-intact-idle,A0,16,16.612508,0.000112,16.405547,0.206849,98.391262,88
city64-intact-idle,A0,17,20.153438,0.000123,19.954401,0.198914,111.846998,88
city64-intact-idle,A0,18,15.545657,0.000112,15.344198,0.201347,97.81802,88
city64-intact-idle,A0,19,15.686811,0.000129,15.486034,0.200648,121.833953,88
city64-intact-idle,B,0,21.438873,0.000154,21.022659,0.41606,1107.78136,88
city64-intact-idle,B,1,15.966916,0.000124,15.742984,0.223808,93.816523,88
city64-intact-idle,B,2,16.260425,0.000125,16.010232,0.250068,100.321268,88
city64-intact-idle,B,3,12.73013,0.000131,12.537091,0.192908,101.303815,88
city64-intact-idle,B,4,15.063074,0.000151,14.843897,0.219026,98.983528,88
city64-intact-idle,B,5,15.708803,0.000127,15.500292,0.208384,115.390084,88
city64-intact-idle,B,6,16.943997,0.00011,16.700117,0.24377,100.662506,88
city64-intact-idle,B,7,15.081276,0.000124,14.832069,0.249083,118.391963,88
city64-intact-idle,B,8,14.47518,0.000107,14.258951,0.216122,99.64115,88
city64-intact-idle,B,9,15.143882,0.000122,14.91977,0.22399,98.143748,88
city64-intact-idle,B,10,15.160909,0.000116,14.928748,0.232045,102.666806,88
city64-intact-idle,B,11,14.629823,0.000122,14.390335,0.239366,99.689133,88
city64-intact-idle,B,12,14.715356,0.000108,14.493915,0.221333,110.589518,88
city64-intact-idle,B,13,15.253466,0.000121,15.018673,0.234672,98.744899,88
city64-intact-idle,B,14,18.436913,0.000138,18.18699,0.249785,99.947328,88
city64-intact-idle,B,15,14.818078,0.000128,14.582345,0.235605,97.323447,88
city64-intact-idle,B,16,15.100022,9.2e-05,14.852199,0.247731,98.917019,88
city64-intact-idle,B,17,14.848422,0.000122,14.607792,0.240508,104.871191,88
city64-intact-idle,B,18,14.697544,0.000174,14.454979,0.242391,97.184301,88
city64-intact-idle,B,19,15.283056,0.000122,15.056884,0.22605,113.846804,88
city64-intact-idle,A1,0,21.346699,0.000178,21.105306,0.241215,1080.600442,88
city64-intact-idle,A1,1,20.44026,0.000177,20.246155,0.193928,93.657938,88
city64-intact-idle,A1,2,16.590479,0.000172,16.428583,0.161724,110.637576,88
city64-intact-idle,A1,3,16.170863,0.000179,15.973221,0.197463,95.815739,88
city64-intact-idle,A1,4,16.609553,9.9e-05,16.4234,0.186054,98.320662,88
city64-intact-idle,A1,5,15.693269,0.000113,15.455135,0.238021,98.679602,88
city64-intact-idle,A1,6,14.947381,0.000131,14.760965,0.186285,97.776222,88
city64-intact-idle,A1,7,15.945925,0.000129,15.723998,0.221798,106.087503,88
city64-intact-idle,A1,8,16.191191,0.000126,15.978165,0.2129,97.395376,88
city64-intact-idle,A1,9,17.111653,0.000169,16.892299,0.219185,115.043253,88
city64-intact-idle,A1,10,15.365411,9.8e-05,15.174562,0.190751,98.427681,88
city64-intact-idle,A1,11,14.556643,0.000162,14.370638,0.185843,100.34774,88
city64-intact-idle,A1,12,13.737004,0.000123,13.500105,0.236776,97.036908,88
city64-intact-idle,A1,13,14.527848,0.000114,14.316529,0.211205,96.913033,88
city64-intact-idle,A1,14,19.738362,0.00012,19.554866,0.183376,104.534082,88
city64-intact-idle,A1,15,14.620568,0.000134,14.426597,0.193837,99.235336,88
city64-intact-idle,A1,16,16.333137,0.000127,16.216469,0.116541,114.104314,88
city64-intact-idle,A1,17,15.074725,0.000229,14.912815,0.161681,96.738251,88
city64-intact-idle,A1,18,14.535317,0.00013,14.317638,0.217549,99.189275,88
city64-intact-idle,A1,19,14.427741,0.000108,14.280091,0.147542,98.005643,88
city64-airborne,A0,0,23.104911,0.000124,22.871893,0.232894,1063.150609,88
city64-airborne,A0,1,18.423537,8.1e-05,18.191802,0.231654,90.858125,88
city64-airborne,A0,2,22.735967,8e-05,22.545148,0.190739,106.956695,88
city64-airborne,A0,3,17.73539,0.000123,17.550408,0.184859,102.505665,88
city64-airborne,A0,4,17.933471,0.00011,17.813579,0.119782,112.364606,88
city64-airborne,A0,5,16.318145,8.9e-05,16.060736,0.25732,94.797134,88
city64-airborne,A0,6,15.9489,0.000107,15.819665,0.129128,97.545181,88
city64-airborne,A0,7,17.637619,0.000122,17.419003,0.218494,94.342191,88
city64-airborne,A0,8,17.436117,0.000104,17.229986,0.206027,96.812606,88
city64-airborne,A0,9,18.267689,8e-05,17.956363,0.311246,101.71355,88
city64-airborne,A0,10,17.476652,9.1e-05,17.28765,0.188911,102.360535,88
city64-airborne,A0,11,18.481626,8.5e-05,17.537452,0.944089,97.600426,88
city64-airborne,A0,12,17.256697,0.000102,17.066398,0.190197,94.545316,88
city64-airborne,A0,13,17.627882,0.000103,17.321093,0.306686,102.271454,88
city64-airborne,A0,14,17.81379,8.9e-05,17.474277,0.339424,95.343341,88
city64-airborne,A0,15,17.376159,0.00012,17.0713,0.304739,98.097523,88
city64-airborne,A0,16,17.564625,0.00011,17.255499,0.309016,95.634598,88
city64-airborne,A0,17,17.448174,0.000131,17.148544,0.299499,96.000421,88
city64-airborne,A0,18,17.298016,9.3e-05,17.024319,0.273604,110.572876,88
city64-airborne,A0,19,17.768473,0.0001,17.425228,0.343145,95.006216,88
city64-airborne,B,0,17.710406,0.000114,17.510608,0.199684,1103.662393,88
city64-airborne,B,1,18.339499,0.000198,18.134252,0.205049,93.115075,88
city64-airborne,B,2,15.688025,0.000156,15.482412,0.205457,101.83545,88
city64-airborne,B,3,16.003987,0.000165,15.784597,0.219225,97.062852,88
city64-airborne,B,4,17.331915,0.000179,17.095554,0.236182,99.210971,88
city64-airborne,B,5,15.466271,0.000124,15.247713,0.218434,102.303382,88
city64-airborne,B,6,15.595085,0.000106,15.373243,0.221736,99.043584,88
city64-airborne,B,7,14.14517,0.00018,13.824226,0.320764,99.026266,88
city64-airborne,B,8,17.29334,0.000151,17.076282,0.216907,98.224891,88
city64-airborne,B,9,16.729021,0.000133,16.538691,0.190197,99.999843,88
city64-airborne,B,10,19.275533,0.000143,19.067462,0.207928,97.614036,88
city64-airborne,B,11,16.140677,0.00011,15.992716,0.147851,99.205442,88
city64-airborne,B,12,15.490322,0.000173,15.327273,0.162876,106.557649,88
city64-airborne,B,13,16.468689,0.000153,16.222622,0.245914,97.959462,88
city64-airborne,B,14,13.611158,0.00013,13.391472,0.219556,98.616704,88
city64-airborne,B,15,15.484846,0.0001,15.268771,0.215975,97.510822,88
city64-airborne,B,16,15.130461,0.000116,14.944493,0.185852,110.441867,88
city64-airborne,B,17,14.707188,0.000156,14.46839,0.238642,98.037043,88
city64-airborne,B,18,17.135519,0.000153,16.915753,0.219613,99.596926,88
city64-airborne,B,19,17.057745,0.000129,16.844257,0.213359,97.869736,88
city64-airborne,A1,0,24.369188,0.000106,24.157195,0.211887,1065.097402,88
city64-airborne,A1,1,18.710059,0.000132,18.503758,0.206169,92.136424,88
city64-airborne,A1,2,17.675237,0.000122,17.453788,0.221327,94.257706,88
city64-airborne,A1,3,17.974542,0.000124,17.780174,0.194244,94.011523,88
city64-airborne,A1,4,17.900493,0.000129,17.705049,0.195315,103.675293,88
city64-airborne,A1,5,17.581409,0.000131,17.383155,0.198123,94.905246,88
city64-airborne,A1,6,17.205877,0.000129,17.047178,0.15857,100.270891,88
city64-airborne,A1,7,17.735952,0.000133,17.50506,0.230759,94.739815,88
city64-airborne,A1,8,16.778949,0.000115,16.540645,0.238189,95.375238,88
city64-airborne,A1,9,18.05667,0.000147,17.850333,0.20619,123.697092,88
city64-airborne,A1,10,17.948003,0.000136,17.734311,0.213556,104.486653,88
city64-airborne,A1,11,17.643887,0.000138,17.436612,0.207137,104.823078,88
city64-airborne,A1,12,17.671634,0.000146,17.473038,0.19845,96.942662,88
city64-airborne,A1,13,17.334861,0.00013,17.132273,0.202458,97.482272,88
city64-airborne,A1,14,17.362051,0.000125,17.168155,0.193771,99.126642,88
city64-airborne,A1,15,17.160627,0.000118,16.960048,0.200461,95.983193,88
city64-airborne,A1,16,17.500577,0.000136,17.297579,0.202862,100.887476,88
city64-airborne,A1,17,17.333493,0.000121,17.138001,0.195371,96.306362,88
city64-airborne,A1,18,17.179647,0.000135,16.966667,0.212845,106.746084,88
city64-airborne,A1,19,17.359134,0.000128,17.149845,0.209161,96.400597,88
city64-initial-impact,A0,0,78.026749,8e-05,77.851608,0.175061,1056.84743,304
city64-initial-impact,A0,1,62.709535,8.2e-05,62.539115,0.170338,92.823456,304
city64-initial-impact,A0,2,60.495681,9.8e-05,60.320733,0.17485,104.403684,304
city64-initial-impact,A0,3,59.799301,8e-05,59.594329,0.204892,104.564691,304
city64-initial-impact,A0,4,59.701732,0.000106,59.526658,0.174968,92.946267,304
city64-initial-impact,A0,5,59.48927,8.2e-05,59.306266,0.182922,96.465484,304
city64-initial-impact,A0,6,58.629801,8.1e-05,58.423815,0.205905,102.718884,304
city64-initial-impact,A0,7,58.900303,8.4e-05,58.675047,0.225172,92.936254,304
city64-initial-impact,A0,8,56.006543,8.5e-05,55.826552,0.179906,95.396493,304
city64-initial-impact,A0,9,58.221091,8.1e-05,58.043212,0.177798,98.307372,304
city64-initial-impact,A0,10,58.701919,8.3e-05,58.506696,0.19514,93.575494,304
city64-initial-impact,A0,11,59.325669,8.1e-05,59.140346,0.185242,94.088279,304
city64-initial-impact,A0,12,54.799157,8.6e-05,54.618251,0.18082,98.323881,304
city64-initial-impact,A0,13,58.281705,0.000103,58.108208,0.173394,92.901175,304
city64-initial-impact,A0,14,59.140448,8e-05,58.963595,0.176773,95.503313,304
city64-initial-impact,A0,15,58.65885,0.000113,58.484255,0.174482,110.446793,304
city64-initial-impact,A0,16,58.776886,0.00011,58.580455,0.196321,93.610559,304
city64-initial-impact,A0,17,58.188151,8.8e-05,57.99945,0.188613,94.153374,304
city64-initial-impact,A0,18,58.528407,9.1e-05,58.351002,0.177314,104.153108,304
city64-initial-impact,A0,19,55.603426,0.000122,55.430237,0.173067,94.99329,304
city64-initial-impact,B,0,83.085019,0.0001,82.899932,0.184987,1075.016786,304
city64-initial-impact,B,1,70.575098,0.000159,70.395961,0.178978,93.498777,304
city64-initial-impact,B,2,63.572363,8.1e-05,63.392572,0.17971,96.11862,304
city64-initial-impact,B,3,63.012612,8.6e-05,62.834645,0.177881,100.737753,304
city64-initial-impact,B,4,62.043619,0.000105,61.848594,0.19492,95.600602,304
city64-initial-impact,B,5,65.089232,0.00011,64.899573,0.189549,97.990116,304
city64-initial-impact,B,6,59.715654,8.2e-05,59.527,0.188572,97.65939,304
city64-initial-impact,B,7,60.761861,9e-05,60.609851,0.15192,109.910055,304
city64-initial-impact,B,8,64.110712,0.00012,63.946623,0.163969,98.121786,304
city64-initial-impact,B,9,64.98612,8e-05,64.77645,0.20959,98.94035,304
city64-initial-impact,B,10,64.206523,8.4e-05,63.999181,0.207258,110.141983,304
city64-initial-impact,B,11,64.674778,0.000117,64.494808,0.179853,97.378509,304
city64-initial-impact,B,12,62.775606,0.000109,62.600217,0.17528,96.406986,304
city64-initial-impact,B,13,61.61191,8.6e-05,61.431047,0.180777,99.066958,304
city64-initial-impact,B,14,63.198325,0.000163,63.021483,0.176679,105.319817,304
city64-initial-impact,B,15,64.116073,0.000108,63.917989,0.197976,96.641084,304
city64-initial-impact,B,16,63.037467,0.000104,62.864136,0.173227,97.265861,304
city64-initial-impact,B,17,61.567723,0.000115,61.371785,0.195823,111.657498,304
city64-initial-impact,B,18,59.73429,8.4e-05,59.558809,0.175397,97.455627,304
city64-initial-impact,B,19,52.87762,8.5e-05,52.700362,0.177173,96.808162,304
city64-initial-impact,A1,0,77.637618,0.000103,77.435361,0.202154,1061.380353,304
city64-initial-impact,A1,1,64.826558,0.000106,64.641771,0.184681,90.429961,304
city64-initial-impact,A1,2,67.511399,0.000102,67.297402,0.213895,95.263537,304
city64-initial-impact,A1,3,59.120072,0.000101,58.937358,0.182613,98.447359,304
city64-initial-impact,A1,4,62.303071,0.000338,62.040289,0.262444,102.909954,304
city64-initial-impact,A1,5,61.90527,0.0001,61.692174,0.212996,94.353524,304
city64-initial-impact,A1,6,61.601339,0.000108,61.399237,0.201994,95.164498,304
city64-initial-impact,A1,7,61.000057,0.0001,60.798193,0.201764,110.16114,304
city64-initial-impact,A1,8,61.570582,0.000109,61.350737,0.219736,95.33173,304
city64-initial-impact,A1,9,59.940961,0.0001,59.758062,0.182799,94.629697,304
city64-initial-impact,A1,10,59.46886,0.000101,59.287649,0.18111,97.951959,304
city64-initial-impact,A1,11,61.639649,0.000101,61.439179,0.200369,98.348854,304
city64-initial-impact,A1,12,59.886361,0.00012,59.668894,0.217347,94.768676,304
city64-initial-impact,A1,13,58.625627,0.000101,58.425977,0.199549,97.13548,304
city64-initial-impact,A1,14,59.30434,0.000111,59.099795,0.204434,100.917888,304
city64-initial-impact,A1,15,59.450514,0.000102,59.246798,0.203614,95.051167,304
city64-initial-impact,A1,16,61.339063,0.000101,61.112038,0.226924,103.86582,304
city64-initial-impact,A1,17,54.269331,0.000153,54.116169,0.153009,104.851161,304
city64-initial-impact,A1,18,51.369057,0.000155,51.195803,0.173099,96.119941,304
city64-initial-impact,A1,19,52.970693,0.000106,52.820888,0.149699,94.745396,304
city64-post-impact,A0,0,48.444095,9.6e-05,48.205902,0.238097,1103.312381,332
city64-post-impact,A0,1,36.326738,0.000125,36.134627,0.191986,109.594762,332
city64-post-impact,A0,2,34.37898,9.3e-05,34.18451,0.194377,102.729838,332
city64-post-impact,A0,3,35.293684,0.000123,35.086126,0.207435,98.550145,332
city64-post-impact,A0,4,40.229229,0.000128,39.976724,0.252377,100.870621,332
city64-post-impact,A0,5,38.942644,0.000133,38.722425,0.220086,97.92094,332
city64-post-impact,A0,6,34.582666,8.3e-05,34.388933,0.19365,98.221374,332
city64-post-impact,A0,7,32.192496,0.000124,31.992579,0.199793,99.388445,332
city64-post-impact,A0,8,33.402741,8.3e-05,33.202252,0.200406,99.584423,332
city64-post-impact,A0,9,28.539705,0.00016,28.342015,0.19753,101.704547,332
city64-post-impact,A0,10,29.828657,0.000125,29.638597,0.189935,102.228876,332
city64-post-impact,A0,11,43.595584,8.8e-05,43.450268,0.145228,107.180023,332
city64-post-impact,A0,12,36.324527,9.5e-05,36.090212,0.23422,100.927995,332
city64-post-impact,A0,13,35.517259,0.000125,35.273659,0.243475,101.586437,332
city64-post-impact,A0,14,36.054363,0.000124,35.829809,0.22443,98.621963,332
city64-post-impact,A0,15,37.049597,0.000127,36.840593,0.208877,98.617572,332
city64-post-impact,A0,16,38.954448,0.000123,38.748,0.206325,114.575831,332
city64-post-impact,A0,17,35.899977,0.000128,35.668871,0.230978,98.137167,332
city64-post-impact,A0,18,35.387561,8.4e-05,35.186885,0.200592,98.709053,332
city64-post-impact,A0,19,33.409987,0.000128,33.228575,0.181284,116.022682,332
city64-post-impact,B,0,48.141285,0.000178,47.95026,0.190847,1095.432022,332
city64-post-impact,B,1,40.874324,0.000116,40.671843,0.202365,107.787109,332
city64-post-impact,B,2,38.418467,0.000166,38.199154,0.219147,99.963432,332
city64-post-impact,B,3,36.881245,0.000122,36.694407,0.186716,101.156671,332
city64-post-impact,B,4,36.938423,0.000177,36.72744,0.210806,102.973963,332
city64-post-impact,B,5,36.817286,0.00012,36.629566,0.1876,99.877599,332
city64-post-impact,B,6,37.141233,0.000113,36.948397,0.192723,103.358032,332
city64-post-impact,B,7,36.778253,0.000109,36.541351,0.236793,103.292467,332
city64-post-impact,B,8,37.107787,0.000116,36.920113,0.187558,97.936276,332
city64-post-impact,B,9,36.060233,0.000111,35.825904,0.234218,102.149493,332
city64-post-impact,B,10,37.101473,0.000119,36.908623,0.192731,99.570536,332
city64-post-impact,B,11,35.592162,0.000171,35.406503,0.185488,98.824433,332
city64-post-impact,B,12,35.982743,0.00012,35.791982,0.190641,104.075209,332
city64-post-impact,B,13,36.928207,0.000114,36.724982,0.203111,99.869442,332
city64-post-impact,B,14,36.58893,0.000112,36.400455,0.188363,98.842517,332
city64-post-impact,B,15,36.622946,0.000164,36.434755,0.188027,113.797161,332
city64-post-impact,B,16,36.772103,0.000111,36.586314,0.185678,99.190283,332
city64-post-impact,B,17,37.468948,0.000158,37.281737,0.187053,98.983884,332
city64-post-impact,B,18,36.888354,0.000176,36.641516,0.246662,111.146152,332
city64-post-impact,B,19,34.251427,0.000127,34.045311,0.205989,100.154008,332
city64-post-impact,A1,0,47.023469,0.000103,46.826252,0.197114,1073.718745,332
city64-post-impact,A1,1,41.083223,0.000157,40.821453,0.261613,100.673838,332
city64-post-impact,A1,2,40.697534,0.000173,40.456625,0.240736,101.505094,332
city64-post-impact,A1,3,31.919295,0.000202,31.716467,0.202626,100.828925,332
city64-post-impact,A1,4,37.212477,0.000158,37.052222,0.160097,102.82227,332
city64-post-impact,A1,5,37.73562,0.000104,37.494496,0.24102,96.343351,332
city64-post-impact,A1,6,33.020127,0.000161,32.828565,0.191401,100.388228,332
city64-post-impact,A1,7,35.38443,0.000183,35.169945,0.214302,98.623372,332
city64-post-impact,A1,8,37.011963,0.000154,36.811087,0.200722,96.032591,332
city64-post-impact,A1,9,37.041532,0.000207,36.804138,0.237187,110.072025,332
city64-post-impact,A1,10,36.1483,0.000167,35.924917,0.223216,105.890827,332
city64-post-impact,A1,11,36.148513,0.000102,35.939017,0.209394,100.958051,332
city64-post-impact,A1,12,36.076599,0.00013,35.872531,0.203938,96.593386,332
city64-post-impact,A1,13,36.411971,0.000129,36.204063,0.207779,102.108023,332
city64-post-impact,A1,14,35.754085,9.7e-05,35.543733,0.210255,94.391304,332
city64-post-impact,A1,15,37.079532,0.000171,36.858468,0.220893,98.306191,332
city64-post-impact,A1,16,31.552718,0.00012,31.344488,0.20811,96.909189,332
city64-post-impact,A1,17,30.568274,0.000101,30.412395,0.155778,98.922758,332
city64-post-impact,A1,18,30.060217,9.8e-05,29.853748,0.206371,113.927701,332
city64-post-impact,A1,19,33.72416,9.6e-05,33.564937,0.159127,95.382519,332
city64-cascading-fracture,A0,0,73.029572,0.00011,72.824208,0.205254,1106.387284,400
city64-cascading-fracture,A0,1,62.452069,0.000125,62.255359,0.196585,112.230425,400
city64-cascading-fracture,A0,2,58.254972,0.000165,58.045518,0.209289,98.793683,400
city64-cascading-fracture,A0,3,61.173848,0.000112,60.997314,0.176422,97.611709,400
city64-cascading-fracture,A0,4,60.631961,0.000135,60.450486,0.18134,103.93254,400
city64-cascading-fracture,A0,5,56.695766,0.000108,56.520948,0.17471,100.893801,400
city64-cascading-fracture,A0,6,55.657181,0.00017,55.485423,0.171588,100.687896,400
city64-cascading-fracture,A0,7,58.8866,0.000163,58.708454,0.177983,100.109167,400
city64-cascading-fracture,A0,8,55.510124,0.000118,55.362723,0.147283,107.451999,400
city64-cascading-fracture,A0,9,54.531634,0.00017,54.341543,0.189921,106.262711,400
city64-cascading-fracture,A0,10,54.971106,0.000414,54.776496,0.194196,104.342589,400
city64-cascading-fracture,A0,11,54.702441,0.000188,54.501538,0.200715,96.863886,400
city64-cascading-fracture,A0,12,55.167644,0.00017,54.992403,0.175071,98.90544,400
city64-cascading-fracture,A0,13,54.218955,0.000168,54.043799,0.174988,98.588159,400
city64-cascading-fracture,A0,14,54.437133,0.000118,54.253528,0.183487,96.434833,400
city64-cascading-fracture,A0,15,55.120723,0.00011,54.913365,0.207248,96.636032,400
city64-cascading-fracture,A0,16,53.844648,0.000166,53.663248,0.181234,100.643553,400
city64-cascading-fracture,A0,17,54.380563,0.000112,54.189608,0.190843,98.014908,400
city64-cascading-fracture,A0,18,53.923445,0.000106,53.737421,0.185918,97.256698,400
city64-cascading-fracture,A0,19,53.518117,0.00011,53.329067,0.18894,99.311137,400
city64-cascading-fracture,B,0,69.226052,0.00011,69.031125,0.194817,1096.183031,400
city64-cascading-fracture,B,1,60.190982,0.000108,60.007902,0.182972,113.843294,400
city64-cascading-fracture,B,2,57.377648,0.000118,57.158314,0.219216,97.876619,400
city64-cascading-fracture,B,3,54.873924,0.000107,54.653153,0.220664,97.345564,400
city64-cascading-fracture,B,4,54.871961,0.000109,54.671664,0.200188,99.566552,400
city64-cascading-fracture,B,5,59.38159,0.000108,59.217009,0.164473,105.492536,400
city64-cascading-fracture,B,6,57.628902,0.000118,57.407716,0.221068,102.004458,400
city64-cascading-fracture,B,7,53.96352,0.000109,53.772243,0.191168,99.905021,400
city64-cascading-fracture,B,8,54.405504,0.000109,54.208072,0.197323,107.437949,400
city64-cascading-fracture,B,9,55.215103,0.000107,55.010503,0.204493,96.515043,400
city64-cascading-fracture,B,10,54.490839,0.000118,54.143691,0.34703,97.260061,400
city64-cascading-fracture,B,11,56.845936,0.000115,56.628286,0.217535,101.37395,400
city64-cascading-fracture,B,12,59.185529,0.000109,58.933526,0.251894,104.62575,400
city64-cascading-fracture,B,13,56.338599,0.000109,56.110962,0.227528,97.624557,400
city64-cascading-fracture,B,14,53.845912,0.000108,53.642969,0.202835,97.234918,400
city64-cascading-fracture,B,15,58.263852,0.000132,57.993012,0.270708,121.747765,400
city64-cascading-fracture,B,16,56.045401,0.000122,55.824406,0.220873,108.388323,400
city64-cascading-fracture,B,17,55.079933,0.000122,54.844613,0.235198,107.804601,400
city64-cascading-fracture,B,18,55.658554,0.000122,55.453958,0.204474,106.558528,400
city64-cascading-fracture,B,19,56.872309,0.000125,56.670535,0.201649,111.328099,400
city64-cascading-fracture,A1,0,74.085565,8.3e-05,73.876703,0.208779,1074.033283,400
city64-cascading-fracture,A1,1,59.878495,6.9e-05,59.685956,0.19247,99.958523,400
city64-cascading-fracture,A1,2,57.847275,0.0003,57.639564,0.207411,98.791881,400
city64-cascading-fracture,A1,3,54.071279,0.000127,53.890959,0.180193,98.031538,400
city64-cascading-fracture,A1,4,58.022592,0.000163,57.821664,0.200765,114.873747,400
city64-cascading-fracture,A1,5,54.698464,0.000123,54.493993,0.204348,98.041899,400
city64-cascading-fracture,A1,6,55.431508,0.000127,55.230706,0.200675,101.597531,400
city64-cascading-fracture,A1,7,59.682637,0.000123,59.469835,0.212679,99.376382,400
city64-cascading-fracture,A1,8,61.202437,0.000123,60.984293,0.218021,110.969767,400
city64-cascading-fracture,A1,9,60.550638,7.5e-05,60.341813,0.20875,96.198628,400
city64-cascading-fracture,A1,10,64.429194,0.000139,64.20912,0.219935,104.727119,400
city64-cascading-fracture,A1,11,53.477589,0.00023,53.334816,0.142543,109.736622,400
city64-cascading-fracture,A1,12,51.399708,0.000123,51.24891,0.150675,106.856603,400
city64-cascading-fracture,A1,13,47.901457,8.5e-05,47.774278,0.127094,95.859393,400
city64-cascading-fracture,A1,14,52.10306,0.000123,51.947917,0.15502,98.476748,400
city64-cascading-fracture,A1,15,52.663313,8.3e-05,52.506391,0.156839,104.894723,400
city64-cascading-fracture,A1,16,51.124267,8.3e-05,50.937439,0.186745,95.805519,400
city64-cascading-fracture,A1,17,50.440061,0.000124,50.241156,0.198781,97.638377,400
city64-cascading-fracture,A1,18,51.152238,0.000123,51.01387,0.138245,98.973408,400
city64-cascading-fracture,A1,19,47.500058,0.000123,47.349958,0.149977,96.125786,400
city64-fragmented-loaded,A0,0,112.848841,0.000184,112.654449,0.194208,1111.475832,644
city64-fragmented-loaded,A0,1,91.714625,0.000172,91.526779,0.187674,105.738576,644
city64-fragmented-loaded,A0,2,93.120998,0.000195,92.930329,0.190474,112.734811,644
city64-fragmented-loaded,A0,3,91.860306,0.000199,91.679609,0.180498,106.606458,644
city64-fragmented-loaded,A0,4,94.118532,0.00019,93.92673,0.191612,105.35296,644
city64-fragmented-loaded,A0,5,91.481286,0.000194,91.299974,0.181118,105.386638,644
city64-fragmented-loaded,A0,6,93.65267,0.000187,93.415183,0.2373,104.579489,644
city64-fragmented-loaded,A0,7,91.969885,0.000142,91.788027,0.181716,105.243655,644
city64-fragmented-loaded,A0,8,85.940741,0.000148,85.749856,0.190737,106.38486,644
city64-fragmented-loaded,A0,9,90.050323,0.000172,89.858895,0.191256,115.639812,644
city64-fragmented-loaded,A0,10,83.659775,0.000198,83.438732,0.220845,106.635734,644
city64-fragmented-loaded,A0,11,86.596754,0.000191,86.408442,0.188121,105.260448,644
city64-fragmented-loaded,A0,12,87.662412,0.000193,87.468869,0.19335,112.12245,644
city64-fragmented-loaded,A0,13,86.145541,0.000196,85.954449,0.190896,104.628463,644
city64-fragmented-loaded,A0,14,85.522778,0.000155,85.327666,0.194957,105.780514,644
city64-fragmented-loaded,A0,15,83.071428,0.000198,82.871373,0.199857,107.075962,644
city64-fragmented-loaded,A0,16,77.903294,0.000191,77.723057,0.180046,121.029538,644
city64-fragmented-loaded,A0,17,82.530305,0.000196,82.350116,0.179993,111.866186,644
city64-fragmented-loaded,A0,18,83.048075,0.000193,82.865628,0.182254,104.864857,644
city64-fragmented-loaded,A0,19,81.620407,0.0002,81.424454,0.195753,105.317231,644
city64-fragmented-loaded,B,0,104.542172,0.000148,104.366661,0.175363,1101.106837,644
city64-fragmented-loaded,B,1,94.061592,0.000377,93.863908,0.197307,105.16393,644
city64-fragmented-loaded,B,2,86.965116,0.000142,86.76705,0.197924,118.891005,644
city64-fragmented-loaded,B,3,86.342274,0.000175,86.165314,0.176785,107.550827,644
city64-fragmented-loaded,B,4,86.166033,0.000145,85.986978,0.17891,106.384729,644
city64-fragmented-loaded,B,5,86.910636,0.000143,86.679523,0.23097,102.899516,644
city64-fragmented-loaded,B,6,87.458929,0.000154,87.28203,0.176745,103.82251,644
city64-fragmented-loaded,B,7,85.335821,0.000133,85.141249,0.194439,104.884633,644
city64-fragmented-loaded,B,8,86.722346,0.0002,86.462585,0.259561,104.193132,644
city64-fragmented-loaded,B,9,86.811278,0.000171,86.618563,0.192544,118.889674,644
city64-fragmented-loaded,B,10,87.446376,0.000205,87.250568,0.195603,106.893811,644
city64-fragmented-loaded,B,11,86.009915,0.000101,85.82547,0.184344,104.531244,644
city64-fragmented-loaded,B,12,83.884002,0.000166,83.703563,0.180273,102.13573,644
city64-fragmented-loaded,B,13,85.711915,0.000112,85.5233,0.188503,101.41018,644
city64-fragmented-loaded,B,14,85.598591,7.1e-05,85.349657,0.248863,101.6873,644
city64-fragmented-loaded,B,15,88.424396,0.000109,88.25219,0.172097,104.166582,644
city64-fragmented-loaded,B,16,83.995753,0.000174,83.7463,0.249279,114.716245,644
city64-fragmented-loaded,B,17,84.866907,0.000218,84.612546,0.254143,117.923393,644
city64-fragmented-loaded,B,18,91.956959,0.000166,91.748219,0.208574,109.447403,644
city64-fragmented-loaded,B,19,83.725236,6.8e-05,83.525231,0.199937,110.634802,644
city64-fragmented-loaded,A1,0,102.250294,7.5e-05,102.07495,0.175269,1077.208585,644
city64-fragmented-loaded,A1,1,88.713683,0.000131,88.569855,0.143697,105.529213,644
city64-fragmented-loaded,A1,2,87.513662,0.000112,87.369765,0.143785,102.769669,644
city64-fragmented-loaded,A1,3,88.679438,7.7e-05,88.528595,0.150766,102.083896,644
city64-fragmented-loaded,A1,4,84.390748,0.00012,84.269099,0.121529,102.510687,644
city64-fragmented-loaded,A1,5,89.916979,0.00039,89.773405,0.143184,102.329345,644
city64-fragmented-loaded,A1,6,81.56579,0.000115,81.438792,0.126883,103.494496,644
city64-fragmented-loaded,A1,7,85.730054,0.000109,85.577773,0.152172,104.766108,644
city64-fragmented-loaded,A1,8,85.709881,9.8e-05,85.513684,0.196099,120.726673,644
city64-fragmented-loaded,A1,9,86.112409,7.8e-05,85.933499,0.178832,111.979354,644
city64-fragmented-loaded,A1,10,85.784154,0.000111,85.603708,0.180335,102.043526,644
city64-fragmented-loaded,A1,11,87.087985,7.5e-05,86.872808,0.215102,101.902942,644
city64-fragmented-loaded,A1,12,84.893689,7.8e-05,84.686367,0.207244,102.707369,644
city64-fragmented-loaded,A1,13,83.355208,8.5e-05,83.174657,0.180466,104.04104,644
city64-fragmented-loaded,A1,14,85.472277,0.000118,85.2575,0.214659,119.216762,644
city64-fragmented-loaded,A1,15,83.511137,7.7e-05,83.303516,0.207544,106.391447,644
city64-fragmented-loaded,A1,16,86.258615,0.000117,86.072374,0.186124,103.501678,644
city64-fragmented-loaded,A1,17,85.038072,7.8e-05,84.850564,0.18743,102.274235,644
city64-fragmented-loaded,A1,18,84.922868,7.8e-05,84.714495,0.208295,106.848551,644
city64-fragmented-loaded,A1,19,88.867902,8.7e-05,88.703176,0.164639,104.805587,644
city64-late-debris,A0,0,150.87172,0.000175,150.560295,0.31125,1125.662213,948
city64-late-debris,A0,1,129.475555,0.000171,129.167644,0.30774,106.394472,948
city64-late-debris,A0,2,121.863374,0.000198,121.674931,0.188245,112.047222,948
city64-late-debris,A0,3,125.291892,0.000164,125.000274,0.291454,110.144826,948
city64-late-debris,A0,4,122.33777,0.000174,122.046855,0.290741,117.158906,948
city64-late-debris,A0,5,119.858919,0.000192,119.638689,0.220038,114.42385,948
city64-late-debris,A0,6,127.969915,0.000161,127.705146,0.264608,119.847498,948
city64-late-debris,A0,7,136.12587,0.000186,135.886251,0.239433,139.096807,948
city64-late-debris,A0,8,124.22148,0.000185,124.008195,0.2131,132.319223,948
city64-late-debris,A0,9,124.238667,0.000185,124.000655,0.237827,115.950555,948
city64-late-debris,A0,10,130.236448,0.000192,129.976988,0.259268,118.715991,948
city64-late-debris,A0,11,129.910623,0.000173,129.712764,0.197686,114.81399,948
city64-late-debris,A0,12,138.845171,0.00022,138.640799,0.204152,124.16587,948
city64-late-debris,A0,13,135.516842,0.000185,135.218414,0.298243,127.250434,948
city64-late-debris,A0,14,131.40954,0.000201,131.184781,0.224558,135.41825,948
city64-late-debris,A0,15,127.07818,0.000228,126.816528,0.261424,124.339436,948
city64-late-debris,A0,16,133.654254,0.000197,133.42539,0.228667,122.373326,948
city64-late-debris,A0,17,134.065885,0.000129,133.994119,0.071637,126.762411,948
city64-late-debris,A0,18,133.28745,0.000186,132.991784,0.29548,120.988423,948
city64-late-debris,A0,19,131.635519,0.000407,131.343554,0.291558,122.52704,948
city64-late-debris,B,0,158.933277,0.000176,158.690414,0.242687,1096.412673,948
city64-late-debris,B,1,136.517625,0.000166,136.213621,0.303838,104.781156,948
city64-late-debris,B,2,132.698255,0.000166,132.389806,0.308283,107.203398,948
city64-late-debris,B,3,127.698123,0.000205,127.389638,0.30828,116.001423,948
city64-late-debris,B,4,122.175291,0.000167,121.880085,0.295039,128.728602,948
city64-late-debris,B,5,134.83944,0.000201,134.532619,0.30662,121.257584,948
city64-late-debris,B,6,131.985331,0.0002,131.781104,0.204027,123.043469,948
city64-late-debris,B,7,135.610287,0.000129,135.22119,0.388968,118.293023,948
city64-late-debris,B,8,131.944824,0.000204,131.652989,0.291631,120.53059,948
city64-late-debris,B,9,130.942781,0.000208,130.598432,0.344141,119.180533,948
city64-late-debris,B,10,136.23745,0.00019,135.9222,0.31506,126.554003,948
city64-late-debris,B,11,134.82957,0.00019,134.567118,0.262262,131.298029,948
city64-late-debris,B,12,134.454969,0.000189,134.134949,0.319831,121.340337,948
city64-late-debris,B,13,135.449335,0.00019,135.349652,0.099493,120.894086,948
city64-late-debris,B,14,136.096853,0.00019,135.757163,0.3395,118.902312,948
city64-late-debris,B,15,130.819792,0.000192,130.559251,0.260349,119.798294,948
city64-late-debris,B,16,139.713412,0.000206,139.463207,0.249999,128.540832,948
city64-late-debris,B,17,126.116377,0.000199,125.90861,0.207568,151.137855,948
city64-late-debris,B,18,115.010922,0.00017,114.794829,0.215923,116.29818,948
city64-late-debris,B,19,116.527835,0.000182,116.263836,0.263817,114.136602,948
city64-late-debris,A1,0,154.962436,0.000191,154.775764,0.186481,1113.63685,948
city64-late-debris,A1,1,139.097692,0.0002,138.899104,0.198388,108.505952,948
city64-late-debris,A1,2,123.431248,0.000163,123.222573,0.208512,114.154016,948
city64-late-debris,A1,3,125.975002,0.000173,125.793813,0.181016,107.520623,948
city64-late-debris,A1,4,122.413749,0.000172,122.207973,0.205604,107.127672,948
city64-late-debris,A1,5,121.629742,0.000162,121.449536,0.180044,115.422612,948
city64-late-debris,A1,6,122.996923,0.000168,122.788943,0.207812,108.004001,948
city64-late-debris,A1,7,119.22041,0.000175,118.940946,0.279289,115.279171,948
city64-late-debris,A1,8,121.098359,0.000181,120.919955,0.178223,128.15717,948
city64-late-debris,A1,9,115.745728,0.000163,115.559548,0.186017,109.617269,948
city64-late-debris,A1,10,115.638869,0.000163,115.423428,0.215278,106.004025,948
city64-late-debris,A1,11,121.024793,0.000181,120.783585,0.241027,106.421538,948
city64-late-debris,A1,12,117.226607,0.000162,117.028905,0.19754,106.640336,948
city64-late-debris,A1,13,121.894068,0.000163,121.717741,0.176164,105.848234,948
city64-late-debris,A1,14,127.006769,0.000161,126.797874,0.208734,105.887058,948
city64-late-debris,A1,15,118.886635,0.000163,118.70339,0.183082,106.716787,948
city64-late-debris,A1,16,119.091119,0.000163,118.916078,0.174878,109.994439,948
city64-late-debris,A1,17,119.680581,0.000105,119.443958,0.236518,107.34468,948
city64-late-debris,A1,18,120.040604,0.000112,119.762746,0.277746,107.408356,948
city64-late-debris,A1,19,121.457266,0.000316,121.144804,0.312146,108.936486,948
city64-ten-second-debris,A0,0,136.854479,0.0001,136.604306,0.250073,1091.098194,736
city64-ten-second-debris,A0,1,110.886894,0.000152,110.635022,0.25172,107.27337,736
city64-ten-second-debris,A0,2,99.261148,0.000152,99.036114,0.224882,112.435819,736
city64-ten-second-debris,A0,3,98.618639,0.000157,98.371369,0.247113,109.076704,736
city64-ten-second-debris,A0,4,96.105691,0.000113,95.88808,0.217498,120.207681,736
city64-ten-second-debris,A0,5,105.037271,0.00011,104.787629,0.249532,118.072872,736
city64-ten-second-debris,A0,6,106.523997,0.000263,106.354447,0.169287,118.178035,736
city64-ten-second-debris,A0,7,97.426934,0.00011,97.177753,0.249071,117.59794,736
city64-ten-second-debris,A0,8,87.320122,0.00011,87.06562,0.254392,115.617093,736
city64-ten-second-debris,A0,9,103.747546,0.000165,103.583443,0.163938,115.889858,736
city64-ten-second-debris,A0,10,94.515597,0.000171,94.268549,0.246877,116.892975,736
city64-ten-second-debris,A0,11,95.347659,0.000167,95.181306,0.166186,116.84316,736
city64-ten-second-debris,A0,12,101.486721,0.000171,101.328131,0.158419,116.892425,736
city64-ten-second-debris,A0,13,98.862473,0.000108,98.623336,0.239029,115.611349,736
city64-ten-second-debris,A0,14,95.433483,0.00016,95.150325,0.282998,116.494565,736
city64-ten-second-debris,A0,15,108.205248,0.000176,107.857846,0.347226,115.598681,736
city64-ten-second-debris,A0,16,97.501067,0.000166,97.34467,0.156231,117.052607,736
city64-ten-second-debris,A0,17,97.682873,0.000106,97.368085,0.314682,116.91529,736
city64-ten-second-debris,A0,18,94.495625,0.00016,94.28431,0.211155,117.501485,736
city64-ten-second-debris,A0,19,93.585912,0.000394,93.34256,0.242958,116.441569,736
city64-ten-second-debris,B,0,133.170155,0.000175,132.919456,0.250524,1088.72079,736
city64-ten-second-debris,B,1,98.695353,0.000173,98.483791,0.211389,107.193233,736
city64-ten-second-debris,B,2,104.257931,0.000159,104.027179,0.230593,107.921889,736
city64-ten-second-debris,B,3,91.582639,0.000101,91.351669,0.230869,108.260263,736
city64-ten-second-debris,B,4,100.369449,0.000166,100.127729,0.241554,118.164952,736
city64-ten-second-debris,B,5,89.633134,0.000164,89.391693,0.241277,123.612177,736
city64-ten-second-debris,B,6,91.374874,0.000163,91.131176,0.243535,112.695135,736
city64-ten-second-debris,B,7,97.948404,0.000163,97.727888,0.220353,112.993816,736
city64-ten-second-debris,B,8,98.330851,0.00055,98.072078,0.258223,106.22722,736
city64-ten-second-debris,B,9,93.550864,0.000155,93.374634,0.176075,106.133389,736
city64-ten-second-debris,B,10,96.774201,0.000178,96.525007,0.249016,108.124979,736
city64-ten-second-debris,B,11,95.632035,0.00052,95.388165,0.24335,108.870435,736
city64-ten-second-debris,B,12,93.011037,0.000172,92.808727,0.202138,107.271734,736
city64-ten-second-debris,B,13,97.949493,0.000157,97.702823,0.246513,111.290257,736
city64-ten-second-debris,B,14,89.84678,0.000156,89.599993,0.246631,113.218403,736
city64-ten-second-debris,B,15,93.652961,0.000166,93.423174,0.229621,124.306656,736
city64-ten-second-debris,B,16,95.84333,0.000112,95.637329,0.205889,107.470742,736
city64-ten-second-debris,B,17,96.289434,0.000168,96.079946,0.20932,113.30288,736
city64-ten-second-debris,B,18,101.953772,0.000102,98.514098,3.439572,107.165918,736
city64-ten-second-debris,B,19,97.055268,0.000163,96.616749,0.438356,104.946694,736
city64-ten-second-debris,A1,0,140.173119,0.000101,139.918952,0.254066,1089.549965,736
city64-ten-second-debris,A1,1,114.014031,0.00012,113.736567,0.277344,105.950272,736
city64-ten-second-debris,A1,2,97.836223,0.000115,97.611395,0.224713,111.998995,736
city64-ten-second-debris,A1,3,109.387163,0.000147,109.025927,0.361089,116.865155,736
city64-ten-second-debris,A1,4,97.611594,0.000112,97.351591,0.259891,116.234954,736
city64-ten-second-debris,A1,5,103.732436,0.000161,103.535925,0.19635,125.570038,736
city64-ten-second-debris,A1,6,104.624513,0.00012,104.444675,0.179718,116.400181,736
city64-ten-second-debris,A1,7,99.813857,0.00012,99.560943,0.252794,117.584072,736
city64-ten-second-debris,A1,8,110.57696,0.000121,110.320091,0.256748,117.684228,736
city64-ten-second-debris,A1,9,95.177635,0.000115,94.981588,0.195932,117.457905,736
city64-ten-second-debris,A1,10,97.291609,0.000167,97.123693,0.167749,115.49363,736
city64-ten-second-debris,A1,11,87.944213,0.000122,87.762477,0.181614,116.643646,736
city64-ten-second-debris,A1,12,93.890017,0.000115,93.664495,0.225407,119.123111,736
city64-ten-second-debris,A1,13,94.750263,0.000117,94.519645,0.230501,118.190411,736
city64-ten-second-debris,A1,14,93.759389,0.000168,93.602576,0.156645,116.336986,736
city64-ten-second-debris,A1,15,94.550291,0.00012,94.350263,0.199908,115.302205,736
city64-ten-second-debris,A1,16,96.530609,0.00012,96.296571,0.233918,115.992222,736
city64-ten-second-debris,A1,17,95.719473,8.7e-05,95.477544,0.241842,117.918808,736
city64-ten-second-debris,A1,18,92.518403,0.000118,92.302797,0.215488,114.709855,736
city64-ten-second-debris,A1,19,80.931097,0.000123,80.757488,0.173486,116.529747,736
city256-intact-idle,A0,0,76.775871,0.000154,76.473872,0.301845,1878.265176,88
city256-intact-idle,A0,1,59.962512,0.000116,59.819764,0.142632,366.067785,88
city256-intact-idle,A0,2,62.509825,0.000113,62.292562,0.21715,365.677146,88
city256-intact-idle,A0,3,66.814861,0.000149,66.576816,0.237896,360.580849,88
city256-intact-idle,A0,4,61.660005,0.00016,61.40883,0.251015,359.249458,88
city256-intact-idle,A0,5,65.134478,0.000115,64.967904,0.166459,359.091767,88
city256-intact-idle,A0,6,56.555572,0.000155,56.354406,0.201011,361.104938,88
city256-intact-idle,A0,7,57.799675,0.00013,57.581312,0.218233,357.093565,88
city256-intact-idle,A0,8,58.714364,0.000126,58.574031,0.140207,358.347832,88
city256-intact-idle,A0,9,58.105192,0.000114,57.885,0.220078,358.752868,88
city256-intact-idle,A0,10,59.367184,0.000113,59.128938,0.238133,361.694835,88
city256-intact-idle,A0,11,58.557322,0.000123,58.333643,0.223556,371.903969,88
city256-intact-idle,A0,12,59.259283,0.000151,59.04377,0.215362,369.958249,88
city256-intact-idle,A0,13,64.035376,0.000177,63.711909,0.32329,374.167168,88
city256-intact-idle,A0,14,65.228456,0.000161,64.86103,0.367265,366.193993,88
city256-intact-idle,A0,15,61.093987,0.000131,60.751992,0.341864,405.107971,88
city256-intact-idle,A0,16,57.398543,0.000116,57.029067,0.36936,394.217879,88
city256-intact-idle,A0,17,60.224065,0.000119,59.877842,0.346104,376.677334,88
city256-intact-idle,A0,18,56.037821,0.000176,55.692363,0.345282,375.3668,88
city256-intact-idle,A0,19,48.987585,0.000175,48.669799,0.317611,370.158149,88
city256-intact-idle,B,0,66.909369,0.000303,66.669995,0.239071,1932.880828,88
city256-intact-idle,B,1,61.026222,0.000238,60.794323,0.231661,362.843138,88
city256-intact-idle,B,2,53.711526,0.000598,53.498688,0.21224,374.246828,88
city256-intact-idle,B,3,52.328277,0.000268,52.12988,0.198129,382.77269,88
city256-intact-idle,B,4,52.075349,0.000285,51.848262,0.226802,383.7141,88
city256-intact-idle,B,5,54.692023,0.000271,54.462288,0.229464,382.606142,88
city256-intact-idle,B,6,64.460824,0.000269,64.146539,0.314016,372.142208,88
city256-intact-idle,B,7,45.486801,0.00024,45.170526,0.316035,368.31242,88
city256-intact-idle,B,8,62.606249,0.000239,62.232827,0.373183,368.16511,88
city256-intact-idle,B,9,62.794172,0.000264,62.432158,0.36175,376.039342,88
city256-intact-idle,B,10,46.156658,0.000242,45.798619,0.357797,378.820385,88
city256-intact-idle,B,11,61.840455,0.00028,61.512302,0.327873,366.253065,88
city256-intact-idle,B,12,53.947194,0.00024,53.625661,0.321293,352.810946,88
city256-intact-idle,B,13,73.586461,0.000232,73.255644,0.330585,351.167834,88
city256-intact-idle,B,14,52.921819,0.000228,52.730748,0.190843,349.175681,88
city256-intact-idle,B,15,52.89283,0.000266,52.686904,0.20566,349.118816,88
city256-intact-idle,B,16,51.451789,0.000236,51.238992,0.212561,348.083192,88
city256-intact-idle,B,17,53.699186,0.000152,53.476266,0.222768,354.598214,88
city256-intact-idle,B,18,52.111435,0.000158,51.915335,0.195942,356.294932,88
city256-intact-idle,B,19,55.462819,0.000139,55.218377,0.244303,354.614348,88
city256-intact-idle,A1,0,81.674489,0.000165,81.434219,0.240105,1835.849129,88
city256-intact-idle,A1,1,66.441877,0.000144,66.252912,0.188821,357.327407,88
city256-intact-idle,A1,2,67.922035,0.000145,67.675431,0.246459,355.74183,88
city256-intact-idle,A1,3,58.766165,0.000156,58.513943,0.252066,351.970788,88
city256-intact-idle,A1,4,61.284944,0.000155,61.097517,0.187272,351.26267,88
city256-intact-idle,A1,5,62.800622,0.000149,62.577759,0.222714,348.433954,88
city256-intact-idle,A1,6,59.048935,0.000445,58.768578,0.279912,357.377877,88
city256-intact-idle,A1,7,55.416035,0.000152,55.180721,0.235162,352.970099,88
city256-intact-idle,A1,8,63.406984,0.000149,63.222161,0.184674,362.961117,88
city256-intact-idle,A1,9,61.901519,0.000155,61.696027,0.205337,349.659863,88
city256-intact-idle,A1,10,47.384776,0.000417,47.154386,0.229973,348.352483,88
city256-intact-idle,A1,11,59.577065,0.000154,59.297332,0.279579,351.986298,88
city256-intact-idle,A1,12,64.538221,0.000155,64.333479,0.204587,349.929483,88
city256-intact-idle,A1,13,60.476527,0.00016,60.292462,0.183905,349.945375,88
city256-intact-idle,A1,14,62.86055,0.000154,62.569201,0.291195,347.41725,88
city256-intact-idle,A1,15,60.432707,0.000406,60.214573,0.217728,356.623198,88
city256-intact-idle,A1,16,58.941279,0.000151,58.716502,0.224626,359.744304,88
city256-intact-idle,A1,17,57.018931,0.000151,56.698987,0.319793,354.188722,88
city256-intact-idle,A1,18,57.725952,0.000156,57.415041,0.310755,367.031386,88
city256-intact-idle,A1,19,48.904579,0.000152,48.592178,0.312249,363.855577,88
city256-airborne,A0,0,71.642478,0.000147,71.437402,0.204929,1832.73612,88
city256-airborne,A0,1,65.24107,0.000121,65.02376,0.217189,364.298085,88
city256-airborne,A0,2,62.358816,0.000121,62.121737,0.236958,357.659072,88
city256-airborne,A0,3,67.301403,0.000136,67.074577,0.22669,360.723442,88
city256-airborne,A0,4,62.364677,0.000121,62.144457,0.220099,352.157825,88
city256-airborne,A0,5,61.694617,0.000125,61.482351,0.212141,354.608995,88
city256-airborne,A0,6,60.49487,0.00012,60.292899,0.201851,352.2652,88
city256-airborne,A0,7,67.848802,0.000124,67.605687,0.242991,356.923303,88
city256-airborne,A0,8,60.417807,0.000137,60.219731,0.197939,352.283802,88
city256-airborne,A0,9,63.991958,0.000125,63.680194,0.311639,356.321935,88
city256-airborne,A0,10,68.362497,0.000125,68.187098,0.175274,349.719605,88
city256-airborne,A0,11,76.17888,0.000121,75.824207,0.354552,358.275741,88
city256-airborne,A0,12,82.020996,0.000123,81.8249,0.195973,365.291957,88
city256-airborne,A0,13,56.744057,0.000118,56.527331,0.216608,383.235708,88
city256-airborne,A0,14,63.28838,0.000147,63.090584,0.197649,401.306509,88
city256-airborne,A0,15,62.84391,0.000121,62.637149,0.20664,362.272686,88
city256-airborne,A0,16,63.755229,0.000123,63.528175,0.226931,380.155825,88
city256-airborne,A0,17,63.142778,0.000122,62.894519,0.248137,366.279781,88
city256-airborne,A0,18,64.778512,0.000118,64.56569,0.212704,364.551596,88
city256-airborne,A0,19,63.865288,0.000122,63.634644,0.230522,367.724001,88
city256-airborne,B,0,76.124728,0.00018,75.869624,0.254924,1847.572791,88
city256-airborne,B,1,60.611967,0.000154,60.365976,0.245837,360.679658,88
city256-airborne,B,2,59.674056,0.000153,59.44577,0.228133,375.500146,88
city256-airborne,B,3,63.215015,0.000437,62.997624,0.216954,372.827729,88
city256-airborne,B,4,55.392839,0.000166,55.166588,0.226085,360.31048,88
city256-airborne,B,5,56.176471,0.000151,55.954498,0.221822,356.709992,88
city256-airborne,B,6,60.80267,0.000157,60.658803,0.14371,354.587658,88
city256-airborne,B,7,70.796622,0.000155,70.552981,0.243486,354.980059,88
city256-airborne,B,8,80.118759,0.000156,79.801651,0.316952,354.611446,88
city256-airborne,B,9,70.165914,0.000158,69.938814,0.226942,352.203701,88
city256-airborne,B,10,56.02742,0.000172,55.777413,0.249835,368.640102,88
city256-airborne,B,11,75.798031,0.00023,75.529885,0.267916,375.288868,88
city256-airborne,B,12,67.066625,0.00016,66.894176,0.172289,360.733217,88
city256-airborne,B,13,61.463165,0.00018,61.203534,0.259451,357.477174,88
city256-airborne,B,14,54.775927,0.000165,54.543461,0.232301,364.970287,88
city256-airborne,B,15,59.670456,0.000169,59.425977,0.24431,358.135728,88
city256-airborne,B,16,56.593097,0.000122,56.333084,0.259891,369.39508,88
city256-airborne,B,17,53.997317,0.000169,53.768974,0.228174,355.215656,88
city256-airborne,B,18,54.429232,0.00016,54.229884,0.199188,361.413393,88
city256-airborne,B,19,59.216335,0.000167,58.997001,0.219167,374.795056,88
city256-airborne,A1,0,69.384256,0.000194,69.23042,0.153642,1826.135092,88
city256-airborne,A1,1,69.969705,0.000165,69.798412,0.171128,359.393507,88
city256-airborne,A1,2,58.989783,0.000154,58.770299,0.21933,361.77101,88
city256-airborne,A1,3,60.179936,0.000169,59.983761,0.196006,355.986003,88
city256-airborne,A1,4,71.862201,0.000161,71.609742,0.252298,365.331469,88
city256-airborne,A1,5,78.017961,0.000166,77.78491,0.232885,353.673349,88
city256-airborne,A1,6,72.025233,0.000157,71.759523,0.265553,354.695414,88
city256-airborne,A1,7,59.970939,0.000163,58.757293,1.213483,352.551168,88
city256-airborne,A1,8,67.927947,0.000117,67.594552,0.333278,353.589139,88
city256-airborne,A1,9,61.201996,0.000147,60.864563,0.337286,350.452619,88
city256-airborne,A1,10,57.958177,0.000114,57.630069,0.327994,350.439295,88
city256-airborne,A1,11,62.626751,0.000132,62.341818,0.284801,349.198246,88
city256-airborne,A1,12,61.690885,0.00028,61.390038,0.300567,345.166341,88
city256-airborne,A1,13,65.269562,0.000118,64.97626,0.293184,345.644146,88
city256-airborne,A1,14,66.856233,0.000152,66.555335,0.300746,348.032175,88
city256-airborne,A1,15,61.456258,0.00015,61.18747,0.268638,347.131729,88
city256-airborne,A1,16,72.538562,0.000151,72.201212,0.337199,364.339258,88
city256-airborne,A1,17,62.7032,0.000151,62.523972,0.179077,368.660481,88
city256-airborne,A1,18,68.461102,0.000153,68.161318,0.299631,360.545408,88
city256-airborne,A1,19,60.292658,0.000156,60.013381,0.279121,348.055591,88
city256-initial-impact,A0,0,230.535078,0.000112,230.303724,0.231242,1842.153125,312
city256-initial-impact,A0,1,224.93797,0.000115,224.702171,0.235684,346.91005,312
city256-initial-impact,A0,2,214.70975,0.00012,214.459899,0.249731,348.065741,312
city256-initial-impact,A0,3,219.673999,0.000161,219.436754,0.237084,372.433302,312
city256-initial-impact,A0,4,217.06213,0.000113,216.842499,0.219518,349.016476,312
city256-initial-impact,A0,5,234.849371,8e-05,234.589738,0.259553,355.89416,312
city256-initial-impact,A0,6,232.659659,0.000113,232.410835,0.248711,349.614239,312
city256-initial-impact,A0,7,217.72964,0.000132,217.429286,0.300222,355.797797,312
city256-initial-impact,A0,8,233.4042,0.000173,233.194337,0.20969,368.019714,312
city256-initial-impact,A0,9,220.435909,0.000118,220.192347,0.243444,349.884408,312
city256-initial-impact,A0,10,222.927318,0.000117,222.72601,0.201191,377.362886,312
city256-initial-impact,A0,11,232.076822,0.000118,231.872468,0.204236,365.002417,312
city256-initial-impact,A0,12,231.152893,0.000118,230.89713,0.255645,348.954024,312
city256-initial-impact,A0,13,232.825091,0.000194,232.611998,0.212899,350.661462,312
city256-initial-impact,A0,14,216.820626,0.000115,216.592118,0.228393,365.695183,312
city256-initial-impact,A0,15,223.896313,0.000123,223.678599,0.217591,346.107178,312
city256-initial-impact,A0,16,227.011138,0.000127,226.794099,0.216912,357.702446,312
city256-initial-impact,A0,17,200.066772,0.000118,199.817649,0.249005,374.556715,312
city256-initial-impact,A0,18,214.936236,0.000119,214.734159,0.201958,355.693735,312
city256-initial-impact,A0,19,206.353992,0.000113,206.088398,0.265481,360.193727,312
city256-initial-impact,B,0,270.599408,0.000158,270.322101,0.277149,1832.268042,312
city256-initial-impact,B,1,237.46776,0.000162,237.268312,0.199286,357.74288,312
city256-initial-impact,B,2,235.390149,0.000166,235.190435,0.199548,355.042726,312
city256-initial-impact,B,3,227.727914,0.000158,227.462712,0.265044,352.619075,312
city256-initial-impact,B,4,220.206782,0.000156,219.925627,0.280999,350.888591,312
city256-initial-impact,B,5,177.867364,0.000182,177.511903,0.355279,347.716281,312
city256-initial-impact,B,6,201.082945,0.000157,200.828961,0.253827,347.715214,312
city256-initial-impact,B,7,203.516242,0.000182,203.275926,0.240134,353.878194,312
city256-initial-impact,B,8,204.208311,0.000166,203.975937,0.232208,357.065069,312
city256-initial-impact,B,9,222.120073,0.000158,221.937365,0.18255,350.300346,312
city256-initial-impact,B,10,223.740599,0.000158,223.542163,0.198278,358.410695,312
city256-initial-impact,B,11,201.732047,0.000158,201.493159,0.23873,350.122665,312
city256-initial-impact,B,12,222.459964,0.000157,222.244331,0.215476,371.041845,312
city256-initial-impact,B,13,207.067382,0.000158,206.850733,0.216491,349.372182,312
city256-initial-impact,B,14,223.012781,0.000159,222.76937,0.243252,353.50476,312
city256-initial-impact,B,15,208.463561,0.000162,208.198112,0.265287,360.341404,312
city256-initial-impact,B,16,202.459026,0.00016,202.215442,0.243424,351.92814,312
city256-initial-impact,B,17,202.427492,0.000231,202.145805,0.281456,363.582479,312
city256-initial-impact,B,18,226.831257,0.000172,226.596834,0.234251,387.280412,312
city256-initial-impact,B,19,184.884233,0.000198,184.67434,0.209695,390.303741,312
city256-initial-impact,A1,0,236.11932,0.000125,235.881488,0.237707,1844.478609,312
city256-initial-impact,A1,1,248.62941,0.000173,248.457866,0.171371,339.439207,312
city256-initial-impact,A1,2,207.913772,0.000118,207.70092,0.212734,370.554828,312
city256-initial-impact,A1,3,214.737534,0.000171,214.561989,0.175374,358.665481,312
city256-initial-impact,A1,4,218.097646,0.000122,217.7808,0.316724,362.457371,312
city256-initial-impact,A1,5,211.802486,0.00012,211.541882,0.260484,347.838274,312
city256-initial-impact,A1,6,202.83036,0.000123,202.603741,0.226496,349.576292,312
city256-initial-impact,A1,7,212.104329,0.000125,211.902101,0.202103,353.853713,312
city256-initial-impact,A1,8,203.700029,0.000118,203.527354,0.172557,344.453799,312
city256-initial-impact,A1,9,225.927263,0.00011,225.716881,0.210272,357.865078,312
city256-initial-impact,A1,10,202.548078,0.000184,202.380444,0.16745,384.990057,312
city256-initial-impact,A1,11,184.473224,0.000123,184.313857,0.159244,348.516143,312
city256-initial-impact,A1,12,199.148924,0.000115,198.945296,0.203513,352.02038,312
city256-initial-impact,A1,13,208.322822,0.000115,208.104446,0.218261,356.587192,312
city256-initial-impact,A1,14,194.806372,0.000119,194.611453,0.1948,356.430831,312
city256-initial-impact,A1,15,246.248172,0.000114,246.001051,0.247007,349.309005,312
city256-initial-impact,A1,16,200.887458,0.000175,200.68957,0.197713,364.673622,312
city256-initial-impact,A1,17,197.689963,0.000115,197.484467,0.205381,360.692203,312
city256-initial-impact,A1,18,224.462518,0.000118,224.193964,0.268436,360.63777,312
city256-initial-impact,A1,19,210.529135,0.000119,210.318742,0.210274,361.539881,312
city256-post-impact,A0,0,185.274465,0.000158,185.049529,0.224778,1900.892782,332
city256-post-impact,A0,1,139.067167,0.000154,138.832309,0.234704,385.148682,332
city256-post-impact,A0,2,119.363312,0.000158,119.092977,0.270177,401.899172,332
city256-post-impact,A0,3,119.192796,0.000164,118.93768,0.254952,401.778467,332
city256-post-impact,A0,4,133.280678,0.000154,133.19865,0.081874,402.881609,332
city256-post-impact,A0,5,114.795105,0.000155,114.552722,0.242228,395.96054,332
city256-post-impact,A0,6,140.59944,0.000123,140.366425,0.232892,421.265612,332
city256-post-impact,A0,7,113.187558,0.000156,112.931269,0.256133,392.338066,332
city256-post-impact,A0,8,121.915173,0.000141,121.693008,0.222024,399.410891,332
city256-post-impact,A0,9,124.417875,0.000145,124.191855,0.225875,414.943064,332
city256-post-impact,A0,10,111.634218,0.000171,111.447614,0.186433,388.142399,332
city256-post-impact,A0,11,111.585681,0.000191,111.359577,0.225913,401.533533,332
city256-post-impact,A0,12,102.26461,0.000141,102.025021,0.239448,413.965802,332
city256-post-impact,A0,13,119.421381,0.000141,119.156945,0.264295,401.921368,332
city256-post-impact,A0,14,101.988315,0.000142,101.748238,0.239935,433.650779,332
city256-post-impact,A0,15,130.485954,0.000155,130.356083,0.129716,441.927816,332
city256-post-impact,A0,16,137.211514,0.000286,136.99032,0.220908,393.384694,332
city256-post-impact,A0,17,140.626902,0.000162,140.552195,0.074545,391.571201,332
city256-post-impact,A0,18,123.137718,0.00015,122.916051,0.221517,417.842393,332
city256-post-impact,A0,19,126.493415,0.000148,126.252923,0.240344,430.819926,332
city256-post-impact,B,0,164.599703,0.000173,164.331272,0.268258,1874.259691,332
city256-post-impact,B,1,148.231271,0.000169,148.138294,0.092808,369.339078,332
city256-post-impact,B,2,140.485285,0.000161,140.155389,0.329735,406.956451,332
city256-post-impact,B,3,130.164667,0.000161,129.93326,0.231246,393.306804,332
city256-post-impact,B,4,148.414797,0.000155,148.339421,0.075221,401.641265,332
city256-post-impact,B,5,140.444328,0.000383,140.169193,0.274752,402.975294,332
city256-post-impact,B,6,126.201171,0.000161,125.937402,0.263608,396.005152,332
city256-post-impact,B,7,122.760852,0.000163,122.529328,0.231361,406.907299,332
city256-post-impact,B,8,115.67929,0.000151,115.425512,0.253627,400.620303,332
city256-post-impact,B,9,112.591208,0.000188,112.366322,0.224698,402.649416,332
city256-post-impact,B,10,142.5668,0.000153,142.32564,0.241007,396.555514,332
city256-post-impact,B,11,125.982909,0.000149,125.750508,0.232252,414.312912,332
city256-post-impact,B,12,140.937339,0.000153,140.648649,0.288537,403.878846,332
city256-post-impact,B,13,124.812509,0.000151,124.647059,0.165299,400.920539,332
city256-post-impact,B,14,141.1685,0.000173,141.092845,0.075482,402.358705,332
city256-post-impact,B,15,143.2549,0.000181,143.173548,0.081171,392.155999,332
city256-post-impact,B,16,144.92144,0.000171,144.83839,0.082879,425.567947,332
city256-post-impact,B,17,147.056635,0.000153,146.817488,0.238994,395.194777,332
city256-post-impact,B,18,124.569445,0.000162,124.382464,0.186819,401.292933,332
city256-post-impact,B,19,124.934146,0.000155,124.730681,0.20331,401.999597,332
city256-post-impact,A1,0,174.291801,0.000181,174.004736,0.286884,1840.265503,332
city256-post-impact,A1,1,132.648683,0.000165,132.434208,0.21431,358.778642,332
city256-post-impact,A1,2,140.066338,0.000195,139.81832,0.247823,405.675142,332
city256-post-impact,A1,3,137.091679,0.000183,136.840499,0.250997,386.664949,332
city256-post-impact,A1,4,146.813665,0.000166,146.561319,0.25218,404.082123,332
city256-post-impact,A1,5,132.103765,0.000186,131.830147,0.273432,386.95806,332
city256-post-impact,A1,6,139.969945,0.000459,139.777837,0.191649,448.261398,332
city256-post-impact,A1,7,146.111059,0.000187,145.8432,0.267672,394.968062,332
city256-post-impact,A1,8,134.658081,0.00015,134.446781,0.21115,435.768531,332
city256-post-impact,A1,9,110.520847,0.000172,110.313276,0.207399,455.934982,332
city256-post-impact,A1,10,133.996539,0.000509,133.830286,0.165744,436.499991,332
city256-post-impact,A1,11,114.247601,0.00019,114.09204,0.155371,401.420926,332
city256-post-impact,A1,12,120.052716,0.000185,119.840502,0.212029,396.579869,332
city256-post-impact,A1,13,129.899222,0.0002,129.699102,0.19992,399.116073,332
city256-post-impact,A1,14,143.267508,0.000176,143.05478,0.212552,424.036318,332
city256-post-impact,A1,15,147.091559,0.000188,146.864288,0.227083,414.790194,332
city256-post-impact,A1,16,125.903828,0.000181,125.653427,0.25022,402.573525,332
city256-post-impact,A1,17,133.394647,0.000172,133.153631,0.240844,394.31725,332
city256-post-impact,A1,18,124.867282,0.000352,124.635567,0.231363,398.954436,332
city256-post-impact,A1,19,124.628978,0.00018,124.419225,0.209573,407.543157,332
city256-cascading-fracture,A0,0,207.015866,0.000133,206.755188,0.260545,1914.342198,416
city256-cascading-fracture,A0,1,180.141151,0.000133,179.918922,0.222096,365.833646,416
city256-cascading-fracture,A0,2,217.039308,0.000132,216.842242,0.196934,395.491124,416
city256-cascading-fracture,A0,3,203.249134,0.000135,202.998175,0.250824,398.685173,416
city256-cascading-fracture,A0,4,205.494414,0.000133,205.238635,0.255646,407.309877,416
city256-cascading-fracture,A0,5,187.916614,0.000133,187.656255,0.260226,404.261863,416
city256-cascading-fracture,A0,6,197.90933,0.000323,197.61386,0.295147,391.839363,416
city256-cascading-fracture,A0,7,195.678714,0.000141,195.452439,0.226134,394.524892,416
city256-cascading-fracture,A0,8,171.789914,0.000129,171.490058,0.299727,393.349721,416
city256-cascading-fracture,A0,9,195.922257,0.000132,195.730405,0.19172,411.277113,416
city256-cascading-fracture,A0,10,189.128893,0.000126,188.843228,0.285539,399.220642,416
city256-cascading-fracture,A0,11,197.038128,0.000132,196.752004,0.285992,393.65921,416
city256-cascading-fracture,A0,12,204.765308,0.000181,204.493129,0.271998,392.038602,416
city256-cascading-fracture,A0,13,194.159861,0.00013,193.894585,0.265146,399.059845,416
city256-cascading-fracture,A0,14,193.773793,0.000192,193.533821,0.23978,428.793689,416
city256-cascading-fracture,A0,15,191.507928,0.000176,191.313324,0.194428,431.172545,416
city256-cascading-fracture,A0,16,167.663988,0.000181,167.435826,0.227981,406.203346,416
city256-cascading-fracture,A0,17,190.729183,0.000141,190.549829,0.179213,407.52732,416
city256-cascading-fracture,A0,18,187.718144,0.000131,187.489161,0.228852,398.883876,416
city256-cascading-fracture,A0,19,175.442077,0.000165,175.200379,0.241533,391.472035,416
city256-cascading-fracture,B,0,206.111477,0.000104,205.883466,0.227907,1883.657441,416
city256-cascading-fracture,B,1,186.812511,0.000189,186.593409,0.218913,379.410659,416
city256-cascading-fracture,B,2,186.009625,0.000183,185.783975,0.225467,399.166259,416
city256-cascading-fracture,B,3,192.813766,0.00013,192.548985,0.264651,399.239164,416
city256-cascading-fracture,B,4,173.665155,0.000142,173.456437,0.208576,398.06546,416
city256-cascading-fracture,B,5,182.677013,0.000141,182.492415,0.184457,395.949795,416
city256-cascading-fracture,B,6,177.052392,0.00014,176.894232,0.15802,390.634599,416
city256-cascading-fracture,B,7,182.613803,0.000134,182.309446,0.304223,422.070357,416
city256-cascading-fracture,B,8,173.216153,0.00018,172.985811,0.230162,405.099808,416
city256-cascading-fracture,B,9,190.42046,0.000141,190.153454,0.266865,394.414831,416
city256-cascading-fracture,B,10,176.955117,0.000181,176.759162,0.195774,397.940348,416
city256-cascading-fracture,B,11,189.774748,0.00018,189.581633,0.192935,412.511902,416
city256-cascading-fracture,B,12,162.716139,0.000197,162.507518,0.208424,405.134124,416
city256-cascading-fracture,B,13,166.630067,0.000173,166.400009,0.229885,396.583463,416
city256-cascading-fracture,B,14,180.754058,0.000213,180.510188,0.243657,403.183209,416
city256-cascading-fracture,B,15,188.462098,0.000179,188.267907,0.194012,410.343302,416
city256-cascading-fracture,B,16,172.727088,0.00018,172.534581,0.192327,400.64354,416
city256-cascading-fracture,B,17,157.591147,0.000188,157.382775,0.208184,396.682931,416
city256-cascading-fracture,B,18,180.826991,0.000118,180.582153,0.24472,419.163585,416
city256-cascading-fracture,B,19,178.108301,0.000214,177.874662,0.233425,392.22533,416
city256-cascading-fracture,A1,0,223.96145,0.000153,223.69513,0.266167,1848.331534,416
city256-cascading-fracture,A1,1,195.60828,0.000159,195.438541,0.16958,361.189961,416
city256-cascading-fracture,A1,2,195.220138,0.00016,195.005248,0.21473,398.711622,416
city256-cascading-fracture,A1,3,199.780477,0.000441,199.554446,0.22559,420.980441,416
city256-cascading-fracture,A1,4,199.808646,0.000156,199.581017,0.227473,406.857205,416
city256-cascading-fracture,A1,5,190.658045,0.000322,190.372018,0.285705,395.380399,416
city256-cascading-fracture,A1,6,190.753511,0.000159,190.477358,0.275994,388.239313,416
city256-cascading-fracture,A1,7,185.402098,0.000175,185.176488,0.225435,404.458523,416
city256-cascading-fracture,A1,8,166.768024,0.000173,166.538071,0.22978,393.89986,416
city256-cascading-fracture,A1,9,170.646113,0.00017,170.43198,0.213963,390.66655,416
city256-cascading-fracture,A1,10,157.557516,0.00027,157.346507,0.210739,390.698043,416
city256-cascading-fracture,A1,11,179.789136,0.000318,179.584699,0.204119,394.316996,416
city256-cascading-fracture,A1,12,189.155115,0.000165,189.057313,0.097637,393.94788,416
city256-cascading-fracture,A1,13,189.9779,0.000161,189.696115,0.281624,399.364806,416
city256-cascading-fracture,A1,14,200.177875,0.000161,199.994753,0.182961,405.654068,416
city256-cascading-fracture,A1,15,198.731168,0.000169,198.527448,0.203551,402.449265,416
city256-cascading-fracture,A1,16,191.673083,0.000161,191.453518,0.219404,395.280042,416
city256-cascading-fracture,A1,17,189.207248,0.00018,188.935967,0.271101,392.975297,416
city256-cascading-fracture,A1,18,194.257375,0.000161,194.055534,0.20168,400.34568,416
city256-cascading-fracture,A1,19,197.099913,0.000161,196.823649,0.276103,395.451116,416
city256-fragmented-loaded,A0,0,322.839738,0.000161,322.656309,0.183268,1911.470376,604
city256-fragmented-loaded,A0,1,292.943791,0.000117,292.716773,0.226901,398.334581,604
city256-fragmented-loaded,A0,2,297.964164,0.000158,297.733813,0.230193,422.209095,604
city256-fragmented-loaded,A0,3,310.181275,0.000165,309.967842,0.213268,454.455536,604
city256-fragmented-loaded,A0,4,288.957586,0.000181,288.804247,0.153158,411.966167,604
city256-fragmented-loaded,A0,5,264.457135,0.000278,264.185707,0.27115,379.650294,604
city256-fragmented-loaded,A0,6,268.348296,0.000171,268.106045,0.24208,414.632759,604
city256-fragmented-loaded,A0,7,251.772542,0.000161,251.521445,0.250936,418.978621,604
city256-fragmented-loaded,A0,8,244.632989,0.000182,244.407847,0.22496,423.420902,604
city256-fragmented-loaded,A0,9,280.110795,0.000166,279.916962,0.193667,432.462978,604
city256-fragmented-loaded,A0,10,225.182725,0.000125,224.969914,0.212686,416.470541,604
city256-fragmented-loaded,A0,11,259.220195,0.000155,259.034965,0.185075,410.533533,604
city256-fragmented-loaded,A0,12,258.965336,0.000293,258.733509,0.231534,411.886027,604
city256-fragmented-loaded,A0,13,265.418845,0.000155,265.267778,0.150912,412.706385,604
city256-fragmented-loaded,A0,14,280.376769,0.00015,280.212253,0.164366,412.8746,604
city256-fragmented-loaded,A0,15,267.617196,0.000161,267.46611,0.150925,430.102998,604
city256-fragmented-loaded,A0,16,275.956881,0.000167,275.727867,0.228847,431.904934,604
city256-fragmented-loaded,A0,17,239.028819,0.000175,238.785175,0.243469,418.359149,604
city256-fragmented-loaded,A0,18,268.627426,0.00016,268.424447,0.202819,412.278618,604
city256-fragmented-loaded,A0,19,254.010286,0.000175,253.869316,0.140795,409.761389,604
city256-fragmented-loaded,B,0,321.389674,0.000109,321.15109,0.238475,1886.883801,604
city256-fragmented-loaded,B,1,311.10236,0.000149,310.884874,0.217337,403.392185,604
city256-fragmented-loaded,B,2,298.963165,0.000144,298.698377,0.264644,411.992455,604
city256-fragmented-loaded,B,3,292.05145,0.000152,291.898057,0.153241,425.402416,604
city256-fragmented-loaded,B,4,287.552492,0.000112,287.347527,0.204853,410.399446,604
city256-fragmented-loaded,B,5,258.486787,0.0002,258.144458,0.342129,407.460965,604
city256-fragmented-loaded,B,6,274.841478,0.000147,274.575224,0.266107,402.961314,604
city256-fragmented-loaded,B,7,224.179539,0.000113,224.044057,0.135369,406.48868,604
city256-fragmented-loaded,B,8,268.961898,0.000112,268.799804,0.161982,412.212623,604
city256-fragmented-loaded,B,9,277.964685,0.000151,277.771689,0.192845,408.949313,604
city256-fragmented-loaded,B,10,278.740047,0.000115,278.5388,0.201132,409.640361,604
city256-fragmented-loaded,B,11,285.309713,0.000113,285.124243,0.185357,422.198387,604
city256-fragmented-loaded,B,12,271.803008,0.000113,271.534361,0.268534,438.652282,604
city256-fragmented-loaded,B,13,263.417483,0.000154,263.213679,0.20365,420.051398,604
city256-fragmented-loaded,B,14,264.091069,0.00015,263.886878,0.204041,431.266933,604
city256-fragmented-loaded,B,15,254.337806,0.000113,254.063078,0.274615,410.225039,604
city256-fragmented-loaded,B,16,289.597867,0.000146,288.297369,1.300352,424.485379,604
city256-fragmented-loaded,B,17,278.896544,0.000114,278.695901,0.200529,411.751612,604
city256-fragmented-loaded,B,18,272.093315,0.000121,271.930354,0.16284,417.210489,604
city256-fragmented-loaded,B,19,277.268718,0.000149,277.077535,0.191034,412.930077,604
city256-fragmented-loaded,A1,0,315.134254,0.000119,314.925208,0.208927,1918.727296,604
city256-fragmented-loaded,A1,1,291.001011,0.000115,290.757158,0.243738,406.846956,604
city256-fragmented-loaded,A1,2,279.753253,0.000114,279.540824,0.212315,423.742977,604
city256-fragmented-loaded,A1,3,283.095775,0.000119,282.863557,0.232099,431.162953,604
city256-fragmented-loaded,A1,4,260.403147,0.00012,260.172341,0.230686,429.355624,604
city256-fragmented-loaded,A1,5,252.969634,0.000118,252.775813,0.193703,418.604246,604
city256-fragmented-loaded,A1,6,281.786641,0.000118,281.480461,0.306062,419.602729,604
city256-fragmented-loaded,A1,7,266.837237,0.000456,266.631422,0.205359,422.735363,604
city256-fragmented-loaded,A1,8,251.016777,0.000118,250.777626,0.239033,422.814888,604
city256-fragmented-loaded,A1,9,279.970695,0.000119,279.679337,0.291239,417.490648,604
city256-fragmented-loaded,A1,10,259.949,0.000118,259.774605,0.174277,427.376874,604
city256-fragmented-loaded,A1,11,277.996392,0.000114,277.781803,0.214475,434.673017,604
city256-fragmented-loaded,A1,12,282.079068,0.00012,281.880935,0.198013,421.378015,604
city256-fragmented-loaded,A1,13,268.903984,0.000126,268.64385,0.260008,421.414873,604
city256-fragmented-loaded,A1,14,270.485045,0.000121,270.280147,0.204777,422.653291,604
city256-fragmented-loaded,A1,15,230.918776,0.00012,230.726394,0.192262,422.414069,604
city256-fragmented-loaded,A1,16,268.241724,0.000119,268.058924,0.182681,432.154301,604
city256-fragmented-loaded,A1,17,240.718275,0.00012,240.496132,0.222023,438.339416,604
city256-fragmented-loaded,A1,18,287.9934,0.000117,287.604056,0.389227,446.488222,604
city256-fragmented-loaded,A1,19,295.53618,0.000116,295.265131,0.270933,417.339696,604
city256-late-debris,A0,0,407.887256,0.000122,407.645889,0.241245,1889.18996,1084
city256-late-debris,A0,1,389.121869,0.000122,388.805911,0.315836,400.184788,1084
city256-late-debris,A0,2,362.283132,0.000123,362.037407,0.245602,381.373834,1084
city256-late-debris,A0,3,371.042821,0.000127,370.863628,0.179066,409.645294,1084
city256-late-debris,A0,4,338.241758,0.000122,338.020354,0.221282,481.176567,1084
city256-late-debris,A0,5,387.697801,0.00013,387.465779,0.231892,438.825307,1084
city256-late-debris,A0,6,317.079173,0.000123,316.928234,0.150816,468.093994,1084
city256-late-debris,A0,7,320.388286,0.000127,320.204336,0.183823,431.789825,1084
city256-late-debris,A0,8,320.625693,0.000126,320.395172,0.230395,439.936101,1084
city256-late-debris,A0,9,375.579065,0.000129,375.38431,0.194626,438.028304,1084
city256-late-debris,A0,10,351.624102,0.000179,351.393496,0.230427,455.738182,1084
city256-late-debris,A0,11,351.520607,0.000126,351.237337,0.283144,434.137332,1084
city256-late-debris,A0,12,354.366341,0.000174,354.170287,0.19588,459.792487,1084
city256-late-debris,A0,13,340.588491,0.000126,340.423926,0.164439,433.585052,1084
city256-late-debris,A0,14,358.867573,0.000121,358.624403,0.243049,450.934108,1084
city256-late-debris,A0,15,338.129189,0.000123,337.908727,0.220339,408.873761,1084
city256-late-debris,A0,16,327.829753,0.000127,327.608972,0.220654,410.484472,1084
city256-late-debris,A0,17,334.3928,0.000126,334.178977,0.213697,418.700867,1084
city256-late-debris,A0,18,332.223626,0.00013,331.990026,0.23347,419.874814,1084
city256-late-debris,A0,19,338.212935,0.000284,338.038037,0.174614,432.750498,1084
city256-late-debris,B,0,419.868,0.00011,419.648277,0.219613,1895.296876,1084
city256-late-debris,B,1,378.568771,0.000241,378.274182,0.294348,398.210174,1084
city256-late-debris,B,2,365.686765,0.000236,365.489409,0.19712,415.769661,1084
city256-late-debris,B,3,335.603084,0.00017,335.342334,0.26058,412.446191,1084
city256-late-debris,B,4,307.461096,0.000247,307.242013,0.218836,417.443435,1084
city256-late-debris,B,5,316.287389,0.000231,316.07504,0.212118,410.862343,1084
city256-late-debris,B,6,332.847623,0.000179,332.619378,0.228066,413.23123,1084
city256-late-debris,B,7,358.709654,0.00018,358.504544,0.20493,430.881329,1084
city256-late-debris,B,8,355.626981,0.00018,355.320952,0.305849,411.830591,1084
city256-late-debris,B,9,327.476155,0.000158,327.273736,0.202261,418.907077,1084
city256-late-debris,B,10,316.854991,0.000236,316.63692,0.217835,414.486047,1084
city256-late-debris,B,11,318.220239,0.000189,318.008371,0.211679,415.741574,1084
city256-late-debris,B,12,336.10608,0.0004,335.890323,0.215357,411.520673,1084
city256-late-debris,B,13,317.549106,0.000181,317.354943,0.193982,409.291919,1084
city256-late-debris,B,14,346.858901,0.00018,346.679781,0.17894,431.097976,1084
city256-late-debris,B,15,317.958507,0.000466,317.721506,0.236535,409.157269,1084
city256-late-debris,B,16,323.151409,0.000248,322.957959,0.193202,418.918624,1084
city256-late-debris,B,17,339.325891,0.000193,339.097067,0.228631,428.326105,1084
city256-late-debris,B,18,329.820519,0.000184,329.667361,0.152974,406.692473,1084
city256-late-debris,B,19,346.817811,0.000168,346.562322,0.255321,422.261958,1084
city256-late-debris,A1,0,401.87741,0.000416,401.62551,0.251484,1880.239323,1084
city256-late-debris,A1,1,363.936825,0.000151,363.620422,0.316252,400.307299,1084
city256-late-debris,A1,2,357.255319,7.9e-05,356.987063,0.268177,408.585515,1084
city256-late-debris,A1,3,335.753523,0.000132,335.515931,0.23746,409.103236,1084
city256-late-debris,A1,4,328.329739,0.00017,328.079323,0.250246,426.233345,1084
city256-late-debris,A1,5,344.3154,0.000165,344.104302,0.210933,418.57668,1084
city256-late-debris,A1,6,354.215682,0.000174,353.963336,0.252172,413.291842,1084
city256-late-debris,A1,7,342.937438,0.000163,342.697859,0.239416,413.146204,1084
city256-late-debris,A1,8,351.884587,0.000178,351.566611,0.317798,406.964285,1084
city256-late-debris,A1,9,336.299514,0.000163,336.080197,0.219154,404.657204,1084
city256-late-debris,A1,10,333.578783,0.000163,333.342436,0.236184,416.39697,1084
city256-late-debris,A1,11,315.389269,0.000242,315.149921,0.239106,407.545441,1084
city256-late-debris,A1,12,320.443063,0.000163,320.213909,0.228991,410.641053,1084
city256-late-debris,A1,13,257.765099,9.2e-05,257.571996,0.193011,442.230706,1084
city256-late-debris,A1,14,301.955664,0.000151,301.709032,0.246481,410.936151,1084
city256-late-debris,A1,15,316.871072,0.000162,316.550385,0.320525,410.734738,1084
city256-late-debris,A1,16,315.815442,0.000176,315.587318,0.227948,410.155784,1084
city256-late-debris,A1,17,351.491121,0.000167,351.289321,0.201633,415.755856,1084
city256-late-debris,A1,18,320.762091,0.00016,320.556845,0.205086,416.442721,1084
city256-late-debris,A1,19,337.191379,0.000161,336.986958,0.20426,416.661221,1084
city256-ten-second-debris,A0,0,336.654086,0.000165,336.470967,0.182954,1959.080545,676
city256-ten-second-debris,A0,1,317.397598,0.000169,317.169474,0.227955,415.535434,676
city256-ten-second-debris,A0,2,266.159895,0.000169,265.886354,0.273372,469.57029,676
city256-ten-second-debris,A0,3,286.002126,0.000191,285.757692,0.244243,443.830411,676
city256-ten-second-debris,A0,4,232.660697,0.000169,232.445325,0.215203,432.937816,676
city256-ten-second-debris,A0,5,244.679271,0.000171,244.483718,0.195382,432.23929,676
city256-ten-second-debris,A0,6,251.349625,0.000173,251.077502,0.27195,447.287242,676
city256-ten-second-debris,A0,7,255.513871,0.000188,255.279987,0.233696,434.304538,676
city256-ten-second-debris,A0,8,248.091103,0.000209,247.818748,0.272146,454.791914,676
city256-ten-second-debris,A0,9,253.870272,0.000165,253.639127,0.23098,463.907696,676
city256-ten-second-debris,A0,10,252.825661,0.000161,252.573405,0.252095,432.661446,676
city256-ten-second-debris,A0,11,254.514091,0.000165,254.203551,0.310375,436.750343,676
city256-ten-second-debris,A0,12,250.004115,0.000185,249.704568,0.299362,446.247021,676
city256-ten-second-debris,A0,13,232.873903,0.000169,232.641541,0.232193,457.822063,676
city256-ten-second-debris,A0,14,234.305541,0.000166,234.04803,0.257345,432.866633,676
city256-ten-second-debris,A0,15,247.639594,0.000166,247.367369,0.272059,431.49208,676
city256-ten-second-debris,A0,16,230.907292,0.000169,230.670428,0.236695,429.225733,676
city256-ten-second-debris,A0,17,258.541755,0.000168,258.336106,0.205481,429.146328,676
city256-ten-second-debris,A0,18,259.764964,0.000166,259.493926,0.270872,437.266663,676
city256-ten-second-debris,A0,19,250.253537,0.000176,250.019522,0.233839,451.235791,676
city256-ten-second-debris,B,0,349.815165,0.000118,349.52841,0.286637,1897.470205,676
city256-ten-second-debris,B,1,269.843487,0.000108,269.585245,0.258134,405.039088,676
city256-ten-second-debris,B,2,255.50277,0.000123,255.294704,0.207943,422.171584,676
city256-ten-second-debris,B,3,259.022563,0.000111,258.755002,0.26745,427.207643,676
city256-ten-second-debris,B,4,225.509541,0.000111,225.295257,0.214173,423.143852,676
city256-ten-second-debris,B,5,253.929089,0.000116,253.752928,0.176045,418.869295,676
city256-ten-second-debris,B,6,234.116281,0.000113,233.91254,0.203628,418.70406,676
city256-ten-second-debris,B,7,271.227222,0.000119,271.009347,0.217756,418.765575,676
city256-ten-second-debris,B,8,250.180502,0.000116,249.936864,0.243522,423.028803,676
city256-ten-second-debris,B,9,232.330996,0.000122,232.135305,0.195569,423.923573,676
city256-ten-second-debris,B,10,279.705891,0.000122,279.481505,0.224264,418.017323,676
city256-ten-second-debris,B,11,236.632474,0.000123,236.437498,0.194853,424.535714,676
city256-ten-second-debris,B,12,231.674291,0.000109,231.488282,0.1859,422.774222,676
city256-ten-second-debris,B,13,227.00159,0.000112,226.815886,0.185592,421.982383,676
city256-ten-second-debris,B,14,237.527821,0.000113,237.315014,0.212694,423.622789,676
city256-ten-second-debris,B,15,242.295157,0.000112,242.091993,0.203052,422.580594,676
city256-ten-second-debris,B,16,220.678517,0.000112,220.506447,0.171958,416.830651,676
city256-ten-second-debris,B,17,215.605759,0.000108,215.398546,0.207105,428.445965,676
city256-ten-second-debris,B,18,244.605307,0.000268,244.444774,0.160265,420.481907,676
city256-ten-second-debris,B,19,249.371193,0.000112,249.182983,0.188098,423.756547,676
city256-ten-second-debris,A1,0,334.353302,0.000185,334.133365,0.219752,1897.878019,676
city256-ten-second-debris,A1,1,300.009536,0.000196,299.819362,0.189978,424.96887,676
city256-ten-second-debris,A1,2,288.581845,0.000343,288.295343,0.286159,425.446771,676
city256-ten-second-debris,A1,3,266.984498,0.000172,266.770102,0.214224,414.918874,676
city256-ten-second-debris,A1,4,210.394696,0.000169,210.213761,0.180766,412.835259,676
city256-ten-second-debris,A1,5,262.170006,0.00019,261.902815,0.267001,420.732394,676
city256-ten-second-debris,A1,6,216.341283,0.000191,216.076616,0.264476,415.187951,676
city256-ten-second-debris,A1,7,228.362802,0.000191,228.159968,0.202643,420.047599,676
city256-ten-second-debris,A1,8,227.666407,0.000208,227.497783,0.168416,417.558682,676
city256-ten-second-debris,A1,9,214.520292,0.000189,214.30881,0.211293,420.434853,676
city256-ten-second-debris,A1,10,247.005147,0.000163,246.74682,0.258164,436.576021,676
city256-ten-second-debris,A1,11,235.073863,0.000198,234.861339,0.212326,440.57074,676
city256-ten-second-debris,A1,12,214.908049,0.00019,214.67724,0.230619,460.776223,676
city256-ten-second-debris,A1,13,251.775349,0.000197,251.514047,0.261105,433.781029,676
city256-ten-second-debris,A1,14,202.313695,0.000198,202.106633,0.206864,424.31595,676
city256-ten-second-debris,A1,15,214.469577,0.000194,214.277194,0.192189,426.15215,676
city256-ten-second-debris,A1,16,221.900595,0.000433,221.679545,0.220617,428.918603,676
city256-ten-second-debris,A1,17,216.016981,0.000236,215.758703,0.258042,426.540864,676
city256-ten-second-debris,A1,18,227.57946,0.000203,227.357377,0.22188,420.118209,676
city256-ten-second-debris,A1,19,238.597251,0.000202,238.421402,0.175647,419.556663,676
