========= COMPUTE-SANITIZER
========= Uninitialized __global__ memory read of size 4 bytes
=========     at void Nv::Blast::<unnamed>::persistentStressSolve<(bool)0>(Nv::Blast::<unnamed>::PersistentStressArgs)+0x35d0
=========     by thread (1,0,0) in block (0,0,0)
=========     Address 0x7df7e6603e00
=========     Saved host backtrace up to driver entry point at kernel launch time
=========         Host Frame: cuGraphLaunch [0x369c99] in libcuda.so.1
=========         Host Frame:  [0x2094a] in libcudart.so.12
=========         Host Frame: cudaGraphLaunch [0x7bf95] in libcudart.so.12
=========         Host Frame: Nv::Blast::(anonymous namespace)::ExtStressGpuSolverImpl::executeSolve(Nv::Blast::ExtStressGpuSolveParams const&) [0x3934f] in gpu_resident_stress_test
=========         Host Frame: Nv::Blast::(anonymous namespace)::ExtStressGpuSolverImpl::solveDeviceAsync(Nv::Blast::ExtStressGpuImpulse const*, unsigned int, Nv::Blast::ExtStressGpuSolveParams const&, void*, void*) [0x3971d] in gpu_resident_stress_test
=========         Host Frame: (anonymous namespace)::columns(unsigned int, bool) [0xafaa] in gpu_resident_stress_test
=========         Host Frame: main [0x8350] in gpu_resident_stress_test
========= 
========= Uninitialized __global__ memory read of size 4 bytes
=========     at void Nv::Blast::<unnamed>::persistentStressSolve<(bool)0>(Nv::Blast::<unnamed>::PersistentStressArgs)+0x35d0
=========     by thread (2,0,0) in block (0,0,0)
=========     Address 0x7df7e6603e00
=========     Saved host backtrace up to driver entry point at kernel launch time
=========         Host Frame: cuGraphLaunch [0x369c99] in libcuda.so.1
=========         Host Frame:  [0x2094a] in libcudart.so.12
=========         Host Frame: cudaGraphLaunch [0x7bf95] in libcudart.so.12
=========         Host Frame: Nv::Blast::(anonymous namespace)::ExtStressGpuSolverImpl::executeSolve(Nv::Blast::ExtStressGpuSolveParams const&) [0x3934f] in gpu_resident_stress_test
=========         Host Frame: Nv::Blast::(anonymous namespace)::ExtStressGpuSolverImpl::solveDeviceAsync(Nv::Blast::ExtStressGpuImpulse const*, unsigned int, Nv::Blast::ExtStressGpuSolveParams const&, void*, void*) [0x3971d] in gpu_resident_stress_test
=========         Host Frame: (anonymous namespace)::columns(unsigned int, bool) [0xafaa] in gpu_resident_stress_test
=========         Host Frame: main [0x8350] in gpu_resident_stress_test
========= 
========= Uninitialized __global__ memory read of size 4 bytes
=========     at void Nv::Blast::<unnamed>::persistentStressSolve<(bool)0>(Nv::Blast::<unnamed>::PersistentStressArgs)+0x35d0
=========     by thread (3,0,0) in block (0,0,0)
=========     Address 0x7df7e6603e00
=========     Saved host backtrace up to driver entry point at kernel launch time
=========         Host Frame: cuGraphLaunch [0x369c99] in libcuda.so.1
=========         Host Frame:  [0x2094a] in libcudart.so.12
=========         Host Frame: cudaGraphLaunch [0x7bf95] in libcudart.so.12
=========         Host Frame: Nv::Blast::(anonymous namespace)::ExtStressGpuSolverImpl::executeSolve(Nv::Blast::ExtStressGpuSolveParams const&) [0x3934f] in gpu_resident_stress_test
=========         Host Frame: Nv::Blast::(anonymous namespace)::ExtStressGpuSolverImpl::solveDeviceAsync(Nv::Blast::ExtStressGpuImpulse const*, unsigned int, Nv::Blast::ExtStressGpuSolveParams const&, void*, void*) [0x3971d] in gpu_resident_stress_test
=========         Host Frame: (anonymous namespace)::columns(unsigned int, bool) [0xafaa] in gpu_resident_stress_test
=========         Host Frame: main [0x8350] in gpu_resident_stress_test
========= 
========= Uninitialized __global__ memory read of size 4 bytes
=========     at void Nv::Blast::<unnamed>::persistentStressSolve<(bool)0>(Nv::Blast::<unnamed>::PersistentStressArgs)+0x35d0
=========     by thread (4,0,0) in block (0,0,0)
=========     Address 0x7df7e6603e04
=========     Saved host backtrace up to driver entry point at kernel launch time
=========         Host Frame: cuGraphLaunch [0x369c99] in libcuda.so.1
=========         Host Frame:  [0x2094a] in libcudart.so.12
=========         Host Frame: cudaGraphLaunch [0x7bf95] in libcudart.so.12
=========         Host Frame: Nv::Blast::(anonymous namespace)::ExtStressGpuSolverImpl::executeSolve(Nv::Blast::ExtStressGpuSolveParams const&) [0x3934f] in gpu_resident_stress_test
=========         Host Frame: Nv::Blast::(anonymous namespace)::ExtStressGpuSolverImpl::solveDeviceAsync(Nv::Blast::ExtStressGpuImpulse const*, unsigned int, Nv::Blast::ExtStressGpuSolveParams const&, void*, void*) [0x3971d] in gpu_resident_stress_test
=========         Host Frame: (anonymous namespace)::columns(unsigned int, bool) [0xafaa] in gpu_resident_stress_test
=========         Host Frame: main [0x8350] in gpu_resident_stress_test
========= 
========= Uninitialized __global__ memory read of size 4 bytes
=========     at void Nv::Blast::<unnamed>::persistentStressSolve<(bool)0>(Nv::Blast::<unnamed>::PersistentStressArgs)+0x35d0
=========     by thread (5,0,0) in block (0,0,0)
=========     Address 0x7df7e6603e04
=========     Saved host backtrace up to driver entry point at kernel launch time
=========         Host Frame: cuGraphLaunch [0x369c99] in libcuda.so.1
=========         Host Frame:  [0x2094a] in libcudart.so.12
=========         Host Frame: cudaGraphLaunch [0x7bf95] in libcudart.so.12
=========         Host Frame: Nv::Blast::(anonymous namespace)::ExtStressGpuSolverImpl::executeSolve(Nv::Blast::ExtStressGpuSolveParams const&) [0x3934f] in gpu_resident_stress_test
=========         Host Frame: Nv::Blast::(anonymous namespace)::ExtStressGpuSolverImpl::solveDeviceAsync(Nv::Blast::ExtStressGpuImpulse const*, unsigned int, Nv::Blast::ExtStressGpuSolveParams const&, void*, void*) [0x3971d] in gpu_resident_stress_test
=========         Host Frame: (anonymous namespace)::columns(unsigned int, bool) [0xafaa] in gpu_resident_stress_test
=========         Host Frame: main [0x8350] in gpu_resident_stress_test
========= 
========= Uninitialized __global__ memory read of size 4 bytes
=========     at void Nv::Blast::<unnamed>::persistentStressSolve<(bool)0>(Nv::Blast::<unnamed>::PersistentStressArgs)+0x35d0
=========     by thread (6,0,0) in block (0,0,0)
=========     Address 0x7df7e6603e04
=========     Saved host backtrace up to driver entry point at kernel launch time
=========         Host Frame: cuGraphLaunch [0x369c99] in libcuda.so.1
=========         Host Frame:  [0x2094a] in libcudart.so.12
=========         Host Frame: cudaGraphLaunch [0x7bf95] in libcudart.so.12
=========         Host Frame: Nv::Blast::(anonymous namespace)::ExtStressGpuSolverImpl::executeSolve(Nv::Blast::ExtStressGpuSolveParams const&) [0x3934f] in gpu_resident_stress_test
=========         Host Frame: Nv::Blast::(anonymous namespace)::ExtStressGpuSolverImpl::solveDeviceAsync(Nv::Blast::ExtStressGpuImpulse const*, unsigned int, Nv::Blast::ExtStressGpuSolveParams const&, void*, void*) [0x3971d] in gpu_resident_stress_test
=========         Host Frame: (anonymous namespace)::columns(unsigned int, bool) [0xafaa] in gpu_resident_stress_test
=========         Host Frame: main [0x8350] in gpu_resident_stress_test
========= 
========= Uninitialized __global__ memory read of size 4 bytes
=========     at void Nv::Blast::<unnamed>::persistentStressSolve<(bool)0>(Nv::Blast::<unnamed>::PersistentStressArgs)+0x35d0
=========     by thread (7,0,0) in block (0,0,0)
=========     Address 0x7df7e6603e04
=========     Saved host backtrace up to driver entry point at kernel launch time
=========         Host Frame: cuGraphLaunch [0x369c99] in libcuda.so.1
=========         Host Frame:  [0x2094a] in libcudart.so.12
=========         Host Frame: cudaGraphLaunch [0x7bf95] in libcudart.so.12
=========         Host Frame: Nv::Blast::(anonymous namespace)::ExtStressGpuSolverImpl::executeSolve(Nv::Blast::ExtStressGpuSolveParams const&) [0x3934f] in gpu_resident_stress_test
=========         Host Frame: Nv::Blast::(anonymous namespace)::ExtStressGpuSolverImpl::solveDeviceAsync(Nv::Blast::ExtStressGpuImpulse const*, unsigned int, Nv::Blast::ExtStressGpuSolveParams const&, void*, void*) [0x3971d] in gpu_resident_stress_test
=========         Host Frame: (anonymous namespace)::columns(unsigned int, bool) [0xafaa] in gpu_resident_stress_test
=========         Host Frame: main [0x8350] in gpu_resident_stress_test
========= 
========= Uninitialized __global__ memory read of size 4 bytes
=========     at void Nv::Blast::<unnamed>::persistentStressSolve<(bool)0>(Nv::Blast::<unnamed>::PersistentStressArgs)+0x35d0
=========     by thread (9,0,0) in block (0,0,0)
=========     Address 0x7df7e6603e08
=========     Saved host backtrace up to driver entry point at kernel launch time
=========         Host Frame: cuGraphLaunch [0x369c99] in libcuda.so.1
=========         Host Frame:  [0x2094a] in libcudart.so.12
=========         Host Frame: cudaGraphLaunch [0x7bf95] in libcudart.so.12
=========         Host Frame: Nv::Blast::(anonymous namespace)::ExtStressGpuSolverImpl::executeSolve(Nv::Blast::ExtStressGpuSolveParams const&) [0x3934f] in gpu_resident_stress_test
=========         Host Frame: Nv::Blast::(anonymous namespace)::ExtStressGpuSolverImpl::solveDeviceAsync(Nv::Blast::ExtStressGpuImpulse const*, unsigned int, Nv::Blast::ExtStressGpuSolveParams const&, void*, void*) [0x3971d] in gpu_resident_stress_test
=========         Host Frame: (anonymous namespace)::columns(unsigned int, bool) [0xafaa] in gpu_resident_stress_test
=========         Host Frame: main [0x8350] in gpu_resident_stress_test
========= 
========= Uninitialized __global__ memory read of size 4 bytes
=========     at void Nv::Blast::<unnamed>::persistentStressSolve<(bool)0>(Nv::Blast::<unnamed>::PersistentStressArgs)+0x35d0
=========     by thread (10,0,0) in block (0,0,0)
=========     Address 0x7df7e6603e08
=========     Saved host backtrace up to driver entry point at kernel launch time
=========         Host Frame: cuGraphLaunch [0x369c99] in libcuda.so.1
=========         Host Frame:  [0x2094a] in libcudart.so.12
=========         Host Frame: cudaGraphLaunch [0x7bf95] in libcudart.so.12
=========         Host Frame: Nv::Blast::(anonymous namespace)::ExtStressGpuSolverImpl::executeSolve(Nv::Blast::ExtStressGpuSolveParams const&) [0x3934f] in gpu_resident_stress_test
=========         Host Frame: Nv::Blast::(anonymous namespace)::ExtStressGpuSolverImpl::solveDeviceAsync(Nv::Blast::ExtStressGpuImpulse const*, unsigned int, Nv::Blast::ExtStressGpuSolveParams const&, void*, void*) [0x3971d] in gpu_resident_stress_test
=========         Host Frame: (anonymous namespace)::columns(unsigned int, bool) [0xafaa] in gpu_resident_stress_test
=========         Host Frame: main [0x8350] in gpu_resident_stress_test
========= 
========= Uninitialized __global__ memory read of size 4 bytes
=========     at void Nv::Blast::<unnamed>::persistentStressSolve<(bool)0>(Nv::Blast::<unnamed>::PersistentStressArgs)+0x35d0
=========     by thread (11,0,0) in block (0,0,0)
=========     Address 0x7df7e6603e08
=========     Saved host backtrace up to driver entry point at kernel launch time
=========         Host Frame: cuGraphLaunch [0x369c99] in libcuda.so.1
=========         Host Frame:  [0x2094a] in libcudart.so.12
=========         Host Frame: cudaGraphLaunch [0x7bf95] in libcudart.so.12
=========         Host Frame: Nv::Blast::(anonymous namespace)::ExtStressGpuSolverImpl::executeSolve(Nv::Blast::ExtStressGpuSolveParams const&) [0x3934f] in gpu_resident_stress_test
=========         Host Frame: Nv::Blast::(anonymous namespace)::ExtStressGpuSolverImpl::solveDeviceAsync(Nv::Blast::ExtStressGpuImpulse const*, unsigned int, Nv::Blast::ExtStressGpuSolveParams const&, void*, void*) [0x3971d] in gpu_resident_stress_test
=========         Host Frame: (anonymous namespace)::columns(unsigned int, bool) [0xafaa] in gpu_resident_stress_test
=========         Host Frame: main [0x8350] in gpu_resident_stress_test
========= 
resident columns: topology=asset nodes=12 bonds=9 worst relative error=0
========= Uninitialized __global__ memory read of size 4 bytes
=========     at void Nv::Blast::<unnamed>::persistentStressSolve<(bool)0>(Nv::Blast::<unnamed>::PersistentStressArgs)+0x35d0
=========     by thread (97,0,0) in block (0,0,0)
=========     Address 0x7df7e66ba660
=========     Saved host backtrace up to driver entry point at kernel launch time
=========         Host Frame: cuGraphLaunch [0x369c99] in libcuda.so.1
=========         Host Frame:  [0x2094a] in libcudart.so.12
=========         Host Frame: cudaGraphLaunch [0x7bf95] in libcudart.so.12
=========         Host Frame: Nv::Blast::(anonymous namespace)::ExtStressGpuSolverImpl::executeSolve(Nv::Blast::ExtStressGpuSolveParams const&) [0x3934f] in gpu_resident_stress_test
=========         Host Frame: Nv::Blast::(anonymous namespace)::ExtStressGpuSolverImpl::solveDeviceAsync(Nv::Blast::ExtStressGpuImpulse const*, unsigned int, Nv::Blast::ExtStressGpuSolveParams const&, void*, void*) [0x3971d] in gpu_resident_stress_test
=========         Host Frame: (anonymous namespace)::columns(unsigned int, bool) [0xafaa] in gpu_resident_stress_test
=========         Host Frame: main [0x8350] in gpu_resident_stress_test
========= 
========= Uninitialized __global__ memory read of size 4 bytes
=========     at void Nv::Blast::<unnamed>::persistentStressSolve<(bool)0>(Nv::Blast::<unnamed>::PersistentStressArgs)+0x35d0
=========     by thread (98,0,0) in block (0,0,0)
=========     Address 0x7df7e66ba660
=========     Saved host backtrace up to driver entry point at kernel launch time
=========         Host Frame: cuGraphLaunch [0x369c99] in libcuda.so.1
=========         Host Frame:  [0x2094a] in libcudart.so.12
=========         Host Frame: cudaGraphLaunch [0x7bf95] in libcudart.so.12
=========         Host Frame: Nv::Blast::(anonymous namespace)::ExtStressGpuSolverImpl::executeSolve(Nv::Blast::ExtStressGpuSolveParams const&) [0x3934f] in gpu_resident_stress_test
=========         Host Frame: Nv::Blast::(anonymous namespace)::ExtStressGpuSolverImpl::solveDeviceAsync(Nv::Blast::ExtStressGpuImpulse const*, unsigned int, Nv::Blast::ExtStressGpuSolveParams const&, void*, void*) [0x3971d] in gpu_resident_stress_test
=========         Host Frame: (anonymous namespace)::columns(unsigned int, bool) [0xafaa] in gpu_resident_stress_test
=========         Host Frame: main [0x8350] in gpu_resident_stress_test
========= 
========= Uninitialized __global__ memory read of size 4 bytes
=========     at void Nv::Blast::<unnamed>::persistentStressSolve<(bool)0>(Nv::Blast::<unnamed>::PersistentStressArgs)+0x35d0
=========     by thread (99,0,0) in block (0,0,0)
=========     Address 0x7df7e66ba660
=========     Saved host backtrace up to driver entry point at kernel launch time
=========         Host Frame: cuGraphLaunch [0x369c99] in libcuda.so.1
=========         Host Frame:  [0x2094a] in libcudart.so.12
=========         Host Frame: cudaGraphLaunch [0x7bf95] in libcudart.so.12
=========         Host Frame: Nv::Blast::(anonymous namespace)::ExtStressGpuSolverImpl::executeSolve(Nv::Blast::ExtStressGpuSolveParams const&) [0x3934f] in gpu_resident_stress_test
=========         Host Frame: Nv::Blast::(anonymous namespace)::ExtStressGpuSolverImpl::solveDeviceAsync(Nv::Blast::ExtStressGpuImpulse const*, unsigned int, Nv::Blast::ExtStressGpuSolveParams const&, void*, void*) [0x3971d] in gpu_resident_stress_test
=========         Host Frame: (anonymous namespace)::columns(unsigned int, bool) [0xafaa] in gpu_resident_stress_test
=========         Host Frame: main [0x8350] in gpu_resident_stress_test
========= 
========= Uninitialized __global__ memory read of size 4 bytes
=========     at void Nv::Blast::<unnamed>::persistentStressSolve<(bool)0>(Nv::Blast::<unnamed>::PersistentStressArgs)+0x35d0
=========     by thread (100,0,0) in block (0,0,0)
=========     Address 0x7df7e66ba664
=========     Saved host backtrace up to driver entry point at kernel launch time
=========         Host Frame: cuGraphLaunch [0x369c99] in libcuda.so.1
=========         Host Frame:  [0x2094a] in libcudart.so.12
=========         Host Frame: cudaGraphLaunch [0x7bf95] in libcudart.so.12
=========         Host Frame: Nv::Blast::(anonymous namespace)::ExtStressGpuSolverImpl::executeSolve(Nv::Blast::ExtStressGpuSolveParams const&) [0x3934f] in gpu_resident_stress_test
=========         Host Frame: Nv::Blast::(anonymous namespace)::ExtStressGpuSolverImpl::solveDeviceAsync(Nv::Blast::ExtStressGpuImpulse const*, unsigned int, Nv::Blast::ExtStressGpuSolveParams const&, void*, void*) [0x3971d] in gpu_resident_stress_test
=========         Host Frame: (anonymous namespace)::columns(unsigned int, bool) [0xafaa] in gpu_resident_stress_test
=========         Host Frame: main [0x8350] in gpu_resident_stress_test
========= 
========= Uninitialized __global__ memory read of size 4 bytes
=========     at void Nv::Blast::<unnamed>::persistentStressSolve<(bool)0>(Nv::Blast::<unnamed>::PersistentStressArgs)+0x35d0
=========     by thread (101,0,0) in block (0,0,0)
=========     Address 0x7df7e66ba664
=========     Saved host backtrace up to driver entry point at kernel launch time
=========         Host Frame: cuGraphLaunch [0x369c99] in libcuda.so.1
=========         Host Frame:  [0x2094a] in libcudart.so.12
=========         Host Frame: cudaGraphLaunch [0x7bf95] in libcudart.so.12
=========         Host Frame: Nv::Blast::(anonymous namespace)::ExtStressGpuSolverImpl::executeSolve(Nv::Blast::ExtStressGpuSolveParams const&) [0x3934f] in gpu_resident_stress_test
=========         Host Frame: Nv::Blast::(anonymous namespace)::ExtStressGpuSolverImpl::solveDeviceAsync(Nv::Blast::ExtStressGpuImpulse const*, unsigned int, Nv::Blast::ExtStressGpuSolveParams const&, void*, void*) [0x3971d] in gpu_resident_stress_test
=========         Host Frame: (anonymous namespace)::columns(unsigned int, bool) [0xafaa] in gpu_resident_stress_test
=========         Host Frame: main [0x8350] in gpu_resident_stress_test
========= 
========= Uninitialized __global__ memory read of size 4 bytes
=========     at void Nv::Blast::<unnamed>::persistentStressSolve<(bool)0>(Nv::Blast::<unnamed>::PersistentStressArgs)+0x35d0
=========     by thread (102,0,0) in block (0,0,0)
=========     Address 0x7df7e66ba664
=========     Saved host backtrace up to driver entry point at kernel launch time
=========         Host Frame: cuGraphLaunch [0x369c99] in libcuda.so.1
=========         Host Frame:  [0x2094a] in libcudart.so.12
=========         Host Frame: cudaGraphLaunch [0x7bf95] in libcudart.so.12
=========         Host Frame: Nv::Blast::(anonymous namespace)::ExtStressGpuSolverImpl::executeSolve(Nv::Blast::ExtStressGpuSolveParams const&) [0x3934f] in gpu_resident_stress_test
=========         Host Frame: Nv::Blast::(anonymous namespace)::ExtStressGpuSolverImpl::solveDeviceAsync(Nv::Blast::ExtStressGpuImpulse const*, unsigned int, Nv::Blast::ExtStressGpuSolveParams const&, void*, void*) [0x3971d] in gpu_resident_stress_test
=========         Host Frame: (anonymous namespace)::columns(unsigned int, bool) [0xafaa] in gpu_resident_stress_test
=========         Host Frame: main [0x8350] in gpu_resident_stress_test
========= 
========= Uninitialized __global__ memory read of size 4 bytes
=========     at void Nv::Blast::<unnamed>::persistentStressSolve<(bool)0>(Nv::Blast::<unnamed>::PersistentStressArgs)+0x35d0
=========     by thread (103,0,0) in block (0,0,0)
=========     Address 0x7df7e66ba664
=========     Saved host backtrace up to driver entry point at kernel launch time
=========         Host Frame: cuGraphLaunch [0x369c99] in libcuda.so.1
=========         Host Frame:  [0x2094a] in libcudart.so.12
=========         Host Frame: cudaGraphLaunch [0x7bf95] in libcudart.so.12
=========         Host Frame: Nv::Blast::(anonymous namespace)::ExtStressGpuSolverImpl::executeSolve(Nv::Blast::ExtStressGpuSolveParams const&) [0x3934f] in gpu_resident_stress_test
=========         Host Frame: Nv::Blast::(anonymous namespace)::ExtStressGpuSolverImpl::solveDeviceAsync(Nv::Blast::ExtStressGpuImpulse const*, unsigned int, Nv::Blast::ExtStressGpuSolveParams const&, void*, void*) [0x3971d] in gpu_resident_stress_test
=========         Host Frame: (anonymous namespace)::columns(unsigned int, bool) [0xafaa] in gpu_resident_stress_test
=========         Host Frame: main [0x8350] in gpu_resident_stress_test
========= 
========= Uninitialized __global__ memory read of size 4 bytes
=========     at void Nv::Blast::<unnamed>::persistentStressSolve<(bool)0>(Nv::Blast::<unnamed>::PersistentStressArgs)+0x35d0
=========     by thread (105,0,0) in block (0,0,0)
=========     Address 0x7df7e66ba668
=========     Saved host backtrace up to driver entry point at kernel launch time
=========         Host Frame: cuGraphLaunch [0x369c99] in libcuda.so.1
=========         Host Frame:  [0x2094a] in libcudart.so.12
=========         Host Frame: cudaGraphLaunch [0x7bf95] in libcudart.so.12
=========         Host Frame: Nv::Blast::(anonymous namespace)::ExtStressGpuSolverImpl::executeSolve(Nv::Blast::ExtStressGpuSolveParams const&) [0x3934f] in gpu_resident_stress_test
=========         Host Frame: Nv::Blast::(anonymous namespace)::ExtStressGpuSolverImpl::solveDeviceAsync(Nv::Blast::ExtStressGpuImpulse const*, unsigned int, Nv::Blast::ExtStressGpuSolveParams const&, void*, void*) [0x3971d] in gpu_resident_stress_test
=========         Host Frame: (anonymous namespace)::columns(unsigned int, bool) [0xafaa] in gpu_resident_stress_test
=========         Host Frame: main [0x8350] in gpu_resident_stress_test
========= 
========= Uninitialized __global__ memory read of size 4 bytes
=========     at void Nv::Blast::<unnamed>::persistentStressSolve<(bool)0>(Nv::Blast::<unnamed>::PersistentStressArgs)+0x35d0
=========     by thread (106,0,0) in block (0,0,0)
=========     Address 0x7df7e66ba668
=========     Saved host backtrace up to driver entry point at kernel launch time
=========         Host Frame: cuGraphLaunch [0x369c99] in libcuda.so.1
=========         Host Frame:  [0x2094a] in libcudart.so.12
=========         Host Frame: cudaGraphLaunch [0x7bf95] in libcudart.so.12
=========         Host Frame: Nv::Blast::(anonymous namespace)::ExtStressGpuSolverImpl::executeSolve(Nv::Blast::ExtStressGpuSolveParams const&) [0x3934f] in gpu_resident_stress_test
=========         Host Frame: Nv::Blast::(anonymous namespace)::ExtStressGpuSolverImpl::solveDeviceAsync(Nv::Blast::ExtStressGpuImpulse const*, unsigned int, Nv::Blast::ExtStressGpuSolveParams const&, void*, void*) [0x3971d] in gpu_resident_stress_test
=========         Host Frame: (anonymous namespace)::columns(unsigned int, bool) [0xafaa] in gpu_resident_stress_test
=========         Host Frame: main [0x8350] in gpu_resident_stress_test
========= 
========= Uninitialized __global__ memory read of size 4 bytes
=========     at void Nv::Blast::<unnamed>::persistentStressSolve<(bool)0>(Nv::Blast::<unnamed>::PersistentStressArgs)+0x35d0
=========     by thread (107,0,0) in block (0,0,0)
=========     Address 0x7df7e66ba668
=========     Saved host backtrace up to driver entry point at kernel launch time
=========         Host Frame: cuGraphLaunch [0x369c99] in libcuda.so.1
=========         Host Frame:  [0x2094a] in libcudart.so.12
=========         Host Frame: cudaGraphLaunch [0x7bf95] in libcudart.so.12
=========         Host Frame: Nv::Blast::(anonymous namespace)::ExtStressGpuSolverImpl::executeSolve(Nv::Blast::ExtStressGpuSolveParams const&) [0x3934f] in gpu_resident_stress_test
=========         Host Frame: Nv::Blast::(anonymous namespace)::ExtStressGpuSolverImpl::solveDeviceAsync(Nv::Blast::ExtStressGpuImpulse const*, unsigned int, Nv::Blast::ExtStressGpuSolveParams const&, void*, void*) [0x3971d] in gpu_resident_stress_test
=========         Host Frame: (anonymous namespace)::columns(unsigned int, bool) [0xafaa] in gpu_resident_stress_test
=========         Host Frame: main [0x8350] in gpu_resident_stress_test
========= 
========= Uninitialized __global__ memory read of size 4 bytes
=========     at void Nv::Blast::<unnamed>::persistentStressSolve<(bool)0>(Nv::Blast::<unnamed>::PersistentStressArgs)+0x35d0
=========     by thread (108,0,0) in block (0,0,0)
=========     Address 0x7df7e66ba66c
=========     Saved host backtrace up to driver entry point at kernel launch time
=========         Host Frame: cuGraphLaunch [0x369c99] in libcuda.so.1
=========         Host Frame:  [0x2094a] in libcudart.so.12
=========         Host Frame: cudaGraphLaunch [0x7bf95] in libcudart.so.12
=========         Host Frame: Nv::Blast::(anonymous namespace)::ExtStressGpuSolverImpl::executeSolve(Nv::Blast::ExtStressGpuSolveParams const&) [0x3934f] in gpu_resident_stress_test
=========         Host Frame: Nv::Blast::(anonymous namespace)::ExtStressGpuSolverImpl::solveDeviceAsync(Nv::Blast::ExtStressGpuImpulse const*, unsigned int, Nv::Blast::ExtStressGpuSolveParams const&, void*, void*) [0x3971d] in gpu_resident_stress_test
=========         Host Frame: (anonymous namespace)::columns(unsigned int, bool) [0xafaa] in gpu_resident_stress_test
=========         Host Frame: main [0x8350] in gpu_resident_stress_test
========= 
========= Uninitialized __global__ memory read of size 4 bytes
=========     at void Nv::Blast::<unnamed>::persistentStressSolve<(bool)0>(Nv::Blast::<unnamed>::PersistentStressArgs)+0x35d0
=========     by thread (109,0,0) in block (0,0,0)
=========     Address 0x7df7e66ba66c
=========     Saved host backtrace up to driver entry point at kernel launch time
=========         Host Frame: cuGraphLaunch [0x369c99] in libcuda.so.1
=========         Host Frame:  [0x2094a] in libcudart.so.12
=========         Host Frame: cudaGraphLaunch [0x7bf95] in libcudart.so.12
=========         Host Frame: Nv::Blast::(anonymous namespace)::ExtStressGpuSolverImpl::executeSolve(Nv::Blast::ExtStressGpuSolveParams const&) [0x3934f] in gpu_resident_stress_test
=========         Host Frame: Nv::Blast::(anonymous namespace)::ExtStressGpuSolverImpl::solveDeviceAsync(Nv::Blast::ExtStressGpuImpulse const*, unsigned int, Nv::Blast::ExtStressGpuSolveParams const&, void*, void*) [0x3971d] in gpu_resident_stress_test
=========         Host Frame: (anonymous namespace)::columns(unsigned int, bool) [0xafaa] in gpu_resident_stress_test
=========         Host Frame: main [0x8350] in gpu_resident_stress_test
========= 
========= Uninitialized __global__ memory read of size 4 bytes
=========     at void Nv::Blast::<unnamed>::persistentStressSolve<(bool)0>(Nv::Blast::<unnamed>::PersistentStressArgs)+0x35d0
=========     by thread (110,0,0) in block (0,0,0)
=========     Address 0x7df7e66ba66c
=========     Saved host backtrace up to driver entry point at kernel launch time
=========         Host Frame: cuGraphLaunch [0x369c99] in libcuda.so.1
=========         Host Frame:  [0x2094a] in libcudart.so.12
=========         Host Frame: cudaGraphLaunch [0x7bf95] in libcudart.so.12
=========         Host Frame: Nv::Blast::(anonymous namespace)::ExtStressGpuSolverImpl::executeSolve(Nv::Blast::ExtStressGpuSolveParams const&) [0x3934f] in gpu_resident_stress_test
=========         Host Frame: Nv::Blast::(anonymous namespace)::ExtStressGpuSolverImpl::solveDeviceAsync(Nv::Blast::ExtStressGpuImpulse const*, unsigned int, Nv::Blast::ExtStressGpuSolveParams const&, void*, void*) [0x3971d] in gpu_resident_stress_test
=========         Host Frame: (anonymous namespace)::columns(unsigned int, bool) [0xafaa] in gpu_resident_stress_test
=========         Host Frame: main [0x8350] in gpu_resident_stress_test
========= 
========= Uninitialized __global__ memory read of size 4 bytes
=========     at void Nv::Blast::<unnamed>::persistentStressSolve<(bool)0>(Nv::Blast::<unnamed>::PersistentStressArgs)+0x35d0
=========     by thread (111,0,0) in block (0,0,0)
=========     Address 0x7df7e66ba66c
=========     Saved host backtrace up to driver entry point at kernel launch time
=========         Host Frame: cuGraphLaunch [0x369c99] in libcuda.so.1
=========         Host Frame:  [0x2094a] in libcudart.so.12
=========         Host Frame: cudaGraphLaunch [0x7bf95] in libcudart.so.12
=========         Host Frame: Nv::Blast::(anonymous namespace)::ExtStressGpuSolverImpl::executeSolve(Nv::Blast::ExtStressGpuSolveParams const&) [0x3934f] in gpu_resident_stress_test
=========         Host Frame: Nv::Blast::(anonymous namespace)::ExtStressGpuSolverImpl::solveDeviceAsync(Nv::Blast::ExtStressGpuImpulse const*, unsigned int, Nv::Blast::ExtStressGpuSolveParams const&, void*, void*) [0x3971d] in gpu_resident_stress_test
=========         Host Frame: (anonymous namespace)::columns(unsigned int, bool) [0xafaa] in gpu_resident_stress_test
=========         Host Frame: main [0x8350] in gpu_resident_stress_test
========= 
========= Uninitialized __global__ memory read of size 4 bytes
=========     at void Nv::Blast::<unnamed>::persistentStressSolve<(bool)0>(Nv::Blast::<unnamed>::PersistentStressArgs)+0x35d0
=========     by thread (113,0,0) in block (0,0,0)
=========     Address 0x7df7e66ba670
=========     Saved host backtrace up to driver entry point at kernel launch time
=========         Host Frame: cuGraphLaunch [0x369c99] in libcuda.so.1
=========         Host Frame:  [0x2094a] in libcudart.so.12
=========         Host Frame: cudaGraphLaunch [0x7bf95] in libcudart.so.12
=========         Host Frame: Nv::Blast::(anonymous namespace)::ExtStressGpuSolverImpl::executeSolve(Nv::Blast::ExtStressGpuSolveParams const&) [0x3934f] in gpu_resident_stress_test
=========         Host Frame: Nv::Blast::(anonymous namespace)::ExtStressGpuSolverImpl::solveDeviceAsync(Nv::Blast::ExtStressGpuImpulse const*, unsigned int, Nv::Blast::ExtStressGpuSolveParams const&, void*, void*) [0x3971d] in gpu_resident_stress_test
=========         Host Frame: (anonymous namespace)::columns(unsigned int, bool) [0xafaa] in gpu_resident_stress_test
=========         Host Frame: main [0x8350] in gpu_resident_stress_test
========= 
========= Uninitialized __global__ memory read of size 4 bytes
=========     at void Nv::Blast::<unnamed>::persistentStressSolve<(bool)0>(Nv::Blast::<unnamed>::PersistentStressArgs)+0x35d0
=========     by thread (114,0,0) in block (0,0,0)
=========     Address 0x7df7e66ba670
=========     Saved host backtrace up to driver entry point at kernel launch time
=========         Host Frame: cuGraphLaunch [0x369c99] in libcuda.so.1
=========         Host Frame:  [0x2094a] in libcudart.so.12
=========         Host Frame: cudaGraphLaunch [0x7bf95] in libcudart.so.12
=========         Host Frame: Nv::Blast::(anonymous namespace)::ExtStressGpuSolverImpl::executeSolve(Nv::Blast::ExtStressGpuSolveParams const&) [0x3934f] in gpu_resident_stress_test
=========         Host Frame: Nv::Blast::(anonymous namespace)::ExtStressGpuSolverImpl::solveDeviceAsync(Nv::Blast::ExtStressGpuImpulse const*, unsigned int, Nv::Blast::ExtStressGpuSolveParams const&, void*, void*) [0x3971d] in gpu_resident_stress_test
=========         Host Frame: (anonymous namespace)::columns(unsigned int, bool) [0xafaa] in gpu_resident_stress_test
=========         Host Frame: main [0x8350] in gpu_resident_stress_test
========= 
========= Uninitialized __global__ memory read of size 4 bytes
=========     at void Nv::Blast::<unnamed>::persistentStressSolve<(bool)0>(Nv::Blast::<unnamed>::PersistentStressArgs)+0x35d0
=========     by thread (115,0,0) in block (0,0,0)
=========     Address 0x7df7e66ba670
=========     Saved host backtrace up to driver entry point at kernel launch time
=========         Host Frame: cuGraphLaunch [0x369c99] in libcuda.so.1
=========         Host Frame:  [0x2094a] in libcudart.so.12
=========         Host Frame: cudaGraphLaunch [0x7bf95] in libcudart.so.12
=========         Host Frame: Nv::Blast::(anonymous namespace)::ExtStressGpuSolverImpl::executeSolve(Nv::Blast::ExtStressGpuSolveParams const&) [0x3934f] in gpu_resident_stress_test
=========         Host Frame: Nv::Blast::(anonymous namespace)::ExtStressGpuSolverImpl::solveDeviceAsync(Nv::Blast::ExtStressGpuImpulse const*, unsigned int, Nv::Blast::ExtStressGpuSolveParams const&, void*, void*) [0x3971d] in gpu_resident_stress_test
=========         Host Frame: (anonymous namespace)::columns(unsigned int, bool) [0xafaa] in gpu_resident_stress_test
=========         Host Frame: main [0x8350] in gpu_resident_stress_test
========= 
========= Uninitialized __global__ memory read of size 4 bytes
=========     at void Nv::Blast::<unnamed>::persistentStressSolve<(bool)0>(Nv::Blast::<unnamed>::PersistentStressArgs)+0x35d0
=========     by thread (116,0,0) in block (0,0,0)
=========     Address 0x7df7e66ba674
=========     Saved host backtrace up to driver entry point at kernel launch time
=========         Host Frame: cuGraphLaunch [0x369c99] in libcuda.so.1
=========         Host Frame:  [0x2094a] in libcudart.so.12
=========         Host Frame: cudaGraphLaunch [0x7bf95] in libcudart.so.12
=========         Host Frame: Nv::Blast::(anonymous namespace)::ExtStressGpuSolverImpl::executeSolve(Nv::Blast::ExtStressGpuSolveParams const&) [0x3934f] in gpu_resident_stress_test
=========         Host Frame: Nv::Blast::(anonymous namespace)::ExtStressGpuSolverImpl::solveDeviceAsync(Nv::Blast::ExtStressGpuImpulse const*, unsigned int, Nv::Blast::ExtStressGpuSolveParams const&, void*, void*) [0x3971d] in gpu_resident_stress_test
=========         Host Frame: (anonymous namespace)::columns(unsigned int, bool) [0xafaa] in gpu_resident_stress_test
=========         Host Frame: main [0x8350] in gpu_resident_stress_test
========= 
========= Uninitialized __global__ memory read of size 4 bytes
=========     at void Nv::Blast::<unnamed>::persistentStressSolve<(bool)0>(Nv::Blast::<unnamed>::PersistentStressArgs)+0x35d0
=========     by thread (117,0,0) in block (0,0,0)
=========     Address 0x7df7e66ba674
=========     Saved host backtrace up to driver entry point at kernel launch time
=========         Host Frame: cuGraphLaunch [0x369c99] in libcuda.so.1
=========         Host Frame:  [0x2094a] in libcudart.so.12
=========         Host Frame: cudaGraphLaunch [0x7bf95] in libcudart.so.12
=========         Host Frame: Nv::Blast::(anonymous namespace)::ExtStressGpuSolverImpl::executeSolve(Nv::Blast::ExtStressGpuSolveParams const&) [0x3934f] in gpu_resident_stress_test
=========         Host Frame: Nv::Blast::(anonymous namespace)::ExtStressGpuSolverImpl::solveDeviceAsync(Nv::Blast::ExtStressGpuImpulse const*, unsigned int, Nv::Blast::ExtStressGpuSolveParams const&, void*, void*) [0x3971d] in gpu_resident_stress_test
=========         Host Frame: (anonymous namespace)::columns(unsigned int, bool) [0xafaa] in gpu_resident_stress_test
=========         Host Frame: main [0x8350] in gpu_resident_stress_test
========= 
========= Uninitialized __global__ memory read of size 4 bytes
=========     at void Nv::Blast::<unnamed>::persistentStressSolve<(bool)0>(Nv::Blast::<unnamed>::PersistentStressArgs)+0x35d0
=========     by thread (118,0,0) in block (0,0,0)
=========     Address 0x7df7e66ba674
=========     Saved host backtrace up to driver entry point at kernel launch time
=========         Host Frame: cuGraphLaunch [0x369c99] in libcuda.so.1
=========         Host Frame:  [0x2094a] in libcudart.so.12
=========         Host Frame: cudaGraphLaunch [0x7bf95] in libcudart.so.12
=========         Host Frame: Nv::Blast::(anonymous namespace)::ExtStressGpuSolverImpl::executeSolve(Nv::Blast::ExtStressGpuSolveParams const&) [0x3934f] in gpu_resident_stress_test
=========         Host Frame: Nv::Blast::(anonymous namespace)::ExtStressGpuSolverImpl::solveDeviceAsync(Nv::Blast::ExtStressGpuImpulse const*, unsigned int, Nv::Blast::ExtStressGpuSolveParams const&, void*, void*) [0x3971d] in gpu_resident_stress_test
=========         Host Frame: (anonymous namespace)::columns(unsigned int, bool) [0xafaa] in gpu_resident_stress_test
=========         Host Frame: main [0x8350] in gpu_resident_stress_test
========= 
========= Uninitialized __global__ memory read of size 4 bytes
=========     at void Nv::Blast::<unnamed>::persistentStressSolve<(bool)0>(Nv::Blast::<unnamed>::PersistentStressArgs)+0x35d0
=========     by thread (119,0,0) in block (0,0,0)
=========     Address 0x7df7e66ba674
=========     Saved host backtrace up to driver entry point at kernel launch time
=========         Host Frame: cuGraphLaunch [0x369c99] in libcuda.so.1
=========         Host Frame:  [0x2094a] in libcudart.so.12
=========         Host Frame: cudaGraphLaunch [0x7bf95] in libcudart.so.12
=========         Host Frame: Nv::Blast::(anonymous namespace)::ExtStressGpuSolverImpl::executeSolve(Nv::Blast::ExtStressGpuSolveParams const&) [0x3934f] in gpu_resident_stress_test
=========         Host Frame: Nv::Blast::(anonymous namespace)::ExtStressGpuSolverImpl::solveDeviceAsync(Nv::Blast::ExtStressGpuImpulse const*, unsigned int, Nv::Blast::ExtStressGpuSolveParams const&, void*, void*) [0x3971d] in gpu_resident_stress_test
=========         Host Frame: (anonymous namespace)::columns(unsigned int, bool) [0xafaa] in gpu_resident_stress_test
=========         Host Frame: main [0x8350] in gpu_resident_stress_test
========= 
========= Uninitialized __global__ memory read of size 4 bytes
=========     at void Nv::Blast::<unnamed>::persistentStressSolve<(bool)0>(Nv::Blast::<unnamed>::PersistentStressArgs)+0x35d0
=========     by thread (121,0,0) in block (0,0,0)
=========     Address 0x7df7e66ba678
=========     Saved host backtrace up to driver entry point at kernel launch time
=========         Host Frame: cuGraphLaunch [0x369c99] in libcuda.so.1
=========         Host Frame:  [0x2094a] in libcudart.so.12
=========         Host Frame: cudaGraphLaunch [0x7bf95] in libcudart.so.12
=========         Host Frame: Nv::Blast::(anonymous namespace)::ExtStressGpuSolverImpl::executeSolve(Nv::Blast::ExtStressGpuSolveParams const&) [0x3934f] in gpu_resident_stress_test
=========         Host Frame: Nv::Blast::(anonymous namespace)::ExtStressGpuSolverImpl::solveDeviceAsync(Nv::Blast::ExtStressGpuImpulse const*, unsigned int, Nv::Blast::ExtStressGpuSolveParams const&, void*, void*) [0x3971d] in gpu_resident_stress_test
=========         Host Frame: (anonymous namespace)::columns(unsigned int, bool) [0xafaa] in gpu_resident_stress_test
=========         Host Frame: main [0x8350] in gpu_resident_stress_test
========= 
========= Uninitialized __global__ memory read of size 4 bytes
=========     at void Nv::Blast::<unnamed>::persistentStressSolve<(bool)0>(Nv::Blast::<unnamed>::PersistentStressArgs)+0x35d0
=========     by thread (122,0,0) in block (0,0,0)
=========     Address 0x7df7e66ba678
=========     Saved host backtrace up to driver entry point at kernel launch time
=========         Host Frame: cuGraphLaunch [0x369c99] in libcuda.so.1
=========         Host Frame:  [0x2094a] in libcudart.so.12
=========         Host Frame: cudaGraphLaunch [0x7bf95] in libcudart.so.12
=========         Host Frame: Nv::Blast::(anonymous namespace)::ExtStressGpuSolverImpl::executeSolve(Nv::Blast::ExtStressGpuSolveParams const&) [0x3934f] in gpu_resident_stress_test
=========         Host Frame: Nv::Blast::(anonymous namespace)::ExtStressGpuSolverImpl::solveDeviceAsync(Nv::Blast::ExtStressGpuImpulse const*, unsigned int, Nv::Blast::ExtStressGpuSolveParams const&, void*, void*) [0x3971d] in gpu_resident_stress_test
=========         Host Frame: (anonymous namespace)::columns(unsigned int, bool) [0xafaa] in gpu_resident_stress_test
=========         Host Frame: main [0x8350] in gpu_resident_stress_test
========= 
========= Uninitialized __global__ memory read of size 4 bytes
=========     at void Nv::Blast::<unnamed>::persistentStressSolve<(bool)0>(Nv::Blast::<unnamed>::PersistentStressArgs)+0x35d0
=========     by thread (123,0,0) in block (0,0,0)
=========     Address 0x7df7e66ba678
=========     Saved host backtrace up to driver entry point at kernel launch time
=========         Host Frame: cuGraphLaunch [0x369c99] in libcuda.so.1
=========         Host Frame:  [0x2094a] in libcudart.so.12
=========         Host Frame: cudaGraphLaunch [0x7bf95] in libcudart.so.12
=========         Host Frame: Nv::Blast::(anonymous namespace)::ExtStressGpuSolverImpl::executeSolve(Nv::Blast::ExtStressGpuSolveParams const&) [0x3934f] in gpu_resident_stress_test
=========         Host Frame: Nv::Blast::(anonymous namespace)::ExtStressGpuSolverImpl::solveDeviceAsync(Nv::Blast::ExtStressGpuImpulse const*, unsigned int, Nv::Blast::ExtStressGpuSolveParams const&, void*, void*) [0x3971d] in gpu_resident_stress_test
=========         Host Frame: (anonymous namespace)::columns(unsigned int, bool) [0xafaa] in gpu_resident_stress_test
=========         Host Frame: main [0x8350] in gpu_resident_stress_test
========= 
========= Uninitialized __global__ memory read of size 4 bytes
=========     at void Nv::Blast::<unnamed>::persistentStressSolve<(bool)0>(Nv::Blast::<unnamed>::PersistentStressArgs)+0x35d0
=========     by thread (124,0,0) in block (0,0,0)
=========     Address 0x7df7e66ba67c
=========     Saved host backtrace up to driver entry point at kernel launch time
=========         Host Frame: cuGraphLaunch [0x369c99] in libcuda.so.1
=========         Host Frame:  [0x2094a] in libcudart.so.12
=========         Host Frame: cudaGraphLaunch [0x7bf95] in libcudart.so.12
=========         Host Frame: Nv::Blast::(anonymous namespace)::ExtStressGpuSolverImpl::executeSolve(Nv::Blast::ExtStressGpuSolveParams const&) [0x3934f] in gpu_resident_stress_test
=========         Host Frame: Nv::Blast::(anonymous namespace)::ExtStressGpuSolverImpl::solveDeviceAsync(Nv::Blast::ExtStressGpuImpulse const*, unsigned int, Nv::Blast::ExtStressGpuSolveParams const&, void*, void*) [0x3971d] in gpu_resident_stress_test
=========         Host Frame: (anonymous namespace)::columns(unsigned int, bool) [0xafaa] in gpu_resident_stress_test
=========         Host Frame: main [0x8350] in gpu_resident_stress_test
========= 
========= Uninitialized __global__ memory read of size 4 bytes
=========     at void Nv::Blast::<unnamed>::persistentStressSolve<(bool)0>(Nv::Blast::<unnamed>::PersistentStressArgs)+0x35d0
=========     by thread (125,0,0) in block (0,0,0)
=========     Address 0x7df7e66ba67c
=========     Saved host backtrace up to driver entry point at kernel launch time
=========         Host Frame: cuGraphLaunch [0x369c99] in libcuda.so.1
=========         Host Frame:  [0x2094a] in libcudart.so.12
=========         Host Frame: cudaGraphLaunch [0x7bf95] in libcudart.so.12
=========         Host Frame: Nv::Blast::(anonymous namespace)::ExtStressGpuSolverImpl::executeSolve(Nv::Blast::ExtStressGpuSolveParams const&) [0x3934f] in gpu_resident_stress_test
=========         Host Frame: Nv::Blast::(anonymous namespace)::ExtStressGpuSolverImpl::solveDeviceAsync(Nv::Blast::ExtStressGpuImpulse const*, unsigned int, Nv::Blast::ExtStressGpuSolveParams const&, void*, void*) [0x3971d] in gpu_resident_stress_test
=========         Host Frame: (anonymous namespace)::columns(unsigned int, bool) [0xafaa] in gpu_resident_stress_test
=========         Host Frame: main [0x8350] in gpu_resident_stress_test
========= 
========= Uninitialized __global__ memory read of size 4 bytes
=========     at void Nv::Blast::<unnamed>::persistentStressSolve<(bool)0>(Nv::Blast::<unnamed>::PersistentStressArgs)+0x35d0
=========     by thread (126,0,0) in block (0,0,0)
=========     Address 0x7df7e66ba67c
=========     Saved host backtrace up to driver entry point at kernel launch time
=========         Host Frame: cuGraphLaunch [0x369c99] in libcuda.so.1
=========         Host Frame:  [0x2094a] in libcudart.so.12
=========         Host Frame: cudaGraphLaunch [0x7bf95] in libcudart.so.12
=========         Host Frame: Nv::Blast::(anonymous namespace)::ExtStressGpuSolverImpl::executeSolve(Nv::Blast::ExtStressGpuSolveParams const&) [0x3934f] in gpu_resident_stress_test
=========         Host Frame: Nv::Blast::(anonymous namespace)::ExtStressGpuSolverImpl::solveDeviceAsync(Nv::Blast::ExtStressGpuImpulse const*, unsigned int, Nv::Blast::ExtStressGpuSolveParams const&, void*, void*) [0x3971d] in gpu_resident_stress_test
=========         Host Frame: (anonymous namespace)::columns(unsigned int, bool) [0xafaa] in gpu_resident_stress_test
=========         Host Frame: main [0x8350] in gpu_resident_stress_test
========= 
========= Uninitialized __global__ memory read of size 4 bytes
=========     at void Nv::Blast::<unnamed>::persistentStressSolve<(bool)0>(Nv::Blast::<unnamed>::PersistentStressArgs)+0x35d0
=========     by thread (127,0,0) in block (0,0,0)
=========     Address 0x7df7e66ba67c
=========     Saved host backtrace up to driver entry point at kernel launch time
=========         Host Frame: cuGraphLaunch [0x369c99] in libcuda.so.1
=========         Host Frame:  [0x2094a] in libcudart.so.12
=========         Host Frame: cudaGraphLaunch [0x7bf95] in libcudart.so.12
=========         Host Frame: Nv::Blast::(anonymous namespace)::ExtStressGpuSolverImpl::executeSolve(Nv::Blast::ExtStressGpuSolveParams const&) [0x3934f] in gpu_resident_stress_test
=========         Host Frame: Nv::Blast::(anonymous namespace)::ExtStressGpuSolverImpl::solveDeviceAsync(Nv::Blast::ExtStressGpuImpulse const*, unsigned int, Nv::Blast::ExtStressGpuSolveParams const&, void*, void*) [0x3971d] in gpu_resident_stress_test
=========         Host Frame: (anonymous namespace)::columns(unsigned int, bool) [0xafaa] in gpu_resident_stress_test
=========         Host Frame: main [0x8350] in gpu_resident_stress_test
========= 
========= Uninitialized __global__ memory read of size 4 bytes
=========     at void Nv::Blast::<unnamed>::persistentStressSolve<(bool)0>(Nv::Blast::<unnamed>::PersistentStressArgs)+0x35d0
=========     by thread (1,0,0) in block (0,0,0)
=========     Address 0x7df7e66ba600
=========     Saved host backtrace up to driver entry point at kernel launch time
=========         Host Frame: cuGraphLaunch [0x369c99] in libcuda.so.1
=========         Host Frame:  [0x2094a] in libcudart.so.12
=========         Host Frame: cudaGraphLaunch [0x7bf95] in libcudart.so.12
=========         Host Frame: Nv::Blast::(anonymous namespace)::ExtStressGpuSolverImpl::executeSolve(Nv::Blast::ExtStressGpuSolveParams const&) [0x3934f] in gpu_resident_stress_test
=========         Host Frame: Nv::Blast::(anonymous namespace)::ExtStressGpuSolverImpl::solveDeviceAsync(Nv::Blast::ExtStressGpuImpulse const*, unsigned int, Nv::Blast::ExtStressGpuSolveParams const&, void*, void*) [0x3971d] in gpu_resident_stress_test
=========         Host Frame: (anonymous namespace)::columns(unsigned int, bool) [0xafaa] in gpu_resident_stress_test
=========         Host Frame: main [0x8350] in gpu_resident_stress_test
========= 
========= Uninitialized __global__ memory read of size 4 bytes
=========     at void Nv::Blast::<unnamed>::persistentStressSolve<(bool)0>(Nv::Blast::<unnamed>::PersistentStressArgs)+0x35d0
=========     by thread (2,0,0) in block (0,0,0)
=========     Address 0x7df7e66ba600
=========     Saved host backtrace up to driver entry point at kernel launch time
=========         Host Frame: cuGraphLaunch [0x369c99] in libcuda.so.1
=========         Host Frame:  [0x2094a] in libcudart.so.12
=========         Host Frame: cudaGraphLaunch [0x7bf95] in libcudart.so.12
=========         Host Frame: Nv::Blast::(anonymous namespace)::ExtStressGpuSolverImpl::executeSolve(Nv::Blast::ExtStressGpuSolveParams const&) [0x3934f] in gpu_resident_stress_test
=========         Host Frame: Nv::Blast::(anonymous namespace)::ExtStressGpuSolverImpl::solveDeviceAsync(Nv::Blast::ExtStressGpuImpulse const*, unsigned int, Nv::Blast::ExtStressGpuSolveParams const&, void*, void*) [0x3971d] in gpu_resident_stress_test
=========         Host Frame: (anonymous namespace)::columns(unsigned int, bool) [0xafaa] in gpu_resident_stress_test
=========         Host Frame: main [0x8350] in gpu_resident_stress_test
========= 
========= Uninitialized __global__ memory read of size 4 bytes
=========     at void Nv::Blast::<unnamed>::persistentStressSolve<(bool)0>(Nv::Blast::<unnamed>::PersistentStressArgs)+0x35d0
=========     by thread (3,0,0) in block (0,0,0)
=========     Address 0x7df7e66ba600
=========     Saved host backtrace up to driver entry point at kernel launch time
=========         Host Frame: cuGraphLaunch [0x369c99] in libcuda.so.1
=========         Host Frame:  [0x2094a] in libcudart.so.12
=========         Host Frame: cudaGraphLaunch [0x7bf95] in libcudart.so.12
=========         Host Frame: Nv::Blast::(anonymous namespace)::ExtStressGpuSolverImpl::executeSolve(Nv::Blast::ExtStressGpuSolveParams const&) [0x3934f] in gpu_resident_stress_test
=========         Host Frame: Nv::Blast::(anonymous namespace)::ExtStressGpuSolverImpl::solveDeviceAsync(Nv::Blast::ExtStressGpuImpulse const*, unsigned int, Nv::Blast::ExtStressGpuSolveParams const&, void*, void*) [0x3971d] in gpu_resident_stress_test
=========         Host Frame: (anonymous namespace)::columns(unsigned int, bool) [0xafaa] in gpu_resident_stress_test
=========         Host Frame: main [0x8350] in gpu_resident_stress_test
========= 
========= Uninitialized __global__ memory read of size 4 bytes
=========     at void Nv::Blast::<unnamed>::persistentStressSolve<(bool)0>(Nv::Blast::<unnamed>::PersistentStressArgs)+0x35d0
=========     by thread (4,0,0) in block (0,0,0)
=========     Address 0x7df7e66ba604
=========     Saved host backtrace up to driver entry point at kernel launch time
=========         Host Frame: cuGraphLaunch [0x369c99] in libcuda.so.1
=========         Host Frame:  [0x2094a] in libcudart.so.12
=========         Host Frame: cudaGraphLaunch [0x7bf95] in libcudart.so.12
=========         Host Frame: Nv::Blast::(anonymous namespace)::ExtStressGpuSolverImpl::executeSolve(Nv::Blast::ExtStressGpuSolveParams const&) [0x3934f] in gpu_resident_stress_test
=========         Host Frame: Nv::Blast::(anonymous namespace)::ExtStressGpuSolverImpl::solveDeviceAsync(Nv::Blast::ExtStressGpuImpulse const*, unsigned int, Nv::Blast::ExtStressGpuSolveParams const&, void*, void*) [0x3971d] in gpu_resident_stress_test
=========         Host Frame: (anonymous namespace)::columns(unsigned int, bool) [0xafaa] in gpu_resident_stress_test
=========         Host Frame: main [0x8350] in gpu_resident_stress_test
========= 
========= Uninitialized __global__ memory read of size 4 bytes
=========     at void Nv::Blast::<unnamed>::persistentStressSolve<(bool)0>(Nv::Blast::<unnamed>::PersistentStressArgs)+0x35d0
=========     by thread (5,0,0) in block (0,0,0)
=========     Address 0x7df7e66ba604
=========     Saved host backtrace up to driver entry point at kernel launch time
=========         Host Frame: cuGraphLaunch [0x369c99] in libcuda.so.1
=========         Host Frame:  [0x2094a] in libcudart.so.12
=========         Host Frame: cudaGraphLaunch [0x7bf95] in libcudart.so.12
=========         Host Frame: Nv::Blast::(anonymous namespace)::ExtStressGpuSolverImpl::executeSolve(Nv::Blast::ExtStressGpuSolveParams const&) [0x3934f] in gpu_resident_stress_test
=========         Host Frame: Nv::Blast::(anonymous namespace)::ExtStressGpuSolverImpl::solveDeviceAsync(Nv::Blast::ExtStressGpuImpulse const*, unsigned int, Nv::Blast::ExtStressGpuSolveParams const&, void*, void*) [0x3971d] in gpu_resident_stress_test
=========         Host Frame: (anonymous namespace)::columns(unsigned int, bool) [0xafaa] in gpu_resident_stress_test
=========         Host Frame: main [0x8350] in gpu_resident_stress_test
========= 
========= Uninitialized __global__ memory read of size 4 bytes
=========     at void Nv::Blast::<unnamed>::persistentStressSolve<(bool)0>(Nv::Blast::<unnamed>::PersistentStressArgs)+0x35d0
=========     by thread (6,0,0) in block (0,0,0)
=========     Address 0x7df7e66ba604
=========     Saved host backtrace up to driver entry point at kernel launch time
=========         Host Frame: cuGraphLaunch [0x369c99] in libcuda.so.1
=========         Host Frame:  [0x2094a] in libcudart.so.12
=========         Host Frame: cudaGraphLaunch [0x7bf95] in libcudart.so.12
=========         Host Frame: Nv::Blast::(anonymous namespace)::ExtStressGpuSolverImpl::executeSolve(Nv::Blast::ExtStressGpuSolveParams const&) [0x3934f] in gpu_resident_stress_test
=========         Host Frame: Nv::Blast::(anonymous namespace)::ExtStressGpuSolverImpl::solveDeviceAsync(Nv::Blast::ExtStressGpuImpulse const*, unsigned int, Nv::Blast::ExtStressGpuSolveParams const&, void*, void*) [0x3971d] in gpu_resident_stress_test
=========         Host Frame: (anonymous namespace)::columns(unsigned int, bool) [0xafaa] in gpu_resident_stress_test
=========         Host Frame: main [0x8350] in gpu_resident_stress_test
========= 
========= Uninitialized __global__ memory read of size 4 bytes
=========     at void Nv::Blast::<unnamed>::persistentStressSolve<(bool)0>(Nv::Blast::<unnamed>::PersistentStressArgs)+0x35d0
=========     by thread (7,0,0) in block (0,0,0)
=========     Address 0x7df7e66ba604
=========     Saved host backtrace up to driver entry point at kernel launch time
=========         Host Frame: cuGraphLaunch [0x369c99] in libcuda.so.1
=========         Host Frame:  [0x2094a] in libcudart.so.12
=========         Host Frame: cudaGraphLaunch [0x7bf95] in libcudart.so.12
=========         Host Frame: Nv::Blast::(anonymous namespace)::ExtStressGpuSolverImpl::executeSolve(Nv::Blast::ExtStressGpuSolveParams const&) [0x3934f] in gpu_resident_stress_test
=========         Host Frame: Nv::Blast::(anonymous namespace)::ExtStressGpuSolverImpl::solveDeviceAsync(Nv::Blast::ExtStressGpuImpulse const*, unsigned int, Nv::Blast::ExtStressGpuSolveParams const&, void*, void*) [0x3971d] in gpu_resident_stress_test
=========         Host Frame: (anonymous namespace)::columns(unsigned int, bool) [0xafaa] in gpu_resident_stress_test
=========         Host Frame: main [0x8350] in gpu_resident_stress_test
========= 
========= Uninitialized __global__ memory read of size 4 bytes
=========     at void Nv::Blast::<unnamed>::persistentStressSolve<(bool)0>(Nv::Blast::<unnamed>::PersistentStressArgs)+0x35d0
=========     by thread (9,0,0) in block (0,0,0)
=========     Address 0x7df7e66ba608
=========     Saved host backtrace up to driver entry point at kernel launch time
=========         Host Frame: cuGraphLaunch [0x369c99] in libcuda.so.1
=========         Host Frame:  [0x2094a] in libcudart.so.12
=========         Host Frame: cudaGraphLaunch [0x7bf95] in libcudart.so.12
=========         Host Frame: Nv::Blast::(anonymous namespace)::ExtStressGpuSolverImpl::executeSolve(Nv::Blast::ExtStressGpuSolveParams const&) [0x3934f] in gpu_resident_stress_test
=========         Host Frame: Nv::Blast::(anonymous namespace)::ExtStressGpuSolverImpl::solveDeviceAsync(Nv::Blast::ExtStressGpuImpulse const*, unsigned int, Nv::Blast::ExtStressGpuSolveParams const&, void*, void*) [0x3971d] in gpu_resident_stress_test
=========         Host Frame: (anonymous namespace)::columns(unsigned int, bool) [0xafaa] in gpu_resident_stress_test
=========         Host Frame: main [0x8350] in gpu_resident_stress_test
========= 
========= Uninitialized __global__ memory read of size 4 bytes
=========     at void Nv::Blast::<unnamed>::persistentStressSolve<(bool)0>(Nv::Blast::<unnamed>::PersistentStressArgs)+0x35d0
=========     by thread (10,0,0) in block (0,0,0)
=========     Address 0x7df7e66ba608
=========     Saved host backtrace up to driver entry point at kernel launch time
=========         Host Frame: cuGraphLaunch [0x369c99] in libcuda.so.1
=========         Host Frame:  [0x2094a] in libcudart.so.12
=========         Host Frame: cudaGraphLaunch [0x7bf95] in libcudart.so.12
=========         Host Frame: Nv::Blast::(anonymous namespace)::ExtStressGpuSolverImpl::executeSolve(Nv::Blast::ExtStressGpuSolveParams const&) [0x3934f] in gpu_resident_stress_test
=========         Host Frame: Nv::Blast::(anonymous namespace)::ExtStressGpuSolverImpl::solveDeviceAsync(Nv::Blast::ExtStressGpuImpulse const*, unsigned int, Nv::Blast::ExtStressGpuSolveParams const&, void*, void*) [0x3971d] in gpu_resident_stress_test
=========         Host Frame: (anonymous namespace)::columns(unsigned int, bool) [0xafaa] in gpu_resident_stress_test
=========         Host Frame: main [0x8350] in gpu_resident_stress_test
========= 
========= Uninitialized __global__ memory read of size 4 bytes
=========     at void Nv::Blast::<unnamed>::persistentStressSolve<(bool)0>(Nv::Blast::<unnamed>::PersistentStressArgs)+0x35d0
=========     by thread (11,0,0) in block (0,0,0)
=========     Address 0x7df7e66ba608
=========     Saved host backtrace up to driver entry point at kernel launch time
=========         Host Frame: cuGraphLaunch [0x369c99] in libcuda.so.1
=========         Host Frame:  [0x2094a] in libcudart.so.12
=========         Host Frame: cudaGraphLaunch [0x7bf95] in libcudart.so.12
=========         Host Frame: Nv::Blast::(anonymous namespace)::ExtStressGpuSolverImpl::executeSolve(Nv::Blast::ExtStressGpuSolveParams const&) [0x3934f] in gpu_resident_stress_test
=========         Host Frame: Nv::Blast::(anonymous namespace)::ExtStressGpuSolverImpl::solveDeviceAsync(Nv::Blast::ExtStressGpuImpulse const*, unsigned int, Nv::Blast::ExtStressGpuSolveParams const&, void*, void*) [0x3971d] in gpu_resident_stress_test
=========         Host Frame: (anonymous namespace)::columns(unsigned int, bool) [0xafaa] in gpu_resident_stress_test
=========         Host Frame: main [0x8350] in gpu_resident_stress_test
========= 
========= Uninitialized __global__ memory read of size 4 bytes
=========     at void Nv::Blast::<unnamed>::persistentStressSolve<(bool)0>(Nv::Blast::<unnamed>::PersistentStressArgs)+0x35d0
=========     by thread (12,0,0) in block (0,0,0)
=========     Address 0x7df7e66ba60c
=========     Saved host backtrace up to driver entry point at kernel launch time
=========         Host Frame: cuGraphLaunch [0x369c99] in libcuda.so.1
=========         Host Frame:  [0x2094a] in libcudart.so.12
=========         Host Frame: cudaGraphLaunch [0x7bf95] in libcudart.so.12
=========         Host Frame: Nv::Blast::(anonymous namespace)::ExtStressGpuSolverImpl::executeSolve(Nv::Blast::ExtStressGpuSolveParams const&) [0x3934f] in gpu_resident_stress_test
=========         Host Frame: Nv::Blast::(anonymous namespace)::ExtStressGpuSolverImpl::solveDeviceAsync(Nv::Blast::ExtStressGpuImpulse const*, unsigned int, Nv::Blast::ExtStressGpuSolveParams const&, void*, void*) [0x3971d] in gpu_resident_stress_test
=========         Host Frame: (anonymous namespace)::columns(unsigned int, bool) [0xafaa] in gpu_resident_stress_test
=========         Host Frame: main [0x8350] in gpu_resident_stress_test
========= 
========= Uninitialized __global__ memory read of size 4 bytes
=========     at void Nv::Blast::<unnamed>::persistentStressSolve<(bool)0>(Nv::Blast::<unnamed>::PersistentStressArgs)+0x35d0
=========     by thread (13,0,0) in block (0,0,0)
=========     Address 0x7df7e66ba60c
=========     Saved host backtrace up to driver entry point at kernel launch time
=========         Host Frame: cuGraphLaunch [0x369c99] in libcuda.so.1
=========         Host Frame:  [0x2094a] in libcudart.so.12
=========         Host Frame: cudaGraphLaunch [0x7bf95] in libcudart.so.12
=========         Host Frame: Nv::Blast::(anonymous namespace)::ExtStressGpuSolverImpl::executeSolve(Nv::Blast::ExtStressGpuSolveParams const&) [0x3934f] in gpu_resident_stress_test
=========         Host Frame: Nv::Blast::(anonymous namespace)::ExtStressGpuSolverImpl::solveDeviceAsync(Nv::Blast::ExtStressGpuImpulse const*, unsigned int, Nv::Blast::ExtStressGpuSolveParams const&, void*, void*) [0x3971d] in gpu_resident_stress_test
=========         Host Frame: (anonymous namespace)::columns(unsigned int, bool) [0xafaa] in gpu_resident_stress_test
=========         Host Frame: main [0x8350] in gpu_resident_stress_test
========= 
========= Uninitialized __global__ memory read of size 4 bytes
=========     at void Nv::Blast::<unnamed>::persistentStressSolve<(bool)0>(Nv::Blast::<unnamed>::PersistentStressArgs)+0x35d0
=========     by thread (14,0,0) in block (0,0,0)
=========     Address 0x7df7e66ba60c
=========     Saved host backtrace up to driver entry point at kernel launch time
=========         Host Frame: cuGraphLaunch [0x369c99] in libcuda.so.1
=========         Host Frame:  [0x2094a] in libcudart.so.12
=========         Host Frame: cudaGraphLaunch [0x7bf95] in libcudart.so.12
=========         Host Frame: Nv::Blast::(anonymous namespace)::ExtStressGpuSolverImpl::executeSolve(Nv::Blast::ExtStressGpuSolveParams const&) [0x3934f] in gpu_resident_stress_test
=========         Host Frame: Nv::Blast::(anonymous namespace)::ExtStressGpuSolverImpl::solveDeviceAsync(Nv::Blast::ExtStressGpuImpulse const*, unsigned int, Nv::Blast::ExtStressGpuSolveParams const&, void*, void*) [0x3971d] in gpu_resident_stress_test
=========         Host Frame: (anonymous namespace)::columns(unsigned int, bool) [0xafaa] in gpu_resident_stress_test
=========         Host Frame: main [0x8350] in gpu_resident_stress_test
========= 
========= Uninitialized __global__ memory read of size 4 bytes
=========     at void Nv::Blast::<unnamed>::persistentStressSolve<(bool)0>(Nv::Blast::<unnamed>::PersistentStressArgs)+0x35d0
=========     by thread (15,0,0) in block (0,0,0)
=========     Address 0x7df7e66ba60c
=========     Saved host backtrace up to driver entry point at kernel launch time
=========         Host Frame: cuGraphLaunch [0x369c99] in libcuda.so.1
=========         Host Frame:  [0x2094a] in libcudart.so.12
=========         Host Frame: cudaGraphLaunch [0x7bf95] in libcudart.so.12
=========         Host Frame: Nv::Blast::(anonymous namespace)::ExtStressGpuSolverImpl::executeSolve(Nv::Blast::ExtStressGpuSolveParams const&) [0x3934f] in gpu_resident_stress_test
=========         Host Frame: Nv::Blast::(anonymous namespace)::ExtStressGpuSolverImpl::solveDeviceAsync(Nv::Blast::ExtStressGpuImpulse const*, unsigned int, Nv::Blast::ExtStressGpuSolveParams const&, void*, void*) [0x3971d] in gpu_resident_stress_test
=========         Host Frame: (anonymous namespace)::columns(unsigned int, bool) [0xafaa] in gpu_resident_stress_test
=========         Host Frame: main [0x8350] in gpu_resident_stress_test
========= 
========= Uninitialized __global__ memory read of size 4 bytes
=========     at void Nv::Blast::<unnamed>::persistentStressSolve<(bool)0>(Nv::Blast::<unnamed>::PersistentStressArgs)+0x35d0
=========     by thread (17,0,0) in block (0,0,0)
=========     Address 0x7df7e66ba610
=========     Saved host backtrace up to driver entry point at kernel launch time
=========         Host Frame: cuGraphLaunch [0x369c99] in libcuda.so.1
=========         Host Frame:  [0x2094a] in libcudart.so.12
=========         Host Frame: cudaGraphLaunch [0x7bf95] in libcudart.so.12
=========         Host Frame: Nv::Blast::(anonymous namespace)::ExtStressGpuSolverImpl::executeSolve(Nv::Blast::ExtStressGpuSolveParams const&) [0x3934f] in gpu_resident_stress_test
=========         Host Frame: Nv::Blast::(anonymous namespace)::ExtStressGpuSolverImpl::solveDeviceAsync(Nv::Blast::ExtStressGpuImpulse const*, unsigned int, Nv::Blast::ExtStressGpuSolveParams const&, void*, void*) [0x3971d] in gpu_resident_stress_test
=========         Host Frame: (anonymous namespace)::columns(unsigned int, bool) [0xafaa] in gpu_resident_stress_test
=========         Host Frame: main [0x8350] in gpu_resident_stress_test
========= 
========= Uninitialized __global__ memory read of size 4 bytes
=========     at void Nv::Blast::<unnamed>::persistentStressSolve<(bool)0>(Nv::Blast::<unnamed>::PersistentStressArgs)+0x35d0
=========     by thread (18,0,0) in block (0,0,0)
=========     Address 0x7df7e66ba610
=========     Saved host backtrace up to driver entry point at kernel launch time
=========         Host Frame: cuGraphLaunch [0x369c99] in libcuda.so.1
=========         Host Frame:  [0x2094a] in libcudart.so.12
=========         Host Frame: cudaGraphLaunch [0x7bf95] in libcudart.so.12
=========         Host Frame: Nv::Blast::(anonymous namespace)::ExtStressGpuSolverImpl::executeSolve(Nv::Blast::ExtStressGpuSolveParams const&) [0x3934f] in gpu_resident_stress_test
=========         Host Frame: Nv::Blast::(anonymous namespace)::ExtStressGpuSolverImpl::solveDeviceAsync(Nv::Blast::ExtStressGpuImpulse const*, unsigned int, Nv::Blast::ExtStressGpuSolveParams const&, void*, void*) [0x3971d] in gpu_resident_stress_test
=========         Host Frame: (anonymous namespace)::columns(unsigned int, bool) [0xafaa] in gpu_resident_stress_test
=========         Host Frame: main [0x8350] in gpu_resident_stress_test
========= 
========= Uninitialized __global__ memory read of size 4 bytes
=========     at void Nv::Blast::<unnamed>::persistentStressSolve<(bool)0>(Nv::Blast::<unnamed>::PersistentStressArgs)+0x35d0
=========     by thread (19,0,0) in block (0,0,0)
=========     Address 0x7df7e66ba610
=========     Saved host backtrace up to driver entry point at kernel launch time
=========         Host Frame: cuGraphLaunch [0x369c99] in libcuda.so.1
=========         Host Frame:  [0x2094a] in libcudart.so.12
=========         Host Frame: cudaGraphLaunch [0x7bf95] in libcudart.so.12
=========         Host Frame: Nv::Blast::(anonymous namespace)::ExtStressGpuSolverImpl::executeSolve(Nv::Blast::ExtStressGpuSolveParams const&) [0x3934f] in gpu_resident_stress_test
=========         Host Frame: Nv::Blast::(anonymous namespace)::ExtStressGpuSolverImpl::solveDeviceAsync(Nv::Blast::ExtStressGpuImpulse const*, unsigned int, Nv::Blast::ExtStressGpuSolveParams const&, void*, void*) [0x3971d] in gpu_resident_stress_test
=========         Host Frame: (anonymous namespace)::columns(unsigned int, bool) [0xafaa] in gpu_resident_stress_test
=========         Host Frame: main [0x8350] in gpu_resident_stress_test
========= 
========= Uninitialized __global__ memory read of size 4 bytes
=========     at void Nv::Blast::<unnamed>::persistentStressSolve<(bool)0>(Nv::Blast::<unnamed>::PersistentStressArgs)+0x35d0
=========     by thread (20,0,0) in block (0,0,0)
=========     Address 0x7df7e66ba614
=========     Saved host backtrace up to driver entry point at kernel launch time
=========         Host Frame: cuGraphLaunch [0x369c99] in libcuda.so.1
=========         Host Frame:  [0x2094a] in libcudart.so.12
=========         Host Frame: cudaGraphLaunch [0x7bf95] in libcudart.so.12
=========         Host Frame: Nv::Blast::(anonymous namespace)::ExtStressGpuSolverImpl::executeSolve(Nv::Blast::ExtStressGpuSolveParams const&) [0x3934f] in gpu_resident_stress_test
=========         Host Frame: Nv::Blast::(anonymous namespace)::ExtStressGpuSolverImpl::solveDeviceAsync(Nv::Blast::ExtStressGpuImpulse const*, unsigned int, Nv::Blast::ExtStressGpuSolveParams const&, void*, void*) [0x3971d] in gpu_resident_stress_test
=========         Host Frame: (anonymous namespace)::columns(unsigned int, bool) [0xafaa] in gpu_resident_stress_test
=========         Host Frame: main [0x8350] in gpu_resident_stress_test
========= 
========= Uninitialized __global__ memory read of size 4 bytes
=========     at void Nv::Blast::<unnamed>::persistentStressSolve<(bool)0>(Nv::Blast::<unnamed>::PersistentStressArgs)+0x35d0
=========     by thread (21,0,0) in block (0,0,0)
=========     Address 0x7df7e66ba614
=========     Saved host backtrace up to driver entry point at kernel launch time
=========         Host Frame: cuGraphLaunch [0x369c99] in libcuda.so.1
=========         Host Frame:  [0x2094a] in libcudart.so.12
=========         Host Frame: cudaGraphLaunch [0x7bf95] in libcudart.so.12
=========         Host Frame: Nv::Blast::(anonymous namespace)::ExtStressGpuSolverImpl::executeSolve(Nv::Blast::ExtStressGpuSolveParams const&) [0x3934f] in gpu_resident_stress_test
=========         Host Frame: Nv::Blast::(anonymous namespace)::ExtStressGpuSolverImpl::solveDeviceAsync(Nv::Blast::ExtStressGpuImpulse const*, unsigned int, Nv::Blast::ExtStressGpuSolveParams const&, void*, void*) [0x3971d] in gpu_resident_stress_test
=========         Host Frame: (anonymous namespace)::columns(unsigned int, bool) [0xafaa] in gpu_resident_stress_test
=========         Host Frame: main [0x8350] in gpu_resident_stress_test
========= 
========= Uninitialized __global__ memory read of size 4 bytes
=========     at void Nv::Blast::<unnamed>::persistentStressSolve<(bool)0>(Nv::Blast::<unnamed>::PersistentStressArgs)+0x35d0
=========     by thread (22,0,0) in block (0,0,0)
=========     Address 0x7df7e66ba614
=========     Saved host backtrace up to driver entry point at kernel launch time
=========         Host Frame: cuGraphLaunch [0x369c99] in libcuda.so.1
=========         Host Frame:  [0x2094a] in libcudart.so.12
=========         Host Frame: cudaGraphLaunch [0x7bf95] in libcudart.so.12
=========         Host Frame: Nv::Blast::(anonymous namespace)::ExtStressGpuSolverImpl::executeSolve(Nv::Blast::ExtStressGpuSolveParams const&) [0x3934f] in gpu_resident_stress_test
=========         Host Frame: Nv::Blast::(anonymous namespace)::ExtStressGpuSolverImpl::solveDeviceAsync(Nv::Blast::ExtStressGpuImpulse const*, unsigned int, Nv::Blast::ExtStressGpuSolveParams const&, void*, void*) [0x3971d] in gpu_resident_stress_test
=========         Host Frame: (anonymous namespace)::columns(unsigned int, bool) [0xafaa] in gpu_resident_stress_test
=========         Host Frame: main [0x8350] in gpu_resident_stress_test
========= 
========= Uninitialized __global__ memory read of size 4 bytes
=========     at void Nv::Blast::<unnamed>::persistentStressSolve<(bool)0>(Nv::Blast::<unnamed>::PersistentStressArgs)+0x35d0
=========     by thread (23,0,0) in block (0,0,0)
=========     Address 0x7df7e66ba614
=========     Saved host backtrace up to driver entry point at kernel launch time
=========         Host Frame: cuGraphLaunch [0x369c99] in libcuda.so.1
=========         Host Frame:  [0x2094a] in libcudart.so.12
=========         Host Frame: cudaGraphLaunch [0x7bf95] in libcudart.so.12
=========         Host Frame: Nv::Blast::(anonymous namespace)::ExtStressGpuSolverImpl::executeSolve(Nv::Blast::ExtStressGpuSolveParams const&) [0x3934f] in gpu_resident_stress_test
=========         Host Frame: Nv::Blast::(anonymous namespace)::ExtStressGpuSolverImpl::solveDeviceAsync(Nv::Blast::ExtStressGpuImpulse const*, unsigned int, Nv::Blast::ExtStressGpuSolveParams const&, void*, void*) [0x3971d] in gpu_resident_stress_test
=========         Host Frame: (anonymous namespace)::columns(unsigned int, bool) [0xafaa] in gpu_resident_stress_test
=========         Host Frame: main [0x8350] in gpu_resident_stress_test
========= 
========= Uninitialized __global__ memory read of size 4 bytes
=========     at void Nv::Blast::<unnamed>::persistentStressSolve<(bool)0>(Nv::Blast::<unnamed>::PersistentStressArgs)+0x35d0
=========     by thread (25,0,0) in block (0,0,0)
=========     Address 0x7df7e66ba618
=========     Saved host backtrace up to driver entry point at kernel launch time
=========         Host Frame: cuGraphLaunch [0x369c99] in libcuda.so.1
=========         Host Frame:  [0x2094a] in libcudart.so.12
=========         Host Frame: cudaGraphLaunch [0x7bf95] in libcudart.so.12
=========         Host Frame: Nv::Blast::(anonymous namespace)::ExtStressGpuSolverImpl::executeSolve(Nv::Blast::ExtStressGpuSolveParams const&) [0x3934f] in gpu_resident_stress_test
=========         Host Frame: Nv::Blast::(anonymous namespace)::ExtStressGpuSolverImpl::solveDeviceAsync(Nv::Blast::ExtStressGpuImpulse const*, unsigned int, Nv::Blast::ExtStressGpuSolveParams const&, void*, void*) [0x3971d] in gpu_resident_stress_test
=========         Host Frame: (anonymous namespace)::columns(unsigned int, bool) [0xafaa] in gpu_resident_stress_test
=========         Host Frame: main [0x8350] in gpu_resident_stress_test
========= 
========= Uninitialized __global__ memory read of size 4 bytes
=========     at void Nv::Blast::<unnamed>::persistentStressSolve<(bool)0>(Nv::Blast::<unnamed>::PersistentStressArgs)+0x35d0
=========     by thread (26,0,0) in block (0,0,0)
=========     Address 0x7df7e66ba618
=========     Saved host backtrace up to driver entry point at kernel launch time
=========         Host Frame: cuGraphLaunch [0x369c99] in libcuda.so.1
=========         Host Frame:  [0x2094a] in libcudart.so.12
=========         Host Frame: cudaGraphLaunch [0x7bf95] in libcudart.so.12
=========         Host Frame: Nv::Blast::(anonymous namespace)::ExtStressGpuSolverImpl::executeSolve(Nv::Blast::ExtStressGpuSolveParams const&) [0x3934f] in gpu_resident_stress_test
=========         Host Frame: Nv::Blast::(anonymous namespace)::ExtStressGpuSolverImpl::solveDeviceAsync(Nv::Blast::ExtStressGpuImpulse const*, unsigned int, Nv::Blast::ExtStressGpuSolveParams const&, void*, void*) [0x3971d] in gpu_resident_stress_test
=========         Host Frame: (anonymous namespace)::columns(unsigned int, bool) [0xafaa] in gpu_resident_stress_test
=========         Host Frame: main [0x8350] in gpu_resident_stress_test
========= 
========= Uninitialized __global__ memory read of size 4 bytes
=========     at void Nv::Blast::<unnamed>::persistentStressSolve<(bool)0>(Nv::Blast::<unnamed>::PersistentStressArgs)+0x35d0
=========     by thread (27,0,0) in block (0,0,0)
=========     Address 0x7df7e66ba618
=========     Saved host backtrace up to driver entry point at kernel launch time
=========         Host Frame: cuGraphLaunch [0x369c99] in libcuda.so.1
=========         Host Frame:  [0x2094a] in libcudart.so.12
=========         Host Frame: cudaGraphLaunch [0x7bf95] in libcudart.so.12
=========         Host Frame: Nv::Blast::(anonymous namespace)::ExtStressGpuSolverImpl::executeSolve(Nv::Blast::ExtStressGpuSolveParams const&) [0x3934f] in gpu_resident_stress_test
=========         Host Frame: Nv::Blast::(anonymous namespace)::ExtStressGpuSolverImpl::solveDeviceAsync(Nv::Blast::ExtStressGpuImpulse const*, unsigned int, Nv::Blast::ExtStressGpuSolveParams const&, void*, void*) [0x3971d] in gpu_resident_stress_test
=========         Host Frame: (anonymous namespace)::columns(unsigned int, bool) [0xafaa] in gpu_resident_stress_test
=========         Host Frame: main [0x8350] in gpu_resident_stress_test
========= 
========= Uninitialized __global__ memory read of size 4 bytes
=========     at void Nv::Blast::<unnamed>::persistentStressSolve<(bool)0>(Nv::Blast::<unnamed>::PersistentStressArgs)+0x35d0
=========     by thread (28,0,0) in block (0,0,0)
=========     Address 0x7df7e66ba61c
=========     Saved host backtrace up to driver entry point at kernel launch time
=========         Host Frame: cuGraphLaunch [0x369c99] in libcuda.so.1
=========         Host Frame:  [0x2094a] in libcudart.so.12
=========         Host Frame: cudaGraphLaunch [0x7bf95] in libcudart.so.12
=========         Host Frame: Nv::Blast::(anonymous namespace)::ExtStressGpuSolverImpl::executeSolve(Nv::Blast::ExtStressGpuSolveParams const&) [0x3934f] in gpu_resident_stress_test
=========         Host Frame: Nv::Blast::(anonymous namespace)::ExtStressGpuSolverImpl::solveDeviceAsync(Nv::Blast::ExtStressGpuImpulse const*, unsigned int, Nv::Blast::ExtStressGpuSolveParams const&, void*, void*) [0x3971d] in gpu_resident_stress_test
=========         Host Frame: (anonymous namespace)::columns(unsigned int, bool) [0xafaa] in gpu_resident_stress_test
=========         Host Frame: main [0x8350] in gpu_resident_stress_test
========= 
========= Uninitialized __global__ memory read of size 4 bytes
=========     at void Nv::Blast::<unnamed>::persistentStressSolve<(bool)0>(Nv::Blast::<unnamed>::PersistentStressArgs)+0x35d0
=========     by thread (29,0,0) in block (0,0,0)
=========     Address 0x7df7e66ba61c
=========     Saved host backtrace up to driver entry point at kernel launch time
=========         Host Frame: cuGraphLaunch [0x369c99] in libcuda.so.1
=========         Host Frame:  [0x2094a] in libcudart.so.12
=========         Host Frame: cudaGraphLaunch [0x7bf95] in libcudart.so.12
=========         Host Frame: Nv::Blast::(anonymous namespace)::ExtStressGpuSolverImpl::executeSolve(Nv::Blast::ExtStressGpuSolveParams const&) [0x3934f] in gpu_resident_stress_test
=========         Host Frame: Nv::Blast::(anonymous namespace)::ExtStressGpuSolverImpl::solveDeviceAsync(Nv::Blast::ExtStressGpuImpulse const*, unsigned int, Nv::Blast::ExtStressGpuSolveParams const&, void*, void*) [0x3971d] in gpu_resident_stress_test
=========         Host Frame: (anonymous namespace)::columns(unsigned int, bool) [0xafaa] in gpu_resident_stress_test
=========         Host Frame: main [0x8350] in gpu_resident_stress_test
========= 
========= Uninitialized __global__ memory read of size 4 bytes
=========     at void Nv::Blast::<unnamed>::persistentStressSolve<(bool)0>(Nv::Blast::<unnamed>::PersistentStressArgs)+0x35d0
=========     by thread (30,0,0) in block (0,0,0)
=========     Address 0x7df7e66ba61c
=========     Saved host backtrace up to driver entry point at kernel launch time
=========         Host Frame: cuGraphLaunch [0x369c99] in libcuda.so.1
=========         Host Frame:  [0x2094a] in libcudart.so.12
=========         Host Frame: cudaGraphLaunch [0x7bf95] in libcudart.so.12
=========         Host Frame: Nv::Blast::(anonymous namespace)::ExtStressGpuSolverImpl::executeSolve(Nv::Blast::ExtStressGpuSolveParams const&) [0x3934f] in gpu_resident_stress_test
=========         Host Frame: Nv::Blast::(anonymous namespace)::ExtStressGpuSolverImpl::solveDeviceAsync(Nv::Blast::ExtStressGpuImpulse const*, unsigned int, Nv::Blast::ExtStressGpuSolveParams const&, void*, void*) [0x3971d] in gpu_resident_stress_test
=========         Host Frame: (anonymous namespace)::columns(unsigned int, bool) [0xafaa] in gpu_resident_stress_test
=========         Host Frame: main [0x8350] in gpu_resident_stress_test
========= 
========= Uninitialized __global__ memory read of size 4 bytes
=========     at void Nv::Blast::<unnamed>::persistentStressSolve<(bool)0>(Nv::Blast::<unnamed>::PersistentStressArgs)+0x35d0
=========     by thread (31,0,0) in block (0,0,0)
=========     Address 0x7df7e66ba61c
=========     Saved host backtrace up to driver entry point at kernel launch time
=========         Host Frame: cuGraphLaunch [0x369c99] in libcuda.so.1
=========         Host Frame:  [0x2094a] in libcudart.so.12
=========         Host Frame: cudaGraphLaunch [0x7bf95] in libcudart.so.12
=========         Host Frame: Nv::Blast::(anonymous namespace)::ExtStressGpuSolverImpl::executeSolve(Nv::Blast::ExtStressGpuSolveParams const&) [0x3934f] in gpu_resident_stress_test
=========         Host Frame: Nv::Blast::(anonymous namespace)::ExtStressGpuSolverImpl::solveDeviceAsync(Nv::Blast::ExtStressGpuImpulse const*, unsigned int, Nv::Blast::ExtStressGpuSolveParams const&, void*, void*) [0x3971d] in gpu_resident_stress_test
=========         Host Frame: (anonymous namespace)::columns(unsigned int, bool) [0xafaa] in gpu_resident_stress_test
=========         Host Frame: main [0x8350] in gpu_resident_stress_test
========= 
========= Uninitialized __global__ memory read of size 4 bytes
=========     at void Nv::Blast::<unnamed>::persistentStressSolve<(bool)0>(Nv::Blast::<unnamed>::PersistentStressArgs)+0x35d0
=========     by thread (33,0,0) in block (0,0,0)
=========     Address 0x7df7e66ba620
=========     Saved host backtrace up to driver entry point at kernel launch time
=========         Host Frame: cuGraphLaunch [0x369c99] in libcuda.so.1
=========         Host Frame:  [0x2094a] in libcudart.so.12
=========         Host Frame: cudaGraphLaunch [0x7bf95] in libcudart.so.12
=========         Host Frame: Nv::Blast::(anonymous namespace)::ExtStressGpuSolverImpl::executeSolve(Nv::Blast::ExtStressGpuSolveParams const&) [0x3934f] in gpu_resident_stress_test
=========         Host Frame: Nv::Blast::(anonymous namespace)::ExtStressGpuSolverImpl::solveDeviceAsync(Nv::Blast::ExtStressGpuImpulse const*, unsigned int, Nv::Blast::ExtStressGpuSolveParams const&, void*, void*) [0x3971d] in gpu_resident_stress_test
=========         Host Frame: (anonymous namespace)::columns(unsigned int, bool) [0xafaa] in gpu_resident_stress_test
=========         Host Frame: main [0x8350] in gpu_resident_stress_test
========= 
========= Uninitialized __global__ memory read of size 4 bytes
=========     at void Nv::Blast::<unnamed>::persistentStressSolve<(bool)0>(Nv::Blast::<unnamed>::PersistentStressArgs)+0x35d0
=========     by thread (34,0,0) in block (0,0,0)
=========     Address 0x7df7e66ba620
=========     Saved host backtrace up to driver entry point at kernel launch time
=========         Host Frame: cuGraphLaunch [0x369c99] in libcuda.so.1
=========         Host Frame:  [0x2094a] in libcudart.so.12
=========         Host Frame: cudaGraphLaunch [0x7bf95] in libcudart.so.12
=========         Host Frame: Nv::Blast::(anonymous namespace)::ExtStressGpuSolverImpl::executeSolve(Nv::Blast::ExtStressGpuSolveParams const&) [0x3934f] in gpu_resident_stress_test
=========         Host Frame: Nv::Blast::(anonymous namespace)::ExtStressGpuSolverImpl::solveDeviceAsync(Nv::Blast::ExtStressGpuImpulse const*, unsigned int, Nv::Blast::ExtStressGpuSolveParams const&, void*, void*) [0x3971d] in gpu_resident_stress_test
=========         Host Frame: (anonymous namespace)::columns(unsigned int, bool) [0xafaa] in gpu_resident_stress_test
=========         Host Frame: main [0x8350] in gpu_resident_stress_test
========= 
========= Uninitialized __global__ memory read of size 4 bytes
=========     at void Nv::Blast::<unnamed>::persistentStressSolve<(bool)0>(Nv::Blast::<unnamed>::PersistentStressArgs)+0x35d0
=========     by thread (35,0,0) in block (0,0,0)
=========     Address 0x7df7e66ba620
=========     Saved host backtrace up to driver entry point at kernel launch time
=========         Host Frame: cuGraphLaunch [0x369c99] in libcuda.so.1
=========         Host Frame:  [0x2094a] in libcudart.so.12
=========         Host Frame: cudaGraphLaunch [0x7bf95] in libcudart.so.12
=========         Host Frame: Nv::Blast::(anonymous namespace)::ExtStressGpuSolverImpl::executeSolve(Nv::Blast::ExtStressGpuSolveParams const&) [0x3934f] in gpu_resident_stress_test
=========         Host Frame: Nv::Blast::(anonymous namespace)::ExtStressGpuSolverImpl::solveDeviceAsync(Nv::Blast::ExtStressGpuImpulse const*, unsigned int, Nv::Blast::ExtStressGpuSolveParams const&, void*, void*) [0x3971d] in gpu_resident_stress_test
=========         Host Frame: (anonymous namespace)::columns(unsigned int, bool) [0xafaa] in gpu_resident_stress_test
=========         Host Frame: main [0x8350] in gpu_resident_stress_test
========= 
========= Uninitialized __global__ memory read of size 4 bytes
=========     at void Nv::Blast::<unnamed>::persistentStressSolve<(bool)0>(Nv::Blast::<unnamed>::PersistentStressArgs)+0x35d0
=========     by thread (36,0,0) in block (0,0,0)
=========     Address 0x7df7e66ba624
=========     Saved host backtrace up to driver entry point at kernel launch time
=========         Host Frame: cuGraphLaunch [0x369c99] in libcuda.so.1
=========         Host Frame:  [0x2094a] in libcudart.so.12
=========         Host Frame: cudaGraphLaunch [0x7bf95] in libcudart.so.12
=========         Host Frame: Nv::Blast::(anonymous namespace)::ExtStressGpuSolverImpl::executeSolve(Nv::Blast::ExtStressGpuSolveParams const&) [0x3934f] in gpu_resident_stress_test
=========         Host Frame: Nv::Blast::(anonymous namespace)::ExtStressGpuSolverImpl::solveDeviceAsync(Nv::Blast::ExtStressGpuImpulse const*, unsigned int, Nv::Blast::ExtStressGpuSolveParams const&, void*, void*) [0x3971d] in gpu_resident_stress_test
=========         Host Frame: (anonymous namespace)::columns(unsigned int, bool) [0xafaa] in gpu_resident_stress_test
=========         Host Frame: main [0x8350] in gpu_resident_stress_test
========= 
========= Uninitialized __global__ memory read of size 4 bytes
=========     at void Nv::Blast::<unnamed>::persistentStressSolve<(bool)0>(Nv::Blast::<unnamed>::PersistentStressArgs)+0x35d0
=========     by thread (37,0,0) in block (0,0,0)
=========     Address 0x7df7e66ba624
=========     Saved host backtrace up to driver entry point at kernel launch time
=========         Host Frame: cuGraphLaunch [0x369c99] in libcuda.so.1
=========         Host Frame:  [0x2094a] in libcudart.so.12
=========         Host Frame: cudaGraphLaunch [0x7bf95] in libcudart.so.12
=========         Host Frame: Nv::Blast::(anonymous namespace)::ExtStressGpuSolverImpl::executeSolve(Nv::Blast::ExtStressGpuSolveParams const&) [0x3934f] in gpu_resident_stress_test
=========         Host Frame: Nv::Blast::(anonymous namespace)::ExtStressGpuSolverImpl::solveDeviceAsync(Nv::Blast::ExtStressGpuImpulse const*, unsigned int, Nv::Blast::ExtStressGpuSolveParams const&, void*, void*) [0x3971d] in gpu_resident_stress_test
=========         Host Frame: (anonymous namespace)::columns(unsigned int, bool) [0xafaa] in gpu_resident_stress_test
=========         Host Frame: main [0x8350] in gpu_resident_stress_test
========= 
========= Uninitialized __global__ memory read of size 4 bytes
=========     at void Nv::Blast::<unnamed>::persistentStressSolve<(bool)0>(Nv::Blast::<unnamed>::PersistentStressArgs)+0x35d0
=========     by thread (38,0,0) in block (0,0,0)
=========     Address 0x7df7e66ba624
=========     Saved host backtrace up to driver entry point at kernel launch time
=========         Host Frame: cuGraphLaunch [0x369c99] in libcuda.so.1
=========         Host Frame:  [0x2094a] in libcudart.so.12
=========         Host Frame: cudaGraphLaunch [0x7bf95] in libcudart.so.12
=========         Host Frame: Nv::Blast::(anonymous namespace)::ExtStressGpuSolverImpl::executeSolve(Nv::Blast::ExtStressGpuSolveParams const&) [0x3934f] in gpu_resident_stress_test
=========         Host Frame: Nv::Blast::(anonymous namespace)::ExtStressGpuSolverImpl::solveDeviceAsync(Nv::Blast::ExtStressGpuImpulse const*, unsigned int, Nv::Blast::ExtStressGpuSolveParams const&, void*, void*) [0x3971d] in gpu_resident_stress_test
=========         Host Frame: (anonymous namespace)::columns(unsigned int, bool) [0xafaa] in gpu_resident_stress_test
=========         Host Frame: main [0x8350] in gpu_resident_stress_test
========= 
========= Uninitialized __global__ memory read of size 4 bytes
=========     at void Nv::Blast::<unnamed>::persistentStressSolve<(bool)0>(Nv::Blast::<unnamed>::PersistentStressArgs)+0x35d0
=========     by thread (39,0,0) in block (0,0,0)
=========     Address 0x7df7e66ba624
=========     Saved host backtrace up to driver entry point at kernel launch time
=========         Host Frame: cuGraphLaunch [0x369c99] in libcuda.so.1
=========         Host Frame:  [0x2094a] in libcudart.so.12
=========         Host Frame: cudaGraphLaunch [0x7bf95] in libcudart.so.12
=========         Host Frame: Nv::Blast::(anonymous namespace)::ExtStressGpuSolverImpl::executeSolve(Nv::Blast::ExtStressGpuSolveParams const&) [0x3934f] in gpu_resident_stress_test
=========         Host Frame: Nv::Blast::(anonymous namespace)::ExtStressGpuSolverImpl::solveDeviceAsync(Nv::Blast::ExtStressGpuImpulse const*, unsigned int, Nv::Blast::ExtStressGpuSolveParams const&, void*, void*) [0x3971d] in gpu_resident_stress_test
=========         Host Frame: (anonymous namespace)::columns(unsigned int, bool) [0xafaa] in gpu_resident_stress_test
=========         Host Frame: main [0x8350] in gpu_resident_stress_test
========= 
========= Uninitialized __global__ memory read of size 4 bytes
=========     at void Nv::Blast::<unnamed>::persistentStressSolve<(bool)0>(Nv::Blast::<unnamed>::PersistentStressArgs)+0x35d0
=========     by thread (41,0,0) in block (0,0,0)
=========     Address 0x7df7e66ba628
=========     Saved host backtrace up to driver entry point at kernel launch time
=========         Host Frame: cuGraphLaunch [0x369c99] in libcuda.so.1
=========         Host Frame:  [0x2094a] in libcudart.so.12
=========         Host Frame: cudaGraphLaunch [0x7bf95] in libcudart.so.12
=========         Host Frame: Nv::Blast::(anonymous namespace)::ExtStressGpuSolverImpl::executeSolve(Nv::Blast::ExtStressGpuSolveParams const&) [0x3934f] in gpu_resident_stress_test
=========         Host Frame: Nv::Blast::(anonymous namespace)::ExtStressGpuSolverImpl::solveDeviceAsync(Nv::Blast::ExtStressGpuImpulse const*, unsigned int, Nv::Blast::ExtStressGpuSolveParams const&, void*, void*) [0x3971d] in gpu_resident_stress_test
=========         Host Frame: (anonymous namespace)::columns(unsigned int, bool) [0xafaa] in gpu_resident_stress_test
=========         Host Frame: main [0x8350] in gpu_resident_stress_test
========= 
========= Uninitialized __global__ memory read of size 4 bytes
=========     at void Nv::Blast::<unnamed>::persistentStressSolve<(bool)0>(Nv::Blast::<unnamed>::PersistentStressArgs)+0x35d0
=========     by thread (42,0,0) in block (0,0,0)
=========     Address 0x7df7e66ba628
=========     Saved host backtrace up to driver entry point at kernel launch time
=========         Host Frame: cuGraphLaunch [0x369c99] in libcuda.so.1
=========         Host Frame:  [0x2094a] in libcudart.so.12
=========         Host Frame: cudaGraphLaunch [0x7bf95] in libcudart.so.12
=========         Host Frame: Nv::Blast::(anonymous namespace)::ExtStressGpuSolverImpl::executeSolve(Nv::Blast::ExtStressGpuSolveParams const&) [0x3934f] in gpu_resident_stress_test
=========         Host Frame: Nv::Blast::(anonymous namespace)::ExtStressGpuSolverImpl::solveDeviceAsync(Nv::Blast::ExtStressGpuImpulse const*, unsigned int, Nv::Blast::ExtStressGpuSolveParams const&, void*, void*) [0x3971d] in gpu_resident_stress_test
=========         Host Frame: (anonymous namespace)::columns(unsigned int, bool) [0xafaa] in gpu_resident_stress_test
=========         Host Frame: main [0x8350] in gpu_resident_stress_test
========= 
========= Uninitialized __global__ memory read of size 4 bytes
=========     at void Nv::Blast::<unnamed>::persistentStressSolve<(bool)0>(Nv::Blast::<unnamed>::PersistentStressArgs)+0x35d0
=========     by thread (43,0,0) in block (0,0,0)
=========     Address 0x7df7e66ba628
=========     Saved host backtrace up to driver entry point at kernel launch time
=========         Host Frame: cuGraphLaunch [0x369c99] in libcuda.so.1
=========         Host Frame:  [0x2094a] in libcudart.so.12
=========         Host Frame: cudaGraphLaunch [0x7bf95] in libcudart.so.12
=========         Host Frame: Nv::Blast::(anonymous namespace)::ExtStressGpuSolverImpl::executeSolve(Nv::Blast::ExtStressGpuSolveParams const&) [0x3934f] in gpu_resident_stress_test
=========         Host Frame: Nv::Blast::(anonymous namespace)::ExtStressGpuSolverImpl::solveDeviceAsync(Nv::Blast::ExtStressGpuImpulse const*, unsigned int, Nv::Blast::ExtStressGpuSolveParams const&, void*, void*) [0x3971d] in gpu_resident_stress_test
=========         Host Frame: (anonymous namespace)::columns(unsigned int, bool) [0xafaa] in gpu_resident_stress_test
=========         Host Frame: main [0x8350] in gpu_resident_stress_test
========= 
========= Uninitialized __global__ memory read of size 4 bytes
=========     at void Nv::Blast::<unnamed>::persistentStressSolve<(bool)0>(Nv::Blast::<unnamed>::PersistentStressArgs)+0x35d0
=========     by thread (44,0,0) in block (0,0,0)
=========     Address 0x7df7e66ba62c
=========     Saved host backtrace up to driver entry point at kernel launch time
=========         Host Frame: cuGraphLaunch [0x369c99] in libcuda.so.1
=========         Host Frame:  [0x2094a] in libcudart.so.12
=========         Host Frame: cudaGraphLaunch [0x7bf95] in libcudart.so.12
=========         Host Frame: Nv::Blast::(anonymous namespace)::ExtStressGpuSolverImpl::executeSolve(Nv::Blast::ExtStressGpuSolveParams const&) [0x3934f] in gpu_resident_stress_test
=========         Host Frame: Nv::Blast::(anonymous namespace)::ExtStressGpuSolverImpl::solveDeviceAsync(Nv::Blast::ExtStressGpuImpulse const*, unsigned int, Nv::Blast::ExtStressGpuSolveParams const&, void*, void*) [0x3971d] in gpu_resident_stress_test
=========         Host Frame: (anonymous namespace)::columns(unsigned int, bool) [0xafaa] in gpu_resident_stress_test
=========         Host Frame: main [0x8350] in gpu_resident_stress_test
========= 
========= Uninitialized __global__ memory read of size 4 bytes
=========     at void Nv::Blast::<unnamed>::persistentStressSolve<(bool)0>(Nv::Blast::<unnamed>::PersistentStressArgs)+0x35d0
=========     by thread (45,0,0) in block (0,0,0)
=========     Address 0x7df7e66ba62c
=========     Saved host backtrace up to driver entry point at kernel launch time
=========         Host Frame: cuGraphLaunch [0x369c99] in libcuda.so.1
=========         Host Frame:  [0x2094a] in libcudart.so.12
=========         Host Frame: cudaGraphLaunch [0x7bf95] in libcudart.so.12
=========         Host Frame: Nv::Blast::(anonymous namespace)::ExtStressGpuSolverImpl::executeSolve(Nv::Blast::ExtStressGpuSolveParams const&) [0x3934f] in gpu_resident_stress_test
=========         Host Frame: Nv::Blast::(anonymous namespace)::ExtStressGpuSolverImpl::solveDeviceAsync(Nv::Blast::ExtStressGpuImpulse const*, unsigned int, Nv::Blast::ExtStressGpuSolveParams const&, void*, void*) [0x3971d] in gpu_resident_stress_test
=========         Host Frame: (anonymous namespace)::columns(unsigned int, bool) [0xafaa] in gpu_resident_stress_test
=========         Host Frame: main [0x8350] in gpu_resident_stress_test
========= 
========= Uninitialized __global__ memory read of size 4 bytes
=========     at void Nv::Blast::<unnamed>::persistentStressSolve<(bool)0>(Nv::Blast::<unnamed>::PersistentStressArgs)+0x35d0
=========     by thread (46,0,0) in block (0,0,0)
=========     Address 0x7df7e66ba62c
=========     Saved host backtrace up to driver entry point at kernel launch time
=========         Host Frame: cuGraphLaunch [0x369c99] in libcuda.so.1
=========         Host Frame:  [0x2094a] in libcudart.so.12
=========         Host Frame: cudaGraphLaunch [0x7bf95] in libcudart.so.12
=========         Host Frame: Nv::Blast::(anonymous namespace)::ExtStressGpuSolverImpl::executeSolve(Nv::Blast::ExtStressGpuSolveParams const&) [0x3934f] in gpu_resident_stress_test
=========         Host Frame: Nv::Blast::(anonymous namespace)::ExtStressGpuSolverImpl::solveDeviceAsync(Nv::Blast::ExtStressGpuImpulse const*, unsigned int, Nv::Blast::ExtStressGpuSolveParams const&, void*, void*) [0x3971d] in gpu_resident_stress_test
=========         Host Frame: (anonymous namespace)::columns(unsigned int, bool) [0xafaa] in gpu_resident_stress_test
=========         Host Frame: main [0x8350] in gpu_resident_stress_test
========= 
========= Uninitialized __global__ memory read of size 4 bytes
=========     at void Nv::Blast::<unnamed>::persistentStressSolve<(bool)0>(Nv::Blast::<unnamed>::PersistentStressArgs)+0x35d0
=========     by thread (47,0,0) in block (0,0,0)
=========     Address 0x7df7e66ba62c
=========     Saved host backtrace up to driver entry point at kernel launch time
=========         Host Frame: cuGraphLaunch [0x369c99] in libcuda.so.1
=========         Host Frame:  [0x2094a] in libcudart.so.12
=========         Host Frame: cudaGraphLaunch [0x7bf95] in libcudart.so.12
=========         Host Frame: Nv::Blast::(anonymous namespace)::ExtStressGpuSolverImpl::executeSolve(Nv::Blast::ExtStressGpuSolveParams const&) [0x3934f] in gpu_resident_stress_test
=========         Host Frame: Nv::Blast::(anonymous namespace)::ExtStressGpuSolverImpl::solveDeviceAsync(Nv::Blast::ExtStressGpuImpulse const*, unsigned int, Nv::Blast::ExtStressGpuSolveParams const&, void*, void*) [0x3971d] in gpu_resident_stress_test
=========         Host Frame: (anonymous namespace)::columns(unsigned int, bool) [0xafaa] in gpu_resident_stress_test
=========         Host Frame: main [0x8350] in gpu_resident_stress_test
========= 
========= Uninitialized __global__ memory read of size 4 bytes
=========     at void Nv::Blast::<unnamed>::persistentStressSolve<(bool)0>(Nv::Blast::<unnamed>::PersistentStressArgs)+0x35d0
=========     by thread (49,0,0) in block (0,0,0)
=========     Address 0x7df7e66ba630
=========     Saved host backtrace up to driver entry point at kernel launch time
=========         Host Frame: cuGraphLaunch [0x369c99] in libcuda.so.1
=========         Host Frame:  [0x2094a] in libcudart.so.12
=========         Host Frame: cudaGraphLaunch [0x7bf95] in libcudart.so.12
=========         Host Frame: Nv::Blast::(anonymous namespace)::ExtStressGpuSolverImpl::executeSolve(Nv::Blast::ExtStressGpuSolveParams const&) [0x3934f] in gpu_resident_stress_test
=========         Host Frame: Nv::Blast::(anonymous namespace)::ExtStressGpuSolverImpl::solveDeviceAsync(Nv::Blast::ExtStressGpuImpulse const*, unsigned int, Nv::Blast::ExtStressGpuSolveParams const&, void*, void*) [0x3971d] in gpu_resident_stress_test
=========         Host Frame: (anonymous namespace)::columns(unsigned int, bool) [0xafaa] in gpu_resident_stress_test
=========         Host Frame: main [0x8350] in gpu_resident_stress_test
========= 
========= Uninitialized __global__ memory read of size 4 bytes
=========     at void Nv::Blast::<unnamed>::persistentStressSolve<(bool)0>(Nv::Blast::<unnamed>::PersistentStressArgs)+0x35d0
=========     by thread (50,0,0) in block (0,0,0)
=========     Address 0x7df7e66ba630
=========     Saved host backtrace up to driver entry point at kernel launch time
=========         Host Frame: cuGraphLaunch [0x369c99] in libcuda.so.1
=========         Host Frame:  [0x2094a] in libcudart.so.12
=========         Host Frame: cudaGraphLaunch [0x7bf95] in libcudart.so.12
=========         Host Frame: Nv::Blast::(anonymous namespace)::ExtStressGpuSolverImpl::executeSolve(Nv::Blast::ExtStressGpuSolveParams const&) [0x3934f] in gpu_resident_stress_test
=========         Host Frame: Nv::Blast::(anonymous namespace)::ExtStressGpuSolverImpl::solveDeviceAsync(Nv::Blast::ExtStressGpuImpulse const*, unsigned int, Nv::Blast::ExtStressGpuSolveParams const&, void*, void*) [0x3971d] in gpu_resident_stress_test
=========         Host Frame: (anonymous namespace)::columns(unsigned int, bool) [0xafaa] in gpu_resident_stress_test
=========         Host Frame: main [0x8350] in gpu_resident_stress_test
========= 
========= Uninitialized __global__ memory read of size 4 bytes
=========     at void Nv::Blast::<unnamed>::persistentStressSolve<(bool)0>(Nv::Blast::<unnamed>::PersistentStressArgs)+0x35d0
=========     by thread (51,0,0) in block (0,0,0)
=========     Address 0x7df7e66ba630
=========     Saved host backtrace up to driver entry point at kernel launch time
=========         Host Frame: cuGraphLaunch [0x369c99] in libcuda.so.1
=========         Host Frame:  [0x2094a] in libcudart.so.12
=========         Host Frame: cudaGraphLaunch [0x7bf95] in libcudart.so.12
=========         Host Frame: Nv::Blast::(anonymous namespace)::ExtStressGpuSolverImpl::executeSolve(Nv::Blast::ExtStressGpuSolveParams const&) [0x3934f] in gpu_resident_stress_test
=========         Host Frame: Nv::Blast::(anonymous namespace)::ExtStressGpuSolverImpl::solveDeviceAsync(Nv::Blast::ExtStressGpuImpulse const*, unsigned int, Nv::Blast::ExtStressGpuSolveParams const&, void*, void*) [0x3971d] in gpu_resident_stress_test
=========         Host Frame: (anonymous namespace)::columns(unsigned int, bool) [0xafaa] in gpu_resident_stress_test
=========         Host Frame: main [0x8350] in gpu_resident_stress_test
========= 
========= Uninitialized __global__ memory read of size 4 bytes
=========     at void Nv::Blast::<unnamed>::persistentStressSolve<(bool)0>(Nv::Blast::<unnamed>::PersistentStressArgs)+0x35d0
=========     by thread (52,0,0) in block (0,0,0)
=========     Address 0x7df7e66ba634
=========     Saved host backtrace up to driver entry point at kernel launch time
=========         Host Frame: cuGraphLaunch [0x369c99] in libcuda.so.1
=========         Host Frame:  [0x2094a] in libcudart.so.12
=========         Host Frame: cudaGraphLaunch [0x7bf95] in libcudart.so.12
=========         Host Frame: Nv::Blast::(anonymous namespace)::ExtStressGpuSolverImpl::executeSolve(Nv::Blast::ExtStressGpuSolveParams const&) [0x3934f] in gpu_resident_stress_test
=========         Host Frame: Nv::Blast::(anonymous namespace)::ExtStressGpuSolverImpl::solveDeviceAsync(Nv::Blast::ExtStressGpuImpulse const*, unsigned int, Nv::Blast::ExtStressGpuSolveParams const&, void*, void*) [0x3971d] in gpu_resident_stress_test
=========         Host Frame: (anonymous namespace)::columns(unsigned int, bool) [0xafaa] in gpu_resident_stress_test
=========         Host Frame: main [0x8350] in gpu_resident_stress_test
========= 
========= Uninitialized __global__ memory read of size 4 bytes
=========     at void Nv::Blast::<unnamed>::persistentStressSolve<(bool)0>(Nv::Blast::<unnamed>::PersistentStressArgs)+0x35d0
=========     by thread (53,0,0) in block (0,0,0)
=========     Address 0x7df7e66ba634
=========     Saved host backtrace up to driver entry point at kernel launch time
=========         Host Frame: cuGraphLaunch [0x369c99] in libcuda.so.1
=========         Host Frame:  [0x2094a] in libcudart.so.12
=========         Host Frame: cudaGraphLaunch [0x7bf95] in libcudart.so.12
=========         Host Frame: Nv::Blast::(anonymous namespace)::ExtStressGpuSolverImpl::executeSolve(Nv::Blast::ExtStressGpuSolveParams const&) [0x3934f] in gpu_resident_stress_test
=========         Host Frame: Nv::Blast::(anonymous namespace)::ExtStressGpuSolverImpl::solveDeviceAsync(Nv::Blast::ExtStressGpuImpulse const*, unsigned int, Nv::Blast::ExtStressGpuSolveParams const&, void*, void*) [0x3971d] in gpu_resident_stress_test
=========         Host Frame: (anonymous namespace)::columns(unsigned int, bool) [0xafaa] in gpu_resident_stress_test
=========         Host Frame: main [0x8350] in gpu_resident_stress_test
========= 
========= Uninitialized __global__ memory read of size 4 bytes
=========     at void Nv::Blast::<unnamed>::persistentStressSolve<(bool)0>(Nv::Blast::<unnamed>::PersistentStressArgs)+0x35d0
=========     by thread (54,0,0) in block (0,0,0)
=========     Address 0x7df7e66ba634
=========     Saved host backtrace up to driver entry point at kernel launch time
=========         Host Frame: cuGraphLaunch [0x369c99] in libcuda.so.1
=========         Host Frame:  [0x2094a] in libcudart.so.12
=========         Host Frame: cudaGraphLaunch [0x7bf95] in libcudart.so.12
=========         Host Frame: Nv::Blast::(anonymous namespace)::ExtStressGpuSolverImpl::executeSolve(Nv::Blast::ExtStressGpuSolveParams const&) [0x3934f] in gpu_resident_stress_test
=========         Host Frame: Nv::Blast::(anonymous namespace)::ExtStressGpuSolverImpl::solveDeviceAsync(Nv::Blast::ExtStressGpuImpulse const*, unsigned int, Nv::Blast::ExtStressGpuSolveParams const&, void*, void*) [0x3971d] in gpu_resident_stress_test
=========         Host Frame: (anonymous namespace)::columns(unsigned int, bool) [0xafaa] in gpu_resident_stress_test
=========         Host Frame: main [0x8350] in gpu_resident_stress_test
========= 
========= Uninitialized __global__ memory read of size 4 bytes
=========     at void Nv::Blast::<unnamed>::persistentStressSolve<(bool)0>(Nv::Blast::<unnamed>::PersistentStressArgs)+0x35d0
=========     by thread (55,0,0) in block (0,0,0)
=========     Address 0x7df7e66ba634
=========     Saved host backtrace up to driver entry point at kernel launch time
=========         Host Frame: cuGraphLaunch [0x369c99] in libcuda.so.1
=========         Host Frame:  [0x2094a] in libcudart.so.12
=========         Host Frame: cudaGraphLaunch [0x7bf95] in libcudart.so.12
=========         Host Frame: Nv::Blast::(anonymous namespace)::ExtStressGpuSolverImpl::executeSolve(Nv::Blast::ExtStressGpuSolveParams const&) [0x3934f] in gpu_resident_stress_test
=========         Host Frame: Nv::Blast::(anonymous namespace)::ExtStressGpuSolverImpl::solveDeviceAsync(Nv::Blast::ExtStressGpuImpulse const*, unsigned int, Nv::Blast::ExtStressGpuSolveParams const&, void*, void*) [0x3971d] in gpu_resident_stress_test
=========         Host Frame: (anonymous namespace)::columns(unsigned int, bool) [0xafaa] in gpu_resident_stress_test
=========         Host Frame: main [0x8350] in gpu_resident_stress_test
========= 
========= Uninitialized __global__ memory read of size 4 bytes
=========     at void Nv::Blast::<unnamed>::persistentStressSolve<(bool)0>(Nv::Blast::<unnamed>::PersistentStressArgs)+0x35d0
=========     by thread (57,0,0) in block (0,0,0)
=========     Address 0x7df7e66ba638
=========     Saved host backtrace up to driver entry point at kernel launch time
=========         Host Frame: cuGraphLaunch [0x369c99] in libcuda.so.1
=========         Host Frame:  [0x2094a] in libcudart.so.12
=========         Host Frame: cudaGraphLaunch [0x7bf95] in libcudart.so.12
=========         Host Frame: Nv::Blast::(anonymous namespace)::ExtStressGpuSolverImpl::executeSolve(Nv::Blast::ExtStressGpuSolveParams const&) [0x3934f] in gpu_resident_stress_test
=========         Host Frame: Nv::Blast::(anonymous namespace)::ExtStressGpuSolverImpl::solveDeviceAsync(Nv::Blast::ExtStressGpuImpulse const*, unsigned int, Nv::Blast::ExtStressGpuSolveParams const&, void*, void*) [0x3971d] in gpu_resident_stress_test
=========         Host Frame: (anonymous namespace)::columns(unsigned int, bool) [0xafaa] in gpu_resident_stress_test
=========         Host Frame: main [0x8350] in gpu_resident_stress_test
========= 
========= Uninitialized __global__ memory read of size 4 bytes
=========     at void Nv::Blast::<unnamed>::persistentStressSolve<(bool)0>(Nv::Blast::<unnamed>::PersistentStressArgs)+0x35d0
=========     by thread (58,0,0) in block (0,0,0)
=========     Address 0x7df7e66ba638
=========     Saved host backtrace up to driver entry point at kernel launch time
=========         Host Frame: cuGraphLaunch [0x369c99] in libcuda.so.1
=========         Host Frame:  [0x2094a] in libcudart.so.12
=========         Host Frame: cudaGraphLaunch [0x7bf95] in libcudart.so.12
=========         Host Frame: Nv::Blast::(anonymous namespace)::ExtStressGpuSolverImpl::executeSolve(Nv::Blast::ExtStressGpuSolveParams const&) [0x3934f] in gpu_resident_stress_test
=========         Host Frame: Nv::Blast::(anonymous namespace)::ExtStressGpuSolverImpl::solveDeviceAsync(Nv::Blast::ExtStressGpuImpulse const*, unsigned int, Nv::Blast::ExtStressGpuSolveParams const&, void*, void*) [0x3971d] in gpu_resident_stress_test
=========         Host Frame: (anonymous namespace)::columns(unsigned int, bool) [0xafaa] in gpu_resident_stress_test
=========         Host Frame: main [0x8350] in gpu_resident_stress_test
========= 
========= Uninitialized __global__ memory read of size 4 bytes
=========     at void Nv::Blast::<unnamed>::persistentStressSolve<(bool)0>(Nv::Blast::<unnamed>::PersistentStressArgs)+0x35d0
=========     by thread (59,0,0) in block (0,0,0)
=========     Address 0x7df7e66ba638
=========     Saved host backtrace up to driver entry point at kernel launch time
=========         Host Frame: cuGraphLaunch [0x369c99] in libcuda.so.1
=========         Host Frame:  [0x2094a] in libcudart.so.12
=========         Host Frame: cudaGraphLaunch [0x7bf95] in libcudart.so.12
=========         Host Frame: Nv::Blast::(anonymous namespace)::ExtStressGpuSolverImpl::executeSolve(Nv::Blast::ExtStressGpuSolveParams const&) [0x3934f] in gpu_resident_stress_test
=========         Host Frame: Nv::Blast::(anonymous namespace)::ExtStressGpuSolverImpl::solveDeviceAsync(Nv::Blast::ExtStressGpuImpulse const*, unsigned int, Nv::Blast::ExtStressGpuSolveParams const&, void*, void*) [0x3971d] in gpu_resident_stress_test
=========         Host Frame: (anonymous namespace)::columns(unsigned int, bool) [0xafaa] in gpu_resident_stress_test
=========         Host Frame: main [0x8350] in gpu_resident_stress_test
========= 
========= Uninitialized __global__ memory read of size 4 bytes
=========     at void Nv::Blast::<unnamed>::persistentStressSolve<(bool)0>(Nv::Blast::<unnamed>::PersistentStressArgs)+0x35d0
=========     by thread (60,0,0) in block (0,0,0)
=========     Address 0x7df7e66ba63c
=========     Saved host backtrace up to driver entry point at kernel launch time
=========         Host Frame: cuGraphLaunch [0x369c99] in libcuda.so.1
=========         Host Frame:  [0x2094a] in libcudart.so.12
=========         Host Frame: cudaGraphLaunch [0x7bf95] in libcudart.so.12
=========         Host Frame: Nv::Blast::(anonymous namespace)::ExtStressGpuSolverImpl::executeSolve(Nv::Blast::ExtStressGpuSolveParams const&) [0x3934f] in gpu_resident_stress_test
=========         Host Frame: Nv::Blast::(anonymous namespace)::ExtStressGpuSolverImpl::solveDeviceAsync(Nv::Blast::ExtStressGpuImpulse const*, unsigned int, Nv::Blast::ExtStressGpuSolveParams const&, void*, void*) [0x3971d] in gpu_resident_stress_test
=========         Host Frame: (anonymous namespace)::columns(unsigned int, bool) [0xafaa] in gpu_resident_stress_test
=========         Host Frame: main [0x8350] in gpu_resident_stress_test
========= 
========= Uninitialized __global__ memory read of size 4 bytes
=========     at void Nv::Blast::<unnamed>::persistentStressSolve<(bool)0>(Nv::Blast::<unnamed>::PersistentStressArgs)+0x35d0
=========     by thread (61,0,0) in block (0,0,0)
=========     Address 0x7df7e66ba63c
=========     Saved host backtrace up to driver entry point at kernel launch time
=========         Host Frame: cuGraphLaunch [0x369c99] in libcuda.so.1
=========         Host Frame:  [0x2094a] in libcudart.so.12
=========         Host Frame: cudaGraphLaunch [0x7bf95] in libcudart.so.12
=========         Host Frame: Nv::Blast::(anonymous namespace)::ExtStressGpuSolverImpl::executeSolve(Nv::Blast::ExtStressGpuSolveParams const&) [0x3934f] in gpu_resident_stress_test
=========         Host Frame: Nv::Blast::(anonymous namespace)::ExtStressGpuSolverImpl::solveDeviceAsync(Nv::Blast::ExtStressGpuImpulse const*, unsigned int, Nv::Blast::ExtStressGpuSolveParams const&, void*, void*) [0x3971d] in gpu_resident_stress_test
=========         Host Frame: (anonymous namespace)::columns(unsigned int, bool) [0xafaa] in gpu_resident_stress_test
=========         Host Frame: main [0x8350] in gpu_resident_stress_test
========= 
========= Uninitialized __global__ memory read of size 4 bytes
=========     at void Nv::Blast::<unnamed>::persistentStressSolve<(bool)0>(Nv::Blast::<unnamed>::PersistentStressArgs)+0x35d0
=========     by thread (62,0,0) in block (0,0,0)
=========     Address 0x7df7e66ba63c
=========     Saved host backtrace up to driver entry point at kernel launch time
=========         Host Frame: cuGraphLaunch [0x369c99] in libcuda.so.1
=========         Host Frame:  [0x2094a] in libcudart.so.12
=========         Host Frame: cudaGraphLaunch [0x7bf95] in libcudart.so.12
=========         Host Frame: Nv::Blast::(anonymous namespace)::ExtStressGpuSolverImpl::executeSolve(Nv::Blast::ExtStressGpuSolveParams const&) [0x3934f] in gpu_resident_stress_test
=========         Host Frame: Nv::Blast::(anonymous namespace)::ExtStressGpuSolverImpl::solveDeviceAsync(Nv::Blast::ExtStressGpuImpulse const*, unsigned int, Nv::Blast::ExtStressGpuSolveParams const&, void*, void*) [0x3971d] in gpu_resident_stress_test
=========         Host Frame: (anonymous namespace)::columns(unsigned int, bool) [0xafaa] in gpu_resident_stress_test
=========         Host Frame: main [0x8350] in gpu_resident_stress_test
========= 
========= Uninitialized __global__ memory read of size 4 bytes
=========     at void Nv::Blast::<unnamed>::persistentStressSolve<(bool)0>(Nv::Blast::<unnamed>::PersistentStressArgs)+0x35d0
=========     by thread (63,0,0) in block (0,0,0)
=========     Address 0x7df7e66ba63c
=========     Saved host backtrace up to driver entry point at kernel launch time
=========         Host Frame: cuGraphLaunch [0x369c99] in libcuda.so.1
=========         Host Frame:  [0x2094a] in libcudart.so.12
=========         Host Frame: cudaGraphLaunch [0x7bf95] in libcudart.so.12
=========         Host Frame: Nv::Blast::(anonymous namespace)::ExtStressGpuSolverImpl::executeSolve(Nv::Blast::ExtStressGpuSolveParams const&) [0x3934f] in gpu_resident_stress_test
=========         Host Frame: Nv::Blast::(anonymous namespace)::ExtStressGpuSolverImpl::solveDeviceAsync(Nv::Blast::ExtStressGpuImpulse const*, unsigned int, Nv::Blast::ExtStressGpuSolveParams const&, void*, void*) [0x3971d] in gpu_resident_stress_test
=========         Host Frame: (anonymous namespace)::columns(unsigned int, bool) [0xafaa] in gpu_resident_stress_test
=========         Host Frame: main [0x8350] in gpu_resident_stress_test
========= 
========= Uninitialized __global__ memory read of size 4 bytes
=========     at void Nv::Blast::<unnamed>::persistentStressSolve<(bool)0>(Nv::Blast::<unnamed>::PersistentStressArgs)+0x35d0
=========     by thread (65,0,0) in block (0,0,0)
=========     Address 0x7df7e66ba640
=========     Saved host backtrace up to driver entry point at kernel launch time
=========         Host Frame: cuGraphLaunch [0x369c99] in libcuda.so.1
=========         Host Frame:  [0x2094a] in libcudart.so.12
=========         Host Frame: cudaGraphLaunch [0x7bf95] in libcudart.so.12
=========         Host Frame: Nv::Blast::(anonymous namespace)::ExtStressGpuSolverImpl::executeSolve(Nv::Blast::ExtStressGpuSolveParams const&) [0x3934f] in gpu_resident_stress_test
=========         Host Frame: Nv::Blast::(anonymous namespace)::ExtStressGpuSolverImpl::solveDeviceAsync(Nv::Blast::ExtStressGpuImpulse const*, unsigned int, Nv::Blast::ExtStressGpuSolveParams const&, void*, void*) [0x3971d] in gpu_resident_stress_test
=========         Host Frame: (anonymous namespace)::columns(unsigned int, bool) [0xafaa] in gpu_resident_stress_test
=========         Host Frame: main [0x8350] in gpu_resident_stress_test
========= 
========= Uninitialized __global__ memory read of size 4 bytes
=========     at void Nv::Blast::<unnamed>::persistentStressSolve<(bool)0>(Nv::Blast::<unnamed>::PersistentStressArgs)+0x35d0
=========     by thread (66,0,0) in block (0,0,0)
=========     Address 0x7df7e66ba640
=========     Saved host backtrace up to driver entry point at kernel launch time
=========         Host Frame: cuGraphLaunch [0x369c99] in libcuda.so.1
=========         Host Frame:  [0x2094a] in libcudart.so.12
=========         Host Frame: cudaGraphLaunch [0x7bf95] in libcudart.so.12
=========         Host Frame: Nv::Blast::(anonymous namespace)::ExtStressGpuSolverImpl::executeSolve(Nv::Blast::ExtStressGpuSolveParams const&) [0x3934f] in gpu_resident_stress_test
=========         Host Frame: Nv::Blast::(anonymous namespace)::ExtStressGpuSolverImpl::solveDeviceAsync(Nv::Blast::ExtStressGpuImpulse const*, unsigned int, Nv::Blast::ExtStressGpuSolveParams const&, void*, void*) [0x3971d] in gpu_resident_stress_test
=========         Host Frame: (anonymous namespace)::columns(unsigned int, bool) [0xafaa] in gpu_resident_stress_test
=========         Host Frame: main [0x8350] in gpu_resident_stress_test
========= 
========= Uninitialized __global__ memory read of size 4 bytes
=========     at void Nv::Blast::<unnamed>::persistentStressSolve<(bool)0>(Nv::Blast::<unnamed>::PersistentStressArgs)+0x35d0
=========     by thread (67,0,0) in block (0,0,0)
=========     Address 0x7df7e66ba640
=========     Saved host backtrace up to driver entry point at kernel launch time
=========         Host Frame: cuGraphLaunch [0x369c99] in libcuda.so.1
=========         Host Frame:  [0x2094a] in libcudart.so.12
=========         Host Frame: cudaGraphLaunch [0x7bf95] in libcudart.so.12
=========         Host Frame: Nv::Blast::(anonymous namespace)::ExtStressGpuSolverImpl::executeSolve(Nv::Blast::ExtStressGpuSolveParams const&) [0x3934f] in gpu_resident_stress_test
=========         Host Frame: Nv::Blast::(anonymous namespace)::ExtStressGpuSolverImpl::solveDeviceAsync(Nv::Blast::ExtStressGpuImpulse const*, unsigned int, Nv::Blast::ExtStressGpuSolveParams const&, void*, void*) [0x3971d] in gpu_resident_stress_test
=========         Host Frame: (anonymous namespace)::columns(unsigned int, bool) [0xafaa] in gpu_resident_stress_test
=========         Host Frame: main [0x8350] in gpu_resident_stress_test
========= 
========= Uninitialized __global__ memory read of size 4 bytes
=========     at void Nv::Blast::<unnamed>::persistentStressSolve<(bool)0>(Nv::Blast::<unnamed>::PersistentStressArgs)+0x35d0
=========     by thread (68,0,0) in block (0,0,0)
=========     Address 0x7df7e66ba644
=========     Saved host backtrace up to driver entry point at kernel launch time
=========         Host Frame: cuGraphLaunch [0x369c99] in libcuda.so.1
=========         Host Frame:  [0x2094a] in libcudart.so.12
=========         Host Frame: cudaGraphLaunch [0x7bf95] in libcudart.so.12
=========         Host Frame: Nv::Blast::(anonymous namespace)::ExtStressGpuSolverImpl::executeSolve(Nv::Blast::ExtStressGpuSolveParams const&) [0x3934f] in gpu_resident_stress_test
=========         Host Frame: Nv::Blast::(anonymous namespace)::ExtStressGpuSolverImpl::solveDeviceAsync(Nv::Blast::ExtStressGpuImpulse const*, unsigned int, Nv::Blast::ExtStressGpuSolveParams const&, void*, void*) [0x3971d] in gpu_resident_stress_test
=========         Host Frame: (anonymous namespace)::columns(unsigned int, bool) [0xafaa] in gpu_resident_stress_test
=========         Host Frame: main [0x8350] in gpu_resident_stress_test
========= 
========= Uninitialized __global__ memory read of size 4 bytes
=========     at void Nv::Blast::<unnamed>::persistentStressSolve<(bool)0>(Nv::Blast::<unnamed>::PersistentStressArgs)+0x35d0
=========     by thread (69,0,0) in block (0,0,0)
=========     Address 0x7df7e66ba644
=========     Saved host backtrace up to driver entry point at kernel launch time
=========         Host Frame: cuGraphLaunch [0x369c99] in libcuda.so.1
=========         Host Frame:  [0x2094a] in libcudart.so.12
=========         Host Frame: cudaGraphLaunch [0x7bf95] in libcudart.so.12
=========         Host Frame: Nv::Blast::(anonymous namespace)::ExtStressGpuSolverImpl::executeSolve(Nv::Blast::ExtStressGpuSolveParams const&) [0x3934f] in gpu_resident_stress_test
=========         Host Frame: Nv::Blast::(anonymous namespace)::ExtStressGpuSolverImpl::solveDeviceAsync(Nv::Blast::ExtStressGpuImpulse const*, unsigned int, Nv::Blast::ExtStressGpuSolveParams const&, void*, void*) [0x3971d] in gpu_resident_stress_test
=========         Host Frame: (anonymous namespace)::columns(unsigned int, bool) [0xafaa] in gpu_resident_stress_test
=========         Host Frame: main [0x8350] in gpu_resident_stress_test
========= 
========= Uninitialized __global__ memory read of size 4 bytes
=========     at void Nv::Blast::<unnamed>::persistentStressSolve<(bool)0>(Nv::Blast::<unnamed>::PersistentStressArgs)+0x35d0
=========     by thread (70,0,0) in block (0,0,0)
=========     Address 0x7df7e66ba644
=========     Saved host backtrace up to driver entry point at kernel launch time
=========         Host Frame: cuGraphLaunch [0x369c99] in libcuda.so.1
=========         Host Frame:  [0x2094a] in libcudart.so.12
=========         Host Frame: cudaGraphLaunch [0x7bf95] in libcudart.so.12
=========         Host Frame: Nv::Blast::(anonymous namespace)::ExtStressGpuSolverImpl::executeSolve(Nv::Blast::ExtStressGpuSolveParams const&) [0x3934f] in gpu_resident_stress_test
=========         Host Frame: Nv::Blast::(anonymous namespace)::ExtStressGpuSolverImpl::solveDeviceAsync(Nv::Blast::ExtStressGpuImpulse const*, unsigned int, Nv::Blast::ExtStressGpuSolveParams const&, void*, void*) [0x3971d] in gpu_resident_stress_test
=========         Host Frame: (anonymous namespace)::columns(unsigned int, bool) [0xafaa] in gpu_resident_stress_test
=========         Host Frame: main [0x8350] in gpu_resident_stress_test
========= 
resident columns: topology=asset nodes=1536 bonds=1152 worst relative error=0
resident columns: topology=asset nodes=131072 bonds=98304 worst relative error=0
resident columns: topology=GPU nodes=12 bonds=9 worst relative error=5.29819e-07
resident columns: topology=GPU nodes=1536 bonds=1152 worst relative error=5.29819e-07
resident columns: topology=GPU nodes=131072 bonds=98304 worst relative error=5.29819e-07
native history id=12 iteration=1 residual2=8192 gamma=2048 direction_energy=2048 g0=-1 mu0=-1
native component id=0 nodes=12 iterations=2 active=1 failed=0 residual2=20.5 tolerance2=8e-09 gamma=6.57363 direction_energy=0.808157
native history id=12 iteration=1 residual2=8192 gamma=2048 direction_energy=2048 g0=-1 mu0=-1
native history id=12 iteration=1 residual2=8192 gamma=2048 direction_energy=2048 g0=-1 mu0=-1
native cooperative id=1036 iterations=2 active=1 failed=0 residual2=8.18674 tolerance2=4.144e-07 gamma=7.49416 direction_energy=0.026542
resident mixed components: nodes=2064 bonds=2061 sizes=12,1024,1028 interleaved=0 analytic forces and iteration-cap rejection passed
native history id=1 iteration=1 residual2=8192 gamma=2048 direction_energy=2048 g0=1 mu0=1
native component id=0 nodes=12 iterations=2 active=1 failed=0 residual2=20.5 tolerance2=8e-09 gamma=6.57363 direction_energy=0.808157
native history id=1 iteration=1 residual2=8192 gamma=2048 direction_energy=2048 g0=1 mu0=1
native history id=1 iteration=1 residual2=8192 gamma=2048 direction_energy=2048 g0=1 mu0=1
native cooperative id=3 iterations=2 active=1 failed=0 residual2=8.18674 tolerance2=4.144e-07 gamma=7.63748 direction_energy=0.0386129
resident mixed components: nodes=2064 bonds=2061 sizes=12,1024,1028 interleaved=1 analytic forces and iteration-cap rejection passed
resident uneven components: components=769 nodes=13828 bonds=13059 warm=0 six quiet/load transitions passed
resident uneven components: components=769 nodes=13828 bonds=13059 warm=1 six quiet/load transitions passed
resident topology transition: nodes=1040 bonds=1039 components=1->2->4 permuted IDs, twelve quiet/load solves passed
========= ERROR SUMMARY: 116042 errors
========= ERROR SUMMARY: 115942 errors were not printed. Use --print-limit option to adjust the number of printed errors
